ID_Karyawan,Nama_Lengkap,Profesi,Perusahaan,Provinsi
7811abc7,Darmana Widodo,Occupational psychologist,Perum Narpati,Aceh
da08f15b,Amalia Natsir,Paramedic,UD Santoso Mangunsong,Gorontalo
c779d8d3,Marsito Wibowo,Primary school teacher,UD Riyanti,Sulawesi Barat
6ec58a7d,Uda Santoso,Health service manager,PD Purwanti,Maluku Utara
5d604e94,"Cut Maya Suwarno, S.Ked",Arts development officer,PD Puspasari Kusmawati,Sumatera Selatan
caea7ec9,"Gabriella Januar, M.M.","Exhibitions officer, museum/gallery",PD Tampubolon Dongoran,Kepulauan Riau
d5229f8f,"Azalea Wahyuni, M.M.",Fitness centre manager,PD Salahudin Nuraini,Kalimantan Tengah
4ae644c0,Aurora Hariyah,"Conservation officer, historic buildings",UD Lestari Prasetya Tbk,Papua
f01fd406,Diana Ramadan,"Restaurant manager, fast food",Perum Siregar Prastuti,Papua
e80e262a,Damar Halim,Town planner,PT Waskita,Maluku Utara
0388f26e,Drs. Ida Iswahyudi,Lobbyist,Perum Nugroho Tbk,Papua Barat
349d9eee,"Ir. Jamil Purwanti, S.IP",Education administrator,CV Winarsih Rahimah Tbk,Bali
bf63229d,"Maya Sihombing, S.Kom","Scientist, forensic",PD Hutasoit Mansur Tbk,Sumatera Selatan
95ce275a,Cahyadi Saragih,Personnel officer,PT Nasyiah,Bali
d4c18745,Bancar Yulianti,Drilling engineer,UD Winarsih Yuliarti (Persero) Tbk,Bengkulu
93c6fc26,Shania Sudiati,"Scientist, research (maths)",PT Anggriawan Latupono,Kalimantan Utara
05f43a0d,Tgk. Wirda Anggriawan,Data scientist,PT Prasetya Puspasari (Persero) Tbk,Banten
f5631250,"Kamaria Adriansyah, S.H.",General practice doctor,CV Lestari,Aceh
b4f87827,Mulyanto Budiman,"Lecturer, further education",PT Wibowo Gunawan,Sulawesi Barat
83c01362,"dr. Ghaliyati Manullang, S.T.",Geographical information systems officer,PT Wastuti Rahimah (Persero) Tbk,Papua Barat
05306822,Tgk. Anita Sitorus,"Administrator, charities/voluntary organisations",CV Anggraini,Kalimantan Selatan
a89541c0,"Joko Riyanti, M.Kom.",Social researcher,Perum Mahendra Mandasari Tbk,Sulawesi Utara
eefe35e4,"Tgk. Victoria Utama, S.Pd","Designer, ceramics/pottery",UD Lazuardi (Persero) Tbk,Kalimantan Timur
e79fff2c,R.A. Talia Simbolon,Passenger transport manager,PD Utami Agustina,Jawa Tengah
4326e161,Dt. Harsaya Kuswoyo,Ranger/warden,PT Siregar Putra,Lampung
d7730059,Malika Hutagalung,Higher education careers adviser,Perum Hutasoit (Persero) Tbk,Kalimantan Timur
461cb069,"Jane Firgantoro, M.M.",Water engineer,PD Sihombing Simbolon (Persero) Tbk,DI Yogyakarta
3e059bf3,Taufik Mandala,Research scientist (physical sciences),Perum Kuswoyo Safitri,Sulawesi Tengah
888e50a3,"Rini Thamrin, S.Sos",Photographer,PD Usada Simanjuntak,DI Yogyakarta
17806366,"Harjasa Latupono, M.M.",Physiotherapist,PD Hartati Yolanda,Nusa Tenggara Barat
0fb906f8,Nasim Firmansyah,Veterinary surgeon,UD Salahudin Nuraini,Gorontalo
820b12f5,Wawan Prasetya,Proofreader,PT Laksmiwati,Sumatera Barat
a3fdd4e5,"Ina Waskita, M.M.",Art gallery manager,UD Maheswara,Kalimantan Selatan
a11c9c5d,Rahmi Najmudin,Agricultural engineer,Perum Mardhiyah Tbk,Kalimantan Timur
aa0319ec,"R. Alika Dabukke, S.E.",Herpetologist,Perum Putra Tampubolon (Persero) Tbk,Jawa Barat
1e54da9f,Edison Ramadan,"Engineer, control and instrumentation",PD Anggriawan Tbk,Kalimantan Utara
51c33381,Hilda Pertiwi,"Geneticist, molecular",PT Wacana Lazuardi,Kalimantan Utara
6911536d,Padma Budiman,"Engineer, materials",Perum Hariyah Wibisono,Sulawesi Tenggara
e70f1c1b,Kezia Handayani,English as a second language teacher,CV Prabowo Nuraini Tbk,Kepulauan Bangka Belitung
4e4391e7,Tgk. Paramita Narpati,Personnel officer,CV Santoso (Persero) Tbk,Papua
3605b91f,Cahyono Wacana,"Research officer, political party",Perum Latupono (Persero) Tbk,Banten
7fc5a2b1,Intan Maulana,"Scientist, forensic",CV Maulana Situmorang,Jawa Tengah
0d3b72cd,Jamal Rajasa,Insurance underwriter,UD Gunawan,Kalimantan Utara
a6169e93,Kamaria Manullang,Race relations officer,UD Zulaika Sirait (Persero) Tbk,DKI Jakarta
b68d5934,"Anastasia Marpaung, S.IP",Dietitian,PT Hasanah Najmudin,Jawa Tengah
2adcee39,Viktor Pratiwi,Professor Emeritus,PT Wijayanti,Bengkulu
762aeab5,Ismail Latupono,Ambulance person,PD Hariyah Padmasari (Persero) Tbk,Sumatera Selatan
fb408fbf,Banawa Sinaga,Environmental consultant,PD Hutagalung (Persero) Tbk,Jambi
84314065,"dr. Ratih Riyanti, S.Psi",Theatre stage manager,PT Anggraini (Persero) Tbk,Nusa Tenggara Timur
4d900720,Cut Humaira Zulkarnain,Geophysicist/field seismologist,PD Rahmawati,Sulawesi Barat
43bd4a61,R.M. Dodo Yuliarti,Brewing technologist,Perum Halim,Banten
25a576e9,"Wasis Kusmawati, S.I.Kom","Engineer, building services",PT Oktaviani Prasetyo (Persero) Tbk,Jambi
5ebdeb32,KH. Dimaz Novitasari,Learning disability nurse,CV Maulana,Riau
dfbf7c3d,Yuliana Hastuti,Advertising copywriter,UD Gunawan Gunawan,Bali
672a55ed,Tantri Hakim,"Designer, industrial/product",CV Wasita Sihotang Tbk,Maluku
ddad4650,Ismail Habibi,Make,PD Fujiati Kuswoyo Tbk,Kalimantan Barat
309e44d3,Ibun Maulana,"Research officer, political party",Perum Hasanah Nasyidah Tbk,Nusa Tenggara Timur
d0e7e936,Gara Prasasta,"Surveyor, land/geomatics",UD Susanti Pratama,Kalimantan Tengah
c6ebf16a,Pia Nuraini,"Therapist, music",PD Pradipta Widiastuti,Kepulauan Bangka Belitung
171f7c02,"dr. Natalia Maulana, M.M.","Teacher, adult education",Perum Sinaga Puspasari Tbk,Sumatera Barat
d0bfc180,Bahuraksa Novitasari,Leisure centre manager,PD Marpaung Palastri,Kalimantan Selatan
d75664cd,"Puti Mila Sihombing, M.Kom.",Plant breeder/geneticist,Perum Gunawan Tbk,Kalimantan Tengah
afde43c2,"Wardaya Megantara, S.Farm",Public affairs consultant,CV Astuti Tbk,Nusa Tenggara Barat
89300e6c,"dr. Tari Usada, S.Ked","Conservation officer, nature",UD Melani Budiman (Persero) Tbk,Sulawesi Selatan
c4429366,Jessica Pranowo,Chiropodist,UD Jailani Saragih,Kalimantan Barat
1915d02c,dr. Qori Hidayat,Medical laboratory scientific officer,UD Saragih Adriansyah,Sumatera Barat
72d29a36,Dr. Titin Rajata,"Doctor, general practice",Perum Rahmawati,Kalimantan Selatan
55fde208,Opung Mansur,Psychiatric nurse,PT Marpaung Rahimah,Kalimantan Selatan
8a87bf79,"Cut Winda Budiman, S.Pd","Surveyor, quantity",UD Halimah,Kalimantan Timur
1497f5a2,Lukman Siregar,"Scientist, forensic",CV Puspasari,Sulawesi Tengah
2cf2ac31,Ajiono Sinaga,Geophysical data processor,UD Halimah Waskita Tbk,Kalimantan Timur
c2610ed5,Tedi Suartini,"Surveyor, commercial/residential",PD Pratiwi Purnawati Tbk,Kepulauan Bangka Belitung
53abc8fc,"dr. Hana Prabowo, S.IP",Early years teacher,Perum Setiawan Lestari,Papua
79008441,Mustofa Wibowo,Aeronautical engineer,UD Yuliarti,Sulawesi Utara
5c392cbe,"Dr. Julia Melani, S.Ked","Engineer, drilling",Perum Prasasta Tbk,DI Yogyakarta
75bbddf6,Syahrini Prastuti,Pensions consultant,Perum Widodo,DI Yogyakarta
53536b77,"Puti Anita Widodo, S.Pt",Public affairs consultant,PD Maryadi,Nusa Tenggara Barat
533c3fd8,Tgk. Maryanto Sitorus,"Scientist, research (life sciences)",PT Wibowo Prastuti (Persero) Tbk,Papua
77238bb8,"T. Adika Anggraini, M.Ak",English as a second language teacher,Perum Maulana (Persero) Tbk,Jambi
a83cae50,Aisyah Pertiwi,"Administrator, arts",PD Setiawan Nainggolan (Persero) Tbk,Sulawesi Selatan
b28f2a92,Daryani Puspita,Retail banker,PD Halimah Winarno,Kalimantan Tengah
7feb19ec,Hasta Nugroho,Applications developer,PT Pradana Wibisono,Sulawesi Tenggara
9a6c7e0c,Gandewa Lestari,Outdoor activities/education manager,Perum Wastuti Sitorus Tbk,Jawa Tengah
464cd33d,Sutan Lamar Purwanti,"Editor, magazine features",UD Hariyah Permata,Banten
828a60cb,Kenzie Hidayat,"Conservator, furniture",PT Manullang Pradana,Sumatera Utara
4a70d5b0,Puti Maya Kusumo,"Research officer, government",PT Marbun Maheswara,Riau
927157b1,Halima Pradipta,Chief Financial Officer,Perum Prasetyo Tbk,Lampung
25bc3ba4,Hj. Kartika Rahimah,"Teacher, special educational needs",UD Farida Fujiati Tbk,Kalimantan Utara
f10194f4,Ade Ardianto,"Radiographer, diagnostic",PD Wibisono Nababan (Persero) Tbk,Aceh
c739cd3f,Hafshah Wibowo,"Psychologist, clinical",PD Prabowo (Persero) Tbk,Sulawesi Selatan
eb013296,Queen Prakasa,Photographer,PT Wastuti,Jawa Timur
84aba970,Farah Yolanda,"Teacher, primary school",UD Lazuardi,Papua Barat
3f754f4d,Paris Saragih,Theme park manager,PD Ardianto Pertiwi (Persero) Tbk,Kalimantan Tengah
2a390c70,Lembah Lestari,"Producer, radio",Perum Hutasoit (Persero) Tbk,Kalimantan Tengah
9ca22127,Jagaraga Zulaika,Radiation protection practitioner,PD Wijaya,Bengkulu
2f1d3c39,"Tgk. Hani Kuswoyo, S.E.I","Scientist, research (physical sciences)",PT Hutagalung Tbk,Sulawesi Selatan
8345d3e9,Prima Putra,Museum/gallery curator,PT Damanik,Lampung
a8c7eea6,Tgk. Unjani Kusumo,"Solicitor, Scotland",PD Pertiwi Tbk,Sulawesi Selatan
108ce99b,Sadina Sihombing,"Geologist, engineering",PT Kusmawati Handayani,Kalimantan Utara
4de5df8a,Zizi Najmudin,"Administrator, arts",PD Santoso Anggraini,Sulawesi Tengah
1db708f8,"Rahmi Hidayanto, S.E.I",Video editor,PT Saputra,Kalimantan Utara
35295540,Raden Oktaviani,Education administrator,PD Mayasari Tbk,Maluku
1df37561,Tari Prasetyo,"Producer, radio",UD Wibisono Tbk,Kalimantan Timur
b8c8b622,Wasis Siregar,Public house manager,PT Januar,Nusa Tenggara Barat
76831e0a,Halima Wahyudin,"Administrator, local government",PD Situmorang Natsir,Papua Barat
56301dd1,Violet Samosir,IT consultant,PT Mustofa Lailasari,Nusa Tenggara Timur
94d68792,"Indah Pradana, S.Sos",Hydrologist,PD Haryanti Januar,Kalimantan Tengah
addb57f5,"Aswani Prastuti, S.Psi",Civil Service fast streamer,CV Wijaya (Persero) Tbk,Kepulauan Riau
e8873d04,Okto Pranowo,Jewellery designer,UD Jailani (Persero) Tbk,Jawa Barat
5891a8ad,Eman Damanik,Legal executive,UD Setiawan,Jawa Barat
cc8f0cb9,Yulia Wibowo,"Teacher, special educational needs",PD Puspita,Kalimantan Barat
4e2507c9,"Leo Padmasari, S.E.","Surveyor, commercial/residential",PT Fujiati Narpati (Persero) Tbk,Banten
13cd8e0d,Jelita Pertiwi,Secondary school teacher,PD Hariyah Palastri,Kalimantan Timur
6617b84b,"Ella Kusmawati, S.Farm",Press photographer,CV Saragih Iswahyudi (Persero) Tbk,Bengkulu
ec577221,Wani Prakasa,Civil Service administrator,UD Nababan Tbk,Aceh
54ac568b,Nadia Santoso,"Scientist, biomedical",Perum Susanti,Jambi
dbe3a42d,Harjasa Ramadan,"Journalist, newspaper",Perum Astuti Nugroho Tbk,Kalimantan Utara
b988753d,"Ir. Atma Pangestu, S.T.",Sports administrator,UD Yuliarti (Persero) Tbk,Bengkulu
a0ff1829,"Adikara Lailasari, S.Kom",Sport and exercise psychologist,Perum Prayoga,Kepulauan Riau
c182addc,Cager Mansur,Financial manager,CV Prasetya,Kalimantan Barat
76cbfc84,Yunita Tamba,Phytotherapist,PD Mulyani Tamba Tbk,Kepulauan Riau
42a22405,"Cut Faizah Mandasari, S.IP","Psychologist, clinical",PT Wastuti Dongoran (Persero) Tbk,Riau
2cc52774,"Digdaya Wahyuni, S.IP","Administrator, arts",CV Hastuti Hidayat (Persero) Tbk,Kalimantan Utara
5f4b5f5a,Laras Mansur,Land,PD Rahmawati Oktaviani (Persero) Tbk,Sumatera Selatan
b8567938,"Iriana Rahmawati, S.E.I",Corporate investment banker,UD Maryadi Permata,Jawa Tengah
c9f0fff7,Empluk Mayasari,Public house manager,UD Hutasoit Tbk,Jawa Timur
b5b7a546,R. Maya Mulyani,"Engineer, control and instrumentation",PD Yulianti Andriani,DKI Jakarta
8584d37f,"Dr. Lutfan Puspita, M.M.",Communications engineer,UD Yolanda,Sumatera Selatan
c827d086,"Rahmi Winarsih, S.E.I","Engineer, maintenance",PT Prayoga,Lampung
1516beff,"KH. Kardi Winarno, S.Kom","Scientist, biomedical",UD Utama (Persero) Tbk,Banten
a5e69d91,Rangga Dabukke,Tax adviser,CV Santoso Santoso (Persero) Tbk,Gorontalo
f4992eda,Mala Sinaga,Ranger/warden,UD Palastri,Bali
93be7116,"Winda Rahmawati, S.Kom",Estate agent,UD Suryono Utama,Sulawesi Tenggara
7563252b,Jayadi Rajasa,"Therapist, sports",PD Kuswandari Thamrin,Sulawesi Tengah
734bb233,Paulin Melani,Archaeologist,PD Widodo Tamba,Kalimantan Utara
68a5f5d6,Almira Puspita,Office manager,UD Dabukke,Kalimantan Barat
aeb3d1a4,"drg. Lintang Waskita, S.I.Kom","Doctor, general practice",PD Pertiwi Aryani (Persero) Tbk,Lampung
9fd18764,"Ir. Mursinin Zulkarnain, S.Sos",Interior and spatial designer,Perum Mandala (Persero) Tbk,Kalimantan Selatan
674aa092,R.M. Gaduh Latupono,"Designer, blown glass/stained glass",PT Lestari Tbk,Bali
a6fa1a6f,Karma Pranowo,Chartered public finance accountant,Perum Wasita Sitompul,Kalimantan Timur
136cfb6f,Cager Nashiruddin,Theme park manager,Perum Utama (Persero) Tbk,Jawa Barat
0f7fb0f4,Elvina Purnawati,Child psychotherapist,CV Hastuti (Persero) Tbk,Kalimantan Barat
9324f7e8,"Yoga Pertiwi, M.Ak",Microbiologist,PD Laksita (Persero) Tbk,Sulawesi Utara
3741c413,Diana Mahendra,"Surveyor, building",PD Sitorus,Sulawesi Utara
730058d9,dr. Syahrini Suryono,Retail merchandiser,UD Damanik,Nusa Tenggara Timur
05588c74,Maimunah Firmansyah,Patent examiner,Perum Wijayanti Tbk,Kalimantan Utara
ebf48d6d,Titi Susanti,"Surveyor, minerals",Perum Palastri Safitri,Jawa Timur
551d731f,"dr. Faizah Simanjuntak, S.E.","Engineer, communications",CV Hasanah (Persero) Tbk,Bali
143fc00e,Betania Pranowo,Maintenance engineer,PD Wahyuni Prastuti Tbk,Jawa Tengah
bbd3dda7,Vega Suryatmi,English as a second language teacher,PD Haryanto,Sulawesi Tengah
8419573f,Gada Kuswandari,Copy,Perum Halim Zulaika Tbk,DKI Jakarta
78026607,"Marsudi Oktaviani, M.Ak",Electrical engineer,UD Suryatmi Laksita,Kepulauan Riau
75617a00,"Sidiq Nababan, S.Farm",Trading standards officer,UD Mandala Sitorus Tbk,Riau
2dfb0ad0,"Joko Laksita, S.Gz","Therapist, sports",PT Widiastuti Tbk,DI Yogyakarta
6a92cf35,"Puti Malika Puspasari, M.Ak","Engineer, broadcasting (operations)",Perum Budiman,Kepulauan Riau
34d3409a,Samiah Budiman,Clinical psychologist,CV Pertiwi,Sulawesi Tenggara
00f6cd3c,Febi Hartati,Herbalist,CV Mayasari Tbk,DI Yogyakarta
4c2e894b,Maryadi Waluyo,"Radiographer, diagnostic",Perum Zulaika Nashiruddin,Kepulauan Riau
b1d14038,"Jinawi Pangestu, M.Farm","Engineer, electronics",PT Zulkarnain,Sumatera Selatan
1e32ce77,"KH. Dalimin Nuraini, S.Gz",Quarry manager,CV Pangestu Uwais,Gorontalo
7fc3912a,"drg. Shakila Hariyah, S.Pd",Video editor,PT Nurdiyanti Tbk,Sumatera Selatan
3ed57270,Surya Hidayanto,"Administrator, arts",PT Marbun Habibi,Sulawesi Utara
b5ecb4fc,Limar Prastuti,"Engineer, electronics",Perum Permadi Kusmawati,Kepulauan Riau
47a9f290,"Galiono Namaga, S.Psi","Surveyor, building control",CV Suartini Usamah Tbk,Sulawesi Barat
2eb78e4c,"Maida Suwarno, S.Kom",Quality manager,PD Andriani Wacana,Jawa Timur
54fa063b,Jaga Hardiansyah,Hydrologist,CV Wulandari (Persero) Tbk,Sulawesi Tengah
3a41a6e7,Jarwadi Nugroho,Charity fundraiser,PD Prasetya Uyainah,Sulawesi Selatan
ca6f7247,"drg. Ifa Wijayanti, M.Ak",Financial controller,PT Nababan Tbk,Maluku
c73c7a43,Ratna Situmorang,Radio broadcast assistant,CV Rahayu Tbk,Sumatera Utara
d6887bec,Hamzah Utami,"Accountant, chartered",PD Farida (Persero) Tbk,Kepulauan Riau
5bda75fb,Hardi Firmansyah,Ecologist,CV Rajata Nainggolan,Maluku
41627ece,Jaga Tamba,"Engineer, control and instrumentation",Perum Wibowo Tbk,Kalimantan Barat
ab488378,Martaka Prabowo,Haematologist,PT Marbun (Persero) Tbk,Kalimantan Timur
46683575,Cornelia Nasyiah,Futures trader,UD Anggriawan Tbk,Jawa Tengah
39798e79,"Irnanto Hariyah, S.Farm",Radio producer,PT Purnawati Rahimah,Banten
a8939093,"Oskar Siregar, S.Psi","Scientist, audiological",PD Megantara Hardiansyah,DKI Jakarta
6c119ae5,Usman Anggriawan,Academic librarian,CV Wasita,Kalimantan Timur
51761954,drg. Asman Yulianti,Stage manager,PT Samosir Narpati,Sumatera Utara
7691aaa4,Mulyono Kusmawati,Commercial horticulturist,PT Dongoran,Kalimantan Selatan
87dd5577,"Zulaikha Adriansyah, M.TI.",Chief Executive Officer,UD Oktaviani Pratama,Jawa Timur
5920a15b,Xanana Wijayanti,Pharmacologist,Perum Waskita Hariyah,Riau
6ea0eea5,"R. Galar Habibi, S.Sos",Operations geologist,PT Tampubolon Tbk,Gorontalo
df531957,drg. Halim Irawan,"Psychologist, prison and probation services",Perum Usamah,Sulawesi Tengah
0e2cd06a,Ir. Candra Pranowo,Information systems manager,UD Ramadan,Sulawesi Tenggara
64a70e91,Jinawi Aryani,Diplomatic Services operational officer,PT Nashiruddin Tbk,Nusa Tenggara Timur
6c007ccd,Oliva Handayani,Dietitian,Perum Wasita Tbk,Sumatera Selatan
541f4a64,"Drs. Ilsa Dabukke, M.Farm",Careers adviser,UD Kurniawan Tbk,Aceh
1a4a3949,Eva Rajasa,Travel agency manager,CV Novitasari Kuswandari,Kalimantan Utara
d5291892,Jumari Hariyah,Warehouse manager,UD Rajata,Aceh
1e3b37fa,Yuni Widodo,Brewing technologist,PD Pudjiastuti Usamah Tbk,Sulawesi Utara
7eb02d1b,Ir. Wani Irawan,Actuary,CV Hasanah Maheswara (Persero) Tbk,Nusa Tenggara Barat
ce490384,"Prakosa Napitupulu, S.Kom",Clinical molecular geneticist,CV Suryatmi Tbk,Bali
924c0603,"Cut Azalea Situmorang, S.Kom",Clothing/textile technologist,UD Astuti Tbk,Maluku
e641b80a,Salwa Mangunsong,Magazine features editor,UD Pangestu Widiastuti Tbk,Sulawesi Utara
eae0921a,drg. Radika Wibowo,Magazine journalist,Perum Farida Mandala,DI Yogyakarta
b45792b9,Sadina Mahendra,"Social research officer, government",UD Mulyani Maheswara,Sumatera Utara
320f7256,Mulya Wibisono,Colour technologist,PD Megantara,Jambi
217df7bd,Unjani Tampubolon,"Engineer, mining",PD Mustofa (Persero) Tbk,Sumatera Utara
1917f7e5,"Maria Mandasari, S.E.I",Arts administrator,CV Waluyo Hassanah,Sumatera Selatan
3cf03555,"drg. Safina Firgantoro, S.Ked","Teacher, early years/pre",CV Latupono,Jawa Timur
da6aee15,Titi Rajata,Human resources officer,UD Yulianti Agustina,Jambi
ed513919,Hari Prayoga,Training and development officer,PD Permadi Nasyiah,Jawa Barat
c09baf5d,Febi Wastuti,Tour manager,PD Usamah,Sumatera Barat
1e9daf68,"Zulfa Samosir, S.Ked",Politician's assistant,CV Setiawan,Lampung
df71ab85,Novi Wacana,Financial adviser,UD Tarihoran (Persero) Tbk,Kalimantan Barat
434d88e0,Dono Siregar,Conference centre manager,CV Napitupulu,Sumatera Selatan
5482911e,Among Nasyiah,Higher education careers adviser,PD Narpati,Aceh
07ab40cb,drg. Harjo Hidayat,Television floor manager,PD Jailani Tbk,Sumatera Utara
356b074e,H. Jumari Susanti,Dramatherapist,PT Hasanah Saragih (Persero) Tbk,Kalimantan Timur
9815843a,Gawati Mansur,Recycling officer,Perum Putra Tbk,Sumatera Utara
d4e69f25,Mila Nasyiah,Environmental manager,UD Sudiati Natsir Tbk,Sumatera Utara
b82c406a,Rafi Prakasa,"Accountant, chartered public finance",PD Hidayanto Rajata Tbk,Sulawesi Tengah
8fe585a7,H. Arta Maheswara,Primary school teacher,Perum Nashiruddin,Bengkulu
5c840d39,Tantri Kusmawati,Chief Executive Officer,PT Wahyuni Anggriawan Tbk,Lampung
d77cf84d,Gawati Suwarno,Mining engineer,PD Prasetya Waskita,Lampung
fb2f780a,Darman Nababan,Community arts worker,CV Pratama (Persero) Tbk,DI Yogyakarta
f77221bd,dr. Tami Prasetya,Product/process development scientist,PT Haryanto,Bali
87af79be,Lili Anggraini,"Nurse, adult",PD Mardhiyah (Persero) Tbk,Sulawesi Tengah
6da41cdb,"T. Ade Wijaya, S.IP",Research scientist (physical sciences),PT Andriani (Persero) Tbk,Bengkulu
b5d631ea,Padmi Suwarno,Interior and spatial designer,PD Suartini Andriani (Persero) Tbk,DI Yogyakarta
cd56eafa,Cahya Prasetyo,"Surveyor, hydrographic",Perum Pudjiastuti Tbk,Kepulauan Bangka Belitung
3dd185aa,Prakosa Maryadi,"Engineer, production",PT Ardianto Laksita (Persero) Tbk,Papua
ddc34ddb,Kasiyah Sirait,"Research officer, trade union",PD Nugroho Latupono (Persero) Tbk,Sumatera Selatan
98ceb067,Baktianto Permadi,Barrister,UD Sudiati (Persero) Tbk,Sumatera Utara
914c37c8,"Puti Rachel Rajasa, M.Farm",Printmaker,PT Uwais (Persero) Tbk,Kalimantan Utara
72e3579a,"Dr. Tina Sihombing, S.Psi",Tax inspector,CV Dongoran,Bali
c0961695,Sadina Sihombing,Media planner,PT Maryadi,Kalimantan Barat
ceb642ee,"Sutan Damar Hariyah, M.M.",Psychiatric nurse,Perum Utama Sihombing (Persero) Tbk,Kepulauan Bangka Belitung
1f4a08d8,dr. Lalita Sihotang,Senior tax professional/tax inspector,PD Haryanto Januar (Persero) Tbk,Sulawesi Tenggara
fd553d3b,"Gamani Lazuardi, S.Pt","Doctor, general practice",Perum Wibisono Hariyah,Bengkulu
1d984d8e,"R.M. Empluk Pangestu, M.TI.",Curator,Perum Hutagalung Pratama (Persero) Tbk,Jambi
c0aef502,Ade Sirait,Warehouse manager,PT Widiastuti (Persero) Tbk,Sulawesi Utara
83428207,Aurora Usamah,Advertising art director,PD Wastuti Narpati,Kalimantan Barat
ccd79a1e,Latif Nasyiah,Broadcast presenter,UD Januar (Persero) Tbk,Sumatera Utara
9d88d2a0,Dr. Kamila Permadi,Amenity horticulturist,UD Putra (Persero) Tbk,Jawa Tengah
ea0bd3e0,Cornelia Widodo,Further education lecturer,UD Winarno Zulkarnain Tbk,Kalimantan Selatan
825a6232,"Drs. Winda Irawan, M.TI.",Nature conservation officer,PD Sirait Yuliarti Tbk,Jambi
1be0ac80,Harjasa Rahimah,"Nurse, mental health",Perum Adriansyah (Persero) Tbk,Sumatera Utara
c547a6c5,Slamet Pranowo,"Engineer, chemical",PD Ardianto Prasetya Tbk,Jawa Barat
dec9dd18,Hj. Gilda Nugroho,Petroleum engineer,CV Mangunsong Melani Tbk,Maluku Utara
9c0c976b,Kala Prastuti,"Geneticist, molecular",PD Hidayanto Namaga (Persero) Tbk,Papua
5536ffff,"Ophelia Riyanti, S.Pt",Make,UD Sinaga,Kalimantan Barat
e840223a,Cici Lailasari,"Psychologist, forensic",CV Wahyuni Fujiati Tbk,Sumatera Selatan
af8ae674,Purwadi Tampubolon,"Engineer, petroleum",Perum Hidayat (Persero) Tbk,Sumatera Selatan
9dbf8d4e,Banawa Aryani,Theatre director,PT Budiman,Sulawesi Barat
0c5a81ce,Ellis Santoso,"Geneticist, molecular",CV Hastuti Winarno (Persero) Tbk,Jawa Tengah
a9a1e430,Michelle Natsir,"Programmer, multimedia",PD Susanti Tbk,Jawa Timur
531f2810,Kemal Winarsih,Counsellor,PD Anggriawan Tbk,Kepulauan Riau
f09f9d53,Gatra Tamba,Film/video editor,Perum Nasyiah Sinaga,Sumatera Barat
b7463958,Atmaja Laksita,Careers adviser,UD Prayoga Tbk,Sulawesi Tengah
b6dd8b34,Sutan Saadat Januar,Metallurgist,PT Budiyanto Tbk,Sulawesi Tenggara
16ac331f,Capa Kurniawan,Control and instrumentation engineer,Perum Riyanti Tbk,Sumatera Selatan
4c59a438,Emil Nababan,Animal nutritionist,Perum Natsir,Sumatera Selatan
016626b6,"Ellis Yuliarti, S.Kom",Forensic scientist,CV Puspita Mansur,Nusa Tenggara Timur
290f8195,Tari Mulyani,"Psychotherapist, child",Perum Pradana Irawan Tbk,Jawa Timur
c018ed6c,Ani Marbun,"Designer, television/film set",CV Mardhiyah Puspasari,Jawa Barat
a25d9ff0,Jarwadi Zulaika,"Therapist, speech and language",UD Maulana Tbk,Sumatera Selatan
823aaea2,Oni Uwais,Wellsite geologist,Perum Handayani,Sulawesi Barat
ff1deea8,Malik Napitupulu,"Therapist, sports",PT Pranowo,Maluku Utara
8a80e6e0,Olga Prakasa,"Editor, commissioning",UD Wulandari Tbk,Kalimantan Selatan
6cc938c5,Cici Dabukke,Physiotherapist,PT Rahmawati Waskita,Sulawesi Barat
4e1273c1,Cut Ida Laksita,Tax inspector,PD Suwarno (Persero) Tbk,DI Yogyakarta
06a7c28d,Setya Latupono,"Scientist, marine",PD Wibowo Hutasoit,Jawa Timur
1a2c4586,"Siti Suwarno, M.M.","Pilot, airline",CV Yuniar,Sulawesi Tengah
3a0bb486,Yusuf Setiawan,"Presenter, broadcasting",PD Pratiwi,Banten
0a5b8713,Yuliana Nurdiyanti,Actuary,PD Januar Tbk,Sulawesi Barat
a3cefaee,"Cut Gilda Prakasa, S.I.Kom",Physiotherapist,UD Prastuti (Persero) Tbk,Kalimantan Timur
93a73aac,Tami Nashiruddin,Recycling officer,Perum Wastuti,Jawa Tengah
b4dfa0fa,"R.A. Vicky Pratama, S.E.I",Theatre manager,PD Uyainah (Persero) Tbk,Sumatera Utara
c25b65b2,Jabal Adriansyah,"Psychologist, educational",CV Widiastuti Tbk,Kalimantan Selatan
799b8f0c,Cornelia Santoso,Ophthalmologist,PT Sihotang,Kalimantan Timur
6f956f3f,Artawan Yulianti,Commercial horticulturist,UD Jailani Firmansyah (Persero) Tbk,Kalimantan Utara
211379d9,"Asirwanda Prasasta, M.TI.","Teacher, music",PT Nashiruddin,Lampung
54f735c0,Upik Lailasari,"Therapist, occupational",PT Prakasa Tbk,DI Yogyakarta
a4db4ad1,"Aurora Mardhiyah, S.E.",Dance movement psychotherapist,PT Habibi Firmansyah,Kepulauan Riau
6a89e040,dr. Garan Permadi,Occupational psychologist,PT Zulkarnain Saputra,DI Yogyakarta
18489b66,Salimah Prasasta,"Production designer, theatre/television/film",CV Namaga Padmasari Tbk,DI Yogyakarta
99d4dc34,Emong Pratama,"Psychologist, clinical",PD Rajata,Riau
34b116f6,Gawati Damanik,Minerals surveyor,PT Wasita,Gorontalo
ab963e28,Aris Permata,Fisheries officer,PT Mayasari,Jawa Timur
bb08dde4,"Dr. Hardi Napitupulu, S.Pd",Insurance account manager,Perum Sihombing Nainggolan (Persero) Tbk,Kalimantan Timur
f3c3061e,"Tgk. Elvina Pranowo, M.M.",Ranger/warden,CV Kurniawan Maheswara Tbk,Bali
481593bd,Siska Uwais,Armed forces operational officer,PT Puspita,Sumatera Barat
173d2fd4,Rizki Yulianti,"Scientist, physiological",Perum Situmorang (Persero) Tbk,Kalimantan Selatan
998df737,Ina Lailasari,Tax inspector,CV Zulkarnain Firmansyah Tbk,Bengkulu
ccacb82a,Prasetyo Widiastuti,Customer service manager,Perum Nugroho Santoso,Kepulauan Bangka Belitung
74ec3089,Hairyanto Kuswandari,Seismic interpreter,CV Laksita Tbk,Sulawesi Tenggara
e345f02d,Humaira Sirait,Clinical embryologist,PD Maheswara Damanik,Maluku
4f120c9c,"Drs. Paulin Nainggolan, S.Gz",Curator,PD Budiman Maheswara (Persero) Tbk,Maluku Utara
2190fcca,Lili Rajasa,Barrister's clerk,PD Kusumo,Kalimantan Tengah
b560e5cb,"Cut Intan Lestari, S.Pd",Manufacturing systems engineer,Perum Safitri Pratama Tbk,Papua Barat
10c946c1,Edi Mayasari,Software engineer,UD Pradana Nasyidah Tbk,Sulawesi Tenggara
6707f052,Purwadi Saefullah,Chief Financial Officer,PD Wahyudin,Sumatera Selatan
9825bf50,Garang Andriani,"Copywriter, advertising",UD Hassanah Rahmawati,Aceh
4eec199b,Nabila Wasita,"Research officer, trade union",UD Laksita,Sumatera Utara
5f439b44,"Nasab Widiastuti, S.Psi",Barrister,UD Simanjuntak (Persero) Tbk,Bali
bb421939,Gandewa Halim,Public house manager,CV Samosir,Papua
258b518c,Bahuwarna Rahimah,Arts administrator,UD Hartati,Sumatera Utara
3efb2e55,"drg. Aslijan Wahyuni, M.Kom.",IT sales professional,PD Tampubolon Thamrin,Sulawesi Tengah
cc1b5413,Paulin Wibowo,Water quality scientist,PT Napitupulu Marbun,Jambi
f998fa55,"Wadi Rajata, S.Farm","Horticulturist, commercial",CV Ramadan (Persero) Tbk,Papua
5a7bd083,Victoria Hutagalung,Statistician,PT Permadi Pudjiastuti,Papua Barat
abe52646,Daryani Hutasoit,Chiropractor,UD Suartini Utami Tbk,DI Yogyakarta
62a729dd,Lega Najmudin,Television camera operator,PD Habibi Sihombing Tbk,Kalimantan Barat
174e1f48,Respati Nuraini,Research scientist (maths),Perum Pudjiastuti Maryadi (Persero) Tbk,Lampung
cf48f889,Mursita Wijayanti,"Designer, fashion/clothing",Perum Nasyidah (Persero) Tbk,Sulawesi Barat
769ab2ee,"Aisyah Astuti, S.Pd",Secretary/administrator,Perum Puspita,Jawa Tengah
49798a71,Zalindra Mangunsong,Counselling psychologist,UD Situmorang Permata,Sumatera Barat
f82f67bf,"Patricia Hassanah, M.M.",Tourist information centre manager,UD Dabukke Mansur Tbk,Kalimantan Timur
c43bdcc7,"Wani Pudjiastuti, S.IP","Administrator, sports",PT Mulyani Tbk,Jawa Tengah
057dc03f,Tina Pudjiastuti,Herpetologist,UD Padmasari,Sumatera Barat
e37135e2,Emin Utama,Insurance risk surveyor,PD Hutasoit Irawan (Persero) Tbk,DI Yogyakarta
c20560ff,"Samiah Kusmawati, M.Farm",Higher education careers adviser,PD Ramadan,Sumatera Selatan
75116093,Vivi Laksita,"Librarian, academic",Perum Salahudin Mangunsong,Lampung
e2e090ec,T. Vinsen Mandala,Company secretary,UD Samosir Usada (Persero) Tbk,Jawa Barat
68409251,"Novi Wastuti, S.Pt","Engineer, civil (consulting)",CV Halim Prasetya,Maluku
7b03467c,Maria Dabukke,Phytotherapist,PT Hidayanto Zulkarnain,Kepulauan Bangka Belitung
24b4337d,"Mila Halimah, S.Gz",International aid/development worker,UD Yuniar Najmudin,Lampung
078530ba,Aswani Hastuti,Chartered management accountant,Perum Mahendra (Persero) Tbk,Sumatera Barat
7ff70dbf,"Indah Salahudin, S.Sos",Tour manager,Perum Budiman Maryati (Persero) Tbk,Sumatera Barat
d496c371,"dr. Rika Nababan, M.TI.",Outdoor activities/education manager,PT Situmorang Tbk,Sulawesi Selatan
1f68b691,"R.A. Genta Situmorang, M.Farm",Editorial assistant,CV Winarno Haryanti Tbk,DKI Jakarta
e28949ba,Uli Ramadan,Professor Emeritus,UD Mandala Damanik,Kepulauan Riau
8f90f301,Titi Saputra,Medical technical officer,Perum Firgantoro Suwarno,Riau
f6d2fcbc,Cahyadi Utama,Speech and language therapist,PT Kusumo Putra,Kalimantan Barat
1a46b633,R.M. Darmanto Andriani,"Designer, exhibition/display",PT Astuti (Persero) Tbk,Bengkulu
7a0b5a77,"Tgk. Gandi Hutapea, M.M.",Local government officer,PT Kuswandari Tbk,Aceh
69137645,Aisyah Nababan,Museum/gallery conservator,PT Tampubolon Andriani,Riau
70100f4d,Harto Napitupulu,Comptroller,CV Wahyuni Mayasari,Bali
681d0f80,Kamal Hardiansyah,Forest/woodland manager,PT Hardiansyah Jailani,Bengkulu
0191b880,Damar Yuliarti,Garment/textile technologist,UD Tampubolon Santoso,Maluku
c8e1cb27,H. Lega Sitompul,Computer games developer,PD Agustina Winarno (Persero) Tbk,Nusa Tenggara Timur
3324c75a,"dr. Aslijan Yuliarti, S.Pt","Administrator, Civil Service",CV Permadi Tarihoran,Sumatera Selatan
7942f5a0,Yuliana Palastri,Magazine journalist,Perum Prasetya,Bengkulu
27ca7a49,Caket Wastuti,"Geologist, wellsite",PD Januar Laksita,Sulawesi Barat
44e8571d,Humaira Nasyiah,Fashion designer,PD Palastri Kusmawati (Persero) Tbk,Kepulauan Riau
825d3365,Viman Wibowo,Geographical information systems officer,Perum Zulaika Tbk,Sulawesi Barat
e142e627,Bagas Sirait,Veterinary surgeon,CV Saragih (Persero) Tbk,Jawa Barat
c6eded1d,Ulva Purnawati,Musician,PT Hasanah Hutapea,Lampung
84d18e79,R.M. Kamidin Hasanah,"Nurse, learning disability",PD Prasetya,Nusa Tenggara Timur
21b75a9b,Luwes Simbolon,Jewellery designer,CV Maulana Tbk,Bengkulu
a014ad6f,Kayla Ramadan,Barista,PD Hasanah (Persero) Tbk,Maluku
b34f8420,Dadi Sihombing,Operational researcher,UD Uyainah,Nusa Tenggara Timur
62e8377d,Jarwa Mangunsong,"Administrator, education",PT Rajasa Wahyuni Tbk,Sumatera Utara
83fe309c,"drg. Lanang Halimah, S.IP","Psychotherapist, child",UD Natsir Safitri (Persero) Tbk,Banten
25264f4e,Mulya Permata,"Teacher, secondary school",Perum Thamrin Tbk,Jawa Timur
51e084c4,Agnes Damanik,Industrial/product designer,PD Tamba,Kepulauan Bangka Belitung
c3111879,"Ir. Cahyono Nasyiah, S.E.I",Building services engineer,PD Kurniawan (Persero) Tbk,Sulawesi Tenggara
e845a4ea,Taufik Manullang,Landscape architect,Perum Tamba Tbk,Sulawesi Selatan
5458e8e5,Ajimat Yuliarti,Office manager,CV Tarihoran,Sulawesi Selatan
72e59441,Jasmani Marpaung,Field seismologist,PT Hidayanto Nuraini,Nusa Tenggara Timur
f0af32fe,Kasiran Sihombing,Building services engineer,CV Agustina Nababan Tbk,Sumatera Utara
d38e12f6,"Harsanto Mustofa, S.I.Kom","Editor, commissioning",CV Dabukke Wastuti (Persero) Tbk,Sulawesi Utara
03a0a27d,T. Asirwada Adriansyah,Quality manager,UD Kuswoyo,Kepulauan Riau
ce7aa33c,Harsanto Utami,"Therapist, speech and language",Perum Prayoga Prabowo,Bali
7008af22,Zamira Uyainah,Drilling engineer,CV Permadi Sitorus (Persero) Tbk,Bali
55ed9873,"Ir. Titi Suryatmi, S.T.","Journalist, newspaper",Perum Winarno,Gorontalo
9875d1fd,Salwa Yolanda,Financial controller,PD Waskita Tbk,Sulawesi Barat
7b687653,"drg. Raisa Suartini, S.Sos",Systems analyst,UD Narpati,Lampung
b3f0d130,Dr. Ulva Prasetya,Accommodation manager,PT Setiawan Siregar,DI Yogyakarta
ea1ab05a,Karta Maheswara,Museum/gallery conservator,UD Siregar,Kalimantan Utara
9455cebc,Ajimat Maryadi,Location manager,PD Pratiwi Prasetya Tbk,Kalimantan Tengah
774d0052,"R.A. Uchita Lestari, M.Pd",Production engineer,PD Gunarto Mandala,Jawa Tengah
3c2f31da,"Sutan Hartana Zulkarnain, S.Kom",Insurance account manager,UD Hariyah Riyanti Tbk,Papua
f2c4b83e,"Nova Tamba, M.M.","Administrator, charities/voluntary organisations",CV Haryanto Habibi,Sumatera Utara
9ebe0d06,Zelda Adriansyah,Government social research officer,UD Nainggolan,Sumatera Barat
f166ba5c,"Mulyanto Sudiati, S.H.",Cartographer,UD Prayoga (Persero) Tbk,Sulawesi Tengah
154e4047,Almira Prakasa,"Scientist, physiological",PD Wijaya (Persero) Tbk,Banten
01dd1382,"Ir. Cinta Utami, M.Pd",Passenger transport manager,Perum Usada,Kalimantan Utara
0d87fd30,Dinda Thamrin,Financial controller,Perum Hassanah Santoso (Persero) Tbk,Kepulauan Riau
50ab71f9,T. Enteng Maulana,Environmental consultant,Perum Riyanti,Sumatera Barat
6c63519f,Puti Raisa Ramadan,Radio broadcast assistant,Perum Narpati Tarihoran (Persero) Tbk,Jawa Barat
ec32e3d4,Vanesa Haryanto,Housing manager/officer,CV Sihotang Nashiruddin Tbk,Papua
dd05f77d,Ibrani Usamah,"Sound technician, broadcasting/film/video",Perum Adriansyah,Sulawesi Tengah
aa68cab9,Gada Rajata,Furniture designer,PD Yulianti Nashiruddin,Nusa Tenggara Barat
4360c5a5,Luluh Thamrin,Market researcher,CV Mardhiyah (Persero) Tbk,Lampung
3b79a46c,Cinthia Hutagalung,Museum/gallery conservator,Perum Nuraini Rajata,Riau
9fceb323,Keisha Hidayat,Early years teacher,CV Usada,Sumatera Selatan
873ef5fa,"Ir. Belinda Anggraini, S.T.",Armed forces technical officer,PD Suryono (Persero) Tbk,Sulawesi Selatan
df65b2a5,Jasmin Tamba,Theatre stage manager,Perum Wahyuni Safitri,Kalimantan Tengah
294e72ec,Yulia Suartini,"Teacher, secondary school",PD Gunarto Pratama Tbk,Bali
286a40a8,Wardi Prasetya,"Designer, jewellery",UD Siregar Hutasoit,Lampung
31ded513,Kenari Anggraini,Dispensing optician,PT Purnawati Firmansyah,Sulawesi Barat
ef0f75ad,"Puti Talia Pranowo, S.T.",Marine scientist,UD Haryanti Nuraini Tbk,Nusa Tenggara Timur
1d47895e,Jindra Prasasta,Osteopath,PT Aryani Sinaga (Persero) Tbk,Kepulauan Riau
bc66fc8a,Ratna Januar,"Engineer, civil (consulting)",UD Usamah Farida (Persero) Tbk,Jawa Tengah
594f5504,Dt. Harjasa Megantara,Field seismologist,UD Rahayu Tbk,Bengkulu
f7b76bef,"Tgk. Estiono Budiman, M.Pd","Lecturer, further education",Perum Adriansyah,Sumatera Barat
93cf6121,Danang Latupono,Biomedical scientist,UD Pradipta Tbk,Sulawesi Selatan
b3117bf3,Ajiono Santoso,Retail buyer,PT Pratiwi Simbolon,Sulawesi Utara
b1d96cf5,"drg. Eka Saptono, S.Ked",Plant breeder/geneticist,PD Nashiruddin Hartati (Persero) Tbk,Lampung
c227fafb,"Dacin Mardhiyah, S.T.","Journalist, magazine",PD Widodo Handayani,Nusa Tenggara Timur
0523bcc7,Genta Rahayu,"Scientist, audiological",PT Nashiruddin Tbk,Kalimantan Tengah
eeb3b62d,Mila Ramadan,"Buyer, retail",CV Situmorang Saefullah Tbk,Kepulauan Bangka Belitung
6e6ac2ac,dr. Pia Tarihoran,Commercial horticulturist,Perum Laksmiwati (Persero) Tbk,Sulawesi Tengah
c501a9a5,Hilda Palastri,Garment/textile technologist,PD Kuswoyo Tarihoran Tbk,Sumatera Selatan
986adb17,"R.M. Emin Padmasari, M.TI.","Scientist, research (physical sciences)",PD Dabukke Yuliarti,Sulawesi Tengah
ac1de2fa,Rahayu Maryati,Outdoor activities/education manager,UD Sihotang Suwarno Tbk,Jawa Barat
39fbab1e,Dr. Tina Utami,Actor,PD Haryanti Rahayu,Aceh
72c70e68,T. Latif Haryanto,Careers adviser,CV Najmudin Tbk,Papua Barat
dedb6fd4,Tantri Novitasari,Civil Service fast streamer,UD Saputra Mahendra (Persero) Tbk,Kalimantan Utara
998c8513,"Suci Rahimah, S.E.",Plant breeder/geneticist,PT Pradana,Kalimantan Utara
2757a786,"Taswir Rajata, S.IP",Community development worker,PT Suartini Suryatmi,Aceh
7d74218d,"Queen Nasyiah, M.Farm",Prison officer,CV Simbolon Hidayanto (Persero) Tbk,Nusa Tenggara Barat
3e803f84,"Ir. Usman Prakasa, M.Pd","Scientist, research (physical sciences)",UD Purwanti Waskita,Bali
5f486268,"Pia Rajasa, S.Sos",Economist,UD Puspasari,Nusa Tenggara Timur
f82711f4,Nilam Permata,"Engineer, energy",Perum Latupono (Persero) Tbk,Sulawesi Utara
5415c535,"Zaenab Nasyidah, S.Pd",Training and development officer,CV Wijayanti,Sulawesi Tengah
30541017,Almira Sihombing,"Therapist, drama",UD Siregar (Persero) Tbk,Maluku
67da98d6,Bakianto Saptono,Seismic interpreter,Perum Mulyani Wacana,Riau
4847d006,Cut Kamila Waluyo,Sports therapist,UD Prakasa,Sulawesi Barat
9330da2d,"Rahayu Kusmawati, M.Ak",Location manager,PT Permata,Sulawesi Tenggara
d53638fc,Pranawa Waluyo,Neurosurgeon,PT Gunarto,Lampung
64d036b8,Danang Hastuti,Building surveyor,CV Palastri,Lampung
ec3832b7,"R. Ghaliyati Agustina, S.Pt",Health service manager,PT Widiastuti Nashiruddin Tbk,Papua
31f0c4ad,Uli Hutapea,"Scientist, water quality",PT Lailasari Kusmawati,Sumatera Utara
1552753c,"Hadi Maheswara, S.E.",Copy,Perum Hutapea,Maluku
2c6cea41,Galur Aryani,Television camera operator,PT Safitri Firgantoro,Sumatera Utara
f5e2fae5,Viman Nasyidah,Tour manager,PD Hariyah,Papua Barat
a4e98a43,"Kamidin Wahyuni, M.Ak","Teacher, primary school",PD Puspasari Tbk,Kalimantan Tengah
c47c8e2c,"Wulan Tamba, S.T.",Lobbyist,UD Riyanti (Persero) Tbk,Maluku Utara
fe809ae5,Novi Nainggolan,Astronomer,PD Oktaviani Laksmiwati,Gorontalo
db20a7ac,Carub Safitri,Hydrographic surveyor,UD Permadi (Persero) Tbk,Gorontalo
6969b2af,Uli Hasanah,Broadcast presenter,PT Novitasari Wijaya,Jawa Timur
a5404327,"Rini Saptono, M.Ak","Pilot, airline",PT Lestari,Jawa Barat
49954996,"R. Atma Hariyah, S.E.",Tourist information centre manager,PT Pranowo Salahudin Tbk,Kalimantan Utara
cd59fa2a,Ian Suwarno,"Librarian, public",PD Hidayat,Riau
d37ae062,Endah Maryadi,Planning and development surveyor,UD Pradipta Simanjuntak,Jawa Timur
50787fc2,Dina Astuti,Medical illustrator,CV Situmorang,Papua
2024f0ce,"dr. Nyoman Iswahyudi, S.Farm","Loss adjuster, chartered",CV Prasasta Wahyudin,Kalimantan Timur
8a08a47f,Yulia Rahmawati,Sports therapist,UD Siregar,Kalimantan Selatan
c4ef7dad,"Lala Utami, S.Pt","Designer, industrial/product",CV Pudjiastuti Palastri Tbk,Sulawesi Tenggara
3b225b61,Suci Winarno,Herpetologist,UD Puspita,Lampung
8e2cb118,Syahrini Nuraini,"Psychologist, sport and exercise",PD Simanjuntak Tbk,Maluku Utara
b34cad0b,Padmi Mahendra,Chartered accountant,PD Napitupulu,Sumatera Barat
97b5ab4f,"Tina Megantara, S.Pd","Designer, multimedia",Perum Rajata Prabowo (Persero) Tbk,Sulawesi Tengah
e5346584,Najwa Ramadan,"Editor, commissioning",CV Pertiwi Usada (Persero) Tbk,Sulawesi Tenggara
178ed2f5,Eli Laksmiwati,"Designer, textile",UD Napitupulu (Persero) Tbk,Sulawesi Tenggara
2290b93f,Rahayu Utama,Chief Technology Officer,PD Rahmawati,Nusa Tenggara Timur
506757ac,Koko Santoso,English as a second language teacher,CV Wastuti (Persero) Tbk,Jawa Tengah
d1ae76ce,drg. Praba Mandala,Medical sales representative,Perum Hutagalung Susanti,Jawa Timur
d74bd4cc,Mustofa Prasasta,Child psychotherapist,PD Kusmawati Waskita,Riau
976c51a5,"Widya Saefullah, S.Kom",Insurance risk surveyor,Perum Natsir Pangestu (Persero) Tbk,Bali
78ba06e9,dr. Michelle Nugroho,Lobbyist,PD Pratama,Kalimantan Selatan
c7a45bb3,Chelsea Wastuti,Environmental manager,UD Hakim Waluyo (Persero) Tbk,Bali
97852459,drg. Kezia Hutapea,Land/geomatics surveyor,PT Anggraini Najmudin (Persero) Tbk,Papua
bbef43fb,Ulva Marpaung,"Psychologist, clinical",UD Hutagalung Tbk,Maluku
c2727300,Oman Dabukke,Energy engineer,PD Kusmawati Hastuti,Nusa Tenggara Barat
934875c4,Umaya Siregar,"Scientist, research (medical)",CV Nugroho Yulianti,Kalimantan Barat
b5906fd4,Rina Saptono,Animal nutritionist,CV Hidayanto,Sulawesi Tengah
0ac69e95,"Yessi Farida, S.Sos","Therapist, drama",PT Novitasari Anggraini,Nusa Tenggara Timur
74643035,Baktiono Putra,Dentist,Perum Wijayanti (Persero) Tbk,Jambi
100b1eae,"Drs. Shakila Pudjiastuti, M.Pd",IT sales professional,PD Aryani,DKI Jakarta
e5ea1661,Agnes Pratama,Quality manager,CV Hassanah,DI Yogyakarta
5fa5e4cf,Cinta Ardianto,"Pilot, airline",PD Wijayanti,Lampung
6971b79b,"Hasna Mandasari, S.E.I",Magazine journalist,PD Hariyah Mustofa (Persero) Tbk,Sulawesi Utara
0df2ce69,Syahrini Maryadi,"Nurse, mental health",PT Simbolon (Persero) Tbk,Kalimantan Timur
7bc47520,Nurul Thamrin,"Copywriter, advertising",PD Maryati Yolanda (Persero) Tbk,Sulawesi Utara
e84607c6,Lembah Situmorang,Biomedical scientist,PT Zulkarnain (Persero) Tbk,DI Yogyakarta
ec5f2cd4,Tania Setiawan,Film/video editor,UD Januar,Jawa Tengah
46ad9e85,Kamaria Prastuti,"Journalist, magazine",CV Pranowo,Nusa Tenggara Barat
0a8956ec,"Ciaobella Wibisono, M.Farm",Health physicist,UD Novitasari Nababan (Persero) Tbk,Aceh
4891a473,"Dr. Galiono Natsir, S.T.",Counsellor,UD Firgantoro,Sumatera Utara
5593a759,Dono Kusumo,Lawyer,PT Budiman Melani (Persero) Tbk,Bali
309646e7,"Dt. Ganda Susanti, M.M.",Chief of Staff,UD Anggriawan Maryati Tbk,Sulawesi Utara
8f84ae97,"R.A. Zulfa Pertiwi, S.Pd",Exercise physiologist,Perum Suwarno Sudiati,Sulawesi Utara
5ea57bee,Kadir Pranowo,Conference centre manager,PT Sitorus Maulana (Persero) Tbk,Kepulauan Riau
349b6ee1,"dr. Anita Wijaya, S.Gz","Designer, television/film set",UD Winarsih Simbolon,Kepulauan Riau
8133fbc1,Reza Santoso,Data processing manager,PD Usada,Jawa Timur
c12023aa,"Sari Tampubolon, M.Farm","Embryologist, clinical",PD Pangestu Tbk,Maluku Utara
1a4de5c2,"Tgk. Martani Wijayanti, M.Farm",Consulting civil engineer,CV Pradana Nainggolan Tbk,Kalimantan Timur
3481c21d,Paramita Palastri,Hydrologist,PT Uwais,Kalimantan Timur
2ec5f4c8,"Ilsa Hutasoit, S.Sos",Hospital pharmacist,PT Hidayat Kusumo Tbk,Papua
41ff7e98,Genta Adriansyah,Health and safety inspector,CV Rahimah Tbk,Bali
038c0e3e,Ir. Cakrajiya Adriansyah,Purchasing manager,PT Widiastuti Nurdiyanti,Papua Barat
29b12640,Luis Yuniar,Medical sales representative,Perum Tarihoran Halimah Tbk,Sulawesi Tenggara
d1ed296b,Febi Hutapea,Ophthalmologist,Perum Hardiansyah Rahmawati,Papua
a80b04df,Kenzie Permata,Recruitment consultant,Perum Maheswara (Persero) Tbk,Jawa Barat
d8d3c0e6,Usyi Palastri,Wellsite geologist,Perum Wacana,Banten
d1775166,Gara Maryati,"Surveyor, rural practice",CV Sinaga Kurniawan,Riau
02606299,drg. Pardi Laksita,Engineering geologist,PD Hidayat Tbk,DKI Jakarta
8587582b,Tgk. Ega Yolanda,Environmental health practitioner,UD Hutapea Wijayanti,Jambi
0e2a5211,"Patricia Tamba, M.Ak",Press sub,Perum Firgantoro Waskita,Nusa Tenggara Timur
29c521d7,Cindy Mangunsong,Product designer,UD Damanik Yuniar (Persero) Tbk,Jawa Barat
b3f341d3,Mulyanto Hutapea,Estate agent,Perum Kurniawan,Bali
670b2fd7,Agnes Sitompul,Interpreter,PT Sihombing,Riau
790782e9,Karta Budiman,Medical technical officer,CV Budiyanto (Persero) Tbk,Kalimantan Utara
8dd048c4,"KH. Pranawa Marpaung, S.Pt",Office manager,PD Samosir Hidayanto Tbk,Lampung
4557fc53,Puti Amalia Zulaika,"Programmer, applications",CV Najmudin Napitupulu,Banten
55982760,"Tgk. Oliva Maheswara, S.E.I",Manufacturing engineer,Perum Ramadan (Persero) Tbk,Kepulauan Riau
ef23ef05,"Drs. Damar Nuraini, S.H.",Transport planner,CV Anggraini Prastuti,Jambi
980e3a71,Ifa Palastri,"Designer, industrial/product",UD Prastuti,Kalimantan Tengah
dd549353,"Dr. Latif Tamba, S.H.",Multimedia programmer,PT Siregar Saptono (Persero) Tbk,Jawa Timur
416a3106,Edison Lailasari,Gaffer,CV Nasyidah Kuswoyo,Sulawesi Tengah
0b521455,R.A. Ina Anggriawan,Personnel officer,PT Wahyuni Tbk,Sulawesi Barat
3d8b1077,Cawisono Damanik,Network engineer,PT Hutagalung Tbk,Lampung
ead54af6,Shakila Maryati,"Therapist, nutritional",CV Hassanah Saragih,Sulawesi Barat
ae1844aa,"Puti Vanesa Prakasa, S.Kom",Hydrogeologist,UD Sihombing,Kepulauan Bangka Belitung
42a556da,Vega Hariyah,"Surveyor, building control",UD Suartini Sihombing,Bengkulu
28ce59b9,"Mitra Riyanti, S.I.Kom",Travel agency manager,CV Mansur Uyainah Tbk,Jawa Barat
3a021ddd,Dt. Damu Maheswara,Wellsite geologist,Perum Uwais Hutagalung,Kalimantan Timur
d6c9c237,"drg. Tantri Firmansyah, M.TI.",Cytogeneticist,PT Prasetya Tbk,Gorontalo
cdc76618,"Nadine Yuniar, S.E.I",Arts administrator,Perum Wasita Hasanah (Persero) Tbk,Kalimantan Barat
4694e8f5,Agnes Putra,Further education lecturer,CV Mandasari Gunawan,Kalimantan Utara
55a449f5,"Drs. Najwa Hutagalung, S.E.I","Teacher, special educational needs",UD Hakim Prasetyo,Sulawesi Selatan
de3d8443,Radika Laksmiwati,"Engineer, mining",PT Waskita Nainggolan,Maluku Utara
e7e3992b,R.A. Elisa Mandasari,Mechanical engineer,PT Natsir (Persero) Tbk,Sumatera Selatan
171216cb,Kawaca Waluyo,"Producer, television/film/video",Perum Hasanah Marpaung Tbk,Kalimantan Barat
a9c740d5,"R. Vicky Nashiruddin, S.Pd",Building services engineer,UD Latupono Wijayanti,DKI Jakarta
f531145a,Zelda Tamba,Music therapist,Perum Hidayanto,Kalimantan Utara
56015c08,Keisha Aryani,"Designer, textile",PD Anggraini,Kepulauan Bangka Belitung
e3ed4350,Jatmiko Budiyanto,Plant breeder/geneticist,PT Salahudin Hidayat Tbk,DI Yogyakarta
cd223b75,"Cut Siti Salahudin, S.E.",Product/process development scientist,PD Maheswara,Bali
97c61bee,"Humaira Narpati, M.Ak","Nurse, children's",Perum Palastri Lazuardi Tbk,Jawa Barat
7f665ed0,"Kasusra Putra, S.E.",Theatre manager,Perum Rahayu Permata Tbk,Kepulauan Bangka Belitung
aec9383a,dr. Argono Winarsih,Regulatory affairs officer,Perum Rahimah Utami,Aceh
19d2c67a,Samiah Mulyani,Health and safety inspector,CV Wijayanti Nababan,Aceh
f2707fac,Eman Ramadan,"Designer, ceramics/pottery",PT Setiawan Tbk,Sumatera Barat
67edbeeb,"Sutan Rama Maryati, S.H.",Recruitment consultant,PD Simbolon Pratiwi,Maluku
bb57d9e6,Salman Mandala,"Scientist, physiological",PD Susanti Megantara,Kalimantan Timur
c4266fa5,Paulin Gunarto,"Conservation officer, nature",PD Handayani (Persero) Tbk,Riau
b559a7b9,Hari Susanti,Hydrologist,UD Namaga Santoso (Persero) Tbk,Kalimantan Timur
fdc393e8,Cinthia Farida,"Engineer, electrical",UD Gunawan Aryani,Papua
4e113609,Keisha Suartini,Toxicologist,UD Hassanah Tampubolon Tbk,Kepulauan Riau
f768d0a3,Titin Zulkarnain,"Restaurant manager, fast food",PT Hastuti Gunarto Tbk,Kepulauan Riau
accb2451,Almira Wahyudin,Tax inspector,CV Salahudin,Kepulauan Bangka Belitung
6ab48993,"H. Umar Sudiati, S.I.Kom","Designer, blown glass/stained glass",PD Sudiati Mulyani,Sulawesi Barat
b05b6bdf,Ida Mandala,Commercial horticulturist,Perum Hakim,Sumatera Selatan
01768b37,"Fitria Utami, S.E.I",Company secretary,PD Mustofa,Gorontalo
f63ffab2,Nasab Sirait,Public house manager,PT Siregar,Papua
9343b8fe,"Cut Wirda Mardhiyah, S.Pd","Runner, broadcasting/film/video",PT Rajata,Bengkulu
0bdbb375,"R.A. Maimunah Hartati, S.Sos",IT technical support officer,CV Halim Mahendra,Sulawesi Tenggara
024bdd16,R.A. Vanya Mandasari,"Administrator, sports",Perum Najmudin Prayoga,Banten
8e9ac7bd,Eja Megantara,Data scientist,PD Haryanti Tamba (Persero) Tbk,Jawa Barat
7f36547e,"Dt. Dono Nababan, S.E.I",Learning mentor,PT Susanti Manullang,Sumatera Utara
b4932c70,Abyasa Pratiwi,Telecommunications researcher,Perum Adriansyah Wibisono (Persero) Tbk,DKI Jakarta
6f14d684,Novi Marpaung,Holiday representative,UD Usamah Sitompul Tbk,Sumatera Selatan
47705e85,Bella Haryanti,Psychiatric nurse,CV Nugroho Iswahyudi Tbk,Aceh
1b029db5,Gawati Lailasari,Quality manager,CV Rahimah Susanti,Kalimantan Utara
bac809c0,Ikin Wibisono,Health and safety adviser,UD Hutagalung Suwarno Tbk,Jawa Barat
3fe82681,Dr. Mursinin Nasyiah,Diplomatic Services operational officer,CV Laksita Tbk,DKI Jakarta
3b757463,Laras Uyainah,Publishing copy,PD Putra Prabowo,Gorontalo
e3b50b48,Oni Hassanah,Animal nutritionist,Perum Utami (Persero) Tbk,Kepulauan Riau
ccafec64,Clara Wibowo,Surgeon,UD Thamrin Saptono Tbk,Sulawesi Selatan
cc40c663,Tgk. Rama Nainggolan,"Social research officer, government",PT Mangunsong,Sulawesi Tengah
719e4483,"Vera Dabukke, M.Ak","Therapist, sports",PT Halim Yolanda (Persero) Tbk,Bali
cb929f05,"R. Diah Safitri, M.M.","Designer, ceramics/pottery",Perum Irawan Tbk,Sulawesi Tengah
42600934,"Dt. Jarwi Palastri, S.E.I","Chemist, analytical",PT Hastuti Manullang,Kalimantan Timur
48bd7af7,Novi Utama,"Psychologist, counselling",Perum Namaga Tbk,Nusa Tenggara Timur
b357c725,Tasnim Suryono,Regulatory affairs officer,CV Usada (Persero) Tbk,Kepulauan Riau
df92badd,Rangga Prasetya,Interior and spatial designer,UD Puspasari Hasanah (Persero) Tbk,Gorontalo
443efb8a,Lutfan Gunawan,Meteorologist,CV Usada Yulianti,Nusa Tenggara Barat
f0c23ad7,Harjaya Yuliarti,Barista,PT Zulaika Tbk,Kalimantan Barat
07c581fd,Leo Napitupulu,Museum/gallery curator,CV Simanjuntak,Kalimantan Barat
599bc359,Bagas Astuti,Youth worker,CV Hardiansyah Maulana (Persero) Tbk,DKI Jakarta
0760e2b9,Okto Gunawan,Amenity horticulturist,Perum Purnawati Siregar (Persero) Tbk,Kalimantan Utara
dde72d80,Narji Mustofa,Commissioning editor,CV Hariyah,Nusa Tenggara Timur
1e124abb,Jati Kuswoyo,"Nurse, children's",PT Najmudin,Sulawesi Utara
538bc77e,Tgk. Icha Rahmawati,Artist,PT Agustina Nugroho,Lampung
1dc084f7,"Puti Azalea Pratama, M.Ak",Therapeutic radiographer,UD Fujiati (Persero) Tbk,DI Yogyakarta
8e61c7de,Zalindra Mustofa,Contracting civil engineer,PD Oktaviani Purnawati,Lampung
034a1336,Tina Mustofa,Physiotherapist,UD Kuswoyo,Banten
632cea81,Kenari Nasyidah,Land,Perum Permadi (Persero) Tbk,Sulawesi Tengah
90028d53,"Puti Syahrini Sitorus, S.Pt",Audiological scientist,CV Thamrin,Sulawesi Barat
9055d6fb,Respati Pradipta,Forensic scientist,PT Rahayu Ramadan Tbk,DKI Jakarta
a3711a72,Raden Pranowo,"Journalist, magazine",UD Wahyuni Purnawati (Persero) Tbk,Maluku Utara
623bfae0,Galih Sihombing,Travel agency manager,Perum Budiman Tbk,Sulawesi Selatan
ffa7b54c,"Cengkal Winarsih, S.Psi","Education officer, environmental",PD Uwais (Persero) Tbk,Jawa Tengah
2d9299ba,dr. Abyasa Purwanti,Make,UD Pertiwi Purwanti,Bengkulu
7818fdaf,Legawa Rajasa,Technical sales engineer,Perum Oktaviani Mulyani (Persero) Tbk,Lampung
8256b7b9,Dr. Lembah Simbolon,Gaffer,CV Habibi Haryanto Tbk,Kalimantan Selatan
2f84fbd4,Puti Yani Kurniawan,"Psychologist, clinical",CV Simanjuntak Aryani,Jawa Tengah
2cee38ac,Drs. Jati Mangunsong,Volunteer coordinator,Perum Oktaviani,Sumatera Selatan
2c57dfa9,Ir. Siska Sitorus,Careers information officer,PD Maulana Tbk,Papua
81df5480,"Garan Mangunsong, M.Pd",Museum education officer,PD Waskita Tbk,Kalimantan Timur
a0d2e4e4,Puti Anita Wulandari,Ambulance person,CV Yulianti (Persero) Tbk,Bengkulu
651b637f,Tgk. Eka Hutasoit,Scientific laboratory technician,UD Sihombing (Persero) Tbk,Sulawesi Tenggara
5b63e2a4,Ophelia Maheswara,Senior tax professional/tax inspector,Perum Sinaga Lestari Tbk,Maluku Utara
a3403534,"Vino Wijaya, M.TI.",Toxicologist,PT Padmasari Tbk,Sulawesi Tengah
7cb617f7,Padmi Kusmawati,"Surveyor, rural practice",Perum Ardianto,Sulawesi Tenggara
b7bef0eb,Anom Usada,Geoscientist,PD Mahendra,Sulawesi Tenggara
2a1c8047,Kezia Andriani,Patent examiner,UD Farida,Bengkulu
c3c39f40,"KH. Damu Nasyidah, S.T.",Engineering geologist,PD Mandala Tbk,Kalimantan Timur
dd6896e8,R.A. Kamaria Mustofa,Patent attorney,CV Sihombing Tbk,Sumatera Barat
b4d21fba,"Dr. Garda Habibi, S.IP",Music tutor,UD Situmorang Hassanah (Persero) Tbk,Kepulauan Bangka Belitung
d66f8ab6,Baktianto Purwanti,Hospital doctor,UD Pudjiastuti (Persero) Tbk,Sulawesi Utara
82bb6d08,Jasmin Hutapea,"Restaurant manager, fast food",CV Waluyo,Sumatera Barat
15801b84,R. Catur Melani,Physiotherapist,UD Anggriawan,Jambi
6673c858,T. Dipa Narpati,Accommodation manager,PD Tamba Rahmawati (Persero) Tbk,Kalimantan Tengah
d13115ed,Dr. Dina Wahyuni,Fisheries officer,Perum Suwarno,DI Yogyakarta
07ba773a,Lili Budiman,"Psychologist, sport and exercise",Perum Pratiwi,Papua Barat
c3fb2038,"drg. Najwa Prasetyo, M.Kom.",Estate manager/land agent,PD Pudjiastuti Pratama,Sulawesi Tenggara
fdc8a511,dr. Lukman Wibisono,Merchant navy officer,PT Wibisono,DI Yogyakarta
455fd55a,"R.M. Cagak Manullang, M.M.","Development worker, international aid",PT Nashiruddin,Banten
f6f2370b,Dr. Balapati Sihombing,"Producer, television/film/video",PT Putra Mardhiyah (Persero) Tbk,Nusa Tenggara Barat
5b7576cf,Dono Utami,Chiropractor,Perum Mahendra Tbk,Kalimantan Tengah
6e0307e3,"Vega Rahayu, M.Ak","Surveyor, mining",CV Kurniawan (Persero) Tbk,Sumatera Utara
0d19f5d5,Qori Wijayanti,Food technologist,CV Prasasta,Jawa Barat
55c10334,Elisa Pradana,Physiological scientist,Perum Widiastuti Tbk,Nusa Tenggara Timur
a1619c04,Sakti Haryanto,Set designer,UD Nashiruddin Damanik Tbk,Gorontalo
7d44ff6e,Elisa Winarno,"Conservation officer, historic buildings",Perum Pertiwi Haryanto Tbk,Sumatera Utara
5413bad9,Dalima Marpaung,Restaurant manager,PD Anggraini (Persero) Tbk,Kalimantan Selatan
f023c1a0,Vanya Sirait,Merchant navy officer,Perum Mustofa Tbk,Kepulauan Riau
3a12acd9,Umi Hasanah,"Development worker, community",PD Pudjiastuti Tampubolon Tbk,Kepulauan Bangka Belitung
43adcb82,KH. Bancar Nuraini,"Surveyor, planning and development",Perum Wijayanti Rahimah Tbk,Papua Barat
0f090fb5,Hj. Maria Rahimah,Social worker,PT Megantara Tbk,Maluku
11d8963b,Bakianto Maheswara,Clinical psychologist,CV Puspasari (Persero) Tbk,Maluku
c7633d17,Kasiyah Mandala,"Librarian, public",Perum Mandala,Nusa Tenggara Barat
12165f35,Gading Situmorang,Advertising art director,PT Puspita Astuti,Kepulauan Bangka Belitung
80b79373,Zahra Rahayu,"Optician, dispensing",PD Riyanti Prasasta,Jawa Barat
46ca469c,Sutan Nyoman Gunarto,Landscape architect,UD Nurdiyanti Suwarno Tbk,Aceh
170f8a48,Nadine Kusumo,Professor Emeritus,PT Samosir Tbk,Gorontalo
52ca2571,Adikara Lestari,Seismic interpreter,CV Farida Gunawan,Sumatera Selatan
03c9cf54,Hj. Kasiyah Riyanti,"Engineer, land",PD Sirait Hakim,Sumatera Selatan
bdd900b6,"R.M. Baktiadi Pranowo, S.Ked",Proofreader,CV Astuti,Sumatera Utara
8d01c326,"KH. Endra Hartati, M.M.","Designer, television/film set",CV Kusmawati Dabukke,Riau
c17443f8,Samsul Rahimah,"Radiographer, diagnostic",CV Sitompul,DI Yogyakarta
17ad887b,Candra Maulana,Financial planner,Perum Palastri,DKI Jakarta
09d98740,"Wisnu Sudiati, S.Pt","Nurse, children's",PD Siregar,Nusa Tenggara Barat
1e5f5909,Bakiono Simbolon,Land,PT Pradipta Sinaga (Persero) Tbk,Maluku
9095de24,"Pardi Handayani, S.Kom",Catering manager,UD Winarsih Wijaya Tbk,Riau
8d0939b4,"Yosef Prabowo, M.Kom.",Wellsite geologist,PD Aryani Suryatmi,DI Yogyakarta
bd3256a0,Jagapati Rahayu,"Administrator, sports",CV Maulana,Jawa Barat
41b16168,Rini Usada,"Librarian, academic",CV Suwarno (Persero) Tbk,Maluku Utara
91576452,Jessica Budiyanto,Educational psychologist,PD Waskita Wijayanti Tbk,Sulawesi Tenggara
11575189,"T. Wawan Uwais, S.T.",Commercial/residential surveyor,PT Rahimah,Nusa Tenggara Timur
80a465d0,Gandi Zulaika,Research scientist (maths),PT Natsir,Jawa Tengah
4e0d7a38,"Halima Wacana, S.Kom","Surveyor, insurance",UD Rahimah Tbk,DKI Jakarta
84542a38,Hj. Unjani Hutasoit,Quantity surveyor,PD Rajasa Tbk,Nusa Tenggara Timur
d75329f8,R. Vicky Damanik,Aid worker,PT Hartati (Persero) Tbk,Sulawesi Selatan
2a54cb6a,Dt. Hamzah Sihombing,"Therapist, nutritional",PD Purwanti Maulana (Persero) Tbk,Lampung
02eac5ee,"KH. Emil Salahudin, S.T.",Operational researcher,PT Nurdiyanti Maheswara Tbk,Sulawesi Tenggara
ff10c7e0,drg. Ade Nababan,"Designer, multimedia",PD Hassanah (Persero) Tbk,Sumatera Barat
119ea729,Liman Saefullah,Environmental education officer,UD Waluyo Purnawati Tbk,Sulawesi Utara
e520d0cb,"H. Gaduh Pranowo, S.IP",Government social research officer,PT Hastuti Putra (Persero) Tbk,Sulawesi Tengah
9487df1a,"Umay Farida, S.Farm",Museum/gallery conservator,CV Wijaya,DKI Jakarta
08717f43,Banara Haryanti,Industrial/product designer,PD Hutagalung Mandasari (Persero) Tbk,Kalimantan Tengah
f38cc93a,Maida Firgantoro,Operations geologist,Perum Hartati Tbk,Aceh
a8182598,Siska Nasyidah,Physiotherapist,CV Wibisono,Sulawesi Tengah
8d42168d,Dwi Namaga,"Nurse, adult",CV Safitri,DI Yogyakarta
2849377e,Tri Mandasari,"Librarian, academic",Perum Lestari Widiastuti,Jawa Timur
3f706191,"R.A. Uchita Wibisono, S.Pt",Art gallery manager,CV Pradana,Kalimantan Timur
ef2e8ea8,"Digdaya Prastuti, S.Psi",Writer,PD Prayoga,Jawa Tengah
77c57538,"Kacung Marbun, S.IP",Camera operator,PT Dabukke Nugroho (Persero) Tbk,Kepulauan Riau
fd28fdfc,"Dr. Kasiyah Purnawati, S.T.",Investment analyst,PT Iswahyudi Tbk,Bali
69c89daa,Ir. Damu Winarno,Consulting civil engineer,Perum Permata Wijayanti Tbk,Sumatera Utara
cda6295e,Lintang Nashiruddin,Horticultural consultant,CV Riyanti Mandala Tbk,Kepulauan Bangka Belitung
54364d7e,Ir. Candrakanta Situmorang,Paramedic,PD Pranowo,DI Yogyakarta
344b5d4d,Jaga Waluyo,Electrical engineer,UD Tampubolon,Jambi
f9a691dd,Ayu Suryatmi,"Designer, textile",Perum Dongoran Saragih Tbk,Aceh
aca270f2,Kemal Mustofa,Company secretary,Perum Ardianto,Sulawesi Utara
23aa7ad3,Mahdi Wijaya,Exercise physiologist,Perum Salahudin Thamrin,Riau
7384cb49,Elvina Marpaung,Nutritional therapist,PT Lazuardi Wahyudin (Persero) Tbk,Kepulauan Bangka Belitung
23543346,"T. Aditya Haryanti, S.H.",Corporate investment banker,UD Hartati,Jawa Tengah
49178304,"Najib Purwanti, S.I.Kom",Stage manager,PD Uwais,Papua
207c3646,Asman Setiawan,Environmental consultant,Perum Tarihoran (Persero) Tbk,Jawa Tengah
a36af88b,Vero Wahyuni,Counselling psychologist,UD Tamba Santoso,Sumatera Utara
0b94d237,"T. Erik Pratama, S.H.","Education officer, community",PT Suartini Mahendra Tbk,Riau
74d1cfab,"Nyoman Nababan, S.Ked",Manufacturing systems engineer,Perum Halimah Mustofa (Persero) Tbk,Lampung
d42b3b75,Purwa Santoso,Estate agent,PD Puspasari,Nusa Tenggara Timur
8951a669,dr. Balidin Wahyuni,"Radiographer, therapeutic",PT Prasasta Tbk,Sulawesi Barat
f27e1457,Mala Halim,Sales promotion account executive,CV Mardhiyah,Sulawesi Tenggara
5d21034c,Omar Haryanto,Midwife,Perum Simanjuntak Uyainah (Persero) Tbk,Kepulauan Bangka Belitung
1f58b3a8,Baktiono Fujiati,Associate Professor,Perum Mandala (Persero) Tbk,Sulawesi Selatan
d2ec6e67,Zelaya Hardiansyah,Operational investment banker,UD Suartini,Kalimantan Barat
30c360ab,Lasmono Agustina,Chartered loss adjuster,UD Habibi Salahudin Tbk,Lampung
714fb044,Endra Tampubolon,Physiological scientist,Perum Riyanti (Persero) Tbk,Kalimantan Selatan
4be99bf1,Cut Kartika Mayasari,"Chemist, analytical",UD Winarsih Winarno Tbk,Papua Barat
c4ac9765,drg. Umaya Usada,"Radiographer, therapeutic",UD Simbolon (Persero) Tbk,Jawa Timur
db432ca0,Lidya Susanti,Communications engineer,CV Wulandari Tbk,Jawa Barat
650b4673,"Cut Agnes Nasyiah, S.Pd",Operational researcher,Perum Budiman,Kalimantan Selatan
36e557d0,Pia Usada,Gaffer,CV Pratiwi Setiawan,Bali
76298cfc,"Gasti Maryati, S.Pt",Lexicographer,Perum Zulkarnain,Papua Barat
dac78bd6,"Anita Mardhiyah, S.T.",Ergonomist,CV Agustina (Persero) Tbk,Papua Barat
d6cd43b7,Siti Prasetyo,Toxicologist,PD Tarihoran,Sumatera Selatan
1abb6329,Emas Utami,Sub,UD Anggraini,Kalimantan Selatan
73936866,Karja Yulianti,"Engineer, agricultural",PT Pratama Tbk,Maluku Utara
d4d0493b,Gina Yuliarti,Psychiatrist,CV Hariyah Tbk,Sulawesi Selatan
76256aa2,Farah Haryanti,Radio broadcast assistant,PT Haryanto Lailasari (Persero) Tbk,Nusa Tenggara Barat
ef4f74fb,Tira Puspasari,Land,Perum Napitupulu Hutapea Tbk,Bali
f29b3ed4,Puti Sarah Gunawan,"Journalist, magazine",Perum Ramadan Prayoga,Kalimantan Utara
25a272c3,"Puti Ulva Riyanti, S.T.",Medical physicist,CV Ramadan,Sumatera Utara
410b7e56,Endah Wacana,"Editor, film/video",PT Manullang Siregar,Nusa Tenggara Barat
e7acfa87,Kawaya Winarsih,Advertising art director,CV Ramadan Irawan,Kalimantan Barat
7b70acec,"Cornelia Narpati, S.T.",Operational investment banker,PT Hidayat,Jawa Tengah
c95daa0c,Tania Yuliarti,Comptroller,PD Wijaya Iswahyudi,Jambi
8de7f628,"Taufik Saputra, M.M.",Art gallery manager,PT Prabowo (Persero) Tbk,Kalimantan Utara
af9874b9,Cinta Anggraini,Lobbyist,PT Lestari Prasetya,Sulawesi Selatan
a3bf43e1,Bakiono Hidayanto,"Production designer, theatre/television/film",PT Palastri Kurniawan,DKI Jakarta
a549d723,Prayogo Nugroho,Astronomer,Perum Purwanti,Sumatera Utara
e8a249e7,Uchita Laksmiwati,Personnel officer,CV Padmasari Nuraini Tbk,Sulawesi Utara
339b75a1,Drs. Lasmanto Wahyuni,Materials engineer,UD Najmudin Jailani,Maluku Utara
538da55c,"Paris Iswahyudi, S.T.","Loss adjuster, chartered",UD Siregar Tbk,Jambi
e421d722,"Usman Sudiati, S.Pt","Engineer, communications",PD Saputra (Persero) Tbk,Kalimantan Selatan
7b1787e1,Bakianto Saputra,Ophthalmologist,CV Nasyidah,Jawa Barat
5d25e4ec,Ratih Kusumo,"Lecturer, higher education",PT Usada Prasetyo Tbk,Sulawesi Tengah
37ad1cb0,Michelle Wijaya,Trade union research officer,PD Wahyudin Tbk,Sulawesi Selatan
1cdf7196,"Hj. Shania Hidayanto, M.Farm",Estate manager/land agent,PD Purwanti Pradana (Persero) Tbk,Gorontalo
73d775c0,Wulan Laksmiwati,Airline pilot,Perum Sihombing Utama,Papua
94ab1839,Ami Riyanti,Health visitor,PD Mangunsong (Persero) Tbk,Kalimantan Timur
6cff135d,Lala Wacana,Civil Service administrator,PT Prasetya Tbk,Bali
01110f1a,"Dr. Halima Anggraini, S.I.Kom",Tax adviser,PD Maryati Nasyidah,Nusa Tenggara Timur
e972434b,Dt. Galih Hassanah,TEFL teacher,Perum Nasyiah Tbk,Bengkulu
8ba0d261,Suci Waskita,Agricultural engineer,Perum Pratiwi Hutapea,Gorontalo
cf24efe1,Bakiono Laksmiwati,Accounting technician,PD Laksita Saputra (Persero) Tbk,Sulawesi Tenggara
5cc5b378,Queen Situmorang,Field trials officer,CV Wibowo Kuswoyo,Kalimantan Timur
d505b109,Kenes Wahyuni,Hydrogeologist,UD Purwanti Halim,Jawa Timur
b23873ed,Dagel Mustofa,Chemical engineer,Perum Natsir,Sulawesi Tengah
a0c8c294,Gambira Hassanah,Financial controller,Perum Wacana,Lampung
d0549313,Puti Tarihoran,"Therapist, speech and language",CV Haryanto,DKI Jakarta
800c92de,R.M. Unggul Wastuti,"Engineer, biomedical",CV Mustofa Januar Tbk,Bengkulu
7173471c,Arta Hardiansyah,Forensic scientist,Perum Hartati,Nusa Tenggara Barat
f06c6461,Umi Hardiansyah,Public relations officer,Perum Waluyo Setiawan,Jawa Timur
2006391f,"Ir. Natalia Lestari, S.Gz",Psychiatrist,CV Mangunsong Firmansyah,Maluku
6bd8a7c0,drg. Mitra Megantara,"Teacher, English as a foreign language",Perum Kusmawati Tbk,Sumatera Barat
6929fd39,"R.A. Raina Hidayanto, M.TI.",Paediatric nurse,Perum Kuswoyo Simanjuntak,Sumatera Utara
2dfa5e92,Cici Firmansyah,Audiological scientist,PT Firgantoro Mandasari,Kalimantan Barat
47269084,Drs. Teddy Pangestu,Associate Professor,PD Mahendra,Kepulauan Bangka Belitung
12723c0c,KH. Alambana Ramadan,Television/film/video producer,UD Wulandari Tbk,Riau
1401da29,"Ir. Maryanto Saragih, S.E.",Archivist,PT Maheswara,Nusa Tenggara Barat
0f65a8e5,Sakura Pudjiastuti,"Producer, radio",CV Adriansyah Tbk,Lampung
ef4258dc,Pia Uyainah,"Solicitor, Scotland",Perum Damanik,Jambi
c738def4,Drs. Gina Astuti,Rural practice surveyor,UD Nasyidah Pradipta,Papua Barat
491e03c8,T. Ilyas Thamrin,Geochemist,CV Prabowo,Jawa Barat
d26d06a7,Sutan Mariadi Sihombing,Maintenance engineer,Perum Saefullah Pratiwi,Riau
cc5b1b6c,T. Prasetya Kurniawan,Health physicist,UD Safitri,Kalimantan Timur
150be2ec,Cager Napitupulu,Event organiser,PT Melani Kusmawati (Persero) Tbk,Papua
19a4b241,Padma Pratiwi,Further education lecturer,CV Aryani,Jambi
a9a26db5,Jindra Kuswoyo,Landscape architect,PT Salahudin Putra,Nusa Tenggara Barat
38a44e24,Ajimat Budiman,Analytical chemist,PD Widodo,Sumatera Utara
3df57bef,"Cakrawangsa Waluyo, M.Kom.",Occupational hygienist,PD Agustina Kusumo Tbk,Maluku
79a6d160,Kayun Halim,Fisheries officer,PD Palastri Susanti Tbk,DI Yogyakarta
43a980bb,Ir. Candra Laksita,Gaffer,PD Handayani Simbolon (Persero) Tbk,Sulawesi Barat
abdd9387,drg. Lega Zulkarnain,Engineering geologist,PT Suartini,Maluku Utara
41b1880f,Anastasia Permata,"Surveyor, quantity",Perum Wacana,Nusa Tenggara Barat
b268c77d,Nadine Hastuti,Careers adviser,CV Megantara,Kalimantan Barat
f0315571,Dt. Bajragin Nababan,Glass blower/designer,CV Tamba Pangestu,Banten
b5095951,Harimurti Sihombing,"Accountant, chartered",CV Prastuti,Sulawesi Tengah
0578c99c,Zizi Hastuti,Ranger/warden,CV Winarno,Nusa Tenggara Timur
8d43c243,Zamira Mustofa,Records manager,CV Firgantoro Hutapea,Papua Barat
1869db9a,"Ulva Prastuti, S.Psi",IT technical support officer,UD Iswahyudi Nasyiah (Persero) Tbk,Nusa Tenggara Timur
78453708,"Dacin Rajata, S.Sos","Education officer, community",PT Anggraini,Jawa Timur
e494ca6f,Gading Winarno,Press photographer,UD Puspita Budiyanto,Kalimantan Barat
832f1256,Lala Rajata,Therapeutic radiographer,UD Puspasari Anggraini Tbk,Jawa Tengah
155ee8eb,Gamanto Suwarno,Broadcast engineer,PT Tarihoran Pradana (Persero) Tbk,Sulawesi Barat
9dfd8fad,Cut Oni Mardhiyah,Data scientist,UD Hariyah Laksita Tbk,Kalimantan Selatan
b004da90,Cut Shania Yulianti,Product/process development scientist,PD Budiyanto Simanjuntak Tbk,Nusa Tenggara Barat
876f8126,"Drs. Yunita Mardhiyah, S.T.",Corporate investment banker,UD Farida Tbk,Kepulauan Riau
6d05dc13,Elvina Hutasoit,Records manager,PT Firgantoro Novitasari Tbk,Nusa Tenggara Barat
0f352ff8,Wirda Hassanah,"Surveyor, insurance",CV Prastuti Tbk,Aceh
a44ee845,Estiawan Yuniar,Fast food restaurant manager,CV Natsir,Kalimantan Selatan
d528dd9c,Tasdik Nurdiyanti,Environmental health practitioner,PD Hardiansyah (Persero) Tbk,Nusa Tenggara Barat
051eff3b,Satya Sinaga,Geoscientist,CV Januar,Gorontalo
aa0f9ac0,Mahdi Damanik,Control and instrumentation engineer,PD Jailani,Nusa Tenggara Timur
4c422df0,Betania Prastuti,"Designer, furniture",Perum Damanik Tbk,Kepulauan Bangka Belitung
96ec4aef,"drg. Elisa Sitompul, M.M.","Designer, television/film set",UD Padmasari,Kalimantan Tengah
c1cb2005,Kadir Prakasa,Graphic designer,PT Usada Yuniar,Jambi
59935d00,Gandi Prayoga,"Doctor, general practice",PD Haryanti Tbk,Sumatera Selatan
ca567ca8,Dr. Cinta Prasasta,Advertising account executive,Perum Jailani Maheswara,Gorontalo
6be4d18a,Sarah Rajata,"Surveyor, minerals",PT Gunarto,Kepulauan Riau
f283da59,"Malik Nasyidah, M.Farm",Financial controller,PD Pangestu Halimah (Persero) Tbk,Sumatera Selatan
4cbd54d5,Lanang Hakim,"Accountant, chartered",Perum Sihombing,Papua Barat
e18fdafc,H. Artanto Agustina,Community education officer,UD Farida Wibisono,DI Yogyakarta
267bbca8,Luwar Widodo,"Therapist, nutritional",Perum Hutapea,Jambi
23c86f6e,"Kartika Agustina, S.H.",Community pharmacist,Perum Prabowo,Kalimantan Barat
cf992c60,Nilam Uwais,"Librarian, academic",UD Farida Prakasa Tbk,Sulawesi Tenggara
8cb4f23d,Cut Puput Mandala,Data processing manager,CV Winarno,Gorontalo
bbcfecb9,Siti Mayasari,"Presenter, broadcasting",UD Laksita Tbk,Sumatera Utara
e68c0530,Salwa Prasetya,Call centre manager,UD Iswahyudi,Papua
47983137,Hamima Rajata,IT trainer,UD Fujiati Zulaika,Lampung
d8b5f9c4,Tgk. Kartika Wasita,"Accountant, chartered",Perum Wacana,Sulawesi Selatan
fa353ca1,Raden Andriani,"Engineer, aeronautical",PD Sihombing Dabukke,Bali
874cbccb,"Cut Vanya Prabowo, M.M.","Lighting technician, broadcasting/film/video",UD Budiman Tbk,Kalimantan Selatan
3be30590,"Puti Kezia Zulaika, S.IP",Cartographer,Perum Nurdiyanti,Kalimantan Timur
f6d63462,R. Lurhur Rahmawati,"Therapist, sports",CV Rahimah Haryanti Tbk,DKI Jakarta
f17c672c,"Anita Prasetya, M.Ak",Financial controller,Perum Marbun (Persero) Tbk,Maluku
7a85e0bb,Nalar Saragih,Surgeon,Perum Wijayanti Ardianto Tbk,Sulawesi Tengah
19d91c1a,Tari Kuswoyo,Phytotherapist,UD Usada,Gorontalo
7bce03a1,Hamzah Januar,"Psychologist, sport and exercise",PT Yulianti Gunarto,Sulawesi Selatan
d69a770c,Ira Wahyudin,Administrator,PD Santoso Nasyidah Tbk,Jambi
cc872e17,"Mahesa Suwarno, S.Pd",Prison officer,Perum Purwanti Melani,Kalimantan Tengah
94637662,Dacin Habibi,Counselling psychologist,PT Nugroho Tbk,Nusa Tenggara Timur
6e5952d1,Bagus Agustina,Communications engineer,Perum Waskita Tbk,Sumatera Selatan
7588cdc8,Kanda Pradana,Race relations officer,PD Firgantoro,Papua Barat
cf99ed99,H. Cemplunk Pradipta,Technical author,CV Sihotang Safitri,Riau
d3823fa4,"Leo Nasyiah, S.I.Kom","Surveyor, rural practice",Perum Ramadan Tbk,Sumatera Utara
988de425,Ellis Agustina,Chartered public finance accountant,PD Agustina (Persero) Tbk,Riau
012f73b5,Latika Farida,"Engineer, maintenance",PD Rajasa (Persero) Tbk,Jawa Barat
25eec6a0,"H. Rafid Widiastuti, M.M.",Geographical information systems officer,Perum Rahmawati Handayani,Sumatera Utara
c2741e84,Kacung Saputra,Educational psychologist,PD Lailasari Tbk,Jawa Barat
804f95f1,Saiful Nasyiah,Technical brewer,Perum Nugroho (Persero) Tbk,Kalimantan Timur
36d2c406,T. Ganep Dongoran,"Designer, interior/spatial",CV Mulyani,Kalimantan Barat
b152b95d,"Gasti Susanti, M.M.",Sport and exercise psychologist,PD Nasyiah Dongoran,Jawa Timur
2c2b10ae,"Cut Aisyah Novitasari, M.Pd",Professor Emeritus,UD Pratama Hastuti (Persero) Tbk,Banten
83afd394,Maria Wahyudin,Art therapist,Perum Mahendra,Kalimantan Timur
8dde81a5,"drg. Mala Farida, S.T.",Chartered management accountant,UD Saefullah (Persero) Tbk,Jawa Barat
849f6f86,drg. Catur Nashiruddin,Radiation protection practitioner,UD Tamba,Sulawesi Utara
1fbb8b14,"Kamal Pangestu, S.Ked",Retail manager,Perum Sitorus Tbk,Papua
1c07892f,Pia Purnawati,Retail merchandiser,PD Firgantoro (Persero) Tbk,Gorontalo
ab8c05f4,"H. Gading Prayoga, S.Gz",Ship broker,PT Kuswoyo Anggriawan Tbk,DKI Jakarta
f1f61aff,Limar Sihombing,Research scientist (life sciences),CV Aryani,Kepulauan Bangka Belitung
a464cea3,Agnes Mulyani,"Engineer, biomedical",Perum Salahudin Nababan,DI Yogyakarta
a08b7f92,"Salimah Palastri, S.IP",Learning mentor,Perum Anggriawan,Jawa Tengah
be03c998,dr. Hesti Wahyuni,Advice worker,PD Sudiati Nashiruddin,Kepulauan Riau
9d4743ac,Ir. Hasim Mulyani,"Engineer, electrical",Perum Prabowo Tbk,Kalimantan Utara
c7159fdb,"dr. Karja Siregar, S.IP",Artist,Perum Sirait (Persero) Tbk,Papua Barat
47acf4e8,Widya Puspasari,Translator,Perum Wastuti,Banten
6eba5678,Lidya Gunawan,Estate agent,PD Prasetya Winarno Tbk,Sulawesi Utara
6e9df8e8,"T. Raharja Damanik, S.E.",Wellsite geologist,UD Tarihoran Suryono,Jawa Tengah
fb139b79,"Ir. Cengkal Wibowo, M.Farm",Contractor,PD Napitupulu Saputra,Maluku Utara
c95ca2e5,Irma Pranowo,"Sound technician, broadcasting/film/video",Perum Novitasari Tbk,Bengkulu
96d85492,Vivi Fujiati,Radio broadcast assistant,UD Nashiruddin Anggriawan,Kalimantan Timur
6138a212,R. Dalimin Hartati,Industrial buyer,PD Yuniar,Kepulauan Riau
6d3c4557,Pia Prasasta,Electrical engineer,UD Gunarto Sitorus Tbk,Kalimantan Utara
af1ef6d5,"Gandewa Handayani, S.Psi","Psychologist, occupational",Perum Budiman Tbk,Sulawesi Selatan
b4464ff9,Betania Mayasari,Chief Financial Officer,PD Nasyiah Nasyiah,Banten
a2bdc27f,"Ika Uwais, S.Kom","Engineer, drilling",CV Hartati Tbk,Bengkulu
4afd7608,"Garda Purnawati, M.Kom.",Bookseller,Perum Kusmawati Yolanda Tbk,DI Yogyakarta
fd6962ad,Gandi Namaga,Community development worker,UD Najmudin Mahendra,DKI Jakarta
fe3d0ba8,Endah Ramadan,Manufacturing systems engineer,CV Utama Tbk,Kalimantan Selatan
eb462703,Bakiadi Pratiwi,Patent examiner,PD Irawan Irawan (Persero) Tbk,Kepulauan Bangka Belitung
5ce86d42,Ir. Asmadi Wahyudin,Occupational hygienist,PD Pertiwi Utami Tbk,Sulawesi Tenggara
2c0d363f,Ihsan Laksmiwati,Warden/ranger,Perum Hardiansyah Prastuti,Kalimantan Timur
8a086ae2,Hartaka Jailani,Theme park manager,Perum Nasyidah,Sumatera Selatan
7385a276,Bagiya Irawan,Proofreader,UD Astuti Damanik (Persero) Tbk,DKI Jakarta
a8ae144f,Vega Purnawati,Animal nutritionist,Perum Prabowo Halim (Persero) Tbk,Jawa Timur
0b01071a,Harjaya Kuswoyo,Database administrator,PT Mardhiyah Firmansyah (Persero) Tbk,Jawa Barat
d96bdd60,Prabawa Samosir,Police officer,PD Suartini (Persero) Tbk,Aceh
f6f20103,Puti Rahmi Hartati,Games developer,PD Sihombing Puspita,Sumatera Selatan
1086da02,Wira Suwarno,Marketing executive,PT Hassanah (Persero) Tbk,Bali
c0404166,Halima Usada,"Surveyor, mining",UD Nashiruddin Tbk,Kepulauan Bangka Belitung
fd67a892,Drs. Ulva Habibi,Health promotion specialist,Perum Nababan Saragih,Sumatera Utara
942e7779,Wawan Haryanto,Sub,PT Hastuti Widodo,Riau
6a6cdcf0,Jumari Pranowo,Operational researcher,PT Permata Pradipta (Persero) Tbk,Kepulauan Riau
8269e098,Naradi Usamah,"Teacher, early years/pre",PT Nugroho,Jawa Barat
d367668b,"drg. Margana Wahyuni, S.Ked","Investment banker, operational",PD Wijayanti Lazuardi (Persero) Tbk,Kalimantan Utara
f39dd9c4,dr. Unjani Widodo,Public relations account executive,CV Padmasari Halimah (Persero) Tbk,Papua
b2b9a524,Wakiman Megantara,Estate manager/land agent,UD Saputra,Riau
dd5602ed,Harjaya Marpaung,Network engineer,UD Gunawan Prabowo,Papua
91e6d8b5,Radika Tampubolon,Dietitian,CV Pangestu Hasanah,Kalimantan Timur
6805472b,"Prabowo Manullang, S.Gz",Photographer,CV Wulandari Hariyah,Kalimantan Tengah
3f6102fd,"R.A. Endah Ramadan, S.IP",Estate agent,Perum Saefullah Wibowo,Kalimantan Utara
ccdb027e,Juli Nurdiyanti,Adult guidance worker,UD Ardianto Wahyudin (Persero) Tbk,Jawa Timur
f4369d2d,H. Hasim Dabukke,Dietitian,UD Pradana Astuti,Aceh
44ab63c0,Ir. Jamalia Permata,Company secretary,Perum Hassanah Tbk,Jawa Timur
35915b20,Prabowo Wahyudin,Air broker,CV Riyanti Nababan Tbk,Maluku
dfd672b5,Kasiyah Rahmawati,Manufacturing engineer,PD Siregar (Persero) Tbk,Aceh
b7da02db,Ika Hartati,"Journalist, newspaper",Perum Tamba,Sulawesi Tengah
6b8660c8,"Yono Laksmiwati, S.Farm",Professor Emeritus,Perum Zulkarnain,DI Yogyakarta
1ba335f1,Irma Nashiruddin,Corporate investment banker,PT Andriani (Persero) Tbk,DI Yogyakarta
39ea36bf,"Rini Utama, S.T.",Herpetologist,UD Yulianti (Persero) Tbk,Sulawesi Barat
294c8fe5,R.A. Paris Sinaga,Mudlogger,PD Pertiwi Simbolon,Aceh
52dade7f,R.A. Fitria Kusmawati,"Surveyor, planning and development",PD Mulyani Puspasari,Jawa Tengah
78a606e6,"Leo Latupono, S.Sos","Administrator, arts",Perum Nashiruddin Zulaika,Sulawesi Tengah
7100b78b,"Ilsa Laksita, M.Ak","Loss adjuster, chartered",UD Utami Maulana,Sumatera Selatan
29a9484a,Mulya Hasanah,Facilities manager,UD Tampubolon Tbk,Maluku
9de7fc56,R.A. Ilsa Setiawan,"Social research officer, government",UD Hidayanto,Sulawesi Tengah
f0a674c9,Adika Laksmiwati,Armed forces logistics/support/administrative officer,Perum Maryati,Kepulauan Riau
5f693245,Dasa Napitupulu,Special educational needs teacher,PT Lailasari (Persero) Tbk,Sulawesi Barat
122e3954,"Nabila Megantara, S.Pd","Production assistant, radio",PT Setiawan,Jawa Timur
dbb2ae19,"Rahmi Pradipta, M.Ak",Equities trader,UD Yuliarti,Kalimantan Barat
978929eb,"Puti Zizi Hassanah, S.Psi",IT trainer,PT Saputra Tbk,Sumatera Selatan
daa9babc,drg. Mutia Wastuti,"Engineer, chemical",CV Purwanti Nuraini Tbk,Sumatera Barat
a04f40b0,Paris Saragih,"Surveyor, commercial/residential",PD Maulana Kuswandari Tbk,Maluku
59c87122,"H. Bancar Uwais, M.Ak",Statistician,CV Hakim Wahyudin,Papua
a2dcd43c,"Putri Wahyudin, M.Pd",Biomedical engineer,CV Laksita Rajata,Riau
8cf25ca6,"drg. Jayadi Wahyuni, S.H.",Ranger/warden,UD Suryatmi,Kalimantan Utara
066e817c,"Aisyah Marpaung, S.T.",Microbiologist,UD Halimah,Sumatera Utara
0b978a85,Luluh Nababan,Sports therapist,UD Suwarno Pradipta Tbk,Banten
46df61cf,Rangga Budiman,"Production designer, theatre/television/film",CV Yuniar Tbk,Nusa Tenggara Barat
f7fd3969,Gabriella Laksmiwati,"Surveyor, hydrographic",PT Sihotang Tbk,DI Yogyakarta
c05c7551,"Yulia Sudiati, S.IP","Engineer, land",PD Purwanti Tbk,DKI Jakarta
9e98e4e4,Maimunah Budiyanto,"Psychologist, sport and exercise",PD Budiyanto Mangunsong,Jawa Barat
736adba4,"Bakiman Yolanda, S.Ked",Insurance broker,CV Wibisono Tbk,Bali
6c8102c0,Dasa Uwais,"Horticulturist, commercial",UD Wijayanti Pertiwi Tbk,Aceh
821bf17d,Titin Anggriawan,"Surveyor, rural practice",CV Budiyanto Jailani,Kalimantan Selatan
b65741bf,Drs. Juli Hakim,"Exhibitions officer, museum/gallery",UD Farida,Papua
828218b5,"Drs. Anastasia Mardhiyah, M.M.",English as a foreign language teacher,CV Rahayu,Maluku Utara
225574a3,"Darmanto Hastuti, M.TI.","Education officer, museum",Perum Prakasa Suryono,Maluku
430ffd39,Hari Kusumo,Tax adviser,PD Marpaung,Sumatera Selatan
55f97f12,"Intan Prayoga, S.H.",Educational psychologist,PT Hutasoit (Persero) Tbk,Kalimantan Utara
192f5e63,Jayadi Adriansyah,Building control surveyor,PT Lestari (Persero) Tbk,Sulawesi Barat
ea23876f,Sutan Enteng Hutasoit,Art therapist,CV Lailasari Narpati Tbk,Gorontalo
bd94fdfc,Kamidin Laksmiwati,Food technologist,PT Tarihoran (Persero) Tbk,Kepulauan Riau
ea67a921,"Dr. Gara Wijaya, S.Psi",Purchasing manager,CV Pudjiastuti (Persero) Tbk,Kalimantan Tengah
0770a3e1,"Luis Prasasta, S.Psi",Insurance broker,PT Kurniawan,Kalimantan Timur
58c52d85,Kamidin Megantara,Trade mark attorney,CV Astuti,Kalimantan Selatan
1845566f,Ophelia Nurdiyanti,Special effects artist,PT Pudjiastuti,Papua Barat
5cbba7c5,"Marsito Januar, S.E.I","Horticulturist, commercial",PT Pangestu Utama,Lampung
1a57443c,"Adhiarja Lestari, S.I.Kom",Health and safety adviser,CV Sihombing,Jambi
31786673,Darijan Rahayu,Research scientist (physical sciences),CV Mandala Tbk,Sulawesi Tengah
270fd69d,"Uchita Putra, M.TI.","Surveyor, commercial/residential",CV Padmasari,Maluku Utara
52b1ee5d,Gawati Astuti,Printmaker,CV Pudjiastuti Halimah,Jambi
a78fd3b9,"Cinthia Ardianto, S.Ked",Psychiatric nurse,PT Saragih Laksmiwati,Kalimantan Utara
a95de832,"R. Jessica Nurdiyanti, S.I.Kom",Counselling psychologist,Perum Oktaviani Kuswoyo (Persero) Tbk,Kalimantan Tengah
66697cb3,Bakti Mandala,Dramatherapist,CV Kurniawan Yuliarti,Jawa Timur
9550f728,Abyasa Gunawan,Occupational hygienist,CV Wahyuni Sihotang (Persero) Tbk,Maluku
2306e6fe,"dr. Elvina Simanjuntak, S.H.",Medical secretary,CV Gunawan,Kalimantan Selatan
1709ec85,dr. Usyi Usada,Information officer,Perum Sitorus (Persero) Tbk,Kepulauan Riau
aaeab55e,Tgk. Ade Hasanah,Orthoptist,CV Safitri Habibi,Sumatera Selatan
3dac275d,"Laila Kuswoyo, S.E.",Television camera operator,PT Yolanda,Bengkulu
8853cc29,Julia Habibi,Immunologist,CV Mustofa Lestari (Persero) Tbk,Jambi
ceaa09b5,"Ir. Diah Wibisono, S.Psi",Arts administrator,PD Wijayanti Pratiwi,Sulawesi Tengah
e4ddd0f5,Irwan Mulyani,Primary school teacher,CV Prasetyo,DKI Jakarta
031679ee,Ade Mulyani,Prison officer,CV Dongoran Permadi Tbk,Kepulauan Riau
7f005f17,Halima Pertiwi,"Solicitor, Scotland",PD Dongoran Astuti,Bali
70d07bd5,Tgk. Tirtayasa Anggriawan,"Clinical scientist, histocompatibility and immunogenetics",PD Tamba,Jawa Tengah
72b8b45a,H. Slamet Manullang,Wellsite geologist,Perum Maulana Tbk,Riau
11e02f03,"Siska Mulyani, S.Pd",Intelligence analyst,CV Rahayu Anggriawan Tbk,Sumatera Selatan
c46c93cb,Bagiya Mardhiyah,Film/video editor,UD Latupono Utami,Kalimantan Tengah
c842d34f,Ilsa Sitorus,IT trainer,CV Siregar Tbk,Papua
d79d6465,"Dr. Tira Budiyanto, S.Ked",Training and development officer,CV Pradana Maheswara,Gorontalo
1d043206,Cahyanto Prayoga,Engineering geologist,PT Maheswara Tbk,Aceh
d305c1e3,"Cut Olivia Wijayanti, S.Psi",Futures trader,PD Suryatmi Wibowo,Sulawesi Utara
634d20cb,"Michelle Dabukke, S.Farm",Web designer,PD Setiawan,Jawa Tengah
b07a8f55,"Talia Pudjiastuti, S.Gz",Communications engineer,PD Nasyidah Tbk,Kalimantan Tengah
96ff86b4,Artanto Puspasari,Emergency planning/management officer,UD Pudjiastuti,DKI Jakarta
928f3549,Ridwan Marpaung,Stage manager,UD Nasyidah (Persero) Tbk,Sumatera Selatan
9fd68df9,Ajimin Mardhiyah,Arts development officer,PT Uyainah (Persero) Tbk,Sumatera Selatan
1af41b0c,Kenes Damanik,Pensions consultant,PT Siregar,Sumatera Barat
0c7ad43b,Pandu Uwais,Clothing/textile technologist,UD Sinaga,Bengkulu
770ada30,Cahyanto Purnawati,"Programmer, multimedia",Perum Lailasari (Persero) Tbk,Bali
5d39eaee,"Jati Zulkarnain, M.Farm","Development worker, international aid",PT Palastri Sihombing Tbk,Papua
01ff8bd5,Kezia Fujiati,"Exhibitions officer, museum/gallery",PT Waskita Mandasari,Bengkulu
4e353445,"Mulya Usada, S.Farm","Engineer, manufacturing",PT Wahyuni,Bali
2cca6c30,"Puti Ida Wibisono, M.M.",Market researcher,UD Nasyidah Anggriawan,Bengkulu
ae7cf9c5,Cemeti Mandala,Forest/woodland manager,PD Prasetyo,Maluku Utara
fee14ab2,"Sadina Pradipta, M.Ak",Air traffic controller,PD Sitompul Pangestu (Persero) Tbk,Maluku
fbce9dd0,Putri Padmasari,Tour manager,PD Usamah,Kepulauan Bangka Belitung
0cfb2cdb,Balapati Adriansyah,"Horticulturist, amenity",UD Nuraini Anggriawan Tbk,Sulawesi Utara
019ac633,Bella Pradipta,Financial adviser,Perum Pradana Wibisono,Sumatera Barat
ab80c515,Rosman Handayani,Archaeologist,Perum Tarihoran Yuniar,Bengkulu
ebcdd28e,"Ismail Samosir, M.M.",Press photographer,CV Kurniawan Tbk,Kepulauan Riau
d27297d5,Naradi Purwanti,Hydrologist,PD Samosir (Persero) Tbk,Riau
1a872fc1,Cemani Mandasari,"Surveyor, hydrographic",PT Siregar Hidayanto,Kalimantan Tengah
99c3b4fd,Nova Riyanti,Press photographer,PT Hutagalung,Jawa Timur
7a427a26,Drs. Yuliana Susanti,"Lighting technician, broadcasting/film/video",PT Budiyanto Nurdiyanti (Persero) Tbk,Sulawesi Tengah
a4eabb18,Puti Yunita Maulana,Investment analyst,CV Usamah Sitorus (Persero) Tbk,Aceh
b7859b83,Galang Purnawati,Occupational psychologist,Perum Pudjiastuti,Kepulauan Bangka Belitung
4101f2be,"Tgk. Hani Simanjuntak, S.I.Kom",Chiropractor,Perum Purwanti Wijaya,Kalimantan Utara
a1fab118,Adiarja Nasyiah,Dealer,CV Ardianto,Kalimantan Timur
92b4f580,Siska Mahendra,"Teacher, early years/pre",PD Latupono,Kalimantan Selatan
7ee52afd,"Rosman Santoso, S.T.",Accounting technician,Perum Wijaya Situmorang Tbk,Jawa Tengah
287d3766,Caraka Ramadan,Animal nutritionist,Perum Hidayat Budiyanto,Sumatera Barat
cae978d7,Pangeran Wibowo,Quality manager,PT Lailasari,Lampung
86c8b8ac,"Endra Marbun, M.Kom.",Toxicologist,PT Suryatmi Fujiati,Papua Barat
732d4b78,Hj. Yunita Putra,Sports therapist,Perum Adriansyah Padmasari (Persero) Tbk,Sulawesi Barat
df556ff9,Umay Rajasa,Estate manager/land agent,UD Sihombing Tbk,Sumatera Selatan
f000a2d1,Cawuk Saefullah,Television/film/video producer,UD Wijaya (Persero) Tbk,Kalimantan Utara
0e6f53aa,"Tania Pratama, S.Psi",Quantity surveyor,CV Latupono Nasyiah (Persero) Tbk,Sulawesi Tenggara
c33f5b6f,Kenari Siregar,Secondary school teacher,CV Saputra (Persero) Tbk,Jawa Timur
8a3529c1,R. Hesti Rajasa,"Administrator, Civil Service",Perum Halimah Samosir,Nusa Tenggara Timur
5f7f8106,"Gaiman Pradana, S.Farm",Museum/gallery curator,PT Safitri Nashiruddin,Sulawesi Utara
e67b5f06,Darmanto Lailasari,"Surveyor, building control",PD Agustina Saragih,Papua Barat
cac5bc07,"Hj. Titin Melani, M.Ak",Fashion designer,PD Haryanti,Kepulauan Riau
c4427926,"Rachel Tamba, S.Psi","Exhibitions officer, museum/gallery",CV Hutapea,Sumatera Selatan
d12f62f6,Puti Yuniar,Purchasing manager,UD Hassanah Saptono (Persero) Tbk,Maluku
890325e2,Dr. Lukita Wahyudin,Sports coach,Perum Hidayat Adriansyah,Maluku
4b7f8254,R.M. Luwes Purwanti,Paediatric nurse,Perum Halimah Tbk,Sumatera Utara
8a4a7be4,Kacung Haryanto,Barista,PT Maulana Winarno (Persero) Tbk,Riau
38a2d95a,Cemplunk Hutapea,Accommodation manager,CV Nuraini Anggraini,Jambi
2ef730d0,Devi Handayani,Industrial/product designer,Perum Haryanto,Lampung
79fc12b2,Samiah Natsir,Sports therapist,PT Latupono Tbk,Jawa Barat
4eea374b,Suci Putra,Arts administrator,PT Pudjiastuti Hidayanto (Persero) Tbk,DI Yogyakarta
661a804c,"Nilam Handayani, S.Sos",Child psychotherapist,Perum Nashiruddin Hassanah,Jawa Timur
0cb39693,Erik Hutapea,Clinical molecular geneticist,CV Susanti,Sulawesi Utara
ae484dc5,Cecep Hasanah,Immunologist,PT Kusmawati Tbk,Sulawesi Tenggara
b89a0b0a,Malika Prasasta,Contractor,Perum Halimah Pertiwi,Gorontalo
31dd6f64,Jelita Riyanti,Location manager,CV Kusmawati (Persero) Tbk,Jambi
4d05248e,"Tgk. Yani Firgantoro, S.T.","Designer, blown glass/stained glass",CV Kusumo Nasyiah,Maluku Utara
522f67c4,"Ami Wahyuni, M.M.",Fisheries officer,CV Marpaung (Persero) Tbk,Gorontalo
07216dc9,Puti Malika Nuraini,Emergency planning/management officer,CV Andriani,Maluku Utara
72d55630,"drg. Unjani Farida, S.Pt",Occupational hygienist,Perum Budiyanto,Jawa Timur
754f9521,"Karta Wulandari, S.Pt","Accountant, chartered public finance",Perum Saefullah Tbk,Sulawesi Tengah
1e5938e5,"Slamet Sihombing, S.IP","Engineer, site",UD Saragih Tbk,Jawa Timur
4d3775e3,Kacung Marbun,Educational psychologist,UD Safitri Tbk,Sumatera Utara
2c63447e,"Puti Wibisono, S.T.",Neurosurgeon,PT Handayani Tbk,Sulawesi Selatan
154bb63d,Okto Manullang,Senior tax professional/tax inspector,CV Andriani,Bengkulu
a1bd44c5,Ayu Hidayat,"Producer, television/film/video",CV Napitupulu Novitasari,Banten
1b4ba5fd,Siska Usada,Armed forces logistics/support/administrative officer,PD Januar,Kalimantan Timur
b3d5f7a2,Ir. Jessica Simanjuntak,Risk analyst,PT Yuliarti,Jawa Tengah
9d979022,Slamet Usada,Data processing manager,Perum Sinaga Tbk,Bali
597f53d9,Kalim Siregar,Telecommunications researcher,PT Permata Oktaviani Tbk,Jawa Barat
522415fa,Cindy Palastri,Network engineer,UD Nababan Sihombing,Sulawesi Tenggara
dd213801,Emin Sudiati,Pharmacologist,PT Putra,Aceh
cc69285b,H. Asirwanda Suryono,Herpetologist,PD Winarno Sihombing Tbk,Maluku Utara
9fc925b2,R.A. Azalea Marpaung,Heritage manager,CV Rajasa (Persero) Tbk,Lampung
20e48457,Latif Aryani,"Surveyor, planning and development",PD Prasetyo (Persero) Tbk,Jawa Timur
fc53b31f,"Tirtayasa Anggraini, M.Farm","Surveyor, land/geomatics",CV Sinaga,Sulawesi Selatan
c1173d7e,Bagiya Sinaga,Physiological scientist,PD Yolanda,Kalimantan Barat
832339e7,"Drs. Eli Mayasari, S.H.",Database administrator,CV Pratiwi Tbk,Kepulauan Riau
4c9657b1,Jaeman Fujiati,"Engineer, automotive",PT Damanik Halimah,Lampung
eacfd4f4,Hj. Ana Suartini,"Engineer, biomedical",Perum Mardhiyah (Persero) Tbk,DKI Jakarta
a210fb4f,Najwa Winarno,Banker,UD Kuswoyo,Kalimantan Tengah
149149ed,Artanto Maulana,Financial planner,PT Hidayat Zulkarnain Tbk,Maluku
032fa4a4,Genta Lazuardi,Psychiatrist,PD Hutagalung,Sulawesi Selatan
c36c89df,Novi Saptono,Product/process development scientist,UD Tamba (Persero) Tbk,Sumatera Selatan
7dbe613c,Galang Ardianto,Scientific laboratory technician,PT Najmudin Suryono,Bali
b5b9fd70,Damu Najmudin,Ship broker,CV Natsir Hutasoit Tbk,Sumatera Barat
0c4e9c37,"Puti Calista Lestari, S.H.",Seismic interpreter,PD Wacana,Sulawesi Tenggara
55394383,"Adinata Maryadi, M.Pd",Photographer,UD Firgantoro Saragih Tbk,Jawa Tengah
3660f40d,"Rosman Najmudin, S.Kom",Health and safety inspector,PD Gunarto Sitorus,DKI Jakarta
6a3f2aa7,Cut Elma Wibowo,"Engineer, petroleum",PD Lailasari Budiyanto,Kalimantan Tengah
0464eda0,Cengkir Jailani,Chartered management accountant,CV Lestari,Nusa Tenggara Barat
b17b407b,Arsipatra Kuswoyo,Retail merchandiser,Perum Suartini Purnawati,Sulawesi Barat
cb8da379,"H. Gatra Firmansyah, M.Kom.","Programmer, multimedia",UD Hidayat Tbk,Kalimantan Timur
7007ea1d,Jane Irawan,Public relations officer,PT Ardianto Pertiwi,Sulawesi Selatan
8aa08e62,"Dr. Carub Rahimah, M.Ak","Designer, fashion/clothing",CV Rajasa Tbk,Kalimantan Tengah
45d96d60,"Kusuma Dabukke, S.Gz",Press sub,CV Pratiwi Natsir Tbk,Sulawesi Tengah
8c12a2c0,Bakijan Pradipta,Early years teacher,PT Mahendra,Jawa Timur
3f5f199d,Drs. Danu Yuniar,Leisure centre manager,PD Sihombing,Jambi
459390c6,Hj. Rini Suryatmi,Risk analyst,CV Ramadan (Persero) Tbk,Jawa Tengah
c7fdb7bc,KH. Pardi Januar,Clinical psychologist,Perum Hutasoit Iswahyudi Tbk,Kepulauan Riau
a20028ed,"Utama Manullang, S.IP",Clinical biochemist,CV Siregar,Jawa Timur
5ff1a4fa,"Drs. Emil Pratama, S.T.",Mechanical engineer,PD Tampubolon Tbk,Kalimantan Tengah
be70e875,Caraka Prasasta,Telecommunications researcher,PT Siregar Tbk,Kalimantan Selatan
6d027e17,Dwi Hutapea,Oceanographer,UD Maryadi Tbk,Bali
b276ec07,Diana Haryanto,Advertising art director,PT Sudiati (Persero) Tbk,Sulawesi Selatan
4d7e5766,Syahrini Situmorang,Radio broadcast assistant,Perum Prastuti Halimah,Aceh
b21d7699,Alika Lailasari,Theme park manager,PT Megantara Sitompul (Persero) Tbk,Kalimantan Tengah
ceb80a14,Prabawa Hutagalung,"Restaurant manager, fast food",PD Zulaika Siregar,Sulawesi Utara
d2b206a7,Drs. Jumari Iswahyudi,Advertising account planner,Perum Prasetyo Tbk,Sumatera Utara
9f0c82db,"Gamani Kuswandari, S.H.",TEFL teacher,PT Palastri,Papua Barat
2b208f28,Qori Simbolon,"Nurse, mental health",CV Nasyiah Wahyudin (Persero) Tbk,Kepulauan Riau
f763ba10,"dr. Elisa Siregar, S.Farm",Animal nutritionist,Perum Setiawan Laksmiwati Tbk,Riau
92f30c9e,Paramita Prasasta,Transport planner,PD Palastri,Nusa Tenggara Timur
743e9a72,drg. Lili Suryono,Control and instrumentation engineer,PD Fujiati,Sulawesi Utara
c4dd9026,"dr. Ciaobella Melani, M.TI.",Jewellery designer,Perum Mahendra Hutapea (Persero) Tbk,Gorontalo
0c471cd1,Latif Rahimah,Personnel officer,PD Oktaviani Najmudin,Nusa Tenggara Timur
8de923fd,"Kemal Prastuti, S.Pd","Teacher, adult education",PT Habibi Latupono (Persero) Tbk,Kalimantan Tengah
0d5a8bf1,"R. Rusman Rahayu, S.Gz",Counselling psychologist,Perum Samosir Uwais,Nusa Tenggara Barat
42f7b653,"Ir. Irfan Rajata, S.Psi","Scientist, forensic",PT Pratiwi,Jawa Tengah
1b732abb,"KH. Jaya Pudjiastuti, S.Farm",Emergency planning/management officer,CV Sitorus,Kalimantan Timur
9d0412e1,Maya Manullang,"Engineer, drilling",UD Mardhiyah,DI Yogyakarta
4dccedf1,Puti Irma Mayasari,Civil Service fast streamer,CV Dabukke Firgantoro Tbk,Kalimantan Utara
e2686ad0,"Radika Pradana, S.Pd",Commercial/residential surveyor,UD Nasyiah Gunawan (Persero) Tbk,Sulawesi Utara
a8938fa5,Prayogo Wibowo,"Designer, fashion/clothing",UD Zulkarnain Manullang Tbk,Nusa Tenggara Barat
f5978f75,Margana Sirait,Statistician,PD Pranowo (Persero) Tbk,Sulawesi Barat
1fdccd8d,"Lala Anggriawan, M.Ak",Corporate treasurer,UD Lailasari,Nusa Tenggara Timur
72c578b9,"Laras Tarihoran, S.Gz",Patent examiner,CV Hutasoit Mustofa,Kepulauan Riau
674bb2c3,Asirwada Maryati,Operational investment banker,UD Dabukke Agustina,Kalimantan Barat
f7a58165,Nova Tampubolon,Science writer,PT Andriani Maheswara,Kepulauan Riau
d73dbdb4,Dt. Nyana Adriansyah,"Administrator, local government",CV Budiman Tbk,Bengkulu
a3763f1e,Ade Farida,"Programmer, applications",PT Usada Tbk,Sulawesi Selatan
7f0a6b5a,Putri Novitasari,Transport planner,Perum Widodo,Papua Barat
c78c999c,"Vero Andriani, S.E.I",Art gallery manager,Perum Maryadi Suwarno (Persero) Tbk,Sumatera Selatan
898b5e91,"Ir. Galih Utami, S.Sos",Lobbyist,PT Wacana Tbk,Kalimantan Barat
10658065,Tgk. Surya Nainggolan,"Programmer, systems",UD Nurdiyanti,Kepulauan Riau
08a510a4,Mulyanto Hakim,Cytogeneticist,Perum Sirait Farida,Banten
9c750d2e,R.M. Banawi Namaga,Retail manager,PT Yolanda Januar,Kepulauan Bangka Belitung
7a778e7f,Paramita Hutasoit,Planning and development surveyor,PD Wijaya,Aceh
03554d69,Jasmin Puspita,Museum/gallery curator,PD Halimah Tbk,Kalimantan Barat
fabcdd22,Nasim Simbolon,Aid worker,PD Prasetyo Tbk,Sulawesi Tenggara
d43fc564,"KH. Lutfan Hasanah, S.Sos",Soil scientist,UD Latupono,DKI Jakarta
c03e0ec1,Elvina Januar,Hydrographic surveyor,Perum Gunarto Marpaung Tbk,Papua
ebcc81cb,Narji Prasetya,Primary school teacher,UD Adriansyah (Persero) Tbk,Aceh
4607ec94,Irma Nasyiah,"Nurse, adult",PD Suryono Prakasa (Persero) Tbk,Kepulauan Riau
16df2471,Victoria Puspita,Structural engineer,PD Pudjiastuti Tbk,Gorontalo
30ba52d1,"R.M. Jarwa Jailani, S.E.",Public librarian,PD Rahayu,Sumatera Selatan
9006582c,Puput Siregar,Advertising art director,PD Januar (Persero) Tbk,Sulawesi Utara
70a3b2f4,"Nadine Hardiansyah, S.E.","Lighting technician, broadcasting/film/video",Perum Aryani,Kalimantan Selatan
262fe7e6,Hana Astuti,Acupuncturist,Perum Natsir Yulianti,Nusa Tenggara Barat
449f3b17,Adhiarja Wijaya,Chief Operating Officer,Perum Oktaviani Tbk,Sumatera Selatan
c6642688,Fitriani Mangunsong,Records manager,UD Fujiati Hidayanto,Kepulauan Bangka Belitung
ba8626e1,R. Harja Mandala,Politician's assistant,UD Nababan Habibi,Lampung
408345dc,Dt. Yoga Aryani,Public relations officer,Perum Kuswandari,Sulawesi Tenggara
d9d57321,dr. Jamal Uyainah,Careers adviser,CV Simbolon Wijaya (Persero) Tbk,Sulawesi Tenggara
271c1d97,Tgk. Keisha Winarno,Proofreader,PD Sihombing Zulkarnain,Sulawesi Tenggara
14b32ff1,Eko Sinaga,"Physicist, medical",Perum Farida Rajasa,Papua
7f77e7e8,"Gaduh Manullang, S.T.",Company secretary,UD Rajasa Prasasta Tbk,DKI Jakarta
416a3a4e,dr. Usyi Maulana,Oceanographer,PT Hakim,Nusa Tenggara Barat
1f4f61ec,Asirwanda Narpati,Hospital pharmacist,PT Oktaviani Gunawan,Papua Barat
19eed1c4,R. Damu Budiman,Facilities manager,CV Haryanti Maryati (Persero) Tbk,Jawa Timur
8d75882b,Rahmi Rahmawati,"Surveyor, commercial/residential",Perum Simbolon Puspita Tbk,Jawa Tengah
4af24246,"drg. Usman Nurdiyanti, S.IP","Engineer, chemical",CV Natsir (Persero) Tbk,Sumatera Barat
ac931ca1,Lalita Putra,"Designer, furniture",CV Mustofa,Sulawesi Barat
a47faa92,"Dr. Marsudi Hutasoit, S.T.",Farm manager,PD Agustina Pranowo (Persero) Tbk,Nusa Tenggara Timur
ee6fc00c,T. Kanda Gunawan,Glass blower/designer,PT Mayasari Suryatmi,Kepulauan Riau
b6d436a6,Hamima Natsir,Illustrator,Perum Winarno Pratiwi,Jawa Tengah
b1d841f7,Laksana Siregar,English as a foreign language teacher,CV Saputra Tbk,Sumatera Barat
13086743,Novi Wibisono,Planning and development surveyor,CV Wacana Sudiati Tbk,Riau
09f32c85,Cinthia Maheswara,Chief Executive Officer,CV Purwanti Tbk,Jawa Timur
87866e61,Laila Prasetyo,Learning mentor,PT Budiman Laksita,Kepulauan Riau
899f66bd,Putu Yuliarti,Administrator,UD Uwais (Persero) Tbk,Jawa Tengah
4d6f7493,drg. Balapati Gunarto,Museum education officer,PD Permata Halimah,DKI Jakarta
5ec636d5,Maida Pratiwi,Jewellery designer,UD Setiawan Aryani,Bali
4567c7fb,Makara Usada,"Engineer, maintenance",Perum Mardhiyah Widiastuti (Persero) Tbk,Bali
9fb5be2d,Bajragin Thamrin,English as a second language teacher,PT Najmudin,Nusa Tenggara Timur
83332fc4,Danuja Hidayanto,"Designer, interior/spatial",UD Fujiati,Nusa Tenggara Barat
f7562bd0,Maida Firmansyah,"Therapist, sports",UD Usada Marbun Tbk,Maluku Utara
a86f4747,Zahra Kusumo,Outdoor activities/education manager,PD Padmasari Tbk,Kalimantan Timur
33c072ea,Eko Saragih,Automotive engineer,PT Rajasa (Persero) Tbk,Sumatera Barat
079d6973,Malika Padmasari,Civil Service fast streamer,Perum Wulandari (Persero) Tbk,Papua Barat
4dfea7ba,Anggabaya Adriansyah,Public relations officer,Perum Yolanda Sihombing,Jawa Timur
83bf9732,Hj. Jessica Wahyudin,Clinical biochemist,CV Andriani Mahendra,Sumatera Utara
43534517,Galuh Wijaya,Industrial/product designer,CV Sihotang Sinaga,Banten
06e569e0,Dr. Raharja Wahyuni,Agricultural consultant,UD Mulyani Tbk,Sulawesi Barat
bca2e4f7,"Jaswadi Prastuti, M.M.",Airline pilot,UD Wulandari,Kepulauan Riau
c333d9e7,Faizah Fujiati,Corporate investment banker,Perum Namaga Riyanti,Maluku
2cfbcd7e,Emong Yulianti,Multimedia programmer,Perum Kuswoyo Sihombing (Persero) Tbk,Kalimantan Timur
5756f144,Umi Damanik,"Optician, dispensing",CV Novitasari,Sumatera Barat
63e25ac8,"Dagel Rahimah, S.Gz",Forensic psychologist,Perum Iswahyudi Padmasari,Sulawesi Utara
32f566d7,drg. Malika Safitri,"Producer, radio",CV Puspasari,Kalimantan Utara
0a4b536e,"Dr. Yuliana Yuliarti, S.Pt",Insurance risk surveyor,PT Melani Sihombing Tbk,Maluku
9887bfc2,Yuni Napitupulu,Ambulance person,CV Ramadan (Persero) Tbk,Riau
c203366b,dr. Unjani Mandasari,Haematologist,PT Maryadi (Persero) Tbk,Nusa Tenggara Barat
771b207a,Panca Situmorang,Aeronautical engineer,CV Ardianto Yuniar,Kalimantan Utara
f7120a14,"Raina Pranowo, S.Farm",Biomedical engineer,PD Pratama Tbk,Sulawesi Tengah
f47291b1,Harja Farida,"Research officer, trade union",CV Wastuti,Lampung
4768afb5,Endah Nurdiyanti,Biomedical scientist,UD Prasetya Tbk,DI Yogyakarta
bf42a1df,Juli Wijayanti,IT trainer,PT Suryatmi Hassanah,Sulawesi Tengah
5c609076,Dinda Usada,Environmental education officer,PD Sihombing Nashiruddin Tbk,Sumatera Utara
f7c51def,"Jessica Usamah, S.Farm",Youth worker,CV Sihotang,Banten
b91d28ea,Raden Andriani,Sports administrator,Perum Nasyiah (Persero) Tbk,Kalimantan Tengah
fc481a1e,Harsanto Usamah,"Engineer, civil (consulting)",PD Padmasari (Persero) Tbk,Maluku
b2e59592,Tari Wibisono,"Therapist, speech and language",Perum Prasetyo,Kalimantan Tengah
c4bc5a80,Tgk. Hasna Rajata,Geoscientist,CV Ardianto Anggriawan Tbk,Sumatera Selatan
090ba7d2,Wani Simbolon,Acupuncturist,Perum Fujiati Maulana (Persero) Tbk,Banten
8421eddc,Mursinin Prakasa,"Conservation officer, historic buildings",PD Maryati Narpati Tbk,Jawa Barat
ac5fa00f,Drs. Halima Saptono,"Journalist, broadcasting",PD Fujiati Marbun,Kepulauan Riau
f651371d,"drg. Jane Saefullah, M.Pd",Leisure centre manager,PT Mustofa Prakasa Tbk,Bali
6aadb2cc,"Ikhsan Siregar, S.T.","Pharmacist, community",PD Hutapea Ardianto,DKI Jakarta
6fd10085,"Perkasa Putra, S.E.","Lecturer, higher education",PD Rahmawati Maryati Tbk,Sulawesi Tenggara
dc13c19a,Adinata Situmorang,"Lecturer, further education",CV Usada Nuraini,Lampung
8c617fa6,"Sutan Adikara Siregar, S.Pt",Paramedic,PD Tamba Tbk,Kalimantan Selatan
6ccf2a8c,"Ir. Jessica Prastuti, S.T.",Building control surveyor,CV Gunawan Maheswara,Jawa Barat
826bceb4,Balangga Waluyo,"Solicitor, Scotland",PD Dongoran,Sulawesi Barat
0331b193,Sari Salahudin,Clinical molecular geneticist,Perum Agustina Hardiansyah (Persero) Tbk,Jambi
06838bfd,Jarwi Marpaung,Writer,Perum Halim Laksita (Persero) Tbk,DI Yogyakarta
0ef2c8e2,Ir. Among Sirait,"Engineer, maintenance",Perum Saptono Wulandari Tbk,DKI Jakarta
66a20775,Alambana Kurniawan,"Biochemist, clinical",PD Widiastuti Saefullah,Bengkulu
1f4b54f0,"Ismail Winarsih, M.Ak","Engineer, energy",UD Suryatmi Widiastuti,Lampung
0045b0f8,"Drs. Prasetyo Safitri, S.I.Kom",Field trials officer,UD Pratiwi,Sumatera Barat
5d8a4533,Dt. Gantar Damanik,Product designer,PT Siregar Wijayanti,Sulawesi Tenggara
e45cd207,drg. Prayoga Sihombing,"Engineer, mining",UD Haryanti (Persero) Tbk,Bali
ac04d8ce,"Dr. Rina Nashiruddin, S.H.",Aeronautical engineer,Perum Nuraini (Persero) Tbk,Maluku Utara
3ac7e086,Dewi Maryadi,Private music teacher,PD Maheswara Putra Tbk,DI Yogyakarta
c01b13da,"Kiandra Nasyiah, S.Ked",Mechanical engineer,UD Puspasari Puspita Tbk,Maluku Utara
03b3be94,Novi Oktaviani,IT consultant,Perum Nurdiyanti (Persero) Tbk,DI Yogyakarta
b7067583,Drs. Dartono Wasita,Chartered loss adjuster,UD Hasanah Tbk,Bali
6563e94e,"Dinda Saefullah, M.Ak","Administrator, sports",PT Maryadi Yuniar,Kalimantan Barat
4d9e755c,Siti Yuliarti,Furniture designer,PD Wijayanti (Persero) Tbk,Lampung
9260c5be,Ihsan Namaga,"Engineer, structural",PT Napitupulu Rahayu,Nusa Tenggara Barat
12c75ea5,"dr. Elma Situmorang, M.Kom.",Chiropodist,UD Wijaya Tbk,Sulawesi Selatan
f44b6dc5,"Lutfan Hidayanto, S.Kom","Secretary, company",PD Kuswandari (Persero) Tbk,Papua
e73152f0,"drg. Diana Marpaung, S.Kom","Lecturer, further education",Perum Novitasari Suryono (Persero) Tbk,Aceh
03378c27,Amelia Pradana,Historic buildings inspector/conservation officer,PD Laksmiwati Setiawan (Persero) Tbk,Sumatera Utara
010f2b6c,Queen Suwarno,Manufacturing engineer,Perum Pratama (Persero) Tbk,Kalimantan Barat
92c537f2,"Padma Wahyuni, M.Ak",Manufacturing engineer,PT Hidayanto Hastuti Tbk,Papua
b70f80e0,"Winda Nuraini, S.Kom",Glass blower/designer,PD Saragih (Persero) Tbk,Sulawesi Barat
1284bce0,Salsabila Utami,"Conservation officer, historic buildings",Perum Hariyah,Aceh
cb6cf3de,Vivi Lailasari,Building surveyor,PD Maheswara (Persero) Tbk,Jawa Tengah
b6e8c94d,"Tgk. Bahuwirya Rahayu, S.Ked",Fisheries officer,Perum Januar,DI Yogyakarta
081ee839,"Kalim Wastuti, S.E.I","Engineer, broadcasting (operations)",Perum Mandala Tbk,Sumatera Utara
213f8f65,Bakti Hassanah,Tourist information centre manager,PT Mardhiyah (Persero) Tbk,Kalimantan Tengah
4c73ce4b,"Drs. Rachel Siregar, S.Kom",Theatre director,Perum Siregar Hardiansyah,Kalimantan Selatan
f676f7d0,Yunita Rahayu,"Social research officer, government",CV Halim Kuswandari,Kalimantan Tengah
3bbb5866,"Syahrini Saefullah, S.IP",Tourism officer,Perum Riyanti,Maluku
746a5484,Julia Puspita,Tax adviser,UD Sitompul,Kalimantan Barat
8d349ec8,"Irma Sitorus, S.Kom","Engineer, land",Perum Napitupulu,Sulawesi Barat
077d9137,T. Rangga Latupono,"Psychologist, counselling",PD Putra,Jawa Barat
a09440c9,Icha Iswahyudi,Financial planner,Perum Widodo,Maluku
9fd4391b,"Julia Siregar, S.Sos","Therapist, music",UD Kuswandari Tampubolon,Kalimantan Tengah
c7629d9d,"Wadi Purnawati, S.T.","Lighting technician, broadcasting/film/video",UD Salahudin,Gorontalo
5538f3e9,Prabawa Narpati,"Surveyor, commercial/residential",PD Halimah Usada Tbk,Sulawesi Tenggara
111960cb,"Tgk. Patricia Najmudin, M.M.",Equities trader,Perum Fujiati Tbk,Kalimantan Timur
75c93926,Fitriani Wibowo,Primary school teacher,Perum Anggraini Sitompul (Persero) Tbk,DKI Jakarta
de983abf,Jatmiko Hidayanto,"Surveyor, mining",CV Sudiati Tbk,DI Yogyakarta
d0dcb7f7,"Ir. Margana Andriani, M.Farm",Horticultural consultant,PT Halim Pratama Tbk,Aceh
7c45a0d8,Jamalia Novitasari,Camera operator,Perum Hakim Saragih Tbk,Bali
f7355678,Harimurti Setiawan,Media planner,Perum Nasyidah Wastuti,Gorontalo
e5d5d7fe,Purwa Damanik,"Engineer, civil (contracting)",UD Hutasoit,Jawa Barat
496eac2a,Drs. Tasnim Sihotang,Data scientist,CV Salahudin (Persero) Tbk,Bali
896e5b2d,"Tgk. Eva Mandala, S.Kom",Air broker,CV Palastri Winarsih,Kepulauan Bangka Belitung
2704b223,drg. Jumari Hartati,Nature conservation officer,UD Farida,Kalimantan Barat
f6947d4a,Laksana Winarsih,"Teacher, primary school",PT Maryati,Jawa Barat
42a79ad7,"Lidya Sirait, S.Pd",IT sales professional,PD Waluyo Mustofa,Gorontalo
934c4b9f,Hj. Kiandra Wibisono,Radiation protection practitioner,CV Utami,Jambi
a526bbd4,Patricia Budiman,"Engineer, materials",Perum Megantara Wibowo,Bengkulu
69e1fa84,Endra Latupono,"Scientist, research (medical)",PD Usamah Hidayanto,Bali
b2914537,Amelia Napitupulu,Sports therapist,PT Januar,Nusa Tenggara Timur
909e0872,Yunita Mangunsong,Sports therapist,Perum Irawan,Kalimantan Utara
bd213810,"Puti Ade Lailasari, S.Farm",Estate manager/land agent,CV Sitorus,Gorontalo
c73b27ab,dr. Jessica Novitasari,Building surveyor,UD Anggriawan,Sulawesi Tenggara
e3928a99,"dr. Ian Astuti, S.Ked",Hydrologist,CV Wijaya Zulkarnain (Persero) Tbk,Sulawesi Selatan
f645d47e,Galih Sinaga,Financial planner,Perum Mandala Kusmawati Tbk,Kalimantan Utara
1a480b6f,Kalim Hutapea,Homeopath,CV Setiawan Yuliarti Tbk,Papua Barat
d1202896,Nadine Nuraini,Chief Financial Officer,Perum Kurniawan Tbk,Papua
cc43eea4,"Hesti Saefullah, S.Sos",Travel agency manager,Perum Jailani (Persero) Tbk,Jambi
50830052,Tina Siregar,Geochemist,UD Lazuardi Maryati (Persero) Tbk,Kalimantan Utara
ba0f1380,Maimunah Sitompul,"Education officer, environmental",CV Utama Tbk,Nusa Tenggara Barat
04c020f4,Shania Maulana,Local government officer,PT Budiman Wulandari,Lampung
ff9f82ea,Bahuraksa Anggraini,Horticultural therapist,UD Firmansyah Napitupulu (Persero) Tbk,Maluku Utara
1aedebed,Dt. Sabar Prasetyo,Local government officer,PT Narpati Saefullah,Sumatera Utara
44eca114,Wani Hidayat,Mining engineer,PT Kusumo Hutasoit,Nusa Tenggara Timur
ee0fef1a,Jatmiko Lazuardi,Contractor,CV Hidayat,Jawa Tengah
2e1471ec,Adikara Maheswara,"Surveyor, hydrographic",PT Nainggolan Irawan,Lampung
ffa781d3,Siti Nugroho,Chemical engineer,PD Prastuti Irawan (Persero) Tbk,Jawa Tengah
11b400b6,Ganjaran Prasasta,Clothing/textile technologist,PT Kuswoyo Tbk,DI Yogyakarta
fc64d013,"Iriana Nasyiah, S.Sos",Tour manager,CV Permadi,Sumatera Barat
766d69a1,Bagus Simanjuntak,Product/process development scientist,Perum Haryanti (Persero) Tbk,Gorontalo
5fc9fcab,"dr. Rika Nuraini, S.Gz","Scientist, physiological",PT Budiman Suartini Tbk,Sulawesi Tengah
e15e18b2,Darman Kuswandari,Consulting civil engineer,PD Riyanti Tbk,Kepulauan Bangka Belitung
187b0580,"Hardana Sihombing, M.Kom.",Insurance risk surveyor,PD Saputra (Persero) Tbk,Jambi
f371a48d,Karta Gunawan,"Clinical scientist, histocompatibility and immunogenetics",UD Situmorang,Maluku
6e131fd9,KH. Narji Wibisono,Housing manager/officer,PD Mustofa Padmasari (Persero) Tbk,Gorontalo
55cbc0cd,Harsaya Siregar,Health and safety inspector,Perum Wijaya Pertiwi Tbk,Kepulauan Riau
fc684e79,R. Irsad Iswahyudi,Broadcast journalist,Perum Novitasari,Bengkulu
aadd690f,Tgk. Genta Simbolon,Art gallery manager,PT Saragih Marbun Tbk,Kalimantan Timur
68a019c0,Zaenab Fujiati,"Therapist, nutritional",PD Lazuardi,Sulawesi Selatan
e712c516,Ellis Pangestu,Chief Technology Officer,PT Firmansyah Maheswara Tbk,Nusa Tenggara Barat
ef20892c,"Maryadi Dabukke, S.IP",Jewellery designer,Perum Lailasari Tbk,Jawa Barat
45499841,Ajiono Mandala,Building services engineer,PD Kurniawan Tbk,Lampung
f5933a83,Tugiman Pudjiastuti,"Therapist, horticultural",UD Anggraini Puspita,Jawa Timur
0b618bb0,Vanya Handayani,Social researcher,UD Hariyah,Lampung
c2f4fcee,Catur Winarno,Chartered management accountant,UD Pangestu Siregar (Persero) Tbk,Aceh
1b618c59,"Cinta Mandasari, S.Gz",Chiropodist,Perum Manullang,Sumatera Utara
8a6be3b5,Warsita Winarsih,Ship broker,PD Nashiruddin Tbk,Bali
b79b3323,Prabowo Gunarto,"Pharmacist, hospital",Perum Rahmawati,Sulawesi Tengah
a7266523,Harjasa Zulkarnain,Commercial horticulturist,Perum Sitorus,Jawa Barat
e1ec37b2,Prabu Napitupulu,"Programmer, multimedia",PT Wacana Budiman,Nusa Tenggara Timur
ad59e249,"Jarwadi Fujiati, S.E.I",Electronics engineer,UD Mansur,Jawa Tengah
dc4f8f17,Jane Halim,"Designer, industrial/product",Perum Hutasoit,Nusa Tenggara Timur
0a3862b0,"Hj. Yulia Wahyuni, M.Kom.",Furniture designer,PD Pudjiastuti Megantara,Bengkulu
11d23582,Puti Sirait,Bookseller,PD Purnawati (Persero) Tbk,Kalimantan Selatan
80ad3c89,Nilam Rahayu,"Conservation officer, historic buildings",CV Setiawan Ardianto,Gorontalo
e52b4db8,Cahyadi Mulyani,"Scientist, physiological",Perum Hakim Sihombing,Bengkulu
eb612156,drg. Almira Narpati,"Programme researcher, broadcasting/film/video",PD Najmudin,Aceh
6c2a5823,"Fitria Purwanti, S.Pd",Warden/ranger,PT Prayoga,Kalimantan Tengah
706a1fa8,Citra Prasetyo,Clinical biochemist,UD Mangunsong Pertiwi,Sumatera Barat
4185fd06,"Dr. Ajimat Prastuti, S.H.","Journalist, broadcasting",UD Haryanti,Bali
40d2a4d1,Novi Hutagalung,Tour manager,Perum Widiastuti Tbk,Nusa Tenggara Timur
a44d4efb,Kasiyah Hakim,Manufacturing engineer,PD Lestari,Kalimantan Barat
871df238,"Jail Puspasari, M.Pd",Art therapist,CV Napitupulu Nuraini,Kalimantan Utara
8b7214c8,dr. Ega Palastri,Chiropodist,Perum Sihombing,Aceh
b4958c6d,"Dina Kusmawati, S.E.I",Press photographer,Perum Hasanah Puspita,Sulawesi Tenggara
f138db84,Wulan Agustina,Legal executive,CV Budiyanto,Kalimantan Utara
d0d310b2,Umi Nasyidah,Occupational hygienist,PD Situmorang Napitupulu,Riau
5f6e1541,"Banawi Sihombing, M.M.",Agricultural engineer,UD Mansur Dongoran Tbk,Jawa Timur
76f183de,Elvina Pertiwi,Information systems manager,PT Puspasari Tbk,Papua Barat
248c2110,Ella Manullang,Probation officer,PT Yulianti Tbk,Sulawesi Selatan
e423f3df,Banawi Nababan,Commercial art gallery manager,PT Pranowo,Bali
1c45feda,Cinthia Mulyani,Building services engineer,PT Nasyiah Maulana,Sumatera Selatan
db693ccb,Zaenab Mulyani,Clinical cytogeneticist,CV Hidayanto Waluyo,Sumatera Barat
479be273,Gandi Wahyudin,Clinical molecular geneticist,CV Nugroho Situmorang,Sulawesi Selatan
a3ab48d3,Ani Uwais,"Presenter, broadcasting",PD Winarno (Persero) Tbk,Gorontalo
d7dcf455,Kartika Suryono,Geophysical data processor,Perum Mandala Prasasta,Sulawesi Barat
74aa7695,"Makara Melani, S.Farm","Scientist, biomedical",PT Iswahyudi Hartati Tbk,Jawa Barat
8e1cf03b,KH. Emong Waskita,"Nurse, learning disability",UD Nasyiah Pudjiastuti,Kepulauan Bangka Belitung
0d0959d2,Rafi Wasita,"Administrator, Civil Service",Perum Wijaya,Sulawesi Utara
adfdae61,"Asmianto Sitorus, S.Ked",Human resources officer,PT Samosir Wibisono (Persero) Tbk,Sumatera Selatan
a9e3b37e,Drs. Jaga Waskita,Ecologist,CV Hakim Pradipta,Sulawesi Selatan
572d41c1,Tgk. Ivan Uwais,"Psychologist, sport and exercise",UD Melani (Persero) Tbk,Kalimantan Timur
fab1d57f,Dinda Halimah,Medical physicist,PT Sinaga,Aceh
4afb8768,"Natalia Winarsih, S.Kom",Science writer,UD Wastuti,Sumatera Selatan
8b6d7c35,"Ir. Karimah Riyanti, S.Sos",Fitness centre manager,Perum Suwarno,Sumatera Utara
4a4afb5e,R. Ulya Pertiwi,"Librarian, public",CV Laksita Tbk,Kalimantan Utara
71f9f044,Gasti Maryati,Lawyer,CV Nababan,Kalimantan Tengah
896aca7a,Titin Pangestu,Diplomatic Services operational officer,CV Nurdiyanti Tbk,Jawa Tengah
436421f5,Sakti Waluyo,Commercial art gallery manager,CV Tarihoran (Persero) Tbk,Kepulauan Bangka Belitung
88cf6b1f,Dr. Elma Saputra,Occupational hygienist,Perum Zulaika Sihombing Tbk,Kepulauan Bangka Belitung
941b8610,Hj. Betania Wahyuni,Agricultural engineer,UD Nurdiyanti Budiyanto Tbk,Sumatera Utara
01e91c50,T. Lembah Hutagalung,"Production assistant, television",CV Zulkarnain Santoso Tbk,Sulawesi Barat
357491f3,"dr. Safina Nasyiah, M.Farm",Trade union research officer,UD Kuswoyo (Persero) Tbk,Kalimantan Utara
90a0f956,"Drs. Sarah Hakim, S.Gz",Software engineer,CV Wastuti Maheswara Tbk,Bali
7734e548,"Sabri Permata, M.Pd","Journalist, magazine",UD Damanik Wijayanti Tbk,DKI Jakarta
76b4c873,"Mila Mandala, S.IP",Trade mark attorney,PT Handayani Putra (Persero) Tbk,Riau
a5de50bd,Shakila Sitorus,"Engineer, manufacturing systems",PD Zulkarnain Tbk,Lampung
1283d694,Yulia Agustina,Medical secretary,PD Pradipta,Sulawesi Barat
e63c953a,Okta Nababan,Building control surveyor,Perum Thamrin Irawan,Sulawesi Tenggara
3484cb61,Pangeran Uwais,Solicitor,PT Pertiwi Marpaung Tbk,Nusa Tenggara Timur
4c16d4c9,"R.A. Clara Widodo, S.E.I",Site engineer,PD Siregar Riyanti (Persero) Tbk,Sumatera Selatan
ebcd4734,"Ega Situmorang, S.Ked","Designer, multimedia",PD Mulyani (Persero) Tbk,Nusa Tenggara Barat
8a170f3e,"Cut Salsabila Zulkarnain, S.Gz",Furniture conservator/restorer,UD Prastuti Tbk,Aceh
f4185ec2,Putu Maryati,Financial planner,UD Sihombing Rajata (Persero) Tbk,Kalimantan Selatan
052a043e,Ilyas Rajata,Charity officer,PT Sirait Mustofa (Persero) Tbk,Jawa Barat
d6df9279,Sarah Agustina,Hotel manager,Perum Pudjiastuti (Persero) Tbk,DI Yogyakarta
4169fb10,Zulfa Nababan,"Engineer, technical sales",Perum Safitri,Bali
7f714b35,T. Eman Nababan,Outdoor activities/education manager,PD Wacana Saptono Tbk,Kalimantan Timur
93ac9998,drg. Suci Nainggolan,Special effects artist,PT Dabukke,Aceh
b6094a2b,Ajiman Lestari,Nature conservation officer,CV Wahyudin Sihombing (Persero) Tbk,Sumatera Selatan
aaead7bf,"Ina Pranowo, S.Psi","Lighting technician, broadcasting/film/video",UD Tarihoran,Sumatera Utara
bc502073,Endah Hariyah,"Pharmacist, community",PT Puspita Prakasa,Banten
eeb2ece7,Rika Puspasari,Air traffic controller,Perum Rahimah (Persero) Tbk,Kepulauan Bangka Belitung
5076e6b5,Violet Nasyiah,Community pharmacist,CV Melani Halim (Persero) Tbk,DKI Jakarta
b4f3430d,Ami Widodo,Product/process development scientist,PD Sihombing Napitupulu,Sulawesi Selatan
688afea5,R. Nadia Pradana,"Designer, textile",PD Widiastuti (Persero) Tbk,Sulawesi Tengah
213f1350,Drs. Widya Habibi,Dentist,Perum Saefullah Kusmawati Tbk,DI Yogyakarta
c6f7ff01,"dr. Sarah Utami, M.M.",Social researcher,UD Utama Tbk,Sulawesi Tenggara
f501b04a,Dr. Zelda Purwanti,Purchasing manager,PD Widodo Permadi,Jawa Tengah
bc1c4de7,Galang Maryadi,"Geologist, engineering",Perum Yuliarti (Persero) Tbk,DI Yogyakarta
2eebf1c9,Bagya Pratama,Education administrator,UD Yuliarti (Persero) Tbk,Maluku Utara
14c824f0,Dt. Rafid Pradana,Television/film/video producer,PT Tampubolon Melani,Nusa Tenggara Timur
bf1a3aff,Karen Firgantoro,Water quality scientist,PT Januar Mansur,Maluku
628d0469,Ajeng Hardiansyah,Pharmacologist,CV Rahimah,Aceh
e0703255,"Tgk. Galuh Budiyanto, S.Pd","Engineer, electrical",Perum Jailani Maryati (Persero) Tbk,Lampung
a96b28fb,Wardi Kusmawati,Media planner,Perum Handayani Tbk,Bengkulu
06ef4ff2,Hj. Ilsa Hasanah,Cytogeneticist,Perum Prastuti,Jawa Tengah
f51e3724,Jaya Namaga,Politician's assistant,PT Wacana Tbk,Bali
c0b40f4c,Cengkal Tarihoran,"Conservation officer, historic buildings",Perum Habibi,Sumatera Utara
622ed8f6,"Clara Anggraini, S.IP",Event organiser,CV Hutagalung (Persero) Tbk,Jawa Barat
36318b1f,Ismail Kuswoyo,"Teacher, English as a foreign language",Perum Sihotang,Sulawesi Barat
61d2397b,"H. Garda Pudjiastuti, S.Pt",Quality manager,CV Anggraini Suwarno (Persero) Tbk,Sulawesi Selatan
85acb31c,Tedi Simbolon,"Programmer, systems",UD Prasetyo,Nusa Tenggara Timur
3894d6ee,Dr. Putri Kuswandari,Dancer,UD Puspita Purnawati (Persero) Tbk,Riau
7393d7a2,"Tgk. Ikhsan Wahyudin, M.TI.",Historic buildings inspector/conservation officer,PT Fujiati Prasasta,Kalimantan Barat
03e3ed6e,Diah Saragih,Public librarian,PT Lailasari,Kepulauan Riau
ef7e2172,Clara Puspita,Horticultural consultant,PT Pudjiastuti Nuraini,Jawa Barat
70039813,Titin Thamrin,Maintenance engineer,Perum Padmasari Tbk,Sumatera Selatan
cbe4bba0,Najwa Puspasari,Airline pilot,PD Melani Kuswoyo,DKI Jakarta
55fa954a,Cindy Winarno,Geographical information systems officer,PD Laksmiwati Narpati (Persero) Tbk,Jawa Timur
1d747c74,Martaka Nainggolan,"Development worker, community",Perum Wahyuni Tbk,Jawa Timur
e55a84aa,Nurul Farida,Land/geomatics surveyor,CV Pratama Tampubolon (Persero) Tbk,Nusa Tenggara Timur
16cb91b2,Wulan Wijaya,Research scientist (physical sciences),PD Narpati Mansur,Kalimantan Selatan
effe81b5,"Ajimin Nasyidah, S.Pt",Clinical cytogeneticist,Perum Suryatmi (Persero) Tbk,Sumatera Selatan
3d1b7bd9,"Julia Hakim, S.Pt",Graphic designer,UD Wibisono Hutapea,Maluku Utara
0932c31a,Anastasia Fujiati,Geochemist,PD Salahudin Hutasoit,Jawa Timur
161925bf,"Anastasia Marbun, S.Farm",Historic buildings inspector/conservation officer,PD Mangunsong,Nusa Tenggara Barat
960924b9,"Ir. Ratna Pradipta, S.Psi","Civil engineer, contracting",CV Hasanah Wasita Tbk,DI Yogyakarta
edeeccd9,Prabawa Mangunsong,"Investment banker, corporate",Perum Utami Tbk,Lampung
e65fc7bb,"Gatra Sitompul, S.Pt",Consulting civil engineer,CV Widodo,DI Yogyakarta
acc3c1f6,Yuliana Siregar,Tax inspector,CV Budiyanto,Gorontalo
6b9a9c11,Carub Yuniar,Science writer,PT Pradipta Nababan (Persero) Tbk,Sulawesi Tenggara
cce712e6,Umar Kuswandari,Patent attorney,Perum Hutapea,Bali
7c05e481,Ellis Mansur,Musician,PD Simbolon Melani Tbk,Riau
4d35842d,dr. Gilda Wastuti,Pensions consultant,UD Prasetya,Kalimantan Tengah
31f432ba,Padma Nababan,Chiropodist,PD Mandasari,Kepulauan Bangka Belitung
7a2ed115,R.A. Jessica Dongoran,"Geologist, engineering",CV Sihombing,Maluku
75421192,Mulyanto Nurdiyanti,"Engineer, civil (contracting)",PT Maheswara Purnawati Tbk,DI Yogyakarta
0db1bece,Maria Wulandari,"Surveyor, land/geomatics",PD Sitorus Winarno (Persero) Tbk,Aceh
bfe1b19b,Karsa Situmorang,Archaeologist,UD Rahimah Wibowo (Persero) Tbk,Aceh
a44396d9,Umi Yolanda,Plant breeder/geneticist,UD Suwarno Oktaviani (Persero) Tbk,Kalimantan Barat
11af154f,R.A. Sari Haryanti,Advertising account planner,Perum Putra Setiawan,Jawa Barat
a6861233,Tiara Usada,Midwife,UD Prasetya Simbolon,Sumatera Utara
6e491a5e,"Intan Prasetyo, S.Psi","Loss adjuster, chartered",PT Palastri,Sulawesi Selatan
4011585f,Elon Putra,"Radiographer, therapeutic",PD Prabowo Tbk,Gorontalo
7e326a72,Cakrawangsa Irawan,Theatre manager,PD Suryono Ardianto Tbk,Sumatera Selatan
24e39015,"KH. Pardi Wibisono, S.E.",Tree surgeon,UD Wibisono (Persero) Tbk,Nusa Tenggara Timur
a05d9d71,Mulyanto Sihombing,Bonds trader,UD Tamba Hutagalung,Kalimantan Timur
852949d9,Lasmanto Widodo,Comptroller,PD Astuti Tbk,Nusa Tenggara Barat
7585ae49,"H. Lukita Rahimah, S.H.",Network engineer,PD Nasyidah Tbk,Kalimantan Timur
df839908,Jamil Farida,Politician's assistant,Perum Saefullah Prasetya Tbk,Sulawesi Barat
2834571e,"Patricia Andriani, S.Ked",Equities trader,PD Widiastuti Pradipta Tbk,Kalimantan Timur
4b094bab,"Hj. Salimah Sitompul, S.T.","Designer, textile",Perum Pratama,Kalimantan Tengah
358d1dbd,Nurul Mustofa,Metallurgist,CV Winarsih Tbk,Bengkulu
72dde8fd,Yuni Nababan,Dealer,PD Wacana (Persero) Tbk,Kepulauan Bangka Belitung
963598c3,Mutia Novitasari,Sports therapist,Perum Mulyani Mansur,Kepulauan Riau
3fab04c9,Balamantri Melani,Television camera operator,Perum Hidayanto Uyainah (Persero) Tbk,Jawa Tengah
3f06d46f,Aditya Mardhiyah,"Scientist, product/process development",UD Padmasari (Persero) Tbk,Kalimantan Barat
e112c406,Tgk. Damar Rajasa,"Designer, multimedia",CV Yolanda Wijayanti (Persero) Tbk,Sumatera Barat
767f2c86,"Gambira Nainggolan, S.Ked",Estate manager/land agent,PD Jailani,Sulawesi Selatan
7ae49e97,"Prasetyo Fujiati, S.Gz","Designer, television/film set",CV Januar Marbun,Kalimantan Selatan
bd924f7e,Lembah Mahendra,Airline pilot,UD Sirait,Kalimantan Selatan
4a72b3f6,Hasan Napitupulu,Architectural technologist,PT Yuniar Mangunsong Tbk,Sumatera Selatan
9461b8af,Opan Anggriawan,"Producer, television/film/video",CV Sitompul Napitupulu (Persero) Tbk,Sumatera Selatan
272ed8bc,Jamal Puspita,Regulatory affairs officer,Perum Pradana,Lampung
9d846db6,"Ir. Eja Kurniawan, M.Pd",Horticultural therapist,PD Santoso Winarsih (Persero) Tbk,Maluku Utara
c29a53db,Sadina Iswahyudi,"Journalist, newspaper",UD Mardhiyah Mahendra,Gorontalo
661d8d33,Sarah Wulandari,Forest/woodland manager,PD Natsir Hassanah (Persero) Tbk,Banten
564171e5,"Ir. Vanya Mulyani, S.Pt","Engineer, manufacturing",Perum Ardianto Wibowo,Sulawesi Tenggara
b943590e,Ayu Gunarto,Public affairs consultant,PT Uyainah Purwanti,Nusa Tenggara Timur
92d07288,R. Kambali Haryanti,Administrator,CV Wijaya Tampubolon Tbk,Kalimantan Utara
13272e59,Karsana Gunarto,Telecommunications researcher,UD Latupono Sitorus Tbk,Bali
524aed9b,"Martana Aryani, M.Farm","Engineer, agricultural",PD Zulaika Waskita (Persero) Tbk,Kalimantan Selatan
1cc76188,Bakianto Saputra,Housing manager/officer,PT Situmorang Tbk,Kalimantan Utara
26d62b0a,Juli Pertiwi,Historic buildings inspector/conservation officer,UD Thamrin Yuliarti,Lampung
00a689d3,"Adiarja Hidayat, S.IP",English as a foreign language teacher,CV Prabowo Maryadi,Sulawesi Tengah
0e1e9160,Gilda Pradipta,Investment analyst,PD Mustofa,Aceh
8baa465e,"Cut Carla Hartati, S.Pd","Pilot, airline",PD Wahyudin Rajasa,DKI Jakarta
e770d9cb,Latif Nashiruddin,Risk manager,Perum Pratama Wastuti,Banten
fe733f33,Paulin Yulianti,Tourist information centre manager,UD Prayoga,Kalimantan Barat
8ee75f5a,"Wadi Wibowo, S.E.",Product/process development scientist,UD Hidayat,Papua
fc4055bc,Harimurti Marbun,"Conservator, museum/gallery",Perum Siregar Rajata,Bali
6dbb1561,"Juli Hariyah, S.IP","Designer, blown glass/stained glass",UD Mansur Wijayanti (Persero) Tbk,Jambi
9c719e10,"Ir. Yunita Rahimah, S.E.",Agricultural consultant,UD Prastuti Habibi Tbk,Kepulauan Riau
5b348588,"dr. Okta Halim, S.Pt",Telecommunications researcher,Perum Prayoga Kuswandari (Persero) Tbk,Kalimantan Tengah
7dcc867f,"Ira Winarno, S.Sos",Patent examiner,Perum Rahmawati Megantara,Sumatera Selatan
66648ed8,Heru Mangunsong,Naval architect,Perum Rajasa,Sumatera Barat
681b3bbc,Dimas Maulana,Environmental health practitioner,PT Santoso Suryono,Kalimantan Utara
99bc134f,"Dalima Prayoga, M.Kom.",Estate manager/land agent,CV Mustofa Hartati,Papua Barat
2a2b200b,"Margana Purnawati, S.Sos",Armed forces technical officer,UD Prabowo Nashiruddin,Kalimantan Barat
eea0e587,Zizi Adriansyah,"Development worker, community",Perum Zulaika Najmudin,Sumatera Utara
05eb0d5d,Kemal Saptono,"Surveyor, building control",Perum Waskita Tbk,Bengkulu
4e77617d,"Vega Rahimah, S.T.","Biochemist, clinical",Perum Prakasa Tbk,Kepulauan Riau
a16e8264,Daru Najmudin,Forest/woodland manager,PD Wahyudin Tbk,Nusa Tenggara Barat
08afacff,Prayogo Jailani,Chief of Staff,CV Budiman Tbk,Papua
82494d5d,Karna Prabowo,"Surveyor, planning and development",PD Uwais Prasetya,Papua Barat
26217d62,"Puti Oni Thamrin, M.TI.",Dietitian,PD Thamrin Hutagalung Tbk,Sulawesi Tengah
fdedd448,Rahman Habibi,Records manager,Perum Anggriawan Narpati,Nusa Tenggara Timur
32086da8,Kasim Pratiwi,"Teacher, special educational needs",Perum Nashiruddin,Lampung
243b2909,Kania Pranowo,Meteorologist,Perum Yolanda,Sulawesi Utara
d90b66af,"Tgk. Tania Latupono, S.IP",Government social research officer,PD Adriansyah Saputra Tbk,Banten
a473eb3e,Raina Budiyanto,"Conservator, furniture",CV Handayani Lailasari,Nusa Tenggara Timur
d385787b,Fitria Usada,Colour technologist,Perum Santoso Saptono Tbk,Sumatera Barat
04291fb4,Yahya Kurniawan,Estate agent,CV Andriani Tbk,Kepulauan Riau
3bba8e4a,Sutan Kemal Winarsih,Tourism officer,CV Winarno Usamah,Jawa Tengah
a4b4cb56,"Ismail Aryani, M.M.",Chartered accountant,Perum Suwarno Tbk,Bali
272d1090,Eko Lailasari,Theatre manager,PD Prabowo Situmorang,Gorontalo
e1073ac0,Cengkir Mandasari,Armed forces logistics/support/administrative officer,PT Pradana Saefullah (Persero) Tbk,Kalimantan Selatan
4c617d29,Sarah Hutapea,Dentist,CV Mangunsong Hidayat,Sulawesi Utara
7b0852c5,Almira Pratiwi,"Embryologist, clinical",CV Rahmawati,Bengkulu
6dc015ae,Syahrini Tampubolon,"Scientist, research (maths)",PD Sirait,DKI Jakarta
e2f6d308,"Dt. Xanana Novitasari, S.Pd","Engineer, land",Perum Susanti,Sulawesi Selatan
a611badb,Yahya Mahendra,Public relations officer,CV Melani Waskita Tbk,Sulawesi Utara
3d684ad8,Sutan Rosman Hassanah,Music therapist,PD Kuswoyo Nababan,Kepulauan Riau
3cdf90ed,Aswani Handayani,English as a second language teacher,Perum Rahimah Pranowo Tbk,DKI Jakarta
f394dcb1,Jessica Kurniawan,Landscape architect,PT Ardianto Ardianto (Persero) Tbk,Aceh
3d54c58c,Ellis Handayani,Agricultural consultant,Perum Prasetya Situmorang Tbk,Papua Barat
de43c286,R.M. Hadi Haryanti,Herpetologist,PD Napitupulu (Persero) Tbk,Banten
cac9256d,Sutan Vino Wibowo,"Teacher, early years/pre",PT Uyainah,Jawa Timur
2f2afeb2,"Vero Uyainah, S.Sos",Fitness centre manager,CV Megantara Hakim (Persero) Tbk,Sulawesi Utara
adadc33a,Tari Winarno,"Clinical scientist, histocompatibility and immunogenetics",Perum Sitompul,Banten
1098d481,Rini Situmorang,Drilling engineer,Perum Hidayat,Kalimantan Barat
90881581,Keisha Tarihoran,Information officer,UD Mangunsong Haryanti,Papua
945e5755,"drg. Kiandra Usada, S.E.",Horticultural consultant,Perum Sirait Wijaya,Kepulauan Riau
58a08e15,Galuh Maryadi,Higher education careers adviser,UD Nainggolan (Persero) Tbk,Banten
67782474,"R.A. Wirda Yolanda, S.Ked",Learning disability nurse,UD Wijaya (Persero) Tbk,Sulawesi Selatan
e50c1fad,Tami Prakasa,Production manager,Perum Hassanah,Bali
9da5f754,Almira Suryatmi,Outdoor activities/education manager,UD Permadi,Bengkulu
ca283fc3,Eluh Setiawan,"Buyer, industrial",UD Hasanah,Bengkulu
1cfb2af7,Eman Rahimah,Research scientist (maths),CV Salahudin (Persero) Tbk,Nusa Tenggara Timur
b2e6e813,Maria Sirait,Science writer,PD Lestari Pradana (Persero) Tbk,Kepulauan Riau
979ddbd7,"Capa Habibi, S.Psi",Curator,PD Yuliarti Hutagalung (Persero) Tbk,Sulawesi Tenggara
8d783b03,"Hj. Zizi Suryono, S.H.",Primary school teacher,Perum Maulana Siregar Tbk,Maluku
baf9f636,"Zelda Prasetya, M.Kom.",Dealer,CV Pudjiastuti,Aceh
5b458653,Tania Utama,Occupational therapist,Perum Nuraini Tbk,Kalimantan Barat
83a9ff54,"Nadine Padmasari, M.Kom.",Careers information officer,PD Susanti,Riau
86de03f8,Koko Zulaika,Print production planner,CV Maryadi Tbk,Bali
55b0c9a2,Rendy Hastuti,"Lecturer, higher education",UD Hassanah (Persero) Tbk,Jawa Barat
652b66df,Vanesa Mangunsong,"Engineer, civil (consulting)",Perum Samosir Tbk,DI Yogyakarta
0af6a1dd,"drg. Kardi Dongoran, S.IP","Sales professional, IT",PT Maheswara Hutasoit,Bengkulu
bade07a1,Wirda Nasyidah,Merchant navy officer,Perum Wijayanti Anggraini,DKI Jakarta
dc894fb7,"R.A. Michelle Irawan, M.TI.",Tax adviser,PD Laksmiwati Prayoga,Aceh
f68470a9,Vero Maryati,Emergency planning/management officer,Perum Hassanah Winarno (Persero) Tbk,Jawa Tengah
46e9eae3,Zalindra Winarno,Physiotherapist,PD Aryani,Aceh
de186084,"dr. Nova Dabukke, M.TI.",Radio broadcast assistant,UD Nashiruddin Latupono (Persero) Tbk,Papua
cd524fbd,Nugraha Pranowo,Banker,CV Permadi Wulandari,Kepulauan Riau
09242564,Widya Iswahyudi,Patent attorney,Perum Pertiwi,Kepulauan Riau
60649eef,Rendy Wastuti,"Journalist, magazine",Perum Nurdiyanti Haryanto Tbk,Kepulauan Riau
15883d38,Hafshah Haryanto,"Psychotherapist, child",Perum Wibowo Tbk,Sumatera Selatan
bb60dd16,Amalia Uwais,Meteorologist,PD Simbolon Puspasari,Nusa Tenggara Barat
ff81de51,"Suci Saragih, S.H.","Teacher, secondary school",UD Pratiwi,Sulawesi Tengah
73e9daa4,"Cawuk Samosir, S.Psi","Psychologist, sport and exercise",UD Saptono Purnawati,Aceh
c1a99e77,drg. Tiara Prastuti,"Scientist, audiological",PD Hasanah Suryatmi Tbk,Sulawesi Tengah
1812943c,Ir. Kamaria Yuliarti,"Therapist, occupational",Perum Yulianti Prasetyo (Persero) Tbk,Gorontalo
598c6169,Darman Saefullah,"Engineer, water",Perum Ramadan Wahyuni,Sumatera Utara
c4edf9f9,Dt. Rafid Jailani,Chief Marketing Officer,PT Palastri Novitasari,Papua Barat
38e91df5,"Ana Maryadi, M.TI.",Arts administrator,UD Handayani (Persero) Tbk,DI Yogyakarta
cf5545fb,"R. Lamar Putra, S.T.",Marine scientist,PD Maheswara Tbk,Papua
0ed623c8,Heryanto Astuti,Historic buildings inspector/conservation officer,CV Zulkarnain Nasyiah,Kalimantan Timur
0fb638c1,drg. Alika Wibisono,Freight forwarder,CV Siregar Wibowo,Papua
dc45671e,"Martani Haryanti, S.Farm",Broadcast journalist,PT Pangestu Ramadan,Riau
c6e739fb,"Salman Saptono, S.H.","Teacher, adult education",Perum Maryadi Thamrin,Bali
4c28028c,R. Cemani Saefullah,Mechanical engineer,CV Siregar (Persero) Tbk,Sulawesi Tenggara
f391f1da,Kamaria Prasasta,Speech and language therapist,UD Fujiati Susanti Tbk,Kepulauan Bangka Belitung
db62f4c6,Tgk. Oliva Lestari,Interpreter,UD Agustina,DI Yogyakarta
71e92826,"dr. Tira Saefullah, S.Farm",TEFL teacher,PT Rajata,Kepulauan Bangka Belitung
4196c156,"R. Syahrini Waluyo, M.M.",Lawyer,UD Najmudin (Persero) Tbk,Kepulauan Bangka Belitung
c96f3ecd,Enteng Wahyudin,Hydrographic surveyor,PT Prasetya Kurniawan Tbk,Nusa Tenggara Barat
53a84bbf,Lintang Prakasa,Quarry manager,PT Permadi Tbk,Kepulauan Riau
4533830b,Humaira Lestari,Games developer,UD Najmudin Widiastuti Tbk,Nusa Tenggara Barat
81de3762,Kasim Setiawan,Clinical embryologist,PD Halim Natsir Tbk,Sumatera Selatan
090d05f5,Ayu Habibi,Arts administrator,UD Tampubolon (Persero) Tbk,Nusa Tenggara Barat
958d5768,"Ir. Uli Wastuti, M.M.",Sports coach,PD Saragih (Persero) Tbk,Papua
94409f48,Cagak Budiyanto,Bonds trader,CV Wijayanti Damanik,Papua Barat
6727fb83,Kania Wibowo,Intelligence analyst,UD Simanjuntak Widodo,Sulawesi Selatan
778388f1,Luis Kurniawan,Firefighter,UD Mangunsong,DKI Jakarta
2ba59114,R.M. Darijan Maulana,Neurosurgeon,PD Waluyo Aryani (Persero) Tbk,Sulawesi Selatan
cf306db8,"Cut Yance Uwais, S.Ked",Licensed conveyancer,PT Rahayu (Persero) Tbk,Riau
73394a1a,Saiful Sinaga,Physiological scientist,PD Rajasa Mahendra,Kalimantan Barat
dbe89736,Gangsar Setiawan,Air broker,UD Usamah Dongoran (Persero) Tbk,Sumatera Barat
5cb35aeb,Hj. Halima Dabukke,"Scientist, research (life sciences)",CV Samosir,Sulawesi Selatan
509e116d,Drs. Jasmani Simbolon,Sub,Perum Andriani Halim,Kepulauan Bangka Belitung
47137b91,"Cornelia Riyanti, S.I.Kom",Textile designer,UD Wacana Uyainah,Sumatera Selatan
ae2a67b8,Putri Agustina,Games developer,PD Haryanto (Persero) Tbk,Sulawesi Barat
b5aa4cf2,Ulya Sudiati,"Programme researcher, broadcasting/film/video",UD Fujiati,Kalimantan Timur
b1ad4f63,Queen Sihombing,Ophthalmologist,PT Marbun,Sumatera Utara
c1796b68,Rudi Andriani,Control and instrumentation engineer,PT Wahyudin (Persero) Tbk,Papua Barat
5b1d342c,"Agnes Wahyuni, M.TI.",Visual merchandiser,UD Agustina (Persero) Tbk,Sulawesi Utara
d9a75198,Winda Hutapea,Farm manager,UD Wastuti Tbk,Sulawesi Utara
32539775,Dian Saragih,Tax inspector,PT Anggraini Prakasa,Jawa Tengah
cfd9a5de,"Caturangga Dabukke, M.Kom.","Designer, exhibition/display",Perum Megantara Hutapea,Gorontalo
ad99efe3,Yuliana Mandala,Microbiologist,CV Pratiwi Melani,Maluku Utara
efb4b7df,Karman Nasyidah,Mining engineer,Perum Wahyudin Hastuti (Persero) Tbk,Kepulauan Bangka Belitung
ff0a615e,"Sutan Budi Siregar, S.E.I",Magazine features editor,PD Yuniar Anggraini (Persero) Tbk,Sulawesi Selatan
70c7bdd4,Samiah Hartati,"Engineer, building services",Perum Nuraini Waskita,Banten
ae751b8d,Tgk. Ilsa Budiman,Charity fundraiser,PD Pradipta (Persero) Tbk,DI Yogyakarta
1bf06429,"Vicky Permadi, S.I.Kom","Engineer, electronics",CV Maryati (Persero) Tbk,Sumatera Selatan
d6ab6eef,"Cut Lalita Pradipta, S.Gz",Proofreader,PT Permadi Saputra Tbk,Sumatera Barat
be0c62b0,"Kamidin Mustofa, S.Pd",Equality and diversity officer,Perum Pratama,Sulawesi Tenggara
3cc9c351,R.M. Bagus Wasita,"Merchandiser, retail",CV Permata Tbk,Sulawesi Tenggara
f912e476,Gading Tarihoran,"Scientist, water quality",UD Pratiwi Uyainah,Papua Barat
8714ab29,Devi Uyainah,Merchant navy officer,PT Laksita (Persero) Tbk,Kepulauan Bangka Belitung
a40acb09,"Puti Julia Padmasari, S.E.","Production assistant, television",PT Riyanti Tbk,Sumatera Selatan
86191f93,Natalia Zulkarnain,Meteorologist,UD Hardiansyah,Sulawesi Tengah
91ea93b3,Wani Firgantoro,"Designer, textile",PD Prasetya,Kalimantan Tengah
56f03297,Dwi Pranowo,Media planner,PD Hutagalung Wibisono,Gorontalo
81229b23,Ikin Yolanda,Charity officer,PT Oktaviani Nababan (Persero) Tbk,Bengkulu
d61bec2c,"Drs. Shania Tamba, M.Pd",Economist,UD Pertiwi,Sulawesi Utara
dd4aabab,Restu Sinaga,"Engineer, technical sales",UD Wacana Susanti (Persero) Tbk,Kepulauan Riau
909be391,Raina Jailani,Corporate investment banker,PT Laksmiwati Tbk,Maluku Utara
00c1c389,"Belinda Sihotang, S.H.",Science writer,PT Pangestu Wastuti Tbk,Sulawesi Tenggara
7150c614,"Hari Yolanda, M.Pd",Science writer,PT Hidayanto Tbk,Kalimantan Selatan
213f31a2,Carla Firmansyah,Health service manager,CV Uyainah Suwarno (Persero) Tbk,Kalimantan Tengah
e8caa257,Dt. Dimas Pudjiastuti,Merchant navy officer,PT Mayasari (Persero) Tbk,Riau
ceb73446,Devi Kurniawan,"Psychologist, prison and probation services",CV Pratama Tbk,Bali
4650da16,drg. Carub Napitupulu,Music tutor,UD Puspasari Lazuardi Tbk,Kalimantan Barat
3e18438a,Icha Usamah,Medical technical officer,CV Setiawan,Jawa Barat
e54f0480,"Ina Lailasari, S.IP","Buyer, industrial",UD Nugroho (Persero) Tbk,Maluku
ed4bc28d,Indah Halimah,Hydrologist,PT Salahudin,Papua
9e53fd03,"Gangsa Mardhiyah, M.Pd",Careers information officer,Perum Suryatmi,Jawa Tengah
f5c9b663,Ami Andriani,Immunologist,Perum Saefullah Utama Tbk,Jawa Tengah
26e6b49c,R.A. Kani Usamah,Youth worker,PD Siregar Pratama (Persero) Tbk,Maluku
d5fb48e3,Mahdi Wijaya,Multimedia specialist,PT Natsir Sihombing,Kalimantan Timur
9f9f0abb,"Dina Putra, S.E.I",Illustrator,CV Lazuardi,Banten
fe0dd153,Lulut Yuniar,Graphic designer,CV Damanik (Persero) Tbk,Kalimantan Tengah
7c7cb579,Ozy Napitupulu,"Accountant, chartered",Perum Dabukke (Persero) Tbk,Maluku
e5d40928,Citra Puspasari,Statistician,PD Farida (Persero) Tbk,Jambi
c418d9fc,"Sutan Ega Irawan, S.Kom",International aid/development worker,UD Nugroho Tbk,DKI Jakarta
d4ba2cca,"Tgk. Lutfan Siregar, M.Farm",Planning and development surveyor,Perum Latupono Halim,Aceh
1d3a0763,Wisnu Aryani,Human resources officer,PD Yolanda Samosir,Lampung
4031e1bc,"Opung Purnawati, S.E.",Barista,Perum Halimah,Sulawesi Tenggara
204fce15,"Icha Maryati, M.TI.",Printmaker,Perum Mayasari,Sumatera Utara
a3238b1a,Nasab Rajata,Environmental education officer,UD Pranowo Maryadi Tbk,Lampung
930f4aba,"R. Kiandra Wasita, M.Pd","Chemist, analytical",CV Gunawan Hartati (Persero) Tbk,Maluku
566b2659,R. Jarwi Lazuardi,Chartered management accountant,CV Prasetya Tbk,Gorontalo
fc79409d,"T. Dwi Kusmawati, S.Farm","Scientist, forensic",Perum Wulandari Hartati Tbk,Kalimantan Tengah
45e06c00,R.M. Hardi Hidayat,Leisure centre manager,PT Winarsih Siregar,Jawa Timur
d989d325,Dina Gunawan,"Surveyor, commercial/residential",CV Dongoran Mayasari (Persero) Tbk,Kepulauan Riau
2a45d78f,"Imam Tampubolon, S.Psi",Land/geomatics surveyor,CV Winarsih (Persero) Tbk,Nusa Tenggara Timur
487723b8,Ella Pudjiastuti,Herpetologist,PT Lestari Tbk,Maluku
538c5848,Bakianto Pradipta,"Development worker, international aid",PD Sudiati Usada,Nusa Tenggara Barat
2bc50d6f,Jinawi Kuswandari,"Conservation officer, historic buildings",CV Padmasari Yolanda (Persero) Tbk,Nusa Tenggara Timur
540ce48c,Halima Damanik,Best boy,Perum Kusumo,Banten
3fe3e748,Maria Farida,Firefighter,CV Mandasari Tbk,Kalimantan Selatan
a709e1a6,Kuncara Simbolon,Community pharmacist,CV Dongoran (Persero) Tbk,Sulawesi Barat
0f9527fd,Among Haryanti,Event organiser,PT Manullang (Persero) Tbk,Papua Barat
412c1be9,Asman Samosir,Magazine journalist,Perum Prakasa,Aceh
a906225f,Elisa Maheswara,Cartographer,CV Wijayanti,Kalimantan Utara
e8124689,Jaeman Safitri,Herbalist,PD Sihombing,Sumatera Selatan
f94c627e,"Ir. Hani Sihotang, M.Ak",Commercial horticulturist,PD Tamba,Banten
fa9bb506,Nugraha Setiawan,Freight forwarder,CV Anggriawan Tbk,Jawa Tengah
0ea00042,Aris Oktaviani,Production engineer,PD Dongoran Nababan (Persero) Tbk,Maluku
c09fc7a5,Kamaria Gunawan,"Conservator, furniture",CV Widodo Andriani (Persero) Tbk,Riau
59af19e8,Rahmat Novitasari,Physiotherapist,CV Permadi,Sulawesi Tenggara
4bc4bdc2,R. Cahyadi Kusumo,Colour technologist,CV Laksmiwati Tbk,Sulawesi Tenggara
9f1f6603,Ganda Irawan,"Chemist, analytical",CV Wastuti Adriansyah,Nusa Tenggara Barat
0eb3b926,Edi Saefullah,"Exhibitions officer, museum/gallery",PD Narpati Astuti (Persero) Tbk,Bengkulu
da2c3d13,Dinda Iswahyudi,Textile designer,PD Sitompul Mandala (Persero) Tbk,DKI Jakarta
9d406c11,"Tirtayasa Tampubolon, S.T.",Gaffer,PT Utami Tbk,Lampung
137df86c,Raharja Astuti,Volunteer coordinator,PT Setiawan,Sulawesi Barat
18e7db61,Ophelia Palastri,Location manager,UD Simanjuntak Maryati,Sulawesi Utara
57307c31,Tari Widiastuti,IT trainer,PT Wacana,DI Yogyakarta
c89dec8d,Drs. Viktor Yulianti,Writer,PD Sitompul Sinaga (Persero) Tbk,Sumatera Utara
ff6d4695,Parman Irawan,"Pharmacist, hospital",PT Simbolon,Kepulauan Bangka Belitung
3f83e1d8,Mulyanto Suryono,Computer games developer,PD Natsir Winarno,Kalimantan Timur
942a10f2,Tgk. Luthfi Purwanti,Herbalist,Perum Sihombing,Kepulauan Riau
733dc54d,drg. Unjani Prasetyo,Catering manager,Perum Lazuardi Thamrin (Persero) Tbk,Gorontalo
e67baca4,"Tgk. Carla Firgantoro, S.E.I","Education officer, community",PD Hartati Wijayanti,Kalimantan Timur
f65d9b6e,"Uli Santoso, M.Farm",Medical secretary,Perum Wasita Saputra,Sulawesi Selatan
d176b2fb,Puji Najmudin,Graphic designer,PD Hassanah Hariyah Tbk,Sulawesi Selatan
d296deae,Diana Lazuardi,Quality manager,Perum Megantara Hastuti,Lampung
df7118b3,Artawan Habibi,Heritage manager,UD Saputra,Bengkulu
b8acd186,"dr. Alika Prasasta, S.H.",Orthoptist,UD Nashiruddin Tbk,Sulawesi Barat
ce0a6694,"Ir. Aurora Yuniar, S.Pd","Engineer, broadcasting (operations)",CV Sihotang Siregar (Persero) Tbk,Sulawesi Tengah
3128f8e0,Aswani Salahudin,Fashion designer,PT Manullang Fujiati (Persero) Tbk,Nusa Tenggara Timur
e6ef11b3,Wage Wijaya,Soil scientist,Perum Susanti,Sulawesi Utara
cd659564,Daniswara Maryadi,"Copywriter, advertising",CV Firgantoro Pratama (Persero) Tbk,Nusa Tenggara Timur
cf4ca3a7,Galuh Mansur,Chartered certified accountant,PD Padmasari (Persero) Tbk,Kalimantan Barat
53524b1d,Dr. Purwa Maryati,Television/film/video producer,UD Rahayu Agustina,Kalimantan Utara
d674f2a6,Latif Nugroho,Food technologist,UD Kusumo (Persero) Tbk,Kalimantan Timur
0a789e2d,Bella Puspita,Personnel officer,PT Nugroho,Sulawesi Tenggara
8d3c140e,Dr. Elvina Wastuti,Video editor,CV Usada Prasasta Tbk,Maluku Utara
8de5c20f,"Rahmi Dabukke, M.Kom.",Insurance underwriter,PD Rahayu Simanjuntak,Nusa Tenggara Timur
320e01ac,Fitria Santoso,"Scientist, research (life sciences)",CV Agustina,Sumatera Selatan
c30807d2,Halim Suryono,Manufacturing engineer,Perum Hartati Saputra,Sulawesi Tenggara
87f856a7,Uchita Uyainah,Farm manager,PD Hardiansyah Puspasari,Kalimantan Barat
1930adef,Kiandra Purnawati,Clinical cytogeneticist,PT Mandala Sihotang,Nusa Tenggara Timur
2df380cf,"Dt. Ibrani Handayani, S.Gz",Furniture designer,UD Wastuti,Nusa Tenggara Barat
0d5ee4e3,drg. Ganep Samosir,Media buyer,PD Wastuti,Jawa Tengah
4ce00d70,Jayadi Marbun,Environmental manager,PT Oktaviani Maulana Tbk,Sulawesi Barat
f7029508,Lanang Wastuti,"Engineer, electronics",PD Yuniar Latupono Tbk,Sulawesi Tengah
f4707596,"Sabri Suryono, S.E.I","Accountant, chartered certified",PT Permadi,DI Yogyakarta
1e654044,"Galih Mustofa, S.Gz",Building services engineer,CV Salahudin Tbk,Maluku
2c978a10,Puspa Mayasari,Manufacturing systems engineer,CV Napitupulu Purnawati (Persero) Tbk,Sulawesi Tenggara
ad7135f8,"Dr. Jefri Widiastuti, M.M.",Sports coach,Perum Pradana (Persero) Tbk,Sulawesi Tengah
bad01db7,Ellis Kuswandari,Recruitment consultant,PD Hariyah Tamba (Persero) Tbk,Sumatera Selatan
1869dc1e,Artanto Sirait,Animal nutritionist,CV Suwarno Wahyuni Tbk,Sulawesi Selatan
42c41b5b,"Rahman Usamah, S.T.",Fish farm manager,PD Utama Pradana Tbk,Kalimantan Utara
b2969b06,Zulaikha Mangunsong,Armed forces technical officer,PD Uyainah Sirait,Sulawesi Tengah
3698c847,Hasan Rajata,"Secretary, company",Perum Farida Zulaika Tbk,Jambi
0f9cda12,"Indra Pratiwi, S.Pd",Fast food restaurant manager,CV Laksmiwati Permata,Sulawesi Utara
06ad5326,Harimurti Lailasari,Building control surveyor,PT Pradana (Persero) Tbk,Jawa Timur
61f2b7c2,Rahmi Nuraini,Structural engineer,PT Jailani Kuswandari Tbk,Aceh
3f738332,drg. Iriana Marpaung,Volunteer coordinator,PD Sitompul Simanjuntak,Jawa Timur
93b184f2,Ir. Harjasa Hutasoit,Financial manager,CV Samosir Mardhiyah Tbk,Sumatera Selatan
b7d5ab4c,Kurnia Pranowo,Equities trader,PD Kusumo Safitri,Nusa Tenggara Timur
e84a8402,Faizah Hassanah,Armed forces operational officer,Perum Saefullah Melani (Persero) Tbk,Aceh
b1e44634,Tantri Manullang,Legal secretary,PT Lailasari Tbk,Lampung
7129dd92,"Ir. Radit Purwanti, M.M.",Futures trader,PT Nurdiyanti,Sulawesi Barat
bc7f10b6,Karimah Anggraini,Chief Financial Officer,Perum Pradipta,Jawa Tengah
51b044c9,Ciaobella Wulandari,Health visitor,CV Rahimah,Jawa Tengah
12688854,Tgk. Mutia Agustina,Systems analyst,UD Kurniawan Nasyiah,Kalimantan Utara
b89bc8b0,"KH. Martani Rahayu, S.I.Kom",Barrister's clerk,PT Yolanda Prayoga,Lampung
08ff4a63,Kalim Napitupulu,Learning disability nurse,Perum Pratama Tbk,Jawa Timur
2b67da3c,Wadi Kusumo,Translator,Perum Agustina,Papua
43e3abab,Kartika Prabowo,Forest/woodland manager,PT Nababan Mardhiyah (Persero) Tbk,Papua Barat
98c5c1e4,Cagak Situmorang,Chemical engineer,PD Purnawati,Kalimantan Selatan
2bf14d72,Rafid Marpaung,Osteopath,PT Yulianti Tbk,Sumatera Utara
ccfacb9c,"Tgk. Jabal Hutasoit, M.TI.",Geophysicist/field seismologist,CV Astuti Iswahyudi Tbk,Sumatera Barat
8929baca,Bakiono Wibowo,Broadcast presenter,CV Mansur,Sumatera Utara
3a707797,"R. Danuja Pratama, M.Ak",Building services engineer,PD Jailani Tbk,Bengkulu
8623753c,Aisyah Saputra,Surgeon,Perum Kuswoyo,Riau
0e22e0bc,Setya Nurdiyanti,Training and development officer,PD Wulandari,Kalimantan Utara
2c4c5433,Usyi Sudiati,Agricultural engineer,UD Uyainah Saputra Tbk,Nusa Tenggara Barat
04dd9735,Dt. Lanang Situmorang,"Teacher, early years/pre",UD Pradipta (Persero) Tbk,Kepulauan Riau
df80efde,Endra Haryanti,Ophthalmologist,UD Pradipta,Jawa Barat
849bf62f,"Nasim Rahimah, M.Farm",Public relations account executive,Perum Sitompul,Jawa Barat
831dba1e,"Capa Megantara, S.Farm",Software engineer,PT Firgantoro Gunawan,Sumatera Barat
c37b0e8d,Puti Ciaobella Tarihoran,Television floor manager,UD Maheswara,Jambi
80763365,"Sutan Cengkir Mansur, S.Pt",Commercial/residential surveyor,PT Lailasari Wijayanti (Persero) Tbk,Papua Barat
4d85a431,drg. Irfan Rahimah,Retail banker,CV Haryanti Kuswandari,Sumatera Barat
d96cb0e3,"Edison Hartati, M.TI.","Surveyor, insurance",CV Palastri,Sulawesi Tenggara
adb81a09,Drs. Dalimin Sirait,Environmental consultant,PT Yolanda Wibisono,Papua
ca84c639,Arta Suryono,"Engineer, production",PD Hidayat Nababan,Sulawesi Selatan
6d7c0294,"Jarwa Jailani, S.E.I",Musician,CV Santoso Lazuardi (Persero) Tbk,Bengkulu
1ddd8588,"KH. Bambang Kusumo, M.Kom.",Nature conservation officer,PT Maryati,Maluku
d2481100,"Ratna Wastuti, M.Ak",Health and safety adviser,CV Setiawan (Persero) Tbk,Sulawesi Utara
d53a89c5,"H. Adika Yuliarti, S.E.",Early years teacher,UD Napitupulu Tbk,Sumatera Barat
b44fc0e4,Kayun Gunarto,Economist,CV Wibisono Pangestu Tbk,Jawa Barat
2881f075,Ridwan Suryatmi,Speech and language therapist,Perum Sitompul,Nusa Tenggara Barat
6b9f7d41,Siti Hardiansyah,Television floor manager,CV Wahyuni (Persero) Tbk,Nusa Tenggara Barat
cc2a75f7,Hj. Queen Suryatmi,Arts development officer,Perum Ardianto Tbk,Papua Barat
f1614198,Ajeng Nuraini,Housing manager/officer,PD Lestari,Sulawesi Selatan
0f9757b8,"Ir. Lala Palastri, M.Ak",Magazine features editor,PD Manullang (Persero) Tbk,Kalimantan Selatan
2c99499c,Yance Widodo,Television floor manager,PT Nashiruddin Siregar,Kepulauan Riau
d1b0dcf0,"Puti Zamira Halim, S.Gz","Librarian, academic",UD Simbolon Maheswara Tbk,Banten
a63099a1,"R.A. Zahra Aryani, S.IP",Cytogeneticist,UD Santoso (Persero) Tbk,Maluku Utara
66fce8f8,Oskar Setiawan,Forensic scientist,CV Adriansyah,Kalimantan Timur
8817e1f1,Yessi Ardianto,Accounting technician,UD Mandala Tbk,Bali
5ac13b7e,Indah Saefullah,Occupational therapist,PD Widodo Hartati,Riau
b92602c8,drg. Radit Sudiati,"Engineer, petroleum",PD Laksita Januar Tbk,Kepulauan Bangka Belitung
dcdd6044,"R.M. Okta Aryani, S.E.","Teacher, music",PD Namaga,Kepulauan Riau
13c8f106,Lembah Putra,Visual merchandiser,PD Rajata Prasasta,Nusa Tenggara Barat
8d096c97,"Irfan Dabukke, S.I.Kom",Travel agency manager,UD Mangunsong Sitompul,Kepulauan Bangka Belitung
57f3568a,Marsudi Maryati,Actuary,CV Usada Tbk,Kalimantan Barat
7f62ae8d,Fathonah Siregar,Research scientist (maths),CV Manullang (Persero) Tbk,Maluku Utara
baa8d126,Ghaliyati Wasita,Retail merchandiser,PT Haryanti Mayasari,Sulawesi Barat
02294a15,"R.A. Keisha Mandala, M.Pd",Tour manager,Perum Hasanah Mahendra,Kepulauan Riau
9068225e,Siti Oktaviani,Marine scientist,CV Manullang Prabowo (Persero) Tbk,Banten
9a47e74a,Gadang Wasita,Volunteer coordinator,CV Hutagalung Fujiati Tbk,Nusa Tenggara Barat
b091fef6,Mulya Tarihoran,TEFL teacher,Perum Yuniar Firgantoro,Bali
8d3be8bc,"Sutan Karsana Wulandari, S.T.",Speech and language therapist,UD Prasetyo Namaga,Maluku
b2150222,Hesti Mustofa,"Nurse, children's",PD Situmorang Tbk,Papua
beadc32e,Dinda Ardianto,Optometrist,UD Maryati,Jambi
f576becb,Jagaraga Pratiwi,Landscape architect,UD Kusmawati Tbk,Nusa Tenggara Timur
b5fee979,Drs. Amalia Budiman,Company secretary,PT Hutagalung Tbk,Jawa Timur
b38f2547,"Tiara Mahendra, S.Ked","Teacher, early years/pre",Perum Firgantoro,Jambi
c3f1180a,Rusman Wasita,Publishing rights manager,PT Januar,Sumatera Utara
70bb1a3a,Drs. Gangsa Ramadan,Health visitor,UD Hutasoit,Kalimantan Barat
3f05c1e7,"Sutan Jaya Wijayanti, S.H.","Presenter, broadcasting",UD Aryani Latupono,Banten
6d46d7fb,Garang Waluyo,Careers information officer,PD Nashiruddin Tamba Tbk,DKI Jakarta
97e4e75e,Adinata Samosir,"Engineer, technical sales",CV Putra,Nusa Tenggara Barat
d89e3177,Tasdik Halimah,Learning disability nurse,CV Laksmiwati,Kalimantan Utara
b2787be5,Hana Thamrin,Geochemist,UD Kusmawati (Persero) Tbk,Jambi
25e79c89,Ir. Bakiono Wahyuni,Police officer,Perum Wijaya,Sulawesi Tengah
aca1a50c,Sutan Danuja Salahudin,Pathologist,PT Hidayat (Persero) Tbk,Sulawesi Barat
cf7d91a6,"dr. Bakda Agustina, S.IP","Therapist, speech and language",PT Natsir,Sulawesi Utara
a1ab9f44,Puti Lili Anggriawan,Customer service manager,Perum Iswahyudi Halimah Tbk,Jawa Tengah
c14b26df,Ira Saefullah,Air cabin crew,PD Sitorus Saputra Tbk,Kepulauan Bangka Belitung
784319c9,Darimin Farida,Health and safety inspector,CV Prasetya Hakim,Papua Barat
fbaabd95,"R.M. Raharja Prasetya, S.E.","Designer, interior/spatial",UD Simanjuntak (Persero) Tbk,Sumatera Barat
e4788635,Zelda Haryanto,Chartered public finance accountant,CV Siregar Adriansyah,Sumatera Utara
8d6d535c,Ulya Safitri,Pathologist,CV Kusumo Tbk,Papua
d65e7bc2,Diana Pranowo,"Engineer, materials",UD Permata,Nusa Tenggara Timur
bbd2d688,Dono Rajasa,Systems developer,CV Haryanti Tbk,Jawa Barat
bd72b0d1,"Drs. Siska Rajasa, M.TI.",Biomedical scientist,PD Purwanti Tbk,Lampung
2197188d,Nova Jailani,Actuary,Perum Widodo Tbk,Sumatera Selatan
e546581b,Elisa Farida,"Accountant, chartered certified",Perum Maryadi Saefullah,Kalimantan Selatan
94918900,Kamila Purwanti,Event organiser,PT Nurdiyanti (Persero) Tbk,Kalimantan Utara
9a0dbbba,Waluyo Hasanah,Garment/textile technologist,CV Wulandari,Sulawesi Tengah
493d24dc,Ophelia Mandasari,Environmental education officer,PD Saefullah Setiawan,Banten
b9dcb87a,Kani Marpaung,Legal secretary,PT Kuswandari (Persero) Tbk,Sumatera Barat
b4f62254,"Tgk. Ana Riyanti, S.Ked",IT sales professional,Perum Wahyuni Kusumo,Sulawesi Tenggara
a87e76e2,Lanang Wibowo,Teaching laboratory technician,Perum Handayani Mulyani (Persero) Tbk,Nusa Tenggara Barat
0659b9fa,dr. Malika Pratiwi,Chartered legal executive (England and Wales),PT Permadi Wasita,Nusa Tenggara Barat
b5c251ab,Zahra Tampubolon,Dispensing optician,Perum Firgantoro Nuraini,Riau
945d9679,R. Hani Mandasari,Meteorologist,CV Namaga (Persero) Tbk,Gorontalo
0d041fce,"Yance Suwarno, S.H.","Accountant, chartered public finance",PD Megantara Winarsih Tbk,Banten
b767d4eb,Kasusra Lestari,Mechanical engineer,PT Nasyiah Megantara Tbk,Sumatera Barat
329c5d85,Bakiadi Widodo,Automotive engineer,Perum Narpati Sudiati Tbk,Aceh
a873e1c7,Ade Lestari,Community arts worker,UD Saptono Purwanti (Persero) Tbk,Riau
843146eb,Hj. Hesti Napitupulu,Conference centre manager,Perum Zulaika,Kalimantan Utara
aef9cd05,Dian Hardiansyah,Insurance risk surveyor,Perum Yuniar,Kepulauan Riau
9c282016,Gaiman Lailasari,Production engineer,PT Yuliarti Tamba,Sumatera Selatan
143c335d,"Tgk. Clara Hakim, S.Ked","Secretary, company",UD Marbun Haryanto,Kalimantan Timur
585b483e,drg. Nyoman Hastuti,Homeopath,PT Hartati Pangestu Tbk,Jawa Barat
e0f284d3,"Garan Wibisono, M.Kom.",Air traffic controller,PD Rahayu,Sumatera Selatan
df59e79c,Bakidin Lazuardi,Landscape architect,UD Sinaga Puspita (Persero) Tbk,Papua
5582f093,R.A. Ira Halimah,IT sales professional,Perum Tamba Melani,Papua Barat
825bf81e,Ir. Gandewa Usamah,Corporate treasurer,PD Wijaya,DKI Jakarta
03bd2639,Niyaga Rajasa,"Lecturer, higher education",CV Handayani Tbk,Nusa Tenggara Barat
5a400676,Dariati Usamah,"Administrator, charities/voluntary organisations",PD Sirait Iswahyudi,Banten
fd15e785,Tgk. Rendy Latupono,Planning and development surveyor,PT Nasyidah,Kalimantan Utara
453d5dff,"Dr. Irma Mandasari, S.Kom",Advertising account planner,PD Lailasari (Persero) Tbk,Sumatera Utara
d743aa44,Padma Oktaviani,Clinical research associate,UD Prasasta Napitupulu,Bali
bbd189cb,Ratna Pudjiastuti,Public house manager,Perum Nainggolan Lailasari,Sumatera Selatan
cab024d5,Ratna Utami,Tree surgeon,Perum Nugroho Puspasari,Sulawesi Utara
c4e9b4de,"Baktiadi Maulana, S.H.",Brewing technologist,PT Haryanto Mandala,Jawa Timur
f5f54c3a,Ilsa Saragih,Diagnostic radiographer,PT Mayasari,Kalimantan Barat
d66655ed,"Ir. Malik Hassanah, S.Sos",Art therapist,UD Lestari Pranowo,Sulawesi Barat
047ab71b,"Tgk. Diah Winarno, S.E.",Structural engineer,PD Sudiati Mardhiyah (Persero) Tbk,Riau
57b32b89,Ganda Wibowo,Environmental consultant,Perum Halimah (Persero) Tbk,Sumatera Barat
2c57a411,Niyaga Widodo,"Engineer, control and instrumentation",Perum Dabukke,Aceh
f8272f7b,"Tania Palastri, S.I.Kom",Magazine features editor,Perum Dabukke Mustofa (Persero) Tbk,Sulawesi Tengah
e65a906c,Hardi Sitorus,Oncologist,PT Natsir Laksita Tbk,Jambi
4054f196,Puspa Zulaika,Housing manager/officer,PT Waluyo,Jambi
1d859ed9,Titi Siregar,Armed forces training and education officer,CV Permadi,Kalimantan Utara
1547a61b,Garda Zulaika,Warden/ranger,Perum Waluyo Sinaga,Kalimantan Timur
221c0a80,Wani Mahendra,Psychotherapist,UD Kusumo Tbk,Sulawesi Tengah
2c1eea80,Emin Halim,Television floor manager,PT Suryono Waluyo (Persero) Tbk,Maluku
e98d5a46,"Tari Mangunsong, M.Kom.","Surveyor, rural practice",PD Tampubolon Iswahyudi Tbk,DKI Jakarta
cd1e5dd9,"dr. Sakura Anggriawan, S.E.",Town planner,UD Prasetya,Kepulauan Riau
11c876a1,Unjani Pranowo,Tax adviser,UD Santoso,Kalimantan Tengah
d5104b6b,Himawan Anggraini,Furniture designer,PT Andriani Nainggolan,Sumatera Utara
520f9d7f,Paulin Wahyudin,Corporate investment banker,PT Rajata,Sulawesi Selatan
3b406dce,dr. Rina Sinaga,Economist,CV Lestari Tbk,Sulawesi Barat
e0960927,Lanjar Hasanah,Manufacturing engineer,UD Gunawan Andriani (Persero) Tbk,Sulawesi Utara
738a55c7,Drs. Langgeng Hidayat,Trade mark attorney,PT Yolanda Oktaviani,Bengkulu
3177d066,Kalim Wijaya,Chartered loss adjuster,Perum Marpaung Prasasta,Bengkulu
f59d2cc4,Oliva Susanti,Catering manager,CV Wastuti (Persero) Tbk,Sulawesi Tengah
e8bad4ea,"Drs. Maida Anggraini, M.Farm",Early years teacher,PD Suryono Wacana Tbk,Papua
ba280ea9,"Jinawi Jailani, M.Pd",Naval architect,Perum Sirait Namaga,Papua
78f18864,Gandewa Melani,Insurance account manager,CV Jailani Simbolon Tbk,DI Yogyakarta
3f2d5870,Harsana Pradana,Education administrator,PT Budiyanto,Bali
f33c70b8,drg. Rahmi Lazuardi,Town planner,Perum Iswahyudi Gunarto,Sumatera Barat
ed2cf0ad,Lasmanto Wasita,Air broker,PD Hartati,Lampung
f5335dfd,Bagiya Dongoran,Science writer,UD Mayasari,Kalimantan Tengah
56bd2c52,"dr. Balapati Sitompul, S.Pd",Exercise physiologist,UD Saefullah,Riau
ea414f4a,Bella Ramadan,Orthoptist,Perum Yulianti Widodo,Banten
c0ddc1f7,Puti Ulva Adriansyah,"Therapist, drama",CV Sinaga,Banten
a4317db2,Kani Riyanti,Amenity horticulturist,CV Prakasa (Persero) Tbk,Sumatera Utara
97f25bbb,"Samiah Najmudin, S.Gz",Corporate investment banker,PD Marbun Tbk,Sumatera Barat
2745c2dd,H. Banara Susanti,Chief Operating Officer,CV Utama,Sulawesi Tengah
a0681f19,Tgk. Prasetya Irawan,Estate agent,PT Wastuti,Kalimantan Barat
e8eb103a,Unjani Habibi,Medical laboratory scientific officer,PD Kusmawati,Sumatera Selatan
21e5a927,T. Bala Prasetya,Materials engineer,Perum Ramadan Megantara Tbk,Jawa Barat
cc1d3b44,Anastasia Hakim,Forensic scientist,CV Pradana Thamrin Tbk,Maluku Utara
937361ad,"KH. Yahya Lazuardi, S.Sos","Engineer, drilling",PD Mandasari Sihotang Tbk,Kalimantan Selatan
96cb7e67,Harjasa Wibisono,Operations geologist,Perum Pudjiastuti Jailani,Jambi
9068e7d1,Ophelia Napitupulu,Health service manager,CV Sirait,Jawa Barat
c77f0ccc,Ella Sinaga,Toxicologist,CV Halim Anggraini,Sumatera Selatan
f617f1a7,Dina Setiawan,IT technical support officer,UD Siregar Tbk,Papua Barat
97022baf,"Tgk. Jono Laksmiwati, M.Ak",Osteopath,PT Yuliarti Nasyidah,Kalimantan Tengah
7d05be07,R. Salimah Purnawati,Television camera operator,PT Uwais Prakasa (Persero) Tbk,Kalimantan Barat
301d8b10,Fathonah Rahimah,"Radiographer, diagnostic",CV Wulandari Yulianti Tbk,Kalimantan Tengah
85abea09,Cahya Sitompul,Higher education lecturer,Perum Nugroho Winarno,Kalimantan Timur
8cca9ed0,Tgk. Lasmanto Astuti,"Therapist, speech and language",CV Manullang Nuraini,Maluku Utara
7bcb3265,Tgk. Novi Mandasari,"Engineer, civil (contracting)",PT Wastuti Wijayanti (Persero) Tbk,Kalimantan Selatan
152c6e30,Mustika Hidayanto,Engineering geologist,UD Iswahyudi Sihombing,Jambi
052c91e9,Dagel Purwanti,Primary school teacher,CV Yuniar Halim,Jambi
a0527def,"Nrima Lazuardi, S.E.",Further education lecturer,Perum Rahimah Siregar,Lampung
7e7a3e20,"Dartono Mayasari, S.T.",Nutritional therapist,Perum Maulana,Kalimantan Selatan
51b14efa,"KH. Rizki Kuswoyo, M.M.",Fashion designer,Perum Hasanah,Papua
1cdccf8c,"Daliman Utami, S.Ked","Surveyor, building control",PD Rahimah (Persero) Tbk,Sumatera Barat
a22d78c4,Reksa Usada,"Journalist, broadcasting",CV Mangunsong Natsir,Maluku
a3b646b1,Ulva Agustina,Ranger/warden,PT Halim Tbk,Jawa Timur
e8eb7985,Umi Sihotang,Gaffer,UD Hutagalung Sitorus Tbk,Gorontalo
246ff10f,Damu Megantara,English as a second language teacher,PT Wahyuni Hartati (Persero) Tbk,Sulawesi Selatan
35686cb2,"dr. Azalea Hariyah, S.Ked","Programmer, multimedia",Perum Wulandari,Nusa Tenggara Timur
04b60619,"Melinda Pradana, M.Farm",Chartered legal executive (England and Wales),UD Maryadi Uyainah (Persero) Tbk,Bali
caa09bfc,Vivi Tampubolon,Naval architect,CV Narpati,Sulawesi Tengah
5ad3244e,Hj. Najwa Simanjuntak,"Designer, interior/spatial",Perum Gunarto Aryani (Persero) Tbk,Nusa Tenggara Timur
01a54698,Kani Mandasari,Chiropractor,PT Sinaga Nashiruddin (Persero) Tbk,Papua
8ceed886,"Salsabila Mustofa, S.Ked","Solicitor, Scotland",Perum Maheswara Habibi,Jawa Tengah
690c2260,Ajimin Ardianto,Armed forces technical officer,CV Hutasoit,Maluku
b5adc2b1,Umi Pradipta,"Investment banker, operational",UD Lailasari Tbk,Jawa Barat
483ecf0e,Amelia Riyanti,Arts administrator,Perum Hidayat Wibisono (Persero) Tbk,Sulawesi Tengah
a0ca0db6,Oliva Napitupulu,Personnel officer,PT Simbolon,Riau
d3a52b11,Hj. Ana Narpati,"Designer, television/film set",CV Mansur,Sumatera Utara
7dc61822,"H. Adiarja Maulana, S.Sos",Passenger transport manager,Perum Ramadan Pradipta Tbk,Banten
8671c71d,"Mariadi Prastuti, M.M.",Chiropodist,UD Hartati,Maluku Utara
29c6747a,"Dt. Ibun Pradipta, S.Psi",Arboriculturist,CV Kurniawan Mangunsong,Jawa Timur
d2a8ead6,Tgk. Citra Maryadi,Prison officer,PT Nababan Siregar (Persero) Tbk,Papua
bea309db,Dr. Zelaya Uwais,Outdoor activities/education manager,Perum Marpaung Tbk,Lampung
e80dfacf,Yosef Prasasta,Health physicist,CV Kusumo,Sulawesi Barat
bb357c32,"Diana Thamrin, S.H.",Applications developer,PD Hutasoit Hariyah Tbk,Sumatera Selatan
1ac2b500,"Drs. Zulfa Haryanto, S.H.",Database administrator,PT Firmansyah Rajasa,DKI Jakarta
baebe0b2,Satya Salahudin,"Sales professional, IT",UD Padmasari,Sumatera Selatan
823a07af,Anom Hariyah,Cytogeneticist,PD Napitupulu Puspasari (Persero) Tbk,Kepulauan Bangka Belitung
2735f888,Padmi Iswahyudi,Physiological scientist,Perum Latupono (Persero) Tbk,Kepulauan Riau
d77dcc08,Zamira Wasita,Data processing manager,UD Mansur,Gorontalo
d9497864,Rahayu Budiyanto,Contracting civil engineer,UD Saefullah,Jawa Tengah
4431fabf,Aurora Zulkarnain,Health and safety adviser,PT Firgantoro Nashiruddin Tbk,Maluku
a53eef79,"Simon Gunarto, S.Kom","Engineer, communications",CV Manullang Nuraini,Jambi
6782dee6,Lala Wijaya,Airline pilot,CV Kuswandari,Papua
75be34fd,T. Paiman Pranowo,"Physicist, medical",Perum Sudiati Utama Tbk,Kepulauan Bangka Belitung
e7d2b619,Cakrajiya Mahendra,Film/video editor,UD Widiastuti Tbk,Bali
5fcd6d79,"Hasta Susanti, S.Psi",Architectural technologist,PD Hutapea,DI Yogyakarta
fecf5df4,Yessi Jailani,Osteopath,PD Yulianti,Gorontalo
b0cf5fd3,Maria Sihombing,"Surveyor, insurance",PD Damanik Tbk,Kalimantan Timur
d520403a,Jarwa Melani,Community education officer,UD Puspasari (Persero) Tbk,Kalimantan Selatan
1715c7c2,Ina Nuraini,Electrical engineer,CV Hartati Maulana,Kalimantan Selatan
1bc9839c,Dr. Malika Sihombing,"Accountant, chartered management",CV Siregar (Persero) Tbk,Jawa Timur
e8af31bb,Ajimat Irawan,Textile designer,CV Mansur (Persero) Tbk,Sumatera Barat
e3d05e2c,Saka Sinaga,"Therapist, art",PT Namaga Marpaung (Persero) Tbk,Sulawesi Selatan
530f2ea3,"Cici Simbolon, S.Psi",Osteopath,UD Rajasa Tbk,Jawa Tengah
63b8cc24,Tantri Salahudin,Sport and exercise psychologist,Perum Haryanto Januar,Sulawesi Tengah
5ab59b78,Paulin Uyainah,Maintenance engineer,PD Gunarto,Jawa Timur
45692ce7,Putri Santoso,Technical brewer,PT Hutagalung Suwarno (Persero) Tbk,Sulawesi Barat
a81457cb,Calista Prabowo,"Engineer, petroleum",PT Sirait Nasyiah Tbk,Jawa Barat
58f8a8a9,Elisa Napitupulu,"Radiographer, therapeutic",UD Iswahyudi Mansur,Bali
b5424785,Hadi Wahyuni,Tour manager,Perum Nurdiyanti Namaga (Persero) Tbk,Sulawesi Tenggara
295eebb0,Wira Kuswoyo,Hydrographic surveyor,PT Gunarto,Papua
b6b120bd,Janet Rahmawati,Haematologist,PD Sihombing,Kepulauan Bangka Belitung
6d4dd2d6,"Mumpuni Marbun, S.Kom",Advertising copywriter,PT Prasasta Sudiati Tbk,Sulawesi Barat
f80b0620,Ir. Ghaliyati Purwanti,Location manager,Perum Napitupulu Wibowo (Persero) Tbk,Lampung
c71d8df4,"dr. Olga Handayani, M.Kom.",Legal secretary,CV Safitri Tbk,Sumatera Barat
5809f4da,Atmaja Pangestu,"Research officer, political party",PT Hidayat Tbk,DKI Jakarta
25f48e46,"T. Dwi Haryanto, S.Ked",Recycling officer,PT Jailani Kusmawati Tbk,Maluku Utara
0ef6d6e7,R. Genta Sihotang,Oncologist,PT Nasyidah Tbk,Sumatera Selatan
68dd6be3,"Cut Gasti Purwanti, S.Farm",Tourist information centre manager,PT Suartini,Sumatera Utara
426ea8d8,Sarah Adriansyah,Pathologist,Perum Hassanah Kusmawati,Sumatera Selatan
36927acd,drg. Raina Budiman,Social worker,CV Mustofa Tbk,Kalimantan Timur
818698ac,"Gadang Hariyah, S.Pd",Best boy,Perum Permadi (Persero) Tbk,Riau
2655c3a9,Hilda Wahyuni,Aid worker,PD Hassanah Haryanto (Persero) Tbk,Sumatera Barat
c8be1706,"Puti Fathonah Hidayanto, S.T.","Nurse, learning disability",Perum Permadi Rahimah,Kepulauan Riau
e8462880,Unjani Mardhiyah,Call centre manager,UD Saputra Prastuti Tbk,Sumatera Utara
d5727e59,Natalia Tarihoran,Training and development officer,PT Simanjuntak Utama Tbk,Kalimantan Utara
d1e02b84,Ifa Pratama,Music therapist,PT Wulandari,Kalimantan Selatan
705822b0,Dewi Siregar,Press photographer,CV Safitri Handayani Tbk,Riau
e803254a,"Lalita Lailasari, M.Farm","Designer, fashion/clothing",PD Mulyani Tamba (Persero) Tbk,Riau
ee51869c,"Nadia Firgantoro, S.Psi",IT technical support officer,UD Natsir Hutagalung,Kalimantan Utara
2c8ca453,Hasim Januar,Ergonomist,Perum Habibi Thamrin Tbk,Jambi
24e6afbe,"H. Bakda Simbolon, M.Farm",Meteorologist,UD Pangestu Saragih,Nusa Tenggara Timur
8c0b29c7,Dinda Usada,Printmaker,PD Mardhiyah,DI Yogyakarta
380f04b9,Maman Hutagalung,Records manager,CV Purwanti (Persero) Tbk,Maluku
8f3dbadf,Luis Safitri,Research scientist (physical sciences),CV Iswahyudi (Persero) Tbk,Jawa Tengah
423487ca,Cayadi Permadi,Veterinary surgeon,Perum Suwarno,Nusa Tenggara Barat
030a6257,Purwadi Suwarno,Air traffic controller,UD Kusumo Utami,Papua
e9a0eb51,"Asmadi Susanti, S.E.I",Clinical molecular geneticist,PD Farida Laksmiwati,Kepulauan Bangka Belitung
aa626539,"drg. Asmadi Suartini, S.Pd",Bookseller,Perum Saputra Pratama Tbk,Sumatera Barat
0dabb8bf,Darmana Anggriawan,Clinical biochemist,UD Pratama Tbk,Maluku Utara
d50e9534,"Zamira Sihombing, S.Farm",Administrator,PT Ramadan Wijayanti,Jawa Timur
bb648803,Sutan Bajragin Tampubolon,Paramedic,UD Tarihoran,Lampung
50d912bf,R. Kartika Hasanah,Health and safety adviser,PD Prasetya Pratiwi,Lampung
5ee80905,"R.M. Darmana Napitupulu, M.Pd",Press photographer,PD Agustina Nashiruddin (Persero) Tbk,Sulawesi Tengah
14857bca,Ella Wijaya,Licensed conveyancer,PT Pertiwi Sitorus Tbk,Bengkulu
0cc742b2,"Genta Dabukke, M.Ak",Information systems manager,UD Purnawati Tbk,Kepulauan Riau
90ca5bbf,Jasmani Siregar,Administrator,PT Budiman Wahyudin,Bengkulu
368db421,Lalita Astuti,Curator,UD Kusumo (Persero) Tbk,Sulawesi Tengah
5d9269a0,"Drs. Rachel Winarno, S.Gz",Forest/woodland manager,Perum Usada Tampubolon,Sulawesi Barat
f44eda9c,Mujur Winarno,Volunteer coordinator,CV Hidayanto,Sulawesi Utara
c6786e1d,"R.M. Bakijan Kurniawan, S.E.",English as a second language teacher,PD Hutagalung Tbk,Bali
b00916bb,Irfan Waluyo,Tax inspector,PD Maryati,Maluku
c10afb19,"Dr. Agus Marbun, M.Pd",Senior tax professional/tax inspector,PD Hutasoit Hastuti,Sulawesi Barat
f901b9db,Puti Citra Wasita,Cartographer,PT Prakasa Saputra,Kalimantan Barat
25ecc27e,Irfan Situmorang,Press sub,CV Mandala,DI Yogyakarta
e031803b,"Drs. Amelia Handayani, S.H.","Nurse, children's",PD Sinaga (Persero) Tbk,Kalimantan Utara
4b74f00f,"KH. Jayadi Hastuti, S.Kom",General practice doctor,UD Pranowo Tbk,Sulawesi Tengah
1698e78e,dr. Diah Kusmawati,Retail buyer,Perum Safitri Fujiati,Bengkulu
63c8db82,Rini Wasita,Land/geomatics surveyor,Perum Riyanti (Persero) Tbk,Banten
d1785ec4,"drg. Hani Haryanto, S.E.I","Buyer, retail",Perum Wasita Novitasari,Sulawesi Utara
dd6927fc,drg. Pia Prasetyo,Estate agent,UD Ardianto Tbk,Sulawesi Tenggara
666bb2b5,"Fathonah Kuswandari, S.Ked",Geophysical data processor,CV Hakim Maryadi,Sumatera Utara
8119cf3c,Tasdik Lailasari,"Investment banker, corporate",CV Marpaung (Persero) Tbk,Kepulauan Bangka Belitung
4b88a9c7,Dr. Jelita Firgantoro,Accommodation manager,Perum Saptono,Gorontalo
0dcd4019,"Kuncara Widiastuti, S.Gz",Consulting civil engineer,PD Usada,Jawa Barat
f6f3e9cb,Damar Kuswoyo,Actor,UD Yuniar Hidayanto,Jambi
1393708d,Malika Dongoran,Public house manager,PD Nugroho Palastri,Papua
51b484e9,Ciaobella Halimah,Community pharmacist,UD Hastuti Wijayanti (Persero) Tbk,Kalimantan Timur
856ca0fa,"Yulia Namaga, S.E.I",Further education lecturer,Perum Rahayu Hardiansyah Tbk,Kalimantan Timur
2c468709,"Drs. Bakda Handayani, M.Kom.",Financial trader,Perum Nurdiyanti Halimah Tbk,Riau
b586ade5,Kiandra Prakasa,Graphic designer,UD Namaga,Papua
580d0ab2,Paulin Damanik,Cartographer,Perum Maulana Tbk,Sumatera Barat
ca4a447e,"Hj. Dina Megantara, S.E.I","Teacher, early years/pre",PD Megantara Zulaika,Kalimantan Timur
1927f876,"Hafshah Utami, S.I.Kom","Engineer, maintenance (IT)",Perum Habibi Farida,Kalimantan Barat
1ffb37e0,Gara Usamah,Veterinary surgeon,PD Haryanto Andriani,Jawa Barat
041ff3be,"R.M. Ajimat Yuliarti, S.E.I","Surveyor, insurance",PT Salahudin,Sulawesi Tenggara
6e7f9bbf,"Dr. Prayoga Agustina, S.Pd",Chartered accountant,PD Prasetya Maryati,Papua Barat
116a7976,Bahuwarna Nasyiah,Sub,CV Hutasoit,Jawa Tengah
fb93cf50,Praba Lazuardi,Learning disability nurse,UD Rajata Tbk,Papua Barat
eb847df9,Darmana Anggraini,"Psychologist, occupational",CV Tampubolon Tbk,Kalimantan Barat
cd8820b3,Cut Dian Maryadi,Wellsite geologist,PD Saefullah,Papua Barat
afd83c44,Irfan Hutapea,Industrial/product designer,PD Sitorus (Persero) Tbk,Sumatera Utara
60ae1a67,Padmi Hastuti,"Surveyor, quantity",CV Marbun Tbk,Maluku Utara
c3594452,"Uli Simanjuntak, S.E.",Equities trader,Perum Mansur Rahmawati,Kalimantan Timur
5deb4620,Lukman Zulaika,Theatre stage manager,Perum Pangestu Tbk,Gorontalo
b8c50700,R. Cakrawala Wibisono,"Education officer, community",UD Sitorus Tbk,Maluku
9ae3d070,R.A. Diah Mulyani,Commercial art gallery manager,Perum Mahendra Tbk,Jawa Tengah
2ca70e76,Kartika Wulandari,"Programmer, systems",PT Pradipta (Persero) Tbk,Sumatera Selatan
62f1d540,"dr. Diana Pratama, S.E.",Chartered legal executive (England and Wales),PT Nainggolan (Persero) Tbk,Nusa Tenggara Timur
0b7c6142,R.A. Wani Putra,Armed forces training and education officer,PD Yuliarti Suryono Tbk,Maluku
fc9b8003,Janet Sihombing,"Designer, multimedia",UD Yuliarti Agustina (Persero) Tbk,Kalimantan Utara
bb12c13c,"Ir. Caturangga Wijayanti, S.E.",Theatre manager,CV Kusmawati,Aceh
389ed17c,Oni Budiman,Automotive engineer,PD Pradana (Persero) Tbk,Sulawesi Tenggara
2cab5a9c,Rahmi Nababan,Site engineer,Perum Mustofa Iswahyudi,Papua Barat
0d390a9c,Cici Situmorang,"Embryologist, clinical",Perum Astuti Mangunsong,Bali
e573bc29,"Cakrajiya Zulkarnain, S.Ked",Product designer,Perum Oktaviani,Sulawesi Selatan
9fcaa4e2,Farah Thamrin,Pathologist,Perum Andriani Aryani Tbk,Sumatera Barat
a5149945,Farhunnisa Suwarno,Advertising account executive,PD Hardiansyah,Jambi
71c93f19,"T. Darmaji Nuraini, S.Pt",Medical illustrator,PT Suartini Tbk,Nusa Tenggara Barat
d34b5d46,R. Yoga Kusumo,Secretary/administrator,Perum Permadi Situmorang Tbk,Nusa Tenggara Timur
1d4559e2,Murti Najmudin,Futures trader,CV Lazuardi Mulyani,Aceh
836374e7,Joko Nuraini,"Surveyor, planning and development",CV Irawan Wacana,Kalimantan Tengah
90015925,Halim Haryanti,"Psychologist, clinical",CV Aryani (Persero) Tbk,Jawa Timur
574e8ee6,"R. Shakila Marpaung, S.E.I","Programmer, multimedia",PD Halimah Nashiruddin Tbk,Sumatera Barat
39ed89f7,"Fitriani Najmudin, M.M.",Data processing manager,PD Santoso,Gorontalo
c83f3468,R.A. Kamaria Susanti,Education administrator,CV Santoso,Sumatera Barat
718c4336,"drg. Wardaya Wijaya, S.Farm","Accountant, chartered certified",UD Najmudin Haryanto,Jawa Timur
372e7e97,Among Nainggolan,"Journalist, newspaper",CV Winarsih Hakim (Persero) Tbk,Lampung
38c08c87,Parman Suryono,"Scientist, product/process development",Perum Winarsih Sihotang,Nusa Tenggara Timur
b522836a,Puspa Sihotang,Operational researcher,PD Utama Mandasari,DI Yogyakarta
e259d660,"Puti Sudiati, M.Ak",English as a second language teacher,Perum Purnawati,Riau
b58c5d93,"R.M. Cakrawala Agustina, S.Pd",Training and development officer,PT Wacana Prasetya,Jawa Barat
c40edefe,Cut Zelda Marpaung,English as a second language teacher,CV Napitupulu Hastuti,Papua
f9bc1261,Salsabila Wasita,"Conservator, museum/gallery",CV Dabukke Suryatmi (Persero) Tbk,Riau
07cb7c4e,"Hartana Saragih, S.Sos",Environmental education officer,PT Kuswandari Ardianto (Persero) Tbk,Banten
d4e03867,"R. Pia Prakasa, M.M.",Town planner,CV Puspita Handayani (Persero) Tbk,Lampung
e8ee8cec,Lintang Sudiati,Paediatric nurse,UD Hardiansyah Rahayu Tbk,Sulawesi Barat
6fa725ff,"Drs. Prima Budiman, M.M.","Horticulturist, commercial",Perum Hidayat (Persero) Tbk,Papua
6c78bf95,"R.A. Violet Sinaga, S.H.",Transport planner,UD Mulyani Tbk,Sumatera Selatan
116a3bf6,Karma Lazuardi,Air traffic controller,UD Wahyudin Purnawati,Sumatera Utara
55b41f16,Gandewa Uyainah,Data scientist,Perum Halim Halim (Persero) Tbk,Banten
a0aed47b,"Kasiran Mardhiyah, S.IP",Technical brewer,PT Ramadan,Bengkulu
59b4ab76,"H. Harto Usamah, S.IP",Chief Operating Officer,PD Puspasari Prastuti (Persero) Tbk,Kalimantan Barat
5f6393b0,"Ghaliyati Kusmawati, M.Farm",Publishing rights manager,PT Irawan (Persero) Tbk,Papua
057fed6a,Tgk. Jane Jailani,Energy engineer,CV Wibisono,Papua
e7408ad4,"R.M. Kala Lailasari, M.TI.",Barrister,UD Prasetyo,Nusa Tenggara Barat
f233244b,Lalita Prasetya,Publishing rights manager,PT Dabukke,Gorontalo
86299de0,Janet Hidayanto,Private music teacher,CV Samosir Usamah,Banten
6930d372,Tgk. Ajimin Hutagalung,English as a second language teacher,PD Mansur Tbk,Papua Barat
9e3f0265,Kamila Usamah,"Engineer, technical sales",PD Kusumo,Nusa Tenggara Barat
ae9e5907,Ellis Maryadi,Call centre manager,UD Irawan Rajata Tbk,Maluku Utara
644e2361,T. Bakiadi Mustofa,Recycling officer,PT Putra Uyainah (Persero) Tbk,Jambi
b46f3010,Eka Firmansyah,"Therapist, speech and language",Perum Astuti (Persero) Tbk,Kalimantan Timur
39d9b01c,Kardi Kusmawati,Ecologist,PD Kusumo,Papua Barat
28d45b51,"R.M. Leo Wijaya, S.E.",Counselling psychologist,Perum Yulianti Gunarto Tbk,Kalimantan Utara
fa970a80,Almira Maryati,Records manager,PT Yuniar Rahayu (Persero) Tbk,DI Yogyakarta
93d222b8,"Dr. Dinda Hutagalung, S.Sos",Land,UD Gunarto (Persero) Tbk,Kepulauan Bangka Belitung
d5dbc6cc,Citra Latupono,Research scientist (maths),CV Narpati Widiastuti,Sumatera Utara
25b7dd88,"Johan Irawan, M.Farm",Tax adviser,PT Prakasa Hidayanto Tbk,Kalimantan Timur
88d06f3c,"Zamira Yolanda, M.TI.","Designer, ceramics/pottery",PD Hutapea Prastuti,Sumatera Barat
1556f904,Lili Nainggolan,Technical sales engineer,Perum Hariyah,Aceh
1b083ea7,Galuh Tamba,Structural engineer,UD Putra Tbk,Nusa Tenggara Barat
408b6f1c,Raditya Fujiati,Tree surgeon,PD Tampubolon Wulandari (Persero) Tbk,Aceh
0ed08a62,Sutan Teddy Wastuti,Personnel officer,UD Dongoran (Persero) Tbk,Jawa Timur
03b95370,Warsa Pertiwi,Materials engineer,PD Hakim,Sulawesi Barat
70128442,Gilda Sihombing,"Therapist, nutritional",CV Pratiwi Megantara,Nusa Tenggara Timur
ac9afcd7,Cinta Hutapea,Community arts worker,UD Natsir Hartati Tbk,Papua Barat
ce94e840,"Cinthia Hassanah, S.Ked",Building control surveyor,PT Budiyanto,Kalimantan Tengah
980d27a1,"drg. Gamanto Aryani, M.Pd",Product manager,PD Uwais Lestari Tbk,Papua
c2bafaa3,Dadap Sirait,Chartered loss adjuster,PD Saefullah Nasyiah Tbk,Bali
0d8a7de2,Puti Farhunnisa Astuti,Herbalist,UD Mardhiyah Suryatmi Tbk,Nusa Tenggara Barat
cb110e59,"Olivia Suryatmi, M.TI.",Comptroller,CV Hastuti Ardianto (Persero) Tbk,Jawa Barat
4034e1aa,Aditya Putra,"Scientist, physiological",Perum Farida Purwanti,DKI Jakarta
45a7b7a5,Titi Sitorus,Financial adviser,Perum Aryani Aryani,Jawa Barat
6d8bc9a8,Laras Kuswandari,Health visitor,UD Saputra,Sulawesi Tengah
e3e55e68,Hj. Natalia Mardhiyah,Ophthalmologist,PD Manullang Puspasari,Jambi
28aa3404,Tgk. Ega Wacana,Industrial/product designer,PT Saragih (Persero) Tbk,Sulawesi Barat
6a0ca395,Lulut Uwais,"Surveyor, commercial/residential",CV Saefullah Yulianti Tbk,Sulawesi Utara
073f2ed0,Aisyah Prayoga,Purchasing manager,CV Putra Farida,Sulawesi Selatan
42ac2311,"Cindy Sihombing, S.Pt","Editor, commissioning",PT Permata (Persero) Tbk,Kalimantan Utara
653e703b,Puti Habibi,Mudlogger,PT Mustofa Wibowo (Persero) Tbk,Maluku
c06f5dd0,"Farhunnisa Simbolon, S.T.","Engineer, petroleum",Perum Saptono Megantara,Lampung
19bcadc8,Vino Narpati,Occupational hygienist,PD Yuliarti,Jawa Barat
ef69d8b2,Puti Humaira Rahimah,Colour technologist,CV Agustina Budiman,Sumatera Barat
0f90d905,Puti Yulia Halim,"Pharmacist, hospital",PT Puspita Situmorang,Kalimantan Utara
273c1151,Ana Hasanah,Applications developer,CV Thamrin Tbk,Sulawesi Barat
c9ead1b8,Bagya Dabukke,Administrator,CV Wijayanti Tbk,Kalimantan Timur
441108e6,"Galih Widiastuti, M.Farm",Commercial horticulturist,UD Tampubolon,Sumatera Barat
86f5f919,Mila Permata,Learning disability nurse,PD Nasyiah Tbk,Kalimantan Tengah
5a10fdf0,Sarah Irawan,Environmental health practitioner,PD Irawan Mayasari,Maluku Utara
5209bc1d,Kunthara Laksmiwati,Futures trader,PT Nasyiah Salahudin,Kalimantan Utara
9bfce932,Drs. Zamira Habibi,Occupational psychologist,PD Siregar (Persero) Tbk,Kalimantan Barat
f48d7ab7,"KH. Ihsan Januar, S.Pt",Audiological scientist,Perum Puspasari Nashiruddin,DKI Jakarta
382be17b,Winda Saefullah,Television camera operator,PD Santoso Pertiwi Tbk,Sulawesi Tenggara
30571b77,Indah Wibisono,Historic buildings inspector/conservation officer,PD Wahyudin,Sumatera Selatan
a98551e7,"Hardana Saragih, M.M.",Interior and spatial designer,UD Padmasari,Aceh
79c28cd9,Putri Saputra,Quality manager,PD Lazuardi,Bali
4802b659,"Hj. Tantri Prayoga, S.Psi","Teacher, music",CV Hidayanto Zulkarnain,Banten
c37e3d4c,Adhiarja Sirait,Restaurant manager,Perum Setiawan (Persero) Tbk,Kalimantan Tengah
bb84bb18,Tari Pangestu,Industrial buyer,Perum Nainggolan,Sulawesi Tengah
679f1cb7,Tiara Usamah,"Journalist, newspaper",PT Oktaviani Nasyiah,Aceh
01f98991,Jaeman Zulaika,Land/geomatics surveyor,CV Maryadi Novitasari,Kalimantan Barat
4df34e91,Cut Rahmi Anggraini,"Engineer, drilling",UD Sinaga,Nusa Tenggara Barat
2934e5b5,"drg. Mustika Saptono, M.Farm","Engineer, automotive",Perum Sinaga Sihotang (Persero) Tbk,DKI Jakarta
c3185ed6,Lidya Agustina,Arts development officer,CV Pradipta Tbk,Banten
95ebc102,Reksa Sitorus,Quarry manager,Perum Ramadan Utama (Persero) Tbk,Sulawesi Barat
65f72584,"Damar Sihombing, S.I.Kom",Production manager,Perum Susanti Jailani (Persero) Tbk,Sulawesi Utara
8c671f7f,Murti Sihombing,Quarry manager,Perum Firmansyah,Sumatera Selatan
e206ffcd,"R. Bakiadi Hasanah, S.Psi","Development worker, international aid",UD Jailani (Persero) Tbk,Maluku
23dbc6f8,dr. Lili Palastri,Facilities manager,PD Pratama Tbk,Banten
6402299c,"Puti Chelsea Najmudin, M.Pd",Research scientist (physical sciences),PT Zulkarnain Kuswoyo Tbk,Gorontalo
dfd83f8b,Kamaria Simbolon,"Doctor, hospital",Perum Winarsih,Kalimantan Utara
45bfe632,"Puti Rini Kuswandari, M.Kom.",Advertising account executive,CV Mansur Tbk,Kepulauan Riau
7e964627,Tantri Sirait,Theatre manager,UD Tampubolon Mandala (Persero) Tbk,Sumatera Utara
a3749eeb,Harsaya Nurdiyanti,Theatre stage manager,PT Sihombing Hasanah,Sulawesi Selatan
647635ad,Samiah Prasasta,Architectural technologist,UD Megantara Budiman (Persero) Tbk,Nusa Tenggara Barat
ef5a9cd0,Jarwa Aryani,Police officer,PT Lestari Mardhiyah,Jambi
b08d89c1,"R. Gawati Susanti, M.Farm",Seismic interpreter,Perum Namaga Putra,Riau
dcae943d,"Zamira Marpaung, S.I.Kom",Operations geologist,UD Mansur,Aceh
921cd15c,Yani Najmudin,Tax adviser,CV Mayasari,Kalimantan Selatan
f239f114,Jayeng Firgantoro,Manufacturing systems engineer,Perum Maheswara,Sulawesi Tengah
8491dc22,Kiandra Puspita,Tour manager,UD Jailani,Banten
976952ea,Tami Yulianti,Social worker,Perum Pradana,Kalimantan Timur
d3c045df,"Iriana Wibisono, M.Pd","Clinical scientist, histocompatibility and immunogenetics",UD Pangestu Lestari Tbk,Sulawesi Tengah
04d46f00,Langgeng Pratama,"Editor, commissioning",Perum Astuti Tbk,Sulawesi Utara
dbc3a089,Salsabila Budiman,Optometrist,PT Padmasari Wahyuni (Persero) Tbk,Maluku Utara
8491667d,Uchita Nuraini,"Engineer, petroleum",PT Latupono Hariyah Tbk,Aceh
bcf5abb4,"Dt. Adiarja Winarno, M.M.",Barrister,PD Puspasari (Persero) Tbk,Sulawesi Selatan
25008dd5,Gaduh Marbun,"Buyer, industrial",CV Puspasari Ardianto,Bali
2c4d7e87,Uli Budiyanto,Location manager,UD Manullang (Persero) Tbk,Nusa Tenggara Timur
f7f29b86,"KH. Cengkal Nasyidah, S.Kom",Horticultural therapist,PT Wibisono Laksita Tbk,Sulawesi Utara
819d179c,Yunita Prastuti,"Geologist, wellsite",Perum Prastuti (Persero) Tbk,Kalimantan Barat
97dcff0f,Harja Melani,Retail manager,CV Lazuardi Simbolon Tbk,DKI Jakarta
f5b55913,Laila Budiyanto,"Psychologist, prison and probation services",PD Halimah Megantara (Persero) Tbk,Maluku Utara
60557c94,Ian Budiman,"Doctor, hospital",PD Tampubolon,Jawa Timur
e72ab170,Anastasia Siregar,Electrical engineer,CV Mustofa Tbk,Jawa Timur
50bda5b2,Paulin Sudiati,Hotel manager,Perum Firgantoro Hartati,Sumatera Barat
1dd500dd,Joko Maulana,Herbalist,PD Saputra Rahimah,Riau
4d5676b0,Ratih Nugroho,Personnel officer,UD Prasasta Laksita,Nusa Tenggara Timur
0f2bbc36,Irwan Prakasa,Press photographer,Perum Mayasari Napitupulu Tbk,Jawa Barat
de6daac8,Sari Suryatmi,Printmaker,Perum Megantara Kusumo,Sulawesi Tenggara
6ba82fdc,"Arsipatra Sirait, S.T.",Architect,UD Siregar Winarno (Persero) Tbk,Lampung
984da707,Drs. Humaira Ardianto,"Scientist, research (medical)",CV Pratama (Persero) Tbk,Jawa Timur
d6e5f95e,Cut Agnes Permata,Patent examiner,PD Wijayanti (Persero) Tbk,Riau
386f5756,"Victoria Padmasari, S.I.Kom",Sport and exercise psychologist,Perum Prayoga,Kalimantan Barat
c6e63962,"Drs. Lalita Pratama, S.H.",Herpetologist,PT Puspita (Persero) Tbk,Sulawesi Selatan
1104ba26,"drg. Kamidin Usamah, S.Pd",Drilling engineer,UD Narpati Farida,Kepulauan Bangka Belitung
723e8951,Kenzie Zulaika,"Psychologist, prison and probation services",UD Hartati Aryani,Kalimantan Timur
a9abcf00,drg. Dian Kusmawati,"Journalist, newspaper",PT Prasasta,Jawa Timur
6ba42506,"Clara Marbun, S.IP","Surveyor, hydrographic",PD Winarsih (Persero) Tbk,Kepulauan Bangka Belitung
d3abf17a,Ratih Ramadan,Insurance account manager,PD Hassanah,Jawa Tengah
6249b6d3,Opan Zulkarnain,Veterinary surgeon,CV Suryatmi,Kalimantan Timur
31bc6c8d,"T. Unggul Utami, S.Gz",Soil scientist,PD Nababan Purnawati (Persero) Tbk,Papua
ad100fd4,"Maya Tamba, S.E.","Engineer, electrical",PT Andriani,Jawa Timur
36ea46df,Clara Hartati,"Producer, television/film/video",PD Hidayanto Yolanda (Persero) Tbk,Sulawesi Tengah
cfb7289e,Yuni Prayoga,Ambulance person,UD Andriani Kurniawan,Kalimantan Barat
4644e03b,Zaenab Hutasoit,"Engineer, energy",Perum Laksita Utama Tbk,Jawa Tengah
9b507478,Rahayu Saefullah,"Sales professional, IT",CV Hutasoit Mandasari,Sulawesi Tengah
ae189f41,Clara Putra,Film/video editor,Perum Wibowo Wahyudin,Kalimantan Barat
55ec5688,"Gamblang Budiyanto, M.Ak",Dispensing optician,PD Iswahyudi Sihombing Tbk,Nusa Tenggara Timur
d10e89c9,Ratna Marbun,Radiation protection practitioner,UD Suryatmi Januar Tbk,Nusa Tenggara Timur
a1d2320e,Zulfa Wahyudin,Holiday representative,CV Rahimah Widiastuti Tbk,Nusa Tenggara Timur
a7be0544,Tiara Usamah,"Scientist, clinical (histocompatibility and immunogenetics)",Perum Prabowo Haryanto Tbk,Sumatera Barat
8209d24d,Latif Hartati,"Conservation officer, historic buildings",PT Nababan,Aceh
268d8be4,Adikara Mayasari,Barista,PT Laksita Puspasari,Papua Barat
8f0056e6,"R.M. Gantar Mulyani, S.E.","Accountant, chartered public finance",Perum Nababan,DI Yogyakarta
26971d35,KH. Ikhsan Pradana,Housing manager/officer,CV Widiastuti (Persero) Tbk,Sumatera Selatan
c46f4972,Puti Fitriani Wijayanti,Artist,CV Manullang Suryono Tbk,Kalimantan Barat
0df8004b,"T. Jumadi Damanik, M.Kom.",Astronomer,PT Siregar Tbk,DI Yogyakarta
b8092007,Febi Usamah,"Engineer, maintenance",PT Wijayanti Safitri Tbk,Sulawesi Selatan
560f9a82,Cakrabirawa Napitupulu,"Geneticist, molecular",PD Hassanah Zulkarnain,Bengkulu
9dbf4404,Dono Laksmiwati,Sports coach,UD Prasetya Tbk,DKI Jakarta
0e015bff,Ifa Rajata,Fish farm manager,CV Lazuardi Tbk,Nusa Tenggara Barat
232bc034,"drg. Banawi Yuniar, M.Pd",Interior and spatial designer,CV Pratama Lailasari Tbk,Sulawesi Selatan
b7ade840,Satya Sihombing,Illustrator,UD Ramadan,Jawa Tengah
2d81fdfa,"dr. Michelle Pertiwi, S.E.I",Technical brewer,UD Mangunsong Tbk,Jawa Barat
67ba45f2,Vicky Waluyo,IT technical support officer,CV Hastuti Permadi Tbk,Aceh
7b8410ae,Cakrabirawa Widiastuti,Building control surveyor,UD Mangunsong Hartati,Kalimantan Tengah
dd5ac0cb,"Jane Laksita, S.Pt",Corporate investment banker,CV Widiastuti (Persero) Tbk,Jawa Barat
fe367863,Olga Kusumo,Ceramics designer,Perum Yulianti Yuniar,Lampung
77b811e6,Eva Halimah,Hospital pharmacist,Perum Tarihoran,Sumatera Barat
d21e6161,Cornelia Mandasari,Air cabin crew,Perum Safitri,Bengkulu
77373f74,Ani Damanik,Prison officer,CV Mangunsong Wijayanti (Persero) Tbk,Nusa Tenggara Timur
4123b98a,Puti Natalia Halim,"Nurse, mental health",PD Januar,Banten
2390d817,Banara Waskita,Chartered public finance accountant,Perum Pradipta Tbk,Sumatera Selatan
ca199931,T. Makuta Latupono,Art therapist,PT Namaga,Kalimantan Utara
8e54c43f,"Ir. Mujur Hastuti, S.H.",Fine artist,UD Saefullah Tbk,Kalimantan Utara
2f2c8ddf,Sabri Wacana,International aid/development worker,PD Nainggolan Nasyiah,Sulawesi Selatan
80a22962,Sutan Dasa Andriani,Air broker,UD Farida Tbk,Sumatera Utara
19a5004e,Nurul Prasetyo,Audiological scientist,PD Suwarno Tbk,Maluku
103bf170,Jumari Tampubolon,Newspaper journalist,CV Prasetyo (Persero) Tbk,Jawa Barat
6cea1ac2,"Prasetyo Winarno, S.Ked","Psychologist, sport and exercise",Perum Astuti Suryono (Persero) Tbk,Kepulauan Riau
4fb16a51,Rahmi Mardhiyah,Materials engineer,Perum Sitompul Tbk,Gorontalo
46cb772f,Saiful Hutapea,Solicitor,PD Handayani Hutagalung Tbk,Kepulauan Bangka Belitung
222f13d7,Ciaobella Rahimah,"Engineer, civil (consulting)",UD Maulana (Persero) Tbk,Jawa Tengah
8ac60f4d,Cawisadi Pranowo,Industrial/product designer,CV Pangestu Siregar,Sulawesi Selatan
096a762d,"T. Wisnu Yuniar, M.TI.",Insurance risk surveyor,CV Sitorus,Gorontalo
79020b42,Ir. Vanya Haryanti,Museum/gallery conservator,CV Agustina Laksmiwati Tbk,Papua Barat
18cad189,"Hj. Lili Suryono, M.Ak",Child psychotherapist,CV Kusumo Mahendra,Sulawesi Tenggara
6f94860a,Kasusra Aryani,"Conservator, museum/gallery",Perum Mahendra (Persero) Tbk,Sumatera Selatan
c66388e3,"Lantar Tamba, S.H.",Recruitment consultant,PT Yolanda Hasanah (Persero) Tbk,Kepulauan Bangka Belitung
8e7ca254,"Kurnia Latupono, M.TI.",Biomedical scientist,PD Manullang Iswahyudi,Jawa Barat
90b9715a,Karma Suryono,Town planner,CV Wibisono (Persero) Tbk,Kepulauan Bangka Belitung
dc16a432,Patricia Pertiwi,Occupational psychologist,CV Manullang Tbk,Kepulauan Bangka Belitung
95ad9104,"Zizi Prabowo, S.Farm",Commissioning editor,PD Megantara Mustofa (Persero) Tbk,Bali
d50f8b33,T. Irsad Anggraini,"Sound technician, broadcasting/film/video",Perum Safitri (Persero) Tbk,Kalimantan Selatan
bfeaaa26,"KH. Gandi Namaga, S.Gz","Geologist, wellsite",CV Sihotang Suwarno,Kepulauan Riau
dea490a4,"Nasrullah Tarihoran, S.Sos",Dramatherapist,CV Hariyah Nainggolan,Sumatera Selatan
f3da3c5f,Gamblang Hassanah,Systems developer,PD Uwais Tbk,Bali
d42446a0,Puji Budiyanto,"Therapist, speech and language",Perum Agustina,Kepulauan Riau
ec5bda4a,"Dr. Mumpuni Narpati, M.Farm",Operational researcher,CV Mansur (Persero) Tbk,Jawa Tengah
774eed91,Ulva Setiawan,Company secretary,Perum Wijayanti (Persero) Tbk,Kalimantan Barat
1298bcb4,Irsad Hariyah,"Radiographer, therapeutic",PT Purnawati Mahendra Tbk,Maluku
bc273243,Melinda Rahmawati,Accommodation manager,PT Prabowo,DI Yogyakarta
0de32eb3,Nova Tamba,Environmental education officer,PT Siregar Wibowo (Persero) Tbk,Kalimantan Timur
9c30bff8,dr. Estiono Hutapea,"Engineer, structural",UD Januar (Persero) Tbk,Lampung
1d0d6048,Maras Yolanda,"Production assistant, television",PT Wibisono Pratiwi,Kalimantan Tengah
19f74f5f,Darijan Thamrin,Logistics and distribution manager,UD Siregar,Jawa Tengah
5594d6e6,Fathonah Oktaviani,"Scientist, research (medical)",Perum Sihombing Mandasari,Sulawesi Tengah
96d91792,Anastasia Budiyanto,Licensed conveyancer,CV Novitasari Tbk,Kalimantan Tengah
ec1ec965,Lintang Suryono,Audiological scientist,CV Jailani Wasita Tbk,Jawa Tengah
bae0af62,"Vanesa Nainggolan, S.Psi","Engineer, land",CV Hartati,Sulawesi Utara
a57e2eaf,Asirwanda Tamba,Colour technologist,Perum Dongoran Tbk,Kalimantan Barat
d0ca26c5,Natalia Uwais,"Nurse, mental health",PT Mangunsong Rahmawati,Bali
8d0973e0,Puspa Rahimah,Personal assistant,PT Prasasta Sinaga (Persero) Tbk,Sumatera Utara
ba5f7231,Usyi Kusmawati,Risk manager,Perum Waskita Lazuardi,Sumatera Selatan
62c1ebcb,R. Ayu Oktaviani,Public house manager,UD Hutasoit Wastuti (Persero) Tbk,Sumatera Barat
80e8a80d,Estiono Farida,Naval architect,PT Pratama,Gorontalo
bb1f6fb7,Yulia Siregar,"Engineer, biomedical",PT Firmansyah,Kalimantan Timur
9f33b39d,Lintang Sinaga,Architectural technologist,CV Maheswara Firmansyah (Persero) Tbk,Kalimantan Utara
9f90f67a,"Dt. Galih Nainggolan, S.Sos",Retail buyer,PD Permata (Persero) Tbk,Kalimantan Tengah
47901d02,Kambali Sihotang,Publishing copy,PT Sitompul Tbk,Sulawesi Utara
6fa534d7,Nadia Saragih,Teaching laboratory technician,CV Januar Nugroho (Persero) Tbk,Jambi
ba7d74f2,dr. Pangestu Prabowo,Art gallery manager,UD Prasasta,Papua
c6ea7047,Banawi Hartati,Careers information officer,CV Rahmawati Suartini Tbk,Bengkulu
c0f5c159,Ulya Sihombing,Art therapist,Perum Kusumo Tbk,Papua Barat
70448e6a,Jatmiko Sinaga,Field seismologist,PD Jailani Anggraini,Riau
7fd52df5,Ikhsan Widodo,Occupational therapist,UD Damanik,Riau
2031ecb2,"Rafi Wibisono, S.Pd",Financial risk analyst,PT Usamah Wastuti,DI Yogyakarta
82023b15,Elvina Handayani,Market researcher,PD Maulana Tbk,Jambi
e764a4fa,Diah Jailani,"Psychologist, clinical",UD Hakim,Papua Barat
cecbb3d1,"Rudi Damanik, S.E.I","Designer, interior/spatial",Perum Prasetya (Persero) Tbk,Maluku Utara
312d443d,"Ir. Hamima Nasyidah, S.Ked","Surveyor, minerals",PD Purwanti,Gorontalo
59902260,"Pranata Rahimah, S.T.",Mining engineer,Perum Suryono Pertiwi (Persero) Tbk,Nusa Tenggara Barat
f7ef4ce5,drg. Padma Mulyani,"Producer, radio",UD Suryatmi,Sulawesi Tengah
0f3e3714,Fathonah Prasasta,Publishing copy,CV Pranowo (Persero) Tbk,Bengkulu
efb85c17,drg. Eli Yulianti,Camera operator,UD Nasyidah Utama,Papua Barat
397b35bd,Reksa Usamah,"Radiographer, diagnostic",UD Dabukke Zulkarnain,Bengkulu
816660a7,Kenari Purwanti,Public affairs consultant,Perum Wulandari Wasita,Bengkulu
c261a2b3,"R. Zalindra Oktaviani, M.TI.",Corporate investment banker,Perum Yuniar Siregar (Persero) Tbk,Sulawesi Selatan
eacf3623,Endah Susanti,Pharmacologist,UD Kusmawati,Kalimantan Utara
57dba04a,Ir. Kania Anggraini,Soil scientist,UD Sihombing,Kalimantan Selatan
631f8993,Puti Salimah Wibisono,Energy manager,CV Samosir (Persero) Tbk,Sulawesi Barat
1fd39a77,Kacung Thamrin,Health and safety adviser,PD Irawan Tbk,Papua
791cd231,R.A. Sakura Saputra,"Programmer, applications",UD Halim Tbk,Sumatera Utara
97f619a7,KH. Irwan Hutagalung,Data scientist,PD Hutasoit Tbk,Lampung
567ab76a,Ratna Wasita,Intelligence analyst,PD Simbolon Pratama,Sulawesi Barat
6b6a9daf,Najwa Haryanti,Senior tax professional/tax inspector,PT Wijaya Saefullah,Gorontalo
227d10bd,Sari Dabukke,Technical sales engineer,PD Wahyudin Habibi,Maluku Utara
589ba941,Asmianto Suryatmi,Gaffer,PT Suartini Hardiansyah,Sumatera Selatan
1f5a9c1a,Teguh Novitasari,Fine artist,PD Kusumo Kurniawan,DKI Jakarta
f8a3c77f,"Ir. Zizi Widodo, S.Pt","Scientist, marine",UD Rahmawati Simanjuntak (Persero) Tbk,Banten
89ce1cd1,Mumpuni Nashiruddin,Information officer,CV Mansur Tbk,Kalimantan Timur
4865e179,Yono Haryanto,Actor,PT Palastri Lestari (Persero) Tbk,Kalimantan Tengah
b2307acb,"Akarsana Namaga, M.Kom.",Product designer,UD Napitupulu Irawan (Persero) Tbk,DI Yogyakarta
4c34e6b3,Artanto Mulyani,"Programmer, multimedia",UD Kurniawan,Papua
0965183d,Zamira Ardianto,"Administrator, local government",PD Saputra Pradana,Kalimantan Tengah
b03278d3,Wawan Wahyudin,Health visitor,PD Wastuti (Persero) Tbk,Maluku
fe30b683,dr. Juli Halim,"Scientist, research (physical sciences)",CV Utama,Kalimantan Tengah
e3aaf803,"Yusuf Nasyidah, M.TI.",Charity fundraiser,CV Rajata (Persero) Tbk,Maluku Utara
75e3b37e,Dadap Uwais,Theme park manager,CV Uyainah Tbk,Sulawesi Utara
2700a46c,Rahmi Gunarto,"Teacher, primary school",UD Iswahyudi Tbk,Sumatera Selatan
617b2580,Chelsea Tamba,Recycling officer,PD Wibisono,Nusa Tenggara Timur
3a7cc378,"drg. Ivan Mandasari, S.Sos",Freight forwarder,CV Permadi Permata,Sulawesi Barat
56b67856,Kala Iswahyudi,Operational investment banker,PT Haryanto,Kalimantan Timur
1fce4559,Nova Wijayanti,"Psychologist, educational",PT Marbun Habibi Tbk,Sulawesi Selatan
44012b08,Danang Prayoga,Sales promotion account executive,Perum Sudiati Ramadan,Sumatera Utara
4cebbcf8,dr. Asirwada Mardhiyah,"Therapist, speech and language",UD Rahimah Prasetyo,Bengkulu
c14b2176,Putri Suwarno,Psychotherapist,Perum Irawan,Lampung
92fb3e9a,Ulva Hutagalung,"Civil engineer, contracting",CV Suryatmi Natsir,Lampung
030769a6,Drs. Dodo Usada,Civil Service fast streamer,UD Marpaung Farida,Lampung
4abc3466,Lidya Saragih,Outdoor activities/education manager,UD Namaga Tbk,Sulawesi Tengah
522b4113,"Tgk. Laras Wulandari, S.Farm",Clinical biochemist,CV Marbun Tbk,Maluku Utara
8103c9eb,Aisyah Wahyudin,"Accountant, chartered",PT Hartati Yolanda,Nusa Tenggara Timur
ec2f74a3,Simon Aryani,"Designer, ceramics/pottery",UD Pradana,Jambi
14527b9b,KH. Gangsar Anggraini,"Engineer, site",PT Zulaika (Persero) Tbk,Aceh
92861c75,Aisyah Pangestu,Radio producer,PD Sihotang Damanik,Jambi
39a01fce,"Genta Wijaya, S.Gz","Designer, multimedia",CV Waskita,Kalimantan Utara
fc9249be,"Dr. Cager Wacana, S.T.",Probation officer,UD Mansur,Kalimantan Selatan
16c96a61,"Drs. Surya Megantara, S.E.I","Nurse, adult",PT Halim,Sumatera Barat
5d1f8f78,"R.A. Hani Nashiruddin, M.Kom.","Horticulturist, amenity",Perum Maheswara Padmasari Tbk,Jambi
d02af7f1,Vanya Sirait,Purchasing manager,Perum Palastri Maryati,Sulawesi Tengah
9ba7e34b,"Drs. Opan Laksmiwati, S.Ked",Quality manager,UD Melani Nasyiah,Sulawesi Tenggara
a59e276b,Kartika Adriansyah,Clinical psychologist,PT Pradana Prastuti Tbk,Sulawesi Tengah
3bf415c2,Drs. Kezia Pratama,Retail merchandiser,PT Prasetyo,Riau
60c9f5c3,Ratna Iswahyudi,Control and instrumentation engineer,CV Mandasari Yolanda (Persero) Tbk,Riau
e39516eb,Gasti Suwarno,"Psychologist, occupational",CV Permadi Laksmiwati,Nusa Tenggara Timur
02a13252,Atma Puspasari,"Geneticist, molecular",CV Hidayanto (Persero) Tbk,Sulawesi Selatan
34d7abe0,Ilyas Rahimah,Race relations officer,PT Maryati Ardianto (Persero) Tbk,Kepulauan Riau
5df24a71,Tina Dongoran,Conference centre manager,UD Laksmiwati Tamba (Persero) Tbk,Maluku
7653bd12,"KH. Hendri Prasasta, M.Farm","Investment banker, operational",Perum Susanti Tbk,Gorontalo
fa80165c,"R. Jagaraga Setiawan, S.Kom",Air broker,UD Sihombing Saragih Tbk,Bengkulu
5e88d70f,"Budi Widiastuti, S.Farm",Print production planner,Perum Utami Tbk,Jawa Barat
7ccc3adc,Latika Uyainah,Television floor manager,PD Sitorus Pradana,Sulawesi Tengah
4267c52e,KH. Embuh Prakasa,Company secretary,UD Yulianti,Kalimantan Selatan
22eb7c36,Maya Iswahyudi,Arts development officer,Perum Salahudin Tbk,Kalimantan Timur
8b9365d7,Hj. Ina Sihombing,Magazine journalist,Perum Farida (Persero) Tbk,DKI Jakarta
88bf02f9,Sabar Pradipta,Financial manager,PD Suryono Putra,Kepulauan Bangka Belitung
3bc29f4a,"Ina Nuraini, M.Pd",Tax inspector,PT Setiawan,Kalimantan Timur
767315a0,"KH. Nasrullah Namaga, S.I.Kom",Financial manager,CV Sihombing Namaga Tbk,Kepulauan Bangka Belitung
d01941fe,Wira Wahyudin,Building control surveyor,CV Napitupulu,Sulawesi Tenggara
96ae64e7,Hamima Irawan,Neurosurgeon,PD Situmorang (Persero) Tbk,Jambi
3e75bc91,"Padmi Pratama, S.E.","Merchandiser, retail",PT Januar (Persero) Tbk,Sulawesi Tenggara
41c034cc,Genta Rahmawati,Magazine journalist,UD Nashiruddin (Persero) Tbk,Sulawesi Utara
6b06c83a,Oliva Safitri,Diagnostic radiographer,UD Waskita Situmorang,Maluku
efbe813e,Zelaya Januar,Immigration officer,UD Pudjiastuti,Kalimantan Tengah
509ffb34,Sutan Balangga Wahyuni,Exercise physiologist,PT Lazuardi (Persero) Tbk,Aceh
9c95a564,Wahyu Tamba,Systems developer,CV Waskita Tbk,Nusa Tenggara Timur
2c088769,Betania Najmudin,Television/film/video producer,PD Hasanah Simbolon (Persero) Tbk,Lampung
246e6b46,"Cut Sarah Yolanda, S.IP",Food technologist,Perum Manullang Suartini,Banten
3f69c1d7,Cut Yunita Mansur,Writer,UD Tamba Sihombing Tbk,Nusa Tenggara Barat
364079a3,Julia Januar,"Presenter, broadcasting",PD Anggriawan (Persero) Tbk,Kepulauan Bangka Belitung
743f09b8,Mahmud Damanik,Research scientist (life sciences),Perum Prabowo Nasyiah,Sumatera Selatan
edffce5b,"Lurhur Lestari, M.Pd","Designer, furniture",Perum Uwais (Persero) Tbk,Bengkulu
bf782a07,Yunita Wahyuni,"Lighting technician, broadcasting/film/video",UD Dongoran (Persero) Tbk,Nusa Tenggara Barat
fa186b71,Diah Pratiwi,Clinical cytogeneticist,Perum Hutagalung (Persero) Tbk,Kalimantan Timur
71a21456,"R. Siti Pranowo, M.Kom.",Licensed conveyancer,CV Mardhiyah Tbk,Kalimantan Utara
a8702810,"Bella Prasetya, S.Sos","Engineer, biomedical",CV Kurniawan Mangunsong (Persero) Tbk,Maluku
a9d77fa9,Harja Saragih,Equality and diversity officer,UD Wibowo Pradipta,Sumatera Utara
4cfe8d7c,Ibrahim Maheswara,Research scientist (physical sciences),PD Suartini Usada Tbk,Nusa Tenggara Barat
285d2fd8,Among Haryanto,Radio broadcast assistant,PT Saefullah Kusumo Tbk,Sulawesi Tenggara
686951aa,"Cut Cinthia Nashiruddin, M.M.",Set designer,PT Nashiruddin,Gorontalo
006d0427,"Artawan Wijaya, S.IP",Writer,Perum Suryono (Persero) Tbk,Jawa Barat
543ba4ae,Kasiyah Pranowo,Insurance account manager,Perum Yolanda (Persero) Tbk,Papua Barat
95e1d5d0,"Luwes Manullang, S.I.Kom",Secretary/administrator,Perum Anggriawan Waluyo Tbk,Sulawesi Tenggara
ad18882d,"Dt. Jinawi Gunarto, M.TI.",Theatre manager,CV Kuswandari,Lampung
0d38af97,"drg. Salsabila Lazuardi, M.Farm",Tree surgeon,CV Irawan (Persero) Tbk,Jambi
fd36c067,"Sutan Hasta Anggriawan, S.I.Kom",Media buyer,PT Riyanti Permadi Tbk,Nusa Tenggara Timur
25ace57c,drg. Prayogo Marpaung,IT consultant,Perum Gunawan Tbk,Kalimantan Selatan
6a5c7fba,"R.M. Cakrawala Jailani, S.E.","Horticulturist, amenity",UD Dongoran (Persero) Tbk,Kalimantan Timur
5b93c50e,"Karya Suartini, S.H.","Designer, textile",Perum Mangunsong Nasyiah Tbk,DI Yogyakarta
ae5a3e2b,drg. Teddy Aryani,"Surveyor, minerals",PT Purwanti,Kepulauan Bangka Belitung
020d4b79,Ajeng Pratiwi,Curator,PD Pradana,Bali
9f44e349,Ami Sitorus,Solicitor,PT Rahmawati,Maluku
805163c9,drg. Sabrina Uyainah,Travel agency manager,UD Sirait,Aceh
2b1acf5f,Tgk. Ratna Rahimah,Theatre stage manager,UD Damanik,Kalimantan Barat
aaf29691,"Kamila Rahayu, S.Ked",Financial planner,Perum Winarno (Persero) Tbk,Banten
a0c3cd7a,drg. Siti Saragih,Computer games developer,PT Simbolon,Sulawesi Tenggara
249d5352,Bakiono Utami,Multimedia programmer,Perum Anggraini,Banten
298c7e53,Amalia Maryadi,"Scientist, water quality",PD Budiyanto Zulaika Tbk,Maluku Utara
7fa3ea70,"Puji Wulandari, S.I.Kom",Research scientist (maths),PD Permadi Permata,Sulawesi Tenggara
633ef2fa,Tina Rahayu,Travel agency manager,UD Nugroho Rahmawati (Persero) Tbk,Sumatera Utara
f9f01ee3,Tina Thamrin,Interpreter,UD Mayasari Marpaung Tbk,Nusa Tenggara Barat
73998699,Gamani Utami,Police officer,PD Hartati,Lampung
317ebdf9,Cinta Safitri,Commercial art gallery manager,Perum Kuswandari Tbk,Sulawesi Tengah
e8b00d0a,Lurhur Fujiati,Analytical chemist,PT Yolanda Nurdiyanti,DKI Jakarta
38f5d588,Legawa Fujiati,Osteopath,Perum Wastuti Pangestu Tbk,Bengkulu
2e79b043,"Yance Hidayanto, S.Pd","Development worker, community",Perum Siregar Nasyidah (Persero) Tbk,Maluku
d5f6a7fe,Sutan Arsipatra Hakim,Chiropodist,CV Yulianti Saptono Tbk,Nusa Tenggara Barat
8d612a6f,Cut Septi Wibowo,Air cabin crew,CV Yulianti,Nusa Tenggara Timur
76436d35,Kezia Adriansyah,Geophysical data processor,UD Permadi Budiyanto (Persero) Tbk,Kalimantan Barat
91aa91d7,dr. Farah Saputra,"Development worker, community",PT Nuraini Tbk,Kalimantan Barat
b52da137,"Drs. Bagus Halimah, M.TI.","Scientist, research (life sciences)",PD Situmorang Waluyo,Nusa Tenggara Barat
e136d96e,Maman Budiman,Counselling psychologist,UD Laksita (Persero) Tbk,Kepulauan Bangka Belitung
012a19c0,Raina Usamah,Archaeologist,Perum Prakasa Haryanti (Persero) Tbk,Sumatera Barat
29cbe442,Dian Napitupulu,"Engineer, chemical",UD Handayani Sihombing,Maluku
a867464c,Pangeran Hutasoit,Veterinary surgeon,CV Mangunsong Riyanti (Persero) Tbk,Bengkulu
68da64b6,Drajat Nababan,Chief Operating Officer,PD Hidayat Wacana Tbk,Kalimantan Utara
83e7168e,Margana Mulyani,Financial planner,PD Adriansyah,Bali
b24ccb39,Suci Sitompul,Advertising account executive,PD Nasyiah (Persero) Tbk,Nusa Tenggara Barat
aa6c491c,"Zaenab Waluyo, S.T.",Glass blower/designer,PD Hariyah,Sumatera Utara
482313a8,Tantri Handayani,"Geologist, wellsite",CV Pradana,DI Yogyakarta
6aa52a31,T. Prasetyo Setiawan,Haematologist,CV Winarsih (Persero) Tbk,Kepulauan Bangka Belitung
f1228fb6,"R.M. Yosef Wibisono, S.Pt","Therapist, music",PD Sirait Mustofa Tbk,Sulawesi Tenggara
0372cec6,Cawisadi Fujiati,"Biochemist, clinical",PT Sirait Tbk,Riau
f19757fc,Betania Pranowo,Product manager,PT Pangestu,Maluku
355a5ce1,Karsana Hakim,"Designer, furniture",CV Pangestu Dongoran Tbk,Riau
03acdadb,"Dr. Mila Wijayanti, S.Pt","Pharmacist, hospital",PD Maryati Santoso (Persero) Tbk,Banten
b9d5f515,Bakianto Maulana,Writer,CV Marpaung Simbolon Tbk,Sumatera Barat
1800054f,"Lutfan Laksmiwati, S.Ked",Legal executive,CV Situmorang Prasetyo,Sumatera Barat
58943fc9,"drg. Luthfi Purwanti, S.Pd","Designer, ceramics/pottery",PT Purwanti (Persero) Tbk,Kalimantan Utara
efac89f8,T. Asirwada Waskita,"Accountant, chartered certified",PD Rahimah,Kepulauan Bangka Belitung
59fdbac5,Nurul Handayani,Equality and diversity officer,CV Lailasari (Persero) Tbk,Riau
946694d8,Jaya Wastuti,Optometrist,UD Riyanti Setiawan (Persero) Tbk,Jambi
35dbfa0a,Dimas Firgantoro,Ecologist,PD Winarsih,Papua
5e37f4b2,"Galang Rahmawati, S.Gz",Paediatric nurse,UD Yulianti (Persero) Tbk,Sulawesi Selatan
53009ddb,"Faizah Wibisono, S.Ked","Surveyor, minerals",CV Uyainah Sihombing,Maluku
9f808e6a,Najib Waluyo,Company secretary,CV Wibisono (Persero) Tbk,Kepulauan Bangka Belitung
86c58df4,"Citra Hutapea, S.Kom",Diagnostic radiographer,Perum Nugroho Anggraini,Jawa Barat
638c1a3b,"Drs. Ihsan Rajata, S.Pd","Designer, interior/spatial",CV Haryanto,DKI Jakarta
349addf2,Uchita Siregar,"Surveyor, building",PD Adriansyah,Jawa Barat
68086e98,Lalita Saputra,"Restaurant manager, fast food",PT Mandala Salahudin Tbk,Sulawesi Tenggara
5c0d59d8,Kania Nurdiyanti,Acupuncturist,Perum Mulyani Laksita (Persero) Tbk,Bengkulu
65bb9120,Hj. Fitria Kusmawati,Community development worker,Perum Firmansyah Fujiati Tbk,Sumatera Barat
4442922e,Irma Prasetyo,Landscape architect,PD Fujiati,Sumatera Selatan
cead17f1,Eli Haryanti,"Horticulturist, amenity",PD Kuswandari,Sulawesi Tenggara
65dff630,Cemani Oktaviani,Market researcher,UD Wijayanti (Persero) Tbk,Riau
d451d446,Titin Nurdiyanti,Product/process development scientist,PT Halimah Wacana,Sulawesi Selatan
96389b51,"Winda Gunarto, M.Kom.",Chief Strategy Officer,PD Mulyani Yuliarti,Papua Barat
e9df4087,Belinda Pangestu,"Nurse, children's",PD Hakim Tbk,Jawa Barat
47a031f9,"R. Hasim Permata, M.Pd",Multimedia specialist,Perum Marpaung Haryanti Tbk,Kepulauan Bangka Belitung
7fd92820,Lukman Kusmawati,"Engineer, site",PD Najmudin Nasyiah,Papua
3e789f5c,Kawaya Widiastuti,"Designer, exhibition/display",PT Sirait Nasyiah,Nusa Tenggara Timur
c66fcca7,Kartika Wasita,"Teacher, music",CV Permadi Tbk,Sulawesi Barat
9027d719,Yani Irawan,Biomedical scientist,CV Andriani (Persero) Tbk,Sulawesi Selatan
81c8ee93,Dina Wulandari,"Runner, broadcasting/film/video",PD Suartini Laksmiwati Tbk,Sumatera Barat
98ea2da4,Cici Firgantoro,Multimedia specialist,CV Sihotang,Banten
4535f173,Kamidin Tamba,Systems developer,PT Nababan Firmansyah (Persero) Tbk,Maluku Utara
443e8b6d,Gara Palastri,"Psychologist, prison and probation services",Perum Waskita Putra (Persero) Tbk,Jawa Timur
e9374592,Okta Saefullah,"Psychologist, prison and probation services",CV Kuswoyo,Maluku Utara
29a98624,Prabawa Zulaika,"Scientist, clinical (histocompatibility and immunogenetics)",PD Yuliarti,Sulawesi Selatan
b5c82572,R.M. Gangsar Hutasoit,Armed forces technical officer,UD Napitupulu,Sumatera Utara
665966ff,drg. Dina Halim,Estate manager/land agent,CV Farida (Persero) Tbk,Bali
26631112,Dt. Simon Laksmiwati,Building surveyor,CV Suryono Sitompul,Maluku Utara
38e6cffa,"Taswir Usada, S.Pd","Designer, interior/spatial",UD Prasasta Tbk,Gorontalo
629367d7,Maria Hassanah,Learning mentor,PD Rahayu Kusumo,Bengkulu
d8f35a75,Silvia Suryono,Analytical chemist,UD Budiman,Aceh
6b9cf05e,Raden Salahudin,Counsellor,CV Damanik,Sulawesi Tengah
d5738b65,Amelia Rajasa,Warehouse manager,Perum Hariyah,Maluku
6f125f11,"Drs. Tirta Hariyah, M.M.","Surveyor, rural practice",PD Kuswoyo Dabukke (Persero) Tbk,DKI Jakarta
ed0b7283,"KH. Gaman Aryani, S.I.Kom",Marketing executive,UD Suartini Hasanah Tbk,Kalimantan Timur
a014294c,Siska Permata,Recycling officer,PD Najmudin Tbk,Papua Barat
7598fd39,Joko Zulaika,Fish farm manager,Perum Nasyiah Suartini,Jawa Barat
02b5ae45,Zulaikha Najmudin,Haematologist,PT Irawan,Maluku Utara
b1b7a967,"Syahrini Suartini, S.E.I",Historic buildings inspector/conservation officer,Perum Laksmiwati,Kepulauan Riau
2a947e07,Wasis Nuraini,"Administrator, charities/voluntary organisations",Perum Pratama Yulianti Tbk,Maluku Utara
8bb824f7,Pia Mardhiyah,Electrical engineer,Perum Saputra,Sulawesi Barat
3e6285ab,Dewi Mansur,Therapeutic radiographer,UD Purnawati Tbk,Sumatera Selatan
92105466,Eman Palastri,Risk analyst,UD Sirait Sihombing (Persero) Tbk,Sulawesi Utara
b63fb66b,Kezia Rahmawati,Retail banker,PD Wibisono,Riau
7745334b,H. Kawaya Widiastuti,Clothing/textile technologist,CV Gunawan Pratiwi Tbk,Kalimantan Utara
9be09bc1,Daniswara Prayoga,"Runner, broadcasting/film/video",CV Nugroho Widiastuti (Persero) Tbk,Sulawesi Barat
39858c6c,"dr. Galiono Utami, S.Sos",Multimedia programmer,PD Nuraini Irawan Tbk,Sumatera Utara
c2a13989,Warsa Suartini,Geophysicist/field seismologist,CV Tarihoran Habibi (Persero) Tbk,DI Yogyakarta
e1c63fcb,Dt. Ajiono Astuti,Osteopath,CV Tampubolon,DI Yogyakarta
530f711f,Erik Hidayat,"Copywriter, advertising",PT Hakim Rahmawati (Persero) Tbk,Kalimantan Utara
b0e24f34,R.A. Almira Utami,"Psychologist, clinical",PT Wijayanti (Persero) Tbk,Sulawesi Tenggara
05f5235d,"Putri Simanjuntak, S.Sos",Legal secretary,CV Simbolon,Bengkulu
829bc729,"R. Galih Handayani, M.TI.","Civil engineer, consulting",PD Mahendra Rahayu Tbk,Kalimantan Barat
156e11e9,"Dr. Kenzie Hariyah, S.T.",Production manager,PT Namaga Habibi,Papua
d3b8f815,Prayogo Mandala,Warehouse manager,Perum Andriani,Sulawesi Utara
46d5cfe1,Ayu Wijayanti,"Surveyor, commercial/residential",Perum Oktaviani (Persero) Tbk,Nusa Tenggara Barat
aec82cb3,Viktor Winarsih,"Psychotherapist, child",PD Puspita Halimah (Persero) Tbk,Sumatera Utara
6b683520,Yance Dongoran,Technical author,PD Usada Purwanti,Banten
7a26dab9,"Naradi Rajata, M.TI.","Therapist, drama",Perum Hakim Tbk,Gorontalo
40167274,Dina Kusmawati,Contracting civil engineer,UD Lazuardi Tbk,Riau
06e0159b,R.A. Almira Samosir,Primary school teacher,CV Manullang,Sulawesi Tenggara
8372f7b2,"Dr. Salwa Simanjuntak, M.M.",Waste management officer,UD Mulyani Puspasari,Lampung
362f068d,Baktiono Widodo,Electrical engineer,CV Firgantoro,Bali
efc769d1,Yani Latupono,"Conservator, furniture",PD Wasita,Sulawesi Tenggara
8aa7f9a3,"Yani Firmansyah, S.Farm","Social research officer, government",PT Nuraini Mandasari Tbk,Jawa Timur
875dd26f,Bakiadi Manullang,Hospital doctor,CV Iswahyudi Sihombing Tbk,Sulawesi Tengah
f5d5e64b,"Jamalia Pranowo, S.Kom",Drilling engineer,PD Nasyidah Marpaung Tbk,Jawa Timur
415c0302,Kunthara Prasetya,Sports coach,UD Wijaya Firgantoro Tbk,Kalimantan Utara
dc4ca6ec,Ami Rahayu,Microbiologist,Perum Waskita Nababan,Jawa Timur
4d2d71c7,drg. Hilda Setiawan,Sports coach,UD Suryatmi Hartati,Sumatera Selatan
df8bfd19,Putri Napitupulu,"Scientist, research (medical)",Perum Hidayanto Suryatmi,Kalimantan Timur
84071519,"Damu Siregar, S.Pd",Accounting technician,PT Rajasa,Sulawesi Barat
f5102cd3,Nadia Prabowo,Restaurant manager,PT Napitupulu,Sulawesi Tenggara
d6f95b8b,Tgk. Lala Tarihoran,Bookseller,PD Susanti Pradipta,Banten
fcc52f0c,"drg. Jasmani Kurniawan, S.Farm","Psychologist, forensic",PT Nurdiyanti Pranowo,DI Yogyakarta
06d11120,Cornelia Napitupulu,Primary school teacher,UD Sudiati Tbk,Sumatera Utara
6b237530,Drs. Malika Melani,Audiological scientist,CV Andriani,Sumatera Selatan
c08eff65,Dalima Lazuardi,Historic buildings inspector/conservation officer,PT Kusumo Dabukke,Jambi
64fe6cac,dr. Galar Rahayu,Mudlogger,UD Widiastuti,DI Yogyakarta
02e7d749,Latika Widiastuti,"Journalist, broadcasting",CV Simbolon,Kalimantan Utara
a700003b,Citra Najmudin,Solicitor,UD Riyanti,Jawa Timur
2979d4d4,Asirwanda Maheswara,Environmental education officer,CV Irawan Tbk,Jawa Tengah
3f4c470f,"Ganjaran Hidayanto, S.I.Kom",Retail merchandiser,Perum Prabowo,Nusa Tenggara Timur
d30594c2,Heryanto Handayani,Illustrator,Perum Lailasari Pratama Tbk,Bali
4fd8cee6,R. Prabu Haryanto,Operational researcher,Perum Haryanto Haryanti Tbk,Riau
bfb64e49,Ridwan Rajata,"Scientist, forensic",Perum Mulyani (Persero) Tbk,Aceh
005b0ae9,Eva Kuswoyo,Dramatherapist,PT Prakasa Fujiati (Persero) Tbk,Sumatera Barat
efde47f2,Ir. Padmi Nashiruddin,Building control surveyor,PD Palastri Nasyiah,Jawa Barat
8c02e147,Estiawan Saragih,Energy manager,PD Utami Namaga (Persero) Tbk,Gorontalo
42f1f2c0,Tania Winarsih,Building services engineer,PD Maulana Farida (Persero) Tbk,Maluku
dc6186de,Dr. Indra Lailasari,Paramedic,Perum Siregar Salahudin,Kepulauan Riau
39a8528c,"Naradi Marpaung, S.Pt",Environmental manager,UD Lailasari Saefullah,Kalimantan Tengah
a6eb961c,Ilsa Lazuardi,"Horticulturist, commercial",PD Padmasari Nugroho,Kalimantan Utara
5b091e22,Bakiadi Namaga,Animal technologist,PD Mahendra Saragih,Kepulauan Riau
f0c55677,Hasta Prastuti,Petroleum engineer,CV Marpaung Hutapea (Persero) Tbk,Kalimantan Barat
3dcffae8,Gina Damanik,Forest/woodland manager,Perum Mulyani,Kalimantan Barat
daa77f51,"Muhammad Ramadan, S.T.","Librarian, academic",UD Hidayat (Persero) Tbk,Bali
5c1f7d29,"Fathonah Sihombing, M.Kom.","Accountant, chartered management",UD Anggriawan Suartini Tbk,Sumatera Selatan
54c259ce,"Candra Saragih, S.Gz",Museum/gallery curator,PD Prastuti Tbk,Riau
04fe98e9,Ibun Pradana,Public relations account executive,Perum Kuswoyo,Kalimantan Tengah
5163b5f9,R. Indah Hastuti,Information officer,Perum Mahendra Permadi Tbk,Lampung
27eb4f99,"R. Kadir Farida, S.IP",Toxicologist,CV Uyainah,Papua Barat
6f72d078,Karsa Saptono,Management consultant,Perum Wacana Utama Tbk,Jawa Timur
854f5102,Prakosa Simanjuntak,Conference centre manager,UD Rahimah Widodo,Jawa Timur
9727587a,R. Dalima Santoso,"Administrator, local government",UD Sitorus Ramadan (Persero) Tbk,Gorontalo
27a2cc4d,Violet Marbun,Corporate investment banker,PD Anggraini,Sumatera Selatan
acab944b,Nadia Januar,"Designer, furniture",Perum Pratiwi Widodo,Maluku Utara
03ad6663,Ajiono Lazuardi,Operational investment banker,UD Utama Mandasari,Maluku
bb7f5e77,Nardi Dongoran,Electronics engineer,Perum Santoso Puspasari (Persero) Tbk,Jawa Timur
d9d48f74,Zulaikha Mulyani,"Accountant, chartered",CV Siregar Firmansyah,Sulawesi Tenggara
a02b3cb6,Bajragin Melani,"Production designer, theatre/television/film",CV Prasasta Nuraini (Persero) Tbk,Lampung
74b420c6,"Dr. Shakila Hassanah, S.Kom","Engineer, mining",PD Maulana (Persero) Tbk,Kepulauan Riau
cc901880,Kairav Yuliarti,Sub,CV Prasetya Prakasa (Persero) Tbk,Sulawesi Selatan
c5902639,Erik Suryono,"Scientist, product/process development",UD Latupono,Nusa Tenggara Timur
5cb8afc7,Karta Iswahyudi,"Engineer, biomedical",Perum Sudiati,Maluku Utara
38d97346,"Harto Habibi, S.Pd",Clinical biochemist,PD Januar (Persero) Tbk,DKI Jakarta
14905c3b,"Dr. Daniswara Utama, S.Ked","Engineer, technical sales",PT Marpaung,Kepulauan Riau
34396d52,"R.M. Vino Sihombing, S.Kom","Designer, exhibition/display",Perum Lazuardi (Persero) Tbk,Jawa Barat
b3ce3294,dr. Kenari Yuniar,Hydrographic surveyor,CV Utama Prasetya (Persero) Tbk,Papua
6b135792,R.A. Betania Haryanti,Secretary/administrator,CV Andriani Tbk,Kepulauan Bangka Belitung
8ea05f96,"Puji Lestari, S.Sos",Advertising art director,PT Situmorang Maheswara (Persero) Tbk,Sumatera Barat
4d5deac9,Tgk. Fitria Adriansyah,Administrator,PD Sitorus Tbk,Papua
1bd8297f,Salimah Santoso,Operations geologist,PT Iswahyudi,Bengkulu
0678587c,"Jatmiko Maryadi, S.IP",Dispensing optician,Perum Maheswara Latupono Tbk,Kepulauan Riau
95069d68,R. Jelita Samosir,Armed forces training and education officer,Perum Thamrin Widiastuti,Jawa Timur
3909d312,"Cinta Situmorang, M.Ak",Naval architect,PT Sinaga Megantara,Papua
1c1ffb61,"R. Raisa Anggraini, S.Farm","Engineer, water",PD Agustina,Riau
7616ca7e,Natalia Hariyah,Herbalist,CV Saputra,Papua
82dd28b3,H. Jamil Haryanti,Public relations account executive,CV Prabowo Damanik,Kalimantan Selatan
0a0bbc63,"Rama Kuswoyo, S.Sos",Youth worker,PT Uyainah Tbk,Maluku Utara
7164e273,"T. Indra Sitorus, S.Psi",Microbiologist,CV Marbun,Sumatera Utara
fc62c7ba,Nadia Prasetya,"Radiographer, therapeutic",PT Melani Nurdiyanti,Jawa Tengah
d4bfa519,Diah Winarsih,Education administrator,PD Prakasa Tbk,DI Yogyakarta
149677c6,Sutan Mulya Damanik,"Secretary, company",PD Purnawati Permadi,Kalimantan Barat
dc52d706,Jaka Wibowo,Learning disability nurse,PT Putra Wastuti Tbk,Sulawesi Barat
f6cd575b,"Ir. Dasa Novitasari, S.Farm",Set designer,UD Mulyani (Persero) Tbk,Nusa Tenggara Barat
e073957e,"Salimah Hastuti, S.Pt","Horticulturist, commercial",CV Nainggolan,Maluku Utara
8b83eab5,Cornelia Pudjiastuti,Adult guidance worker,Perum Sihotang (Persero) Tbk,Kalimantan Barat
402059da,Vicky Wijaya,Soil scientist,Perum Sitorus,Jawa Tengah
42c52fc6,Dt. Tri Sitompul,Recycling officer,UD Mardhiyah,Kalimantan Utara
459aeb7f,Danu Prasetya,Music therapist,PD Rajata Wibisono (Persero) Tbk,Bali
cac3a8a1,Icha Kuswandari,Passenger transport manager,UD Santoso,Kepulauan Bangka Belitung
64c8ada8,"Tgk. Kemal Tampubolon, M.Ak","Engineer, mining",Perum Anggriawan Tbk,Lampung
169bf19a,Setya Winarno,"Engineer, technical sales",CV Halim (Persero) Tbk,Jambi
67466f60,"Hj. Salwa Hariyah, M.Kom.","Development worker, international aid",CV Pangestu,Aceh
4df077dc,Harjasa Maryadi,"Editor, film/video",PT Situmorang Wijaya,Kalimantan Timur
e73cb892,"drg. Novi Winarsih, M.Kom.",Multimedia specialist,PD Namaga,Kalimantan Barat
7f5946e6,R.A. Sari Hidayanto,Leisure centre manager,UD Simbolon Hidayanto,Papua
fc11516c,Salimah Nababan,Archivist,Perum Suryatmi Yulianti (Persero) Tbk,Nusa Tenggara Barat
4a635330,Elisa Firgantoro,Jewellery designer,CV Anggriawan,Kepulauan Riau
5cccf208,Zamira Aryani,Child psychotherapist,CV Wulandari,Aceh
77671104,"Novi Situmorang, M.Ak",Archivist,PD Wasita Handayani (Persero) Tbk,Sulawesi Tenggara
0e7cb328,Muhammad Melani,Translator,PD Sihotang Megantara (Persero) Tbk,Jawa Timur
5ef4a11a,Halim Sitorus,"Designer, industrial/product",CV Kurniawan,Nusa Tenggara Barat
36b9a05d,"Balidin Agustina, S.Kom",Management consultant,PD Nugroho Tbk,DI Yogyakarta
67ef9169,Usyi Sinaga,Estate manager/land agent,CV Suryatmi,Sumatera Utara
23d6cea9,Rina Megantara,Technical brewer,UD Laksmiwati,Sulawesi Barat
42980332,Kamal Simbolon,Make,Perum Hutasoit Mansur Tbk,Sumatera Utara
9b8606bb,Hj. Eli Dongoran,"Pharmacist, hospital",PT Lestari Sudiati Tbk,Kalimantan Timur
fb88e740,Asman Jailani,"Engineer, communications",CV Prasetyo Pertiwi,Kepulauan Riau
79a53544,Tina Riyanti,"Horticulturist, amenity",CV Mangunsong,Kalimantan Barat
9256fe9d,Sutan Luis Adriansyah,"Education officer, museum",PT Zulkarnain,Kepulauan Bangka Belitung
8000aa7d,Capa Wacana,Media buyer,CV Susanti Thamrin Tbk,Kalimantan Tengah
9ccd25d8,"Artanto Rahmawati, S.Psi",Theatre stage manager,CV Suryono Najmudin,Sulawesi Barat
9c718547,Farah Prabowo,Statistician,UD Halim Hariyah (Persero) Tbk,DKI Jakarta
472cc372,Najib Utama,Therapeutic radiographer,Perum Pudjiastuti,Riau
98f28515,"Raden Puspita, S.E.",General practice doctor,Perum Sihotang Tbk,Nusa Tenggara Timur
995cf350,Ir. Amalia Tarihoran,Public librarian,CV Jailani,Aceh
85683d09,Edi Pranowo,Holiday representative,Perum Simbolon,Sulawesi Utara
0dcf2d79,Anastasia Mardhiyah,Diplomatic Services operational officer,PT Maryati,Kalimantan Selatan
a8ca53c7,"Indah Hutasoit, S.Ked",Site engineer,CV Pratiwi (Persero) Tbk,Kalimantan Tengah
4e980c97,Legawa Simanjuntak,Chief of Staff,UD Pudjiastuti (Persero) Tbk,DKI Jakarta
4dc21193,Mumpuni Lazuardi,Paediatric nurse,PT Nainggolan Tbk,Sulawesi Selatan
35a6af20,Zulaikha Waluyo,Quality manager,PT Purwanti Pertiwi,Jambi
572840a7,"Tgk. Rahmat Farida, S.Farm",Immigration officer,Perum Uyainah Lazuardi (Persero) Tbk,Kalimantan Barat
c490c79b,Galih Pudjiastuti,Mining engineer,PD Hutagalung,DKI Jakarta
4ed9c39e,Dinda Nashiruddin,Press photographer,PD Lailasari Puspasari,Sumatera Barat
8de22d71,Hasta Lestari,"Administrator, education",PD Pradana (Persero) Tbk,Papua
9531f962,Kamila Wijaya,Theatre director,Perum Habibi Firmansyah (Persero) Tbk,Sumatera Barat
d4148076,Kacung Yuliarti,Surgeon,CV Ramadan Mustofa,Jambi
b23e1c73,Ulya Setiawan,Television camera operator,PT Latupono (Persero) Tbk,Papua Barat
4e212b0e,"Rafid Putra, S.E.I",Call centre manager,UD Mansur (Persero) Tbk,Gorontalo
926e63f0,Bakiadi Fujiati,"Engineer, petroleum",PT Manullang Tbk,Papua Barat
d8383dab,Bahuwirya Marpaung,Clinical research associate,UD Hutagalung Riyanti,Maluku Utara
52a69ff7,dr. Laras Yulianti,Physiological scientist,UD Astuti Widodo,Kalimantan Barat
e36edee3,Kamaria Mandala,Community development worker,Perum Habibi,Sulawesi Tengah
1662356b,Elvina Rajasa,Facilities manager,PD Rahimah Tbk,Papua
9bd5d22a,Dt. Harsaya Rajata,Building control surveyor,CV Hassanah Agustina,Kalimantan Barat
4e819ea0,"Ira Uyainah, S.Sos",Travel agency manager,PT Permata Simbolon,Gorontalo
b8b50c59,Irfan Lestari,Secondary school teacher,Perum Prastuti Wahyuni Tbk,Sulawesi Barat
2d2dc69e,R. Rosman Suryono,Risk analyst,PT Prasetyo Tarihoran (Persero) Tbk,DI Yogyakarta
70d31728,Hana Puspita,"Psychologist, educational",CV Usamah Sitompul,Kalimantan Barat
8d8e8444,Purwa Wastuti,Maintenance engineer,UD Sihotang,Lampung
840e3797,Samiah Ardianto,Microbiologist,PD Prastuti,Papua Barat
dbb9ee3a,Sadina Maulana,Music therapist,CV Utama,Jawa Tengah
b8a65ae2,"Jinawi Firgantoro, M.Kom.",Financial adviser,Perum Budiyanto Nasyidah,Jambi
2192130d,T. Upik Andriani,"Librarian, academic",Perum Widiastuti Hutasoit Tbk,Maluku Utara
1e52a3fd,Tira Maryati,Magazine features editor,UD Thamrin (Persero) Tbk,Bali
3bde9ce6,"Cakrawangsa Wacana, S.H.",Geophysicist/field seismologist,PT Wastuti,Maluku Utara
548543aa,Sakura Tampubolon,IT consultant,UD Oktaviani,Jawa Tengah
3673a854,Laras Rahayu,Human resources officer,Perum Puspasari (Persero) Tbk,Jambi
6c3f4c03,Timbul Utama,Estate manager/land agent,Perum Nugroho,Jawa Barat
c56b3ce5,Kamila Saefullah,Waste management officer,Perum Mulyani Wacana,Banten
180446eb,R. Hartana Jailani,Youth worker,CV Aryani Iswahyudi,Sumatera Selatan
38bbea53,"Winda Rahimah, S.Gz",Fitness centre manager,PT Hariyah,Sulawesi Selatan
49fe1d2d,Jayeng Waskita,Microbiologist,CV Prasetya (Persero) Tbk,Kalimantan Barat
f5a17788,Mila Sinaga,"Teacher, primary school",CV Laksita Tbk,Sulawesi Selatan
14cd3c56,Talia Latupono,Site engineer,CV Zulkarnain,Lampung
ac5948a2,Yulia Kurniawan,Commercial horticulturist,CV Rahmawati Tbk,Kepulauan Bangka Belitung
2c53ec42,Violet Pradana,"Research officer, government",PD Mayasari,Kalimantan Timur
aa9320b2,Kanda Siregar,Police officer,PD Simbolon Wibisono,Banten
5d956031,Raden Adriansyah,Fast food restaurant manager,PT Sudiati Hidayanto Tbk,Kalimantan Barat
fd37e000,Febi Hutagalung,Curator,PD Gunawan,Bengkulu
65f26660,Zaenab Wulandari,Administrator,PT Hidayat Kusmawati (Persero) Tbk,Maluku
dd80bdab,Hj. Michelle Narpati,Chief Operating Officer,CV Kusumo Tbk,Nusa Tenggara Timur
c679fb5a,Nrima Gunarto,Dancer,PT Maryati Laksmiwati Tbk,Maluku
5e3b5651,Mustofa Wijayanti,Insurance underwriter,PT Suryono,Maluku
f8f629a1,Cayadi Waluyo,Electrical engineer,Perum Wasita,Banten
bcb08fe0,Ir. Clara Oktaviani,English as a second language teacher,CV Hutagalung Prasasta,Kepulauan Riau
aacb2905,Ulva Mahendra,Field seismologist,UD Prakasa Wahyudin,Sumatera Barat
bdee09d5,"Kadir Setiawan, S.I.Kom","Runner, broadcasting/film/video",PD Hidayat Nababan Tbk,DKI Jakarta
5cb032bf,Drs. Janet Pangestu,"Exhibitions officer, museum/gallery",CV Uwais Sirait,Kepulauan Riau
ef7253ae,Dr. Estiawan Budiyanto,TEFL teacher,UD Hakim Tbk,Kepulauan Bangka Belitung
f38a96b5,"Hj. Yuni Thamrin, S.Sos",Intelligence analyst,PD Hutagalung Kuswoyo Tbk,Sulawesi Selatan
70d066ea,Hani Firgantoro,Animator,UD Pradana Usada (Persero) Tbk,Banten
eea9478b,Puput Hariyah,Nature conservation officer,PT Hardiansyah,Sulawesi Tengah
ef465697,"Jail Lailasari, S.IP",Public relations account executive,PT Sitorus Tbk,Papua Barat
4acb7c3e,drg. Bagya Iswahyudi,Corporate investment banker,PT Melani Kuswandari Tbk,Gorontalo
b34dd3f2,Darmana Hidayanto,"Psychologist, counselling",PT Najmudin Puspasari,Kalimantan Selatan
3768c0e5,Prakosa Oktaviani,"Engineer, petroleum",UD Widiastuti Tbk,Papua
3898ba0d,drg. Wisnu Rahimah,"Engineer, biomedical",UD Mansur Siregar,Maluku
d921e03e,Lanjar Irawan,Accounting technician,PD Hardiansyah Melani,Jawa Timur
b0615683,Nadia Nuraini,Press photographer,Perum Dongoran Tbk,Nusa Tenggara Timur
cc4224ec,Qori Melani,Medical technical officer,Perum Firmansyah Tbk,Aceh
c0854b3d,"Hj. Gilda Lestari, S.IP",Nutritional therapist,Perum Adriansyah (Persero) Tbk,Aceh
a64317b9,Drs. Puji Sitompul,Games developer,PT Pudjiastuti Tbk,Nusa Tenggara Timur
d2d6ea22,"Darmana Utama, S.Pt",Office manager,Perum Yulianti,Kepulauan Bangka Belitung
7909db36,Rika Pangestu,"Psychologist, clinical",PD Pradipta Tbk,Gorontalo
503a7cf4,"Hendri Dabukke, S.E.",Garment/textile technologist,PT Mahendra,Sumatera Utara
b9a684db,Samiah Latupono,Software engineer,Perum Hidayat Permata,Papua
008f8275,Cut Zulfa Lazuardi,Market researcher,PD Sitompul Suryatmi (Persero) Tbk,Papua Barat
f34417eb,"Fitriani Hutagalung, S.E.",Science writer,PT Wulandari Astuti,DKI Jakarta
e7633c90,Langgeng Haryanto,"Social research officer, government",Perum Pranowo Pranowo (Persero) Tbk,Sulawesi Selatan
b9fdfb40,Yulia Halim,"Producer, radio",UD Rajasa (Persero) Tbk,Nusa Tenggara Barat
fe8e20e5,Yuni Hutagalung,Social worker,CV Marbun (Persero) Tbk,Jawa Barat
1475d066,Juli Aryani,Optometrist,UD Pudjiastuti,Maluku
1f869387,Emas Zulaika,Operational researcher,CV Kurniawan Hakim,Sumatera Barat
92d73ea7,"Tgk. Sari Utama, M.Pd",Interpreter,Perum Ramadan Safitri (Persero) Tbk,Sulawesi Utara
d81374f4,dr. Gara Hakim,Higher education careers adviser,Perum Tarihoran Adriansyah,Sulawesi Utara
41d9b155,"Tgk. Lamar Marpaung, S.Psi",Magazine journalist,PT Sirait Tbk,Sulawesi Barat
feae0b3a,Tira Pradipta,Solicitor,PD Pratama Sitompul,Kalimantan Utara
0c8e6cde,H. Naradi Anggriawan,"Runner, broadcasting/film/video",Perum Jailani,Kalimantan Tengah
22e65842,Cemplunk Prasasta,"Designer, jewellery",PT Hardiansyah Astuti (Persero) Tbk,Banten
199c4c6c,"Hafshah Wasita, M.Ak","Optician, dispensing",PD Saefullah Dongoran,Kalimantan Utara
e6006c4b,Jais Sirait,Homeopath,PT Prayoga Saptono,Bengkulu
9f8e283c,Winda Widiastuti,"Therapist, music",PD Sitompul,Kalimantan Selatan
c9fbf3c3,"Panji Adriansyah, S.IP",Corporate investment banker,PD Hartati,Kalimantan Utara
065e918d,Devi Yuniar,Furniture designer,Perum Ardianto Gunarto,DKI Jakarta
2c92476a,Tirta Habibi,Amenity horticulturist,PT Wahyudin Natsir,Sulawesi Barat
3bcad3ce,"Eka Permata, S.Psi","Engineer, chemical",PD Nasyiah Rajata,Papua Barat
aeddd25d,R. Dalima Mayasari,"Designer, ceramics/pottery",CV Hidayat Thamrin (Persero) Tbk,Papua Barat
9f0f479e,Padmi Hakim,Mental health nurse,Perum Sudiati Maulana Tbk,Sulawesi Tenggara
2e42f3b8,Dodo Yulianti,Colour technologist,UD Purwanti,Maluku Utara
d4fdc2d3,Vivi Utama,Television camera operator,PT Prasetyo Prasetyo,Bali
4b948df2,"Garan Setiawan, M.M.",Quarry manager,PT Wibowo Palastri,Gorontalo
891bd5fb,Warsita Permadi,Land,CV Saragih Hasanah (Persero) Tbk,Maluku
85fb9354,Salsabila Usada,"Scientist, forensic",CV Tarihoran (Persero) Tbk,Papua Barat
1779aad0,"T. Ajiman Siregar, S.Pt","Geologist, engineering",Perum Napitupulu (Persero) Tbk,Jawa Barat
2821c7de,"Ratih Pudjiastuti, M.TI.","Engineer, chemical",PD Mayasari,Kalimantan Timur
0e40bc9d,"Cut Hafshah Prayoga, S.I.Kom",Print production planner,UD Kusmawati,Sulawesi Barat
d55d5b92,Cut Yunita Maryadi,"Librarian, public",PD Mulyani (Persero) Tbk,Gorontalo
3a9c2f7e,Ulya Laksita,Food technologist,CV Dongoran (Persero) Tbk,Kepulauan Riau
75975fa1,"Wadi Pradana, S.E.",Claims inspector/assessor,UD Lestari Prastuti,Nusa Tenggara Timur
8de97c0e,"dr. Zelaya Wasita, S.Gz","Copywriter, advertising",Perum Sihombing (Persero) Tbk,DKI Jakarta
7c15766f,Cagak Wacana,Careers information officer,PD Ramadan (Persero) Tbk,Nusa Tenggara Barat
675aed63,Irfan Prabowo,Architect,CV Nugroho Rahmawati (Persero) Tbk,Jawa Barat
241015bf,"dr. Gambira Sitompul, M.TI.","Therapist, music",PT Simanjuntak Wasita,Banten
df2de242,"T. Asmianto Simanjuntak, S.Pd",Maintenance engineer,CV Suryatmi Agustina,Kalimantan Selatan
590a0c2d,Erik Habibi,Accounting technician,PD Marpaung Santoso (Persero) Tbk,Papua
75de80d3,"Sakti Sitorus, M.M.",Adult nurse,UD Rajata,Banten
5ee52d26,Kamila Winarsih,"Designer, blown glass/stained glass",PT Manullang,Riau
9720d1d9,Ajimat Putra,Insurance underwriter,PD Sitompul Pratiwi (Persero) Tbk,Jawa Barat
e5f739c8,"Puti Nabila Prasetya, S.Pt",Historic buildings inspector/conservation officer,PD Kuswandari,Sulawesi Tengah
5460166d,"Timbul Mandasari, S.Sos",Art gallery manager,CV Simanjuntak Rajata (Persero) Tbk,Papua
36aeefc6,Eli Kusumo,Town planner,PT Namaga Purwanti Tbk,Aceh
6a777a5a,Maimunah Waluyo,"Psychologist, forensic",Perum Puspita Tbk,Kalimantan Selatan
0db6ce5c,drg. Wisnu Hakim,Data processing manager,UD Maryadi Tbk,Kalimantan Tengah
f897476f,"Dr. Langgeng Hakim, S.H.",Sport and exercise psychologist,UD Kuswandari (Persero) Tbk,Aceh
8ba684e5,"Ir. Elisa Winarno, S.Ked",Optometrist,PT Mandala (Persero) Tbk,Jawa Tengah
ba30fa31,Dinda Oktaviani,Podiatrist,UD Namaga,Sulawesi Barat
d1c4643a,"Oliva Manullang, M.Kom.",Horticultural consultant,CV Adriansyah (Persero) Tbk,Sumatera Selatan
7f44a0bb,Wulan Permata,Logistics and distribution manager,CV Lailasari,Sulawesi Barat
90edee6a,Umay Pratama,Financial risk analyst,PD Yolanda (Persero) Tbk,Sumatera Barat
b80dc808,"Cawuk Mandala, S.Psi",Medical laboratory scientific officer,Perum Zulkarnain Mahendra (Persero) Tbk,Bali
411afd52,Nova Jailani,Web designer,CV Simbolon,Nusa Tenggara Timur
6bb18be1,"Drs. Hasan Nainggolan, S.E.","Conservation officer, nature",CV Mangunsong Winarno,Sulawesi Tengah
779ef835,Pia Nugroho,Research scientist (medical),PT Putra,Papua
90a48f0d,"Maryanto Suryono, M.TI.",Newspaper journalist,UD Riyanti,Sulawesi Tengah
dda00935,Lamar Winarno,Education administrator,PD Laksmiwati Hakim,Kalimantan Selatan
d502df99,Raina Rajasa,Armed forces logistics/support/administrative officer,PD Dongoran (Persero) Tbk,Sulawesi Utara
7a48f432,Ellis Widiastuti,Structural engineer,PT Uwais Hutapea,Banten
bdd79e95,Cawisadi Kusumo,Biomedical engineer,PT Suryatmi (Persero) Tbk,Bengkulu
c899b394,Syahrini Yolanda,Magazine features editor,UD Prayoga (Persero) Tbk,Maluku Utara
014c6f7e,"Zamira Pradana, S.T.",Hydrographic surveyor,PD Prabowo,Jawa Barat
894d5cab,"Mahdi Pudjiastuti, S.Pt","Engineer, communications",CV Hardiansyah Pangestu,Kalimantan Tengah
df5ddca7,Eli Hidayat,Acupuncturist,CV Lestari,Jambi
8929a452,Julia Prakasa,Manufacturing systems engineer,PT Setiawan Santoso,Maluku Utara
a4fd3da0,Gangsa Mustofa,Industrial/product designer,UD Zulaika (Persero) Tbk,Sulawesi Barat
8652af6e,"KH. Cager Wulandari, M.M.","Nurse, adult",Perum Nuraini Permadi Tbk,Aceh
d4c3d76e,Bakidin Sinaga,Minerals surveyor,UD Oktaviani Kusumo (Persero) Tbk,Jawa Barat
f2365a8d,Melinda Manullang,Multimedia specialist,CV Nasyiah Gunarto,Aceh
b6ab4e11,"Puti Rika Lestari, M.TI.",Public affairs consultant,PD Oktaviani Yuniar Tbk,Sulawesi Tenggara
73932978,Dariati Kusumo,"Designer, jewellery",CV Padmasari (Persero) Tbk,Sulawesi Tengah
669376f6,drg. Kiandra Andriani,Illustrator,UD Sirait,Sulawesi Tenggara
ab96c757,Lega Maryati,Prison officer,UD Sihombing (Persero) Tbk,Sulawesi Tenggara
84357a03,"Jarwa Saputra, S.E.",Clinical molecular geneticist,CV Simanjuntak Saputra Tbk,Sumatera Selatan
999c7798,Nova Tamba,Community pharmacist,PT Hutapea,Lampung
f78591fe,"Elvin Andriani, S.E.",Careers adviser,CV Saptono (Persero) Tbk,Jambi
ce57ec94,Uli Firgantoro,Radio broadcast assistant,Perum Budiyanto Sitompul,Sulawesi Tenggara
d72e757f,Oskar Siregar,Logistics and distribution manager,PT Uwais Laksmiwati Tbk,Sulawesi Tenggara
2647942d,Cawuk Waskita,Broadcast engineer,Perum Halim,Jawa Barat
e1096414,Tgk. Vanya Wibisono,Chartered accountant,PT Marpaung Simanjuntak,Maluku
154831ed,Ir. Eva Pratiwi,"Geologist, wellsite",PT Wijayanti Rajata Tbk,Papua Barat
7ebdb4c9,Daru Permata,Equality and diversity officer,UD Uyainah,Kalimantan Selatan
d1b04b7c,Irma Wacana,"Copywriter, advertising",UD Mulyani,Sulawesi Tengah
5e0d3066,"Karna Maulana, S.Gz",Public house manager,CV Novitasari Sirait Tbk,Bali
a6bb01fe,Cakrabirawa Aryani,Pensions consultant,CV Saragih Wasita,Nusa Tenggara Timur
31752ce0,"Laswi Namaga, S.I.Kom",Race relations officer,PD Manullang (Persero) Tbk,Papua
8094675b,Jessica Sinaga,Solicitor,PD Hariyah Wulandari (Persero) Tbk,Aceh
000fc5c0,Wahyu Utama,"Restaurant manager, fast food",CV Nugroho Ardianto,Kalimantan Barat
c92f4b3d,T. Narji Usada,Surgeon,Perum Permata,Maluku
1bc2728d,Capa Lailasari,"Psychologist, educational",UD Iswahyudi Tbk,Jawa Tengah
3000c23a,Jaiman Nasyidah,Geophysicist/field seismologist,PT Hassanah Hutagalung (Persero) Tbk,Kalimantan Utara
bdebe923,Cut Mutia Rahayu,"Surveyor, insurance",CV Latupono,Kalimantan Barat
a4cfe086,Luwar Rajasa,Office manager,PD Halim (Persero) Tbk,Sumatera Utara
dab05677,"drg. Chelsea Najmudin, S.Pd",Plant breeder/geneticist,Perum Uyainah,Sumatera Utara
5dee7f76,dr. Karta Mangunsong,"Psychologist, educational",PT Utami,Sulawesi Tenggara
1f34254d,Cindy Dabukke,Charity officer,UD Permata (Persero) Tbk,Sulawesi Selatan
2f6b8a67,Kusuma Aryani,Tour manager,CV Dabukke,Sumatera Utara
48237b0d,"KH. Akarsana Mulyani, S.Sos","Designer, interior/spatial",PT Aryani Damanik,Sumatera Selatan
671b175e,Mutia Hartati,Company secretary,PT Wulandari Tbk,Banten
c770b45d,T. Darmaji Suryatmi,Mental health nurse,PD Laksmiwati Sihombing Tbk,Papua Barat
eac21d50,Malika Handayani,"Geologist, engineering",UD Saragih Permadi,Riau
db14f0e8,Ulva Zulaika,Lexicographer,UD Saefullah,Sulawesi Selatan
e7923470,Aslijan Waskita,"Accountant, chartered public finance",PT Salahudin Wahyudin,Maluku Utara
8abc24b0,Dr. Olivia Kuswandari,Control and instrumentation engineer,PD Fujiati Narpati,Sulawesi Tengah
d19e9edb,"Samiah Saefullah, S.T.",Engineering geologist,Perum Maryadi Santoso,Bali
b215c33b,Cinta Maheswara,Early years teacher,Perum Permadi Hassanah,Sumatera Barat
0f6d4f52,Cut Maya Wijayanti,Technical brewer,CV Handayani Puspita,Nusa Tenggara Barat
8c4b8ef1,Cinthia Sihombing,Scientific laboratory technician,Perum Siregar Jailani Tbk,Bengkulu
7a9d352b,"Tgk. Pranawa Pradana, S.Psi",Museum/gallery curator,Perum Nashiruddin Kuswandari,Kalimantan Timur
81c8ce40,Kartika Maryadi,Editorial assistant,PD Ramadan (Persero) Tbk,Bali
13c4129b,Muhammad Yulianti,Medical physicist,PT Wibisono,Nusa Tenggara Timur
1ad40849,Cawisadi Nainggolan,Clinical psychologist,UD Nugroho Tbk,Jawa Tengah
0956af93,Ulya Mardhiyah,Phytotherapist,CV Pudjiastuti,Sulawesi Selatan
31de2102,Clara Hakim,Broadcast engineer,PD Salahudin Hartati Tbk,DKI Jakarta
63b639d5,Paramita Safitri,Facilities manager,CV Pradipta Halimah (Persero) Tbk,Aceh
1610b8ba,Pranawa Halimah,Public relations account executive,UD Mansur Sihombing,Papua
63adacb2,"Tgk. Iriana Tampubolon, M.Ak",Chief Marketing Officer,PD Usamah Suryono Tbk,Kepulauan Riau
c45c53b9,Mariadi Maulana,Geophysicist/field seismologist,PD Purwanti Wulandari (Persero) Tbk,Jambi
346862a7,H. Jaiman Mandasari,Publishing copy,PD Manullang,Aceh
63399def,Cut Intan Uyainah,"Journalist, magazine",PT Saefullah Maheswara,Kalimantan Utara
56780125,Bakiman Santoso,Ambulance person,PT Dongoran (Persero) Tbk,Banten
30a48582,R.A. Ilsa Haryanti,Structural engineer,PT Pratiwi Yolanda Tbk,DI Yogyakarta
b9135692,Usman Kusumo,"Programmer, applications",PD Saptono Zulkarnain,Kepulauan Bangka Belitung
d4bdd10b,Syahrini Prasasta,"Optician, dispensing",UD Wibowo Budiman Tbk,Kalimantan Utara
928012ff,Naradi Zulaika,"Engineer, broadcasting (operations)",UD Permata Prasasta,Jambi
bf9fa316,"Jabal Pangestu, S.Sos",Animal technologist,Perum Tampubolon Rahmawati,Kepulauan Riau
2879c5d5,Jayeng Namaga,Meteorologist,PD Mahendra,Nusa Tenggara Timur
2fa4044c,Mila Dongoran,IT technical support officer,UD Haryanto,Aceh
18b228f8,"H. Waluyo Ramadan, S.Farm",Tree surgeon,PT Budiyanto Tbk,Sulawesi Tengah
809867c4,"drg. Eli Pratiwi, M.Kom.",Adult nurse,CV Rahayu Iswahyudi Tbk,Papua
a3452364,"Dt. Prayoga Prasetyo, M.Pd",Accommodation manager,PT Rajata Permata (Persero) Tbk,Kalimantan Barat
7b618e10,"Puti Melinda Rajata, S.Farm",Holiday representative,PT Pratama Hartati,Kalimantan Selatan
39af4021,Parman Wahyuni,Health physicist,PD Laksmiwati (Persero) Tbk,Sumatera Utara
de8502ea,Sutan Usman Yulianti,Field seismologist,PT Thamrin Tarihoran,Papua
9c6645db,Gabriella Kusmawati,Rural practice surveyor,Perum Prastuti (Persero) Tbk,Sulawesi Barat
153725ec,Yulia Yuniar,"Teacher, English as a foreign language",Perum Adriansyah,Bali
51bf8ee0,Setya Gunarto,Herbalist,UD Pratama (Persero) Tbk,Jawa Barat
c8e52f4e,"Eva Zulkarnain, S.Farm",Quantity surveyor,UD Nashiruddin,Nusa Tenggara Barat
10e17e30,Zamira Santoso,Hospital pharmacist,PT Kurniawan Mandala,Sumatera Barat
402de81c,Ika Marbun,Maintenance engineer,Perum Nugroho Farida (Persero) Tbk,Sumatera Barat
44ee2eff,"Bahuraksa Pranowo, S.Farm","Production assistant, radio",UD Gunarto,Sulawesi Tengah
9387033a,drg. Cinthia Najmudin,"Psychologist, educational",CV Susanti Waskita (Persero) Tbk,Gorontalo
5b4cc076,Gading Winarsih,"Production designer, theatre/television/film",CV Hutagalung Prasasta,Kepulauan Bangka Belitung
736600f3,Maimunah Wahyudin,Clinical biochemist,PD Farida Halim Tbk,Jawa Timur
cab48fe5,Jasmin Pradana,Graphic designer,CV Kuswandari,Sulawesi Tenggara
097c7bec,Vega Thamrin,Trading standards officer,PD Padmasari Padmasari (Persero) Tbk,Riau
42df6830,"Drs. Salsabila Susanti, M.Kom.",Commercial/residential surveyor,PT Sitorus Salahudin,Kalimantan Tengah
f1aa56cf,Surya Usamah,"Engineer, maintenance (IT)",CV Melani,Lampung
1255723a,Kanda Wahyudin,Arts development officer,Perum Sitorus,Sulawesi Tenggara
83d3a423,Lidya Tamba,Ergonomist,PT Latupono Farida (Persero) Tbk,Papua
886cba69,Kamal Sitompul,Estate agent,UD Saputra,Papua
35f1f93b,Wirda Lailasari,Clinical molecular geneticist,Perum Utama Tbk,Sulawesi Selatan
a7306f6c,Prima Yolanda,Catering manager,PT Situmorang,DKI Jakarta
bcf495e2,Shakila Mustofa,Commissioning editor,Perum Budiman Aryani (Persero) Tbk,Sulawesi Tengah
9f5ec0c7,Aditya Maheswara,"Teacher, special educational needs",UD Damanik,DKI Jakarta
0f05af97,Tgk. Raditya Saragih,Patent examiner,CV Wulandari Tbk,Kalimantan Selatan
3ef33464,Cahyanto Nashiruddin,"Engineer, communications",PD Farida Nasyidah (Persero) Tbk,Sulawesi Tengah
518dfcb0,"Mila Saptono, S.E.I",Tourism officer,PT Saragih Palastri,Kalimantan Timur
05a3b8af,Prasetya Rahayu,"Engineer, site",UD Palastri Zulaika,Jambi
a01b6506,"Drs. Hamzah Latupono, S.T.",Administrator,UD Rahimah Marpaung,Papua Barat
5b37adea,Asman Gunawan,"Nurse, children's",UD Nasyiah Suwarno,Sulawesi Selatan
17e84ac8,Dt. Kasusra Damanik,"Production assistant, radio",Perum Novitasari Wijaya (Persero) Tbk,Sumatera Barat
bbec4965,"Sadina Nuraini, S.Farm",Clinical embryologist,PD Wibisono,Aceh
6039359a,Cahyono Yulianti,Communications engineer,UD Jailani Lazuardi,Aceh
cd95d61b,Umaya Prayoga,"Doctor, general practice",PT Prabowo Sitompul,Nusa Tenggara Timur
11f55449,Gasti Laksita,"Scientist, research (medical)",PT Wibowo,Sulawesi Utara
861db790,Vanya Suartini,"Investment banker, corporate",PD Zulkarnain Tbk,DI Yogyakarta
5a9e3177,Xanana Halimah,Social researcher,PT Dongoran Tbk,Kepulauan Bangka Belitung
34414cb7,Kayla Widodo,Tourist information centre manager,PD Latupono,Jawa Timur
3cac0b15,Ajeng Lestari,Fine artist,UD Megantara Hutapea Tbk,Maluku Utara
eb9413c1,Jaiman Hardiansyah,Fine artist,PD Prastuti Tbk,Kalimantan Barat
8b424b51,Gading Maryati,Conference centre manager,UD Putra,Kalimantan Tengah
07b29ee8,Pangestu Rajasa,Actuary,PD Hariyah Pratiwi (Persero) Tbk,Bali
f649157f,Danuja Pudjiastuti,Product manager,Perum Rahayu (Persero) Tbk,Sulawesi Tenggara
0a40be4f,"Ir. Tantri Siregar, S.E.",Higher education careers adviser,Perum Uwais,Kalimantan Selatan
02af0e97,Hesti Yolanda,"Therapist, music",UD Andriani,Bengkulu
dd3346e5,Ella Santoso,Company secretary,Perum Rajasa,Sulawesi Selatan
abe8d701,Tantri Sitompul,English as a foreign language teacher,PT Aryani (Persero) Tbk,Gorontalo
74b66d1c,Karimah Saputra,Advertising account planner,PT Prabowo Wacana (Persero) Tbk,Papua Barat
f47f607e,Septi Prasetyo,Careers information officer,PT Jailani Wibisono,Sulawesi Utara
6d3a1601,Ibrahim Sirait,Midwife,CV Megantara Maryadi,Lampung
c8802a0c,Tiara Budiyanto,Air broker,PT Siregar Tbk,Kalimantan Selatan
4a6837e6,"Dr. Oni Suryono, M.Pd","Lecturer, further education",UD Kusmawati,Kalimantan Utara
fda58085,Kiandra Santoso,Advertising art director,PT Siregar Sinaga,Sumatera Utara
556de97f,Ir. Jessica Mardhiyah,"Accountant, chartered",UD Hidayat Tbk,Kalimantan Selatan
78ae71f3,Wadi Kurniawan,"Scientist, water quality",CV Suryono Simbolon,DI Yogyakarta
94dfeb97,"Qori Nasyiah, S.Sos",Operations geologist,PT Permadi Kuswoyo,Sulawesi Selatan
018c4b94,R. Eva Mansur,Firefighter,PD Iswahyudi Saefullah,Lampung
23fc875a,"Drs. Zulfa Rajasa, M.M.",Banker,UD Adriansyah Melani,Sulawesi Selatan
e2be9eac,Adikara Hassanah,"Engineer, civil (contracting)",Perum Suwarno,Sumatera Barat
394b6f9b,"Puti Rahayu Maryadi, S.Ked",Economist,PT Mahendra Mustofa,Banten
650894fa,Vicky Wibisono,Research scientist (physical sciences),Perum Usamah Prakasa Tbk,Bali
349a0b52,"Hj. Paulin Zulaika, S.H.",Neurosurgeon,PD Damanik Zulaika,Sulawesi Utara
43aecf2c,"Tgk. Cengkir Rajasa, M.TI.",Glass blower/designer,PD Sihombing Hassanah Tbk,Sumatera Barat
4ba3020a,Nova Prastuti,"Copywriter, advertising",CV Palastri Tbk,Nusa Tenggara Timur
49af9bf2,"Usman Najmudin, S.Kom",Fashion designer,PD Wijaya Permata,Maluku
0efb1d0d,"Rendy Situmorang, M.Farm",Financial adviser,UD Marbun Pratama,Sulawesi Tenggara
250c1d9d,Balangga Prakasa,Insurance underwriter,PD Zulkarnain,Kepulauan Riau
4c41d68a,Hj. Icha Mangunsong,"Engineer, electronics",UD Sitompul,Sumatera Selatan
25c14843,Wadi Latupono,"Nurse, children's",UD Wulandari Mandala Tbk,Sulawesi Selatan
ed078124,Galuh Susanti,Marketing executive,CV Pertiwi,Sulawesi Utara
abdeb7fc,"Syahrini Lazuardi, S.Kom",Conference centre manager,PD Sudiati Suartini,Sulawesi Tengah
2561c10f,Rahmat Mardhiyah,Chiropractor,Perum Palastri,Papua Barat
c531e6a1,"Tgk. Karimah Anggriawan, S.T.",Learning mentor,Perum Wijayanti (Persero) Tbk,Sulawesi Barat
37a9d122,Jasmani Laksita,"Scientist, research (medical)",Perum Marpaung Sirait,Sulawesi Barat
9e7f66c7,Melinda Setiawan,Charity fundraiser,CV Nainggolan (Persero) Tbk,Sulawesi Tengah
952db16d,drg. Samiah Utami,"Secretary, company",PD Zulkarnain,Kepulauan Riau
775205e1,Malika Sirait,Forensic psychologist,Perum Marbun Nababan Tbk,Sulawesi Barat
cc302fb9,Cut Wani Pradana,Legal executive,PT Hartati Tbk,Papua
88b5030d,"Ir. Sidiq Hardiansyah, S.E.I",Community pharmacist,UD Halim Latupono,Kalimantan Selatan
36cd655f,"Oni Mayasari, S.Pd","Psychologist, sport and exercise",Perum Maryati,Sulawesi Utara
eec2bf85,"Laksana Pertiwi, S.I.Kom",Neurosurgeon,CV Mustofa Hasanah,Kalimantan Selatan
6a92f05b,Zulaikha Laksita,Air traffic controller,Perum Pudjiastuti Namaga (Persero) Tbk,Bali
0eee81ba,"Hj. Yessi Jailani, S.I.Kom",Statistician,CV Sitompul Januar Tbk,Kepulauan Bangka Belitung
5a176aca,Zelda Hutagalung,Hydrologist,CV Mayasari Gunarto,Kalimantan Selatan
fccdba4f,"Yono Puspasari, M.M.",Clinical cytogeneticist,CV Sihombing Melani (Persero) Tbk,Jambi
a40eece2,Wadi Narpati,Camera operator,PD Kusmawati (Persero) Tbk,Sumatera Utara
2566621f,Lasmono Jailani,Marketing executive,Perum Susanti,Kalimantan Selatan
dbc464dd,Gilda Zulkarnain,Catering manager,PD Situmorang,Kalimantan Tengah
4cdaacc7,Wawan Melani,Secretary/administrator,CV Dongoran Winarsih Tbk,Maluku
f3a52609,Purwadi Mahendra,Retail buyer,PT Suryatmi (Persero) Tbk,Riau
86edc0cb,Elvina Ardianto,"Therapist, sports",CV Laksita Pradipta,Kepulauan Riau
317417f4,Jati Nasyiah,Community arts worker,UD Kuswoyo Pudjiastuti,Sulawesi Utara
e447736a,Wahyu Permata,Clothing/textile technologist,UD Mandasari Kuswoyo (Persero) Tbk,Papua Barat
8ccf1731,Jamalia Setiawan,Barista,PT Halimah Mansur,Nusa Tenggara Barat
c263b7ba,Jamil Sudiati,English as a second language teacher,PD Rahmawati Sitompul (Persero) Tbk,Sulawesi Utara
bf4c7091,"Jaya Nainggolan, S.E.","Programmer, systems",PD Utami (Persero) Tbk,Nusa Tenggara Timur
83ca94bc,"Drs. Unjani Santoso, S.Kom",Youth worker,PT Pangestu Sihombing,Lampung
5b7dbe04,Amalia Irawan,"Production designer, theatre/television/film",Perum Zulaika Tbk,Kepulauan Bangka Belitung
942998e4,"dr. Latika Mayasari, S.Psi",Secretary/administrator,Perum Prasetya,Banten
ae821d09,Zaenab Rahimah,Television/film/video producer,Perum Samosir Zulaika,DKI Jakarta
f12671d7,"Harsaya Rajasa, S.IP","Engineer, aeronautical",CV Santoso Kuswandari,Jawa Tengah
fabc0439,Kezia Wacana,"Nurse, children's",Perum Padmasari,Jambi
e63362c2,"Cut Shakila Nurdiyanti, S.Gz",TEFL teacher,PD Pradana Adriansyah,Sulawesi Tengah
282e565d,Jelita Suryono,"Engineer, aeronautical",UD Anggraini Winarsih,Kalimantan Timur
a11e4ca3,Dacin Uyainah,"Engineer, building services",CV Siregar,DKI Jakarta
8fc4c264,"drg. Ade Sitompul, S.T.",Film/video editor,CV Wijayanti Siregar,Sulawesi Barat
ed930f7e,"dr. Rini Waluyo, S.Farm",Data processing manager,PD Mardhiyah Purnawati Tbk,Sulawesi Tengah
e7698687,Wulan Riyanti,Electronics engineer,PD Pudjiastuti Nasyiah (Persero) Tbk,Sulawesi Tenggara
d4b0c9a9,Prabawa Uyainah,"Designer, interior/spatial",UD Wastuti Suryono,DKI Jakarta
0e73f624,"Capa Pratama, M.Farm",Automotive engineer,Perum Andriani Samosir (Persero) Tbk,Kepulauan Riau
b13ff2d0,Vanesa Tampubolon,"Therapist, drama",PD Novitasari,Nusa Tenggara Barat
ccdbf5bd,Tania Jailani,Health service manager,CV Firgantoro Tbk,Kalimantan Selatan
e11402ca,Samiah Hartati,Estate agent,Perum Prasasta Nasyidah (Persero) Tbk,Sumatera Utara
0e3ebc7c,"Tirta Wibowo, S.IP",Educational psychologist,Perum Prasetyo Nashiruddin (Persero) Tbk,Maluku Utara
78db58b5,Makuta Mansur,Garment/textile technologist,Perum Suryatmi Usamah Tbk,Gorontalo
59085690,Dacin Waskita,Quality manager,UD Mardhiyah,Sumatera Utara
268a4921,"Tgk. Harsaya Hakim, S.Kom",Intelligence analyst,PD Sihombing Usada Tbk,Papua Barat
50d4faea,Umi Wijaya,Careers information officer,PD Maheswara Anggriawan,Kepulauan Bangka Belitung
4b0fed85,Ika Pudjiastuti,Equities trader,Perum Simbolon Hutagalung,Bengkulu
26a4968a,Kiandra Padmasari,Warden/ranger,CV Damanik Saptono,Lampung
03d4092f,Drs. Icha Oktaviani,"Exhibitions officer, museum/gallery",Perum Prakasa (Persero) Tbk,Nusa Tenggara Timur
42f0637c,Tri Yolanda,"Programme researcher, broadcasting/film/video",UD Rajata,Sumatera Barat
f29ab27d,Ulva Saputra,Magazine journalist,Perum Rajasa,Jawa Barat
514579d0,Nilam Mulyani,Learning disability nurse,PD Laksita Usamah,Sulawesi Tenggara
f6b52e63,Cut Yuni Sinaga,"Engineer, manufacturing systems",PT Pradipta,Bengkulu
5e693b56,"Dr. Dagel Mahendra, S.Pt","Embryologist, clinical",Perum Nashiruddin Sihombing (Persero) Tbk,Sulawesi Selatan
0650924d,"Karsana Nuraini, M.Pd",Call centre manager,PT Iswahyudi Uyainah Tbk,Kepulauan Bangka Belitung
68d5c51f,R. Kairav Suwarno,Camera operator,Perum Pranowo Tbk,Kalimantan Selatan
4f72015d,"Hilda Novitasari, M.Farm","Engineer, land",UD Firmansyah Mardhiyah,Gorontalo
7962215f,dr. Warsita Hasanah,"Engineer, communications",CV Dabukke Tampubolon,Bengkulu
e2aa23c7,"Dr. Tedi Wibisono, M.Ak",Police officer,CV Novitasari Tbk,Kalimantan Utara
67ea03df,Ibrani Tampubolon,"Engineer, maintenance (IT)",Perum Prakasa Jailani,Kalimantan Selatan
6564587d,Hendra Fujiati,"Surveyor, commercial/residential",PT Mangunsong Waluyo,Kalimantan Tengah
0a283ab0,Hasim Marbun,Commercial/residential surveyor,UD Aryani Utama (Persero) Tbk,Maluku Utara
510d908b,Danang Hassanah,Tax inspector,PT Nuraini Zulaika,Lampung
0d15e0ed,"Zelaya Sitompul, M.Ak",Environmental education officer,CV Pangestu Pertiwi,Sumatera Utara
c1218eac,Zahra Sudiati,Production engineer,UD Andriani,Kalimantan Tengah
a27d4f24,Cut Alika Maryati,Quality manager,UD Sitompul,Bali
70e2f8f2,"Drs. Fitria Januar, M.TI.",Medical physicist,UD Sitompul Wacana,Papua Barat
27203448,Rika Lazuardi,Paramedic,Perum Manullang,Kepulauan Riau
67899c69,Jaka Mandasari,"Editor, commissioning",CV Tarihoran,DI Yogyakarta
d9b3863b,Queen Utama,"Psychotherapist, child",PT Nashiruddin Handayani Tbk,Gorontalo
12d9a206,dr. Endah Rahayu,Biomedical scientist,CV Hastuti (Persero) Tbk,Bali
fbd0d8a0,"Drs. Vanesa Budiman, S.IP",Phytotherapist,UD Aryani Budiman Tbk,Kalimantan Timur
ea8f38b5,Padma Hardiansyah,"Scientist, research (medical)",PT Sudiati Rahayu,Maluku Utara
791ede39,"Tasdik Yolanda, M.TI.",Computer games developer,PT Januar Irawan (Persero) Tbk,Kalimantan Barat
2cf77242,"Vega Tarihoran, S.Pt",Print production planner,PD Kusumo,Kepulauan Bangka Belitung
10f7db2e,Cemeti Andriani,Environmental health practitioner,PD Sitompul Tbk,Papua
0c23bf55,Dina Suartini,Airline pilot,UD Puspasari Sirait,Bali
4d14f0af,"Drs. Pranata Mahendra, S.IP",Microbiologist,PD Mustofa,Sulawesi Tenggara
6b86562d,Nyana Novitasari,Clinical psychologist,CV Mandala Gunawan,Bengkulu
3ea3504d,"Candra Saragih, M.TI.",Technical sales engineer,PD Hutagalung (Persero) Tbk,Kalimantan Timur
4faa70d8,Clara Pradipta,Mechanical engineer,PT Prakasa,DI Yogyakarta
820311c0,Paris Permata,"Sound technician, broadcasting/film/video",UD Wastuti Tbk,Kalimantan Utara
acca7e08,"Tari Tarihoran, M.Ak",Accounting technician,PT Halimah,Lampung
e8ae10ee,Maimunah Hidayat,Paediatric nurse,PT Susanti Budiyanto,Sulawesi Barat
1b3712cc,Puti Uli Permadi,"Teacher, English as a foreign language",UD Siregar,Sumatera Selatan
241d7ce5,Mila Handayani,Mudlogger,PT Irawan,Kepulauan Riau
52ac29e8,"R.A. Sadina Narpati, S.Gz",Careers adviser,CV Gunarto,Sulawesi Tengah
cf4e6475,"Jasmin Simanjuntak, S.Ked","Programmer, systems",Perum Lailasari,Nusa Tenggara Barat
a1efd812,"Hj. Karen Suwarno, S.T.",Operations geologist,Perum Widiastuti Winarsih Tbk,Banten
1f7e5144,Cagak Gunarto,Regulatory affairs officer,PD Nashiruddin Tbk,Aceh
a7d947dd,Utama Marpaung,Actor,PD Halimah Firmansyah,Kalimantan Selatan
2a11e9f3,Halim Wijaya,Television/film/video producer,CV Samosir Widiastuti (Persero) Tbk,Sumatera Barat
1893aa45,"Dr. Ani Narpati, S.Pt","Research officer, political party",PT Jailani Suwarno,Maluku
d69f5034,Drs. Ajeng Nugroho,Farm manager,CV Palastri Sihotang (Persero) Tbk,Banten
f61519c2,Anastasia Pudjiastuti,IT technical support officer,CV Hardiansyah Kuswoyo (Persero) Tbk,Papua
0f3971a3,Daliman Mandasari,Government social research officer,CV Simanjuntak Pratiwi,Nusa Tenggara Timur
93f64de2,"dr. Gandi Adriansyah, M.M.",Landscape architect,CV Firmansyah Kurniawan (Persero) Tbk,Sulawesi Barat
60aac779,"Dr. Jessica Widiastuti, S.H.","Engineer, control and instrumentation",CV Waluyo Mandala,Kalimantan Tengah
8dc6128f,"Umay Lazuardi, S.Psi",Forest/woodland manager,PT Kusumo Yolanda Tbk,Kalimantan Selatan
c0ca0681,Ilsa Wibisono,"Nurse, mental health",Perum Haryanti,Jawa Tengah
ef8fb84c,"Vanya Hutapea, S.Kom","Engineer, electrical",PD Jailani Andriani,DKI Jakarta
89c9957d,Bala Santoso,Nutritional therapist,CV Purnawati Tbk,Aceh
66cb88af,"KH. Balapati Permadi, S.Pd","Pharmacist, hospital",Perum Namaga Natsir Tbk,Maluku
912160d5,"drg. Viman Hidayanto, S.Farm",Social worker,PD Jailani (Persero) Tbk,Jawa Barat
c535032e,Titi Usamah,"Programmer, applications",PD Sudiati Setiawan,Jawa Tengah
e2645090,Fathonah Purnawati,Diplomatic Services operational officer,PD Laksmiwati (Persero) Tbk,Bali
9241f125,Cakrajiya Napitupulu,Higher education careers adviser,Perum Winarno (Persero) Tbk,Sulawesi Tenggara
513d7f5c,Zulfa Thamrin,Further education lecturer,UD Napitupulu,Sulawesi Tenggara
0147f16f,Margana Kurniawan,Civil Service fast streamer,PT Simbolon Rajasa Tbk,Banten
2936d959,Faizah Manullang,Amenity horticulturist,Perum Wahyuni (Persero) Tbk,Papua
28a79019,Tgk. Kezia Hardiansyah,Learning disability nurse,Perum Hidayanto,Sulawesi Selatan
3a225f08,"Putri Situmorang, S.Psi",Lexicographer,PD Hutasoit,Kepulauan Riau
333ff29e,Padma Prayoga,"Embryologist, clinical",UD Wibowo Marpaung,Kalimantan Tengah
c235f7a9,Ophelia Padmasari,"Scientist, marine",CV Saragih (Persero) Tbk,Kepulauan Bangka Belitung
3b49e086,Drs. Agus Wastuti,"Engineer, electrical",PT Pertiwi,DKI Jakarta
9e91d6c9,dr. Indah Maheswara,Ophthalmologist,Perum Sitompul Hutapea (Persero) Tbk,Nusa Tenggara Barat
a9c15b36,Rina Nuraini,Air cabin crew,PD Budiman Santoso,Nusa Tenggara Timur
54760023,Padmi Agustina,Television/film/video producer,Perum Zulkarnain Gunawan (Persero) Tbk,Bali
8e1947f5,Yani Hutagalung,Forensic psychologist,UD Nababan Irawan (Persero) Tbk,Jawa Timur
8b01a97a,"KH. Emin Kusumo, S.E.","Accountant, chartered management",Perum Latupono Astuti Tbk,Sulawesi Tengah
f8243b09,Betania Setiawan,"Surveyor, building control",Perum Siregar Zulkarnain,Sulawesi Selatan
639a6635,Koko Rahmawati,"Scientist, product/process development",PD Sinaga (Persero) Tbk,Kalimantan Tengah
2d44477c,Genta Wasita,Civil Service administrator,PT Rajata,Bengkulu
ba037811,Dr. Jarwi Nasyidah,"Designer, textile",CV Sihombing (Persero) Tbk,Lampung
d4e390e1,Yoga Wibowo,Public relations account executive,PT Hariyah,Nusa Tenggara Barat
0fab123f,Cawisono Yolanda,Legal secretary,Perum Jailani (Persero) Tbk,DKI Jakarta
3f4198bb,Tgk. Dalima Fujiati,"Psychologist, counselling",PD Pudjiastuti Nasyiah,Papua Barat
1fc2193c,Akarsana Laksmiwati,Television camera operator,CV Hastuti Manullang,Jawa Barat
dba4734c,Raina Aryani,Ranger/warden,CV Uwais,Maluku Utara
f132ca9d,"Dr. Michelle Setiawan, M.TI.",Senior tax professional/tax inspector,PT Rahayu Natsir (Persero) Tbk,Sumatera Utara
5de141fa,"Puti Diah Firgantoro, S.T.",Production engineer,PD Simanjuntak (Persero) Tbk,Papua Barat
49e86efa,"Dr. Yuliana Prasetyo, S.T.","Engineer, maintenance (IT)",Perum Zulaika Pangestu,DKI Jakarta
8aab8735,"Erik Zulkarnain, S.H.",Environmental health practitioner,PT Permadi (Persero) Tbk,Sulawesi Barat
b4375032,"R. Kiandra Tarihoran, S.E.I",Mechanical engineer,PT Laksmiwati Namaga (Persero) Tbk,DI Yogyakarta
003e9259,Mulya Marbun,Colour technologist,UD Andriani,Kalimantan Barat
9f70859e,drg. Septi Maulana,Graphic designer,PD Mardhiyah Prasasta,Papua
917b2449,Raina Irawan,Community education officer,UD Mansur,Jawa Tengah
22265039,"drg. Hendra Habibi, S.Kom","Education officer, museum",PT Wahyuni (Persero) Tbk,Maluku
07ff4113,Puti Unjani Hutagalung,"Administrator, arts",CV Siregar Winarno Tbk,Papua
52141e2a,Icha Wahyudin,Hospital doctor,Perum Oktaviani Nasyidah Tbk,Maluku
4b6d3728,Putri Pradana,Solicitor,PT Adriansyah Kuswandari (Persero) Tbk,Jawa Tengah
4c315702,Timbul Gunawan,Web designer,Perum Laksita Winarsih Tbk,Sumatera Barat
6e8d8e2c,Humaira Oktaviani,Games developer,PD Pradipta Tbk,Kepulauan Bangka Belitung
0bc83ca1,"Tgk. Ajeng Hassanah, S.IP",Ceramics designer,PT Nashiruddin,Kalimantan Utara
7c4ec77c,Elon Mayasari,Emergency planning/management officer,Perum Hidayat Tbk,Banten
6f10e67b,H. Koko Nugroho,Barista,UD Farida Winarsih (Persero) Tbk,Kepulauan Riau
162c2a6a,Zahra Hakim,Broadcast presenter,PD Iswahyudi Puspasari Tbk,Bengkulu
f4a84138,Hilda Mayasari,"Librarian, public",Perum Wibowo Maryati (Persero) Tbk,Sulawesi Tengah
211ee757,Widya Thamrin,"Engineer, maintenance",UD Habibi Setiawan (Persero) Tbk,Jambi
3dd1a904,"Laila Widodo, S.E.",Press sub,PD Situmorang,DKI Jakarta
7b97592b,Kamila Gunawan,"Surveyor, quantity",PT Wahyuni Riyanti Tbk,Jawa Tengah
a8b4732e,"Estiono Situmorang, M.M.",Materials engineer,Perum Pradipta Hutasoit,Sulawesi Utara
0a18d437,Kadir Natsir,Multimedia specialist,Perum Wacana,Sulawesi Utara
706b1b9e,Sabar Thamrin,Photographer,PT Sitompul (Persero) Tbk,Sulawesi Tengah
0cc207d8,Jaswadi Irawan,Trade union research officer,UD Palastri Wastuti (Persero) Tbk,Lampung
e1e60720,Febi Rahmawati,"Psychologist, prison and probation services",PD Nurdiyanti,Lampung
989929fd,Daniswara Hariyah,Ambulance person,UD Situmorang Tbk,Sulawesi Selatan
5fbc5eaa,"Restu Laksita, S.Pd",Ergonomist,CV Puspasari Sihombing,Sumatera Utara
56201f57,Tgk. Zulfa Wacana,"Buyer, industrial",Perum Lazuardi Budiyanto,DKI Jakarta
0f9269ca,Almira Latupono,Publishing rights manager,CV Suartini (Persero) Tbk,Riau
01633aa0,Estiawan Prasetyo,Retail merchandiser,UD Puspasari Puspasari,Sumatera Selatan
8c9cc826,Vanesa Prasetyo,Lawyer,CV Utami Tbk,Nusa Tenggara Barat
5adbcb73,Harja Halim,"Engineer, electronics",PD Tampubolon Waskita,Papua
39a955d5,Hasna Utama,Mudlogger,PD Jailani Saefullah,Gorontalo
6ec6b444,R. Rini Permata,"Exhibitions officer, museum/gallery",UD Usamah Wibisono,Sulawesi Tengah
9ad7c79e,Citra Simanjuntak,Financial manager,Perum Rajasa Wahyuni,Jawa Tengah
aee5d36e,"Raihan Januar, S.E.","Clinical scientist, histocompatibility and immunogenetics",UD Wastuti (Persero) Tbk,Lampung
62f0c00a,"Kawaya Damanik, S.Sos","Scientist, water quality",Perum Wulandari Rahayu,Bali
a80776c4,Raihan Permata,Insurance underwriter,PT Mandala Laksmiwati,Maluku
867006c4,Almira Nuraini,Communications engineer,CV Zulkarnain Sihombing,Papua Barat
7b5e3bff,Cahya Marbun,Museum/gallery curator,CV Habibi Rajasa Tbk,DI Yogyakarta
9de09fc0,"Tgk. Faizah Mustofa, S.H.","Nurse, children's",UD Haryanto (Persero) Tbk,Jambi
7da03b98,"Cut Alika Yulianti, S.Sos",Health physicist,Perum Waskita Irawan,Sumatera Selatan
e8d93422,Sadina Gunarto,"Research officer, trade union",PD Ardianto (Persero) Tbk,Jawa Barat
67634fcc,"Patricia Wasita, S.Gz","Merchandiser, retail",PD Suwarno,Kalimantan Selatan
fdb2f0ef,"Hilda Pradana, M.Pd","Surveyor, land/geomatics",Perum Puspita Hariyah,Kalimantan Barat
17a0d1f9,Arta Yulianti,"Designer, graphic",PT Thamrin Ardianto Tbk,Riau
bf865c78,"Putri Maryadi, S.Pt",Claims inspector/assessor,CV Winarsih Mulyani,DI Yogyakarta
951acf24,Widya Suwarno,Information officer,Perum Rahayu Gunawan,Kalimantan Barat
3d3aa176,Enteng Hidayanto,Accounting technician,PT Napitupulu Mayasari Tbk,Sulawesi Selatan
f85096fe,"Emong Iswahyudi, S.H.",Tree surgeon,CV Usamah (Persero) Tbk,Sumatera Utara
648a3954,Fitria Nurdiyanti,Theatre director,PT Mardhiyah,Bengkulu
b09d05e1,"Shakila Nasyiah, S.IP","Surveyor, building",Perum Dabukke (Persero) Tbk,Kepulauan Riau
7ec83cf0,Usman Situmorang,Risk manager,Perum Sihombing Natsir (Persero) Tbk,Sumatera Selatan
e983e142,"Nardi Utama, S.IP","Designer, interior/spatial",PT Prasetyo Nurdiyanti Tbk,Sumatera Selatan
b706ebf8,"Puti Dina Yulianti, S.Kom",Social researcher,PD Pratama Laksita (Persero) Tbk,Jawa Tengah
c9b30057,Yunita Dongoran,Furniture designer,Perum Firmansyah Sihombing Tbk,Sulawesi Selatan
ac67271b,Aslijan Suwarno,"Surveyor, planning and development",PD Pangestu (Persero) Tbk,Sumatera Barat
c613fe36,Winda Waluyo,Immigration officer,Perum Habibi,Kepulauan Riau
e42b9e87,"Ayu Pratiwi, S.T.",Advertising account executive,PT Wibowo Tbk,Sumatera Utara
7fa75f9a,Jatmiko Marpaung,Materials engineer,Perum Rajata Pratiwi,Kalimantan Selatan
11e2ce7b,Kayla Wijaya,Energy manager,UD Maulana Tbk,Sumatera Utara
39bc2dea,Victoria Pertiwi,Public relations officer,Perum Permata (Persero) Tbk,Jawa Tengah
2b6e3f38,Queen Halim,"Presenter, broadcasting",CV Putra Rahimah Tbk,Lampung
177b7e6d,Soleh Maheswara,Engineering geologist,UD Mardhiyah Tamba (Persero) Tbk,Maluku Utara
6278e9c0,Paris Wibisono,Film/video editor,PD Thamrin Suwarno Tbk,Aceh
2ed5c8dc,"Gambira Budiyanto, S.E.I",Tourism officer,Perum Anggriawan Lestari,DI Yogyakarta
975eebc7,"Carub Maryadi, S.I.Kom",Tourism officer,PD Maryadi Maheswara,DI Yogyakarta
e4d39750,Zelaya Wijayanti,Information systems manager,Perum Hasanah Yolanda (Persero) Tbk,Banten
ad89a8db,Tania Widodo,"Designer, graphic",CV Setiawan Gunawan Tbk,Sulawesi Tengah
76b2fa44,Saka Pangestu,Meteorologist,CV Utama Natsir (Persero) Tbk,Sumatera Selatan
24b4c7ee,Lidya Najmudin,Research scientist (medical),CV Nugroho Wasita,Sulawesi Selatan
46e00a28,Yessi Susanti,Air broker,PT Tamba Adriansyah Tbk,Sulawesi Tengah
292ddfd9,Jasmin Kusumo,Data scientist,UD Gunawan Tbk,Sulawesi Utara
8c0eccc4,Banawa Hakim,"Conservator, furniture",PD Mustofa Setiawan Tbk,Riau
12f542e9,Capa Wacana,Ambulance person,CV Saputra Napitupulu,Sulawesi Selatan
924acfa5,Cindy Waluyo,Equities trader,UD Marpaung Tbk,Jambi
e3e26086,"Jarwadi Prabowo, S.Kom",Prison officer,UD Dongoran (Persero) Tbk,Banten
e51b1c78,KH. Akarsana Haryanto,Insurance underwriter,Perum Marbun,DKI Jakarta
756111b7,T. Gambira Maryati,Museum/gallery conservator,CV Iswahyudi Tbk,Sulawesi Barat
948c41db,Xanana Permata,Actor,UD Prabowo Utami (Persero) Tbk,Kalimantan Tengah
3ba6f212,"Drs. Tantri Oktaviani, S.T.",Contracting civil engineer,CV Kuswoyo Kusumo,Sulawesi Barat
d97118ae,"drg. Galang Melani, M.M.",Photographer,UD Rahmawati Agustina (Persero) Tbk,Sulawesi Utara
b6b50511,"Ian Saefullah, S.H.",Advertising account executive,PD Situmorang,Sulawesi Utara
8875c823,Maras Nasyidah,Associate Professor,PD Pangestu (Persero) Tbk,Jambi
2e0d757a,"Samiah Firmansyah, S.E.","Producer, radio",UD Wastuti,Jawa Timur
99c02dae,Gina Mulyani,Chartered certified accountant,Perum Rahimah,Banten
ecb4c30a,Nasrullah Wastuti,Ranger/warden,Perum Putra Budiman,Gorontalo
ca18aafb,T. Mariadi Wulandari,Human resources officer,CV Widodo Yulianti (Persero) Tbk,Kepulauan Bangka Belitung
cb780a90,Shakila Permadi,Agricultural engineer,UD Sihotang,Sumatera Barat
faa1965f,Bakijan Pratiwi,Contractor,CV Rajasa Damanik,Nusa Tenggara Barat
eb38d3f6,Maria Suwarno,Sport and exercise psychologist,UD Mangunsong,Papua
de264436,Darijan Marpaung,Chartered accountant,Perum Suartini Waskita Tbk,Bengkulu
4578e21c,Nurul Saptono,IT technical support officer,UD Novitasari Novitasari Tbk,Sulawesi Tenggara
5a8569b5,Maras Suryatmi,"Psychotherapist, dance movement",Perum Lestari Tbk,Bengkulu
59b556be,"Tari Tarihoran, M.M.",Paramedic,PT Januar,Kalimantan Barat
357ea5d8,Laila Permadi,"Nurse, learning disability",UD Kusmawati Rahmawati,Sulawesi Tengah
1ab915bd,R. Laila Hariyah,Warehouse manager,CV Maryati,Maluku Utara
3b0c31a6,Sutan Caket Purnawati,"Surveyor, planning and development",CV Maulana Simbolon (Persero) Tbk,Sulawesi Tenggara
c8159e0d,Diah Budiyanto,Exhibition designer,PD Kusmawati (Persero) Tbk,Banten
9bcc982a,Purwadi Prabowo,Video editor,CV Firgantoro Mansur,Kalimantan Tengah
0509fa37,"Saiful Nasyidah, S.Farm",Historic buildings inspector/conservation officer,UD Natsir Padmasari,Jambi
44c651cf,Qori Haryanto,Radiation protection practitioner,Perum Tarihoran (Persero) Tbk,Sumatera Barat
9640f9d3,Wasis Situmorang,Music therapist,PT Puspasari (Persero) Tbk,Jawa Tengah
11bdb3fa,dr. Ibrahim Saragih,Writer,CV Aryani Dabukke Tbk,Maluku
593a81c5,Cahyanto Mandasari,Insurance underwriter,PD Usamah Winarno Tbk,Kalimantan Utara
1a71632a,Jaeman Pranowo,Clinical cytogeneticist,UD Safitri,Papua Barat
8be3cdfa,Zalindra Hastuti,Equities trader,CV Riyanti Prakasa,Riau
bdbb44c6,Pardi Uyainah,Applications developer,PD Safitri Winarsih,DKI Jakarta
40374ba9,Limar Kurniawan,"Surveyor, building",PD Oktaviani Pratiwi Tbk,Jawa Tengah
570afcd3,Endah Irawan,Analytical chemist,PT Prasetya Tbk,Sumatera Barat
d7c9f3b8,Fitria Budiyanto,Primary school teacher,CV Sitorus,Sumatera Selatan
cf96e4e5,Dt. Aris Mulyani,Water engineer,PT Pangestu Mandala,Jawa Barat
f5eddf2a,Ibrahim Suartini,"Social research officer, government",PT Rajasa Suwarno,Bengkulu
c192ed63,"dr. Hendra Pradana, S.Pt","Designer, furniture",Perum Agustina,Sulawesi Barat
d426c901,Jagapati Yuniar,Sports administrator,Perum Kuswoyo Rajata,Riau
258f7f72,"R.A. Rina Farida, M.Pd",Proofreader,PT Napitupulu Tbk,Bali
83194b39,"Tgk. Mulya Puspita, S.E.",Industrial/product designer,PT Wulandari (Persero) Tbk,Sumatera Selatan
416d1b83,"Eka Hidayat, S.T.",Intelligence analyst,UD Tampubolon,Maluku
3dde3520,Laila Budiyanto,Contractor,CV Waskita,Sumatera Selatan
0682c2f7,Jaya Lazuardi,Pensions consultant,PT Nashiruddin Tbk,Banten
87466f98,Darmanto Firgantoro,Armed forces operational officer,PT Purwanti Yolanda Tbk,Kalimantan Timur
3190729a,"Dt. Kemba Zulkarnain, S.Kom",Legal secretary,PD Sirait Tbk,Sumatera Utara
266a8d18,Cinthia Mayasari,Communications engineer,CV Sihotang Nababan,Jawa Barat
afda18a6,Marsito Gunawan,Technical brewer,Perum Iswahyudi Hidayat (Persero) Tbk,Maluku
e579e4b7,Carub Kusmawati,"Engineer, materials",PT Salahudin Wahyuni (Persero) Tbk,DI Yogyakarta
c0d96fc6,R.A. Eka Winarsih,Economist,UD Mansur,Kalimantan Barat
7482c06f,"Diana Halim, S.Sos",Audiological scientist,UD Ardianto Tbk,Bengkulu
bcee3816,"Tgk. Galiono Prasasta, M.Kom.",Furniture designer,UD Rahayu Mahendra Tbk,Sulawesi Tenggara
712c61bd,Ade Suryono,Medical laboratory scientific officer,PT Laksmiwati Hassanah Tbk,Aceh
ef6d151d,Balidin Sudiati,Music tutor,PD Hastuti (Persero) Tbk,Kepulauan Bangka Belitung
7a1161bc,Uchita Aryani,Financial planner,Perum Natsir Iswahyudi (Persero) Tbk,Bengkulu
6753c076,Farhunnisa Wulandari,"Teacher, adult education",PD Jailani Sitompul (Persero) Tbk,Maluku Utara
360b2539,Laras Siregar,"Research officer, government",PT Usada Tbk,Riau
a8d57532,Ir. Emil Handayani,Historic buildings inspector/conservation officer,UD Anggraini Waluyo,Kalimantan Barat
ad3f81aa,Drs. Tami Mustofa,Consulting civil engineer,UD Waskita (Persero) Tbk,Sulawesi Utara
b406acf1,Kairav Melani,Midwife,CV Padmasari Yuliarti,Kalimantan Tengah
451711ff,"R.M. Prabowo Saptono, S.IP",Editorial assistant,PD Saputra,Nusa Tenggara Barat
47439cb5,Chandra Mayasari,"Journalist, newspaper",PT Pangestu,DKI Jakarta
f95af784,dr. Uda Firmansyah,"Designer, industrial/product",CV Simbolon Simbolon (Persero) Tbk,Nusa Tenggara Timur
49bb5ffd,Rahmi Saragih,"Radiographer, therapeutic",PT Nababan Gunarto,Kalimantan Timur
4435c35c,"R.M. Jarwi Aryani, S.T.","Designer, exhibition/display",Perum Tarihoran,Sulawesi Tenggara
4e79726a,Vicky Simbolon,Careers adviser,PT Uyainah Budiman Tbk,Sulawesi Barat
f1356110,Jumari Purnawati,Outdoor activities/education manager,Perum Rahmawati Andriani,DKI Jakarta
f211f95c,"dr. Raisa Saefullah, M.Kom.",Tree surgeon,CV Wijayanti (Persero) Tbk,Bali
cbe1fba9,Ajimin Mustofa,Marine scientist,UD Hariyah Napitupulu Tbk,Maluku
75bd8029,Cecep Haryanto,Pharmacologist,PD Setiawan Gunawan Tbk,Sulawesi Selatan
e1e9cc96,Umi Hartati,Publishing rights manager,Perum Manullang Tbk,Sumatera Selatan
d6bfd8fd,"Harsanto Dabukke, S.IP","Programmer, systems",CV Hutasoit Hassanah,Jawa Tengah
1b3c2c58,Genta Wahyuni,"Civil engineer, consulting",UD Hastuti,Kalimantan Selatan
e1a6ec45,Uchita Winarsih,Printmaker,UD Haryanto Tbk,Maluku Utara
aed9b20b,Diah Januar,"Lecturer, higher education",CV Januar Simbolon (Persero) Tbk,Sulawesi Selatan
7e9bc191,Darmana Rajata,Facilities manager,Perum Farida Siregar (Persero) Tbk,Lampung
81463382,R. Gabriella Zulaika,Textile designer,CV Zulkarnain Sihotang (Persero) Tbk,Papua
d629c760,Wira Mulyani,Archivist,Perum Zulkarnain Mandala,Jawa Timur
1d70a2f3,Kuncara Setiawan,Garment/textile technologist,CV Pratama,Papua
0adc5ffd,Dt. Salman Hutagalung,Firefighter,CV Manullang,Nusa Tenggara Barat
ea3d1d01,"Luis Nainggolan, S.Kom",Immunologist,CV Nurdiyanti Purnawati Tbk,Jawa Timur
3186ba18,"Tgk. Yance Nurdiyanti, S.T.",Medical sales representative,PT Megantara Natsir Tbk,Sulawesi Utara
42d841ba,Dirja Sihotang,Legal secretary,Perum Melani Waskita (Persero) Tbk,Sumatera Barat
71243dfd,"Ellis Novitasari, S.Psi",Industrial/product designer,CV Sihombing Tbk,Lampung
1693f060,R.A. Siska Gunawan,Media planner,UD Prastuti Suryono,Jawa Tengah
5157324a,Unggul Simbolon,Architectural technologist,Perum Hutapea,Kepulauan Riau
b9462538,"Lala Mustofa, S.Gz",Barrister's clerk,PD Salahudin,Bengkulu
2ba781c4,"Catur Napitupulu, S.Sos","Teacher, English as a foreign language",UD Nasyidah Tbk,Nusa Tenggara Timur
d36008ef,Martana Maheswara,Ship broker,Perum Sitorus Wasita,Nusa Tenggara Timur
3baac1fc,Dr. Surya Puspasari,Commercial/residential surveyor,PT Nurdiyanti,Sumatera Selatan
570ac998,Jasmin Hassanah,Chief Executive Officer,UD Wibisono Tbk,Sumatera Utara
2d93e3b9,Ika Rahmawati,Control and instrumentation engineer,UD Firmansyah Tbk,Jawa Barat
a0fb6136,Cemani Prakasa,Occupational therapist,Perum Nababan Tbk,Kalimantan Selatan
ea3ebcdf,Heryanto Susanti,Osteopath,PT Hariyah Laksmiwati (Persero) Tbk,Sumatera Selatan
c24de825,dr. Estiawan Tarihoran,Exhibition designer,PT Latupono Riyanti (Persero) Tbk,Kalimantan Timur
2c18ee92,Zelda Simbolon,Agricultural engineer,CV Maheswara Tbk,Sulawesi Tengah
044cff79,"Aurora Pudjiastuti, S.Farm",Geophysicist/field seismologist,UD Oktaviani Manullang Tbk,Riau
6b17881e,Devi Nurdiyanti,Pathologist,CV Mandala Sirait,Jambi
fd5c4bcd,Ir. Galih Winarsih,Insurance risk surveyor,Perum Nababan Tbk,Kalimantan Selatan
7aab2aa9,Mutia Saragih,Claims inspector/assessor,Perum Putra Dabukke,Kepulauan Bangka Belitung
159da2ae,Jelita Uwais,Make,Perum Adriansyah Ardianto,Nusa Tenggara Timur
b6b4f331,"Halim Najmudin, S.E.",Volunteer coordinator,UD Astuti Usamah,Sulawesi Tengah
bc696527,Eka Rahimah,IT sales professional,CV Najmudin Tbk,Sumatera Utara
15a688d1,Dipa Hariyah,Metallurgist,CV Aryani Hutasoit Tbk,Papua Barat
c1ee3585,"Tgk. Ridwan Utami, S.T.","Investment banker, corporate",PT Sinaga (Persero) Tbk,Aceh
453c2bb4,"Kanda Lazuardi, S.Gz",Teaching laboratory technician,Perum Lailasari Hartati (Persero) Tbk,Kepulauan Riau
e913d96b,Mujur Maryati,Engineering geologist,CV Hutasoit,Aceh
6b5f1fa6,Luis Nasyiah,Music therapist,PT Haryanto Tbk,Kalimantan Tengah
3e4bedb7,Cornelia Rahimah,Production manager,UD Wibowo Tbk,Lampung
766dfce9,"H. Lukman Simbolon, S.I.Kom",Curator,CV Andriani Tampubolon,Bali
8b02dda0,Tgk. Zalindra Haryanto,Psychiatric nurse,PD Ardianto Setiawan Tbk,Sulawesi Utara
81a23d68,Bagas Maheswara,Veterinary surgeon,UD Winarno Tbk,Jambi
9a4cfa8b,"Nova Rahmawati, M.Farm",Ranger/warden,Perum Permata (Persero) Tbk,Papua
b0567c4e,Drs. Jail Pratiwi,"Teacher, music",UD Wulandari,Gorontalo
0424eaf6,"Hj. Jasmin Januar, S.Farm",English as a foreign language teacher,Perum Hastuti,Sulawesi Utara
8def2db8,Salsabila Zulkarnain,Nutritional therapist,UD Wastuti Simbolon,Sumatera Barat
056783dc,R.A. Lidya Suartini,Graphic designer,Perum Prayoga,DI Yogyakarta
f03e33e1,"R.A. Hilda Namaga, S.H.",Arts development officer,PT Wijayanti Prasetyo (Persero) Tbk,Sulawesi Tengah
ad100f65,Praba Napitupulu,Academic librarian,PD Wijayanti Tbk,Kalimantan Timur
999b9901,Ika Halimah,"Journalist, broadcasting",UD Mulyani,Papua Barat
1ba70a30,Lukman Zulkarnain,"Therapist, sports",CV Pratiwi Waluyo,Maluku
c40d7ca7,"Dt. Jinawi Tarihoran, S.E.",Nutritional therapist,PT Nashiruddin Zulaika (Persero) Tbk,Kalimantan Barat
65d6b8a9,Jayeng Hutapea,Colour technologist,Perum Hardiansyah Ardianto,Sumatera Barat
adf8a67d,Faizah Uwais,Television production assistant,CV Purnawati Prakasa (Persero) Tbk,Gorontalo
97731ad7,Muhammad Simanjuntak,Radio broadcast assistant,UD Maryati Purwanti Tbk,Lampung
15c92a85,Cornelia Latupono,Science writer,PD Pratama,Bengkulu
038b59a3,Latika Astuti,Diagnostic radiographer,CV Winarno (Persero) Tbk,Papua
7353a699,"R.M. Eko Simanjuntak, M.TI.","Engineer, aeronautical",PT Mayasari Usamah (Persero) Tbk,Kalimantan Barat
36a209b3,R. Amelia Dabukke,Land,PT Usamah Najmudin,Banten
82592430,"Dr. Betania Halimah, S.Pd",Chief Marketing Officer,PD Rajata Dongoran,Gorontalo
6cf8e9ab,H. Gatra Irawan,Fast food restaurant manager,Perum Wahyuni,Kepulauan Riau
fe08376a,Lintang Sitorus,Horticultural consultant,PD Haryanto Yolanda (Persero) Tbk,Bali
fc8d69aa,Patricia Putra,Web designer,PT Hardiansyah,Lampung
7d28cf70,Ir. Natalia Najmudin,Communications engineer,PD Manullang Tbk,Maluku
32becee6,Ismail Maheswara,Chartered public finance accountant,PT Pangestu Purnawati (Persero) Tbk,Maluku Utara
c376d844,Saadat Yolanda,"Restaurant manager, fast food",Perum Thamrin Wastuti,Maluku Utara
0095c26a,Samiah Hastuti,Systems analyst,PT Maryadi Wulandari,Maluku Utara
c1f904e2,Ikin Budiyanto,Printmaker,UD Napitupulu Mulyani,Jawa Barat
25690e3c,Calista Prasasta,Lexicographer,CV Uwais Handayani (Persero) Tbk,Kalimantan Barat
bba414d6,Irnanto Irawan,Print production planner,PT Situmorang Natsir (Persero) Tbk,Kalimantan Selatan
17184333,"Eka Maryadi, S.E.I",Public affairs consultant,UD Setiawan,Jawa Tengah
a41d49a2,Dt. Bakti Situmorang,Special effects artist,Perum Yuniar Prasetyo (Persero) Tbk,Bali
071228a2,"R.A. Shakila Wastuti, S.T.",Museum/gallery exhibitions officer,Perum Permadi Mayasari,Jawa Tengah
9152ca56,Silvia Mahendra,"Buyer, retail",PT Uwais (Persero) Tbk,DKI Jakarta
2ebfd1e4,"Safina Simanjuntak, S.Pd",Electrical engineer,PT Suartini,Kepulauan Riau
dd13f5e6,Kani Agustina,Chief Strategy Officer,CV Sinaga (Persero) Tbk,DI Yogyakarta
8c1faefe,H. Harjaya Rajasa,"Exhibitions officer, museum/gallery",UD Permadi,DKI Jakarta
26395773,Ilsa Andriani,"Exhibitions officer, museum/gallery",CV Dongoran,Kalimantan Utara
270d5f08,"Warsita Novitasari, M.TI.",Podiatrist,UD Anggriawan,Sulawesi Selatan
198131de,R. Bakti Rahmawati,"Loss adjuster, chartered",PD Lailasari Saputra Tbk,Banten
c219d4a8,Mitra Kusmawati,Chiropractor,PD Susanti,Sulawesi Tengah
5d679ab1,"Latika Marpaung, S.Sos","Designer, furniture",PT Suryono,Lampung
f3c3a705,"KH. Among Ramadan, S.Sos",Architect,Perum Rajata (Persero) Tbk,Papua Barat
8ce8fdc6,Ajeng Mangunsong,Control and instrumentation engineer,CV Budiman,Aceh
66733538,Irma Hutagalung,Community pharmacist,UD Simanjuntak Tbk,Kalimantan Barat
cbf5703a,Cinthia Maulana,Trading standards officer,UD Nasyiah,Jawa Timur
8cd507cc,Cici Rajata,"Investment banker, operational",CV Simbolon Hasanah (Persero) Tbk,Jawa Timur
b33cc49a,"Asirwada Simanjuntak, S.Ked",Seismic interpreter,CV Andriani Haryanto Tbk,Nusa Tenggara Barat
bcf90f35,Dimas Laksmiwati,Environmental manager,CV Haryanti Namaga Tbk,Sumatera Selatan
d9573d3f,Drs. Gawati Pertiwi,Clinical embryologist,PD Utami (Persero) Tbk,Jawa Timur
0f7ee027,drg. Mutia Firgantoro,"Surveyor, insurance",CV Firgantoro Puspasari Tbk,Riau
9994029e,"Umaya Winarsih, S.H.",Barrister,PD Waluyo,Kalimantan Selatan
fd540355,Drs. Ayu Pangestu,Armed forces training and education officer,Perum Widodo Ardianto Tbk,Papua Barat
b276d0bb,Mutia Sinaga,Sport and exercise psychologist,Perum Saragih Kusumo (Persero) Tbk,Kepulauan Bangka Belitung
48a5f881,"Dr. Putri Mustofa, S.E.I",Brewing technologist,PD Dabukke Lestari,Jawa Tengah
9fcda6c6,"R.M. Alambana Wacana, S.Kom",Consulting civil engineer,CV Sitorus Mahendra Tbk,Riau
e1e92a13,Leo Tamba,"Teacher, primary school",UD Permata Firgantoro,Papua
72c12dcb,Hafshah Oktaviani,Recycling officer,UD Thamrin (Persero) Tbk,Kalimantan Timur
52009d28,"H. Indra Zulaika, S.Gz",Immigration officer,Perum Natsir Narpati,Nusa Tenggara Timur
9eba5a80,R. Lantar Hardiansyah,"Radiographer, therapeutic",CV Firmansyah (Persero) Tbk,Riau
22e308b0,Farah Namaga,Insurance underwriter,CV Nurdiyanti (Persero) Tbk,Riau
da6472fe,Gabriella Salahudin,Graphic designer,CV Mangunsong,Bengkulu
fa2a983f,Dr. Ajimin Putra,Art therapist,PD Hardiansyah Tbk,Nusa Tenggara Barat
69901335,Ami Halim,Technical author,Perum Kusmawati Hutapea Tbk,Jawa Tengah
630c7db8,Unjani Prasasta,"Psychologist, educational",PT Firmansyah Nasyiah (Persero) Tbk,Banten
9d0c96f6,Laila Mahendra,Social researcher,PD Nainggolan,Maluku Utara
a3d3ac8f,Bahuwarna Simbolon,Warehouse manager,Perum Firmansyah Wibisono,Jambi
9a327dec,Galang Adriansyah,Immunologist,UD Mandala (Persero) Tbk,DKI Jakarta
45c24941,Queen Wahyuni,Chartered management accountant,PD Wijaya Januar Tbk,Papua
6aa9e475,Cindy Manullang,Commercial/residential surveyor,CV Winarno,Sulawesi Barat
e08f9cd5,Elvina Tarihoran,Actor,PT Padmasari,Lampung
fb905a3c,Fitria Manullang,Financial controller,Perum Suartini Suwarno Tbk,Kalimantan Tengah
b796846b,"Citra Kurniawan, M.TI.",Field seismologist,Perum Uyainah Tbk,Nusa Tenggara Timur
dabe0b61,Shania Dabukke,"Engineer, technical sales",UD Rahmawati Utami (Persero) Tbk,Sulawesi Tenggara
85b9aa2c,Panca Permata,Music tutor,PD Hutagalung Tbk,Jawa Timur
e907fe5f,Ophelia Dongoran,"Investment banker, corporate",PT Halimah Hutasoit,Sulawesi Utara
aedd9546,"R.M. Prabawa Sudiati, M.M.",Multimedia specialist,PD Hastuti Wahyudin,Kalimantan Barat
a2cf39cf,Puti Sadina Rajata,Building services engineer,UD Saragih Iswahyudi,Bali
0248f3d6,Lukita Rahayu,"Presenter, broadcasting",UD Purwanti Waluyo (Persero) Tbk,Kalimantan Tengah
567b578b,dr. Nabila Manullang,Podiatrist,PT Haryanti Utami Tbk,Kalimantan Timur
f728c7ef,"Dono Simbolon, S.E.","Therapist, art",PT Habibi,Sulawesi Selatan
1f0cafdd,"dr. Amelia Wasita, S.Pt","Radiographer, diagnostic",PT Suryono Sihombing,Jawa Barat
badfe080,Sabri Purnawati,Health promotion specialist,PT Permata Tarihoran,Jawa Barat
1f6e2a0b,"Ayu Zulaika, S.IP",Research scientist (life sciences),Perum Permata Lestari,Nusa Tenggara Barat
030e610c,Alika Sihombing,"Presenter, broadcasting",PT Laksita Puspasari,Jawa Barat
9a28c844,"Puti Wulan Astuti, S.Pd",Community education officer,PT Jailani Zulaika Tbk,Riau
a7ea593e,Timbul Pratama,Insurance claims handler,PT Prasetyo Tbk,Kalimantan Selatan
52200d89,Carla Prasetyo,Theme park manager,UD Yulianti Santoso,Banten
5304a412,"Kurnia Gunarto, M.Pd",Technical brewer,PD Padmasari,Kalimantan Barat
85843fac,"Mutia Maryati, M.TI.",Naval architect,UD Handayani Hakim,Lampung
f5a10d64,"H. Arta Hidayanto, S.Pt",Cytogeneticist,Perum Usada,DI Yogyakarta
ce591e4b,Hani Uwais,Furniture conservator/restorer,PT Agustina Tbk,Kalimantan Timur
9a96295f,Rahmi Haryanti,Medical physicist,Perum Nasyiah Pradana Tbk,Maluku
888374bf,Drs. Diah Damanik,Agricultural engineer,PD Gunarto,Papua Barat
551498b8,Dalima Melani,Marketing executive,PD Sihombing Mahendra,Aceh
891e352c,Damar Aryani,Drilling engineer,PD Adriansyah Suwarno (Persero) Tbk,Sumatera Selatan
de898c4d,"Darmana Uwais, S.Gz",Microbiologist,PT Wastuti,Banten
8af32ce0,Winda Napitupulu,Retail buyer,PT Uyainah Zulkarnain,Papua
ce67b7f3,Lili Damanik,"Teacher, primary school",UD Pradana,Sulawesi Tenggara
61b89b1e,"Ani Pudjiastuti, S.Kom",IT technical support officer,PD Pangestu Novitasari Tbk,Sulawesi Utara
0f51ecb3,Dr. Ophelia Haryanto,Illustrator,CV Riyanti Widodo Tbk,Aceh
317ca32a,Puti Winda Novitasari,Electrical engineer,UD Wacana Haryanti (Persero) Tbk,Maluku Utara
910b90c9,Dr. Dalimin Winarsih,Community pharmacist,Perum Yulianti Dongoran,Jawa Timur
0a25ca82,Yessi Nasyidah,Commissioning editor,Perum Usada Thamrin,Sulawesi Barat
e8f98026,Kani Namaga,"Surveyor, hydrographic",PT Mulyani Hastuti,Banten
4db8f1f4,Wani Latupono,"Librarian, public",CV Nugroho Napitupulu,DI Yogyakarta
bf649942,Niyaga Nugroho,Copy,Perum Mardhiyah,Nusa Tenggara Barat
0d2f3176,Cut Dewi Maulana,Cartographer,UD Sihombing,Sumatera Selatan
395d6d32,Kusuma Mardhiyah,Pension scheme manager,CV Hutagalung Budiman (Persero) Tbk,Sumatera Barat
e196d937,Gaman Prabowo,Purchasing manager,PT Budiman Farida,Maluku Utara
d76ed8f0,drg. Saka Prakasa,Retail manager,PD Haryanti,Bengkulu
ce170f49,Dewi Mulyani,Publishing copy,CV Prasetyo Tbk,Aceh
250730f3,"Gandewa Hastuti, M.Farm","Engineer, chemical",CV Maulana,Kepulauan Bangka Belitung
b5fc80e6,dr. Mala Hastuti,Museum education officer,Perum Mulyani Tbk,Kalimantan Utara
53489f48,"R.A. Paulin Kuswoyo, M.TI.",Health service manager,UD Riyanti Mayasari Tbk,DI Yogyakarta
6e72d43d,Maman Puspasari,"Teacher, English as a foreign language",Perum Uwais Maheswara,Banten
e55c3959,Putri Safitri,"Designer, exhibition/display",CV Suartini Halim Tbk,Sulawesi Tenggara
b3c69858,Dr. Candra Nugroho,Occupational hygienist,Perum Waluyo,Kepulauan Bangka Belitung
9abeea25,"Banara Hartati, S.E.I","Surveyor, building control",UD Ramadan,Jawa Timur
1fc214d3,Utama Laksmiwati,Accounting technician,PD Kusumo,Riau
c5d535e0,"Tgk. Hana Hartati, S.Sos",Herpetologist,UD Zulkarnain Tbk,Bali
ffbc8e49,Zamira Kuswandari,Aid worker,CV Pratiwi Pradipta (Persero) Tbk,Nusa Tenggara Timur
d7cb9d6d,Nyana Lailasari,Medical laboratory scientific officer,PD Saptono Rahmawati,Sulawesi Tenggara
e630d830,Hardana Pudjiastuti,"Accountant, chartered management",PT Widiastuti Uyainah (Persero) Tbk,Papua Barat
d6d0d8ee,"Raisa Iswahyudi, M.TI.",Company secretary,PD Prastuti Tarihoran Tbk,Aceh
a53a9f47,"Ir. Farah Zulaika, S.T.",Engineering geologist,Perum Kuswoyo Halim (Persero) Tbk,Kepulauan Bangka Belitung
94d191b8,Lintang Prasetya,Gaffer,CV Sihotang (Persero) Tbk,Jawa Tengah
a012b402,"Chelsea Pertiwi, S.Kom",Manufacturing systems engineer,Perum Hasanah Maryati Tbk,Papua
30fae51d,Dalima Saefullah,Teaching laboratory technician,PD Permata,Jambi
2fb496bb,Talia Tampubolon,"Designer, interior/spatial",Perum Kusumo Wahyuni,Sulawesi Utara
53f5c091,Ira Winarsih,Research scientist (physical sciences),UD Safitri Hariyah Tbk,Maluku Utara
5dc6226f,Sarah Samosir,Air cabin crew,PD Sihotang Tbk,Gorontalo
84ae57fc,Shakila Iswahyudi,Legal secretary,PD Sudiati Haryanto Tbk,Maluku
61d3258e,Omar Agustina,Sports therapist,PD Samosir Sitorus (Persero) Tbk,Riau
734accf4,Hesti Fujiati,Meteorologist,PD Simbolon,Maluku
278372c4,Endra Rahayu,"Teacher, English as a foreign language",Perum Pradipta Santoso,Kalimantan Selatan
9585e1d6,Makara Melani,Water quality scientist,UD Agustina Budiman (Persero) Tbk,Jawa Tengah
17ee4bb8,dr. Harsanto Yuliarti,"Buyer, retail",Perum Siregar,Gorontalo
ad26134c,"Ir. Kunthara Mangunsong, M.Farm","Administrator, local government",Perum Napitupulu Tbk,Lampung
3c0d4528,R.A. Patricia Agustina,Civil Service fast streamer,UD Firmansyah Oktaviani,Papua
ac4eef3b,dr. Ella Widiastuti,Chiropodist,CV Hastuti Wijayanti Tbk,Aceh
8c0ad96b,Natalia Mustofa,Facilities manager,PT Waluyo Ardianto,Sumatera Utara
427cee8d,"Paiman Rahimah, S.E.","Librarian, academic",PT Najmudin (Persero) Tbk,Sulawesi Utara
1ba3bd56,"Sutan Usman Pranowo, S.E.",Armed forces technical officer,UD Simanjuntak Prakasa Tbk,Kepulauan Riau
990ef5c8,Hartaka Mandala,Sales executive,PT Nurdiyanti Utama (Persero) Tbk,Nusa Tenggara Barat
1f8b1497,Indah Haryanti,Dentist,CV Simanjuntak Tbk,Sulawesi Tengah
cec3af97,Tgk. Anom Hardiansyah,Land/geomatics surveyor,PT Widodo (Persero) Tbk,Sulawesi Selatan
0a73e956,Ir. Daliono Kusmawati,"Radiographer, diagnostic",Perum Prastuti Susanti,Nusa Tenggara Timur
6f19adf1,Pranawa Wahyuni,"Engineer, structural",CV Handayani Tbk,Nusa Tenggara Barat
3ff6a218,Ir. Estiawan Saputra,"Surveyor, mining",PD Santoso Tbk,Sulawesi Tengah
15b13c0a,Ir. Maya Gunawan,Training and development officer,Perum Padmasari Tbk,Riau
82a8ccdc,Mulyono Sitorus,Risk analyst,PD Uwais Hidayanto Tbk,DKI Jakarta
94312e26,"Tgk. Jarwa Halim, S.T.",Occupational therapist,UD Rahmawati,Kalimantan Tengah
5b8fbdea,Restu Adriansyah,Field trials officer,CV Purwanti Anggriawan Tbk,Nusa Tenggara Timur
d6136269,"Dinda Sinaga, M.Ak","Scientist, water quality",PD Hakim Tbk,Sulawesi Tengah
9a32f385,Virman Setiawan,Theme park manager,UD Maryati Purwanti,Sumatera Selatan
faef630e,Queen Prastuti,"Administrator, Civil Service",PD Winarsih,Maluku Utara
62d73d56,Joko Gunarto,"Engineer, electrical",CV Rahayu Yolanda Tbk,Maluku Utara
1d811f1b,Drs. Betania Pradipta,"Surveyor, hydrographic",UD Wasita,Sulawesi Barat
4dc83a3b,Elisa Yuniar,Rural practice surveyor,UD Lazuardi Prasasta,Kalimantan Utara
3742b34f,"Jamil Jailani, S.E.",Herpetologist,Perum Fujiati,Bali
924bd0ac,Shakila Prayoga,Medical technical officer,PD Mansur Hidayanto (Persero) Tbk,DI Yogyakarta
cf3e50ef,Rahmi Maulana,Glass blower/designer,Perum Halim,Sulawesi Tengah
a182ca13,Bagas Rahimah,"Civil engineer, consulting",Perum Winarno Pangestu,Kalimantan Utara
0302c21d,Dt. Mustika Samosir,Ceramics designer,Perum Nuraini Prastuti,Sulawesi Tenggara
638d6908,Galang Yuliarti,Travel agency manager,Perum Maryadi Pertiwi Tbk,Gorontalo
f861def6,Karja Widodo,Theatre manager,Perum Budiyanto,Papua Barat
ace25021,"Arsipatra Anggriawan, S.E.",Environmental education officer,PD Nainggolan Hastuti (Persero) Tbk,Sulawesi Tengah
7d7f5908,Tgk. Tina Halim,Dealer,PT Haryanti (Persero) Tbk,Sumatera Selatan
0b98c160,"KH. Danu Iswahyudi, S.Farm",Educational psychologist,UD Uwais Laksmiwati Tbk,Jawa Tengah
849e76bf,dr. Almira Prasetya,Musician,UD Nababan Yulianti,Papua Barat
86212764,Drajat Utami,Video editor,CV Tarihoran,Kalimantan Utara
5740c62a,"Luthfi Gunawan, S.Psi",Print production planner,PT Puspasari,Jawa Barat
83d45af8,Sadina Thamrin,Web designer,UD Mansur,Sulawesi Utara
8e112f9f,Fitriani Prasetyo,Phytotherapist,UD Lailasari Melani Tbk,Sulawesi Selatan
e48e3c57,Ika Hartati,Careers information officer,PD Mangunsong,Jawa Timur
1c3bf25e,R. Kairav Laksmiwati,Interior and spatial designer,UD Marbun Sinaga,Jambi
204ee1a9,"Tania Novitasari, S.Sos",Armed forces logistics/support/administrative officer,UD Wastuti Nainggolan,Sumatera Utara
5efdbd6b,"Ida Kusumo, M.Ak",Museum/gallery exhibitions officer,PT Wulandari Tbk,Kalimantan Utara
e2f43da7,Widya Megantara,Educational psychologist,Perum Wijaya Tbk,Sulawesi Selatan
ad4bf887,Dt. Dadi Sihotang,Agricultural engineer,PD Rajata,Gorontalo
6fdf8d7f,Queen Sudiati,"Journalist, magazine",PT Marpaung Hastuti,Jambi
e2eff0a5,"Tania Marbun, M.Pd",Contracting civil engineer,Perum Melani Safitri,Lampung
45b38cc6,Viman Napitupulu,Printmaker,PT Budiman Santoso,Sulawesi Selatan
a78acbc8,Budi Usamah,"Education officer, environmental",Perum Nashiruddin Tbk,Sumatera Utara
6239af0d,R.A. Lili Anggriawan,Proofreader,CV Rajata,Maluku Utara
81a0401a,Kasusra Hartati,"Editor, commissioning",PT Rajata,Jambi
6a769431,"Icha Suryono, M.M.",Video editor,PT Wulandari Laksmiwati,Sulawesi Tenggara
c5cf5885,"R. Ridwan Waskita, S.Kom",Art gallery manager,PD Susanti (Persero) Tbk,Lampung
48aade63,Darmana Halim,Engineering geologist,PD Sirait,Bengkulu
39d2a051,Estiawan Haryanti,Astronomer,CV Sirait Yuliarti (Persero) Tbk,Sulawesi Tengah
5f2c650f,"dr. Oliva Latupono, S.Ked",Chartered accountant,CV Habibi Mandasari Tbk,Lampung
b1a65212,"Endra Fujiati, S.E.",Music tutor,PD Hutagalung Tbk,Nusa Tenggara Timur
a95f8e0f,Bakiono Permata,Camera operator,Perum Farida Mandala (Persero) Tbk,Sulawesi Selatan
2622c807,Maman Sirait,Records manager,PT Natsir Riyanti (Persero) Tbk,Jawa Tengah
407192df,"Sarah Winarno, S.H.",Facilities manager,PT Manullang Nurdiyanti,Maluku Utara
fb2e9252,"Zizi Laksita, S.E.I",Equities trader,UD Tarihoran Marbun Tbk,Sumatera Selatan
af041680,"Chandra Andriani, S.Pd",Arts administrator,CV Safitri Hastuti,Sulawesi Selatan
21383b50,Sakti Prakasa,Arts administrator,Perum Hutasoit,Sulawesi Selatan
3dd37545,Bancar Saputra,"Solicitor, Scotland",Perum Najmudin (Persero) Tbk,Sulawesi Utara
9786b82d,Dt. Aslijan Pangestu,Interpreter,UD Widodo,Sulawesi Tenggara
37159679,drg. Panji Agustina,"Therapist, speech and language",CV Gunawan,Kepulauan Riau
0bd09956,Drs. Prabu Zulkarnain,Call centre manager,PT Pranowo Setiawan (Persero) Tbk,Sumatera Selatan
ee0baf62,Kambali Hassanah,Town planner,PT Hardiansyah Iswahyudi Tbk,Sulawesi Utara
cf9d40f4,Najwa Palastri,"Scientist, product/process development",PT Lazuardi,Maluku Utara
472fe202,Kasiran Wastuti,Housing manager/officer,Perum Hutagalung Tbk,DKI Jakarta
bab7951c,Yunita Sinaga,Housing manager/officer,Perum Susanti Uwais,Riau
a77f1425,Drajat Maheswara,Economist,CV Hastuti Hartati Tbk,Gorontalo
5a625f95,Bala Andriani,Barrister,CV Najmudin,Gorontalo
18cb744c,Tgk. Kenzie Siregar,"Conservator, furniture",PT Ramadan Tbk,Gorontalo
b34a23e2,"T. Kenari Hutasoit, S.Kom",Psychotherapist,CV Yolanda Yolanda Tbk,Jawa Timur
e7d27475,"Tgk. Drajat Wijayanti, M.Pd",Web designer,CV Nugroho Hassanah,Aceh
6334c0d0,H. Eja Yuniar,Dance movement psychotherapist,PT Anggraini Tbk,Jawa Tengah
465476b3,"Dr. Ella Puspita, S.Psi",Furniture conservator/restorer,CV Manullang Tbk,Papua Barat
ea3b9084,Cager Gunawan,Building surveyor,UD Hardiansyah Anggraini,DI Yogyakarta
22971626,Cecep Suwarno,"Teacher, early years/pre",CV Waluyo Tbk,Sumatera Utara
dd7ae464,drg. Ilsa Saefullah,Psychiatric nurse,PT Mustofa Nasyiah (Persero) Tbk,Kalimantan Utara
c20aa87f,Alika Marpaung,"Engineer, materials",UD Ramadan Kurniawan,Sulawesi Utara
8535496f,Mustofa Hutasoit,"Teacher, primary school",PD Napitupulu,Kalimantan Tengah
c1d0c1f9,Jaga Rahimah,"Therapist, occupational",PT Nababan Widodo,Sumatera Barat
916bfdd3,Jane Maryadi,Volunteer coordinator,UD Pertiwi Puspasari,Kalimantan Utara
c2fea109,drg. Kusuma Thamrin,Neurosurgeon,Perum Najmudin Mandasari,Nusa Tenggara Barat
7eb3f65a,Sadina Wijayanti,Operations geologist,PT Prakasa Hastuti,Kalimantan Barat
bc54266e,drg. Yoga Wahyudin,Clinical cytogeneticist,PD Iswahyudi Kurniawan Tbk,Papua
e1394201,Emas Pranowo,Radio broadcast assistant,Perum Hutasoit Zulkarnain,Sulawesi Selatan
0e3c1127,Adhiarja Siregar,Soil scientist,Perum Permadi Puspita,Aceh
a9e6243c,Gasti Waluyo,Magazine journalist,CV Wahyuni Laksita Tbk,Sumatera Barat
e38ef66a,"Nasim Setiawan, S.T.","Administrator, sports",UD Yuliarti Utama,Riau
37bb936c,drg. Aisyah Usamah,Electronics engineer,UD Jailani,Jawa Tengah
35844cd4,Hamzah Prasasta,Youth worker,PD Mahendra Tbk,Kalimantan Utara
e2741bd9,Elon Jailani,Tour manager,PD Melani Nasyidah,Kalimantan Barat
55e1ea9c,"Danu Farida, M.Farm",Medical physicist,Perum Maheswara,Sulawesi Tenggara
6259b3bb,Prayogo Hutagalung,Television production assistant,PD Halim Waluyo (Persero) Tbk,Jambi
6767c427,Ian Wibowo,Call centre manager,PD Hutagalung Agustina Tbk,Kalimantan Tengah
6f6d7af3,Gandewa Puspita,"Programmer, multimedia",UD Maheswara (Persero) Tbk,DKI Jakarta
498d93a6,"Dimas Hutasoit, S.Farm","Teacher, early years/pre",PT Maryati (Persero) Tbk,Aceh
df2f0af7,Cinthia Manullang,Careers information officer,Perum Pratama,Riau
21ec668c,Hasan Nasyidah,Sports administrator,PD Pertiwi Hariyah Tbk,Kalimantan Timur
4e239fed,Diah Pangestu,Consulting civil engineer,PD Mandasari,Nusa Tenggara Timur
34f7476d,"Indah Mangunsong, M.Ak",Quarry manager,Perum Melani Iswahyudi,Kepulauan Riau
077a97e8,"Mahfud Saptono, M.Farm",Computer games developer,CV Sihombing Tbk,Kalimantan Barat
0a5cd64f,Panji Sinaga,Neurosurgeon,CV Zulkarnain Tbk,Maluku Utara
a85738e6,Eli Kuswandari,Music therapist,PT Pratiwi Nurdiyanti (Persero) Tbk,Nusa Tenggara Timur
b96e9af1,Hartana Irawan,Sports coach,CV Simbolon Farida,Kalimantan Utara
ae8e7360,Umi Susanti,"Scientist, forensic",PT Hartati Tbk,Nusa Tenggara Barat
57dbc9e7,Ina Maryati,Forest/woodland manager,UD Sihotang Tbk,Maluku
77c43806,Mustika Wahyudin,"Pharmacist, community",PD Manullang Puspita,Kalimantan Utara
6bfb3b2a,Cut Cornelia Fujiati,Architect,Perum Sudiati,Nusa Tenggara Barat
fdd28824,"Tgk. Cemani Prastuti, S.Farm",Community development worker,UD Puspita Andriani (Persero) Tbk,Gorontalo
38f21296,Karen Usada,Catering manager,PT Pradana Tbk,Sumatera Barat
0eb7b73b,Mahmud Pratama,"Geneticist, molecular",PD Damanik,Maluku Utara
49eb92fc,Caturangga Lestari,"Horticulturist, amenity",PD Pudjiastuti Tamba (Persero) Tbk,Sulawesi Selatan
12330a52,"Titin Susanti, M.Kom.",Minerals surveyor,CV Nugroho Natsir Tbk,DKI Jakarta
a501f6ce,Chelsea Kurniawan,Transport planner,CV Nuraini Januar (Persero) Tbk,Lampung
503a2099,Ir. Ida Kuswandari,"Psychologist, clinical",PT Marpaung Natsir Tbk,Bali
f4c664b3,Gara Setiawan,"Surveyor, mining",PD Susanti (Persero) Tbk,Jawa Tengah
48388772,Yulia Yulianti,Facilities manager,Perum Pradana Tbk,Jawa Timur
0e21a600,Baktiono Gunarto,Biomedical scientist,PT Halimah Mangunsong,Riau
3154411c,"KH. Kenzie Hardiansyah, S.Gz",Pension scheme manager,PD Rahimah Kusmawati,Bali
ef4b8d3c,"Dr. Sakura Suwarno, S.Kom",Writer,UD Maulana,Maluku Utara
4ba3591b,Ayu Yuliarti,Leisure centre manager,PT Saefullah,Nusa Tenggara Barat
faea5c6a,R. Cawuk Pratama,Trade mark attorney,PT Prastuti Simbolon,Kalimantan Selatan
468aa107,"Luluh Wasita, S.Ked",Medical sales representative,PD Farida Anggriawan,Aceh
2957941e,"drg. Oni Wacana, S.E.I",Production engineer,PD Permata Haryanti,Papua
a79d8033,"Cut Tira Mulyani, S.Pt",Event organiser,UD Farida Lestari Tbk,Banten
02874a88,KH. Rendy Maulana,Financial trader,PT Anggraini Susanti Tbk,DI Yogyakarta
c085be03,Jindra Yuniar,Corporate investment banker,PT Haryanti,DKI Jakarta
f52843b8,"Hj. Hani Napitupulu, S.Sos",Seismic interpreter,CV Hutapea,Kalimantan Timur
ff18ac1d,Hartana Handayani,"Therapist, speech and language",UD Budiman Tbk,Sulawesi Barat
a170ee97,"Drs. Faizah Mandasari, M.Kom.",Research scientist (physical sciences),Perum Tarihoran Tbk,Jambi
92071d5a,"Dr. Kawaca Winarno, S.Gz",Tree surgeon,UD Ramadan Mandasari (Persero) Tbk,Jawa Tengah
125d0cbf,"R. Kawaya Habibi, S.IP",Herbalist,Perum Suryatmi (Persero) Tbk,Kepulauan Bangka Belitung
ad47906b,R.M. Tirta Prastuti,Health and safety inspector,Perum Prasetya Budiman,Jambi
0f1ac394,Hamzah Ardianto,Publishing rights manager,UD Nashiruddin Hastuti Tbk,Jambi
8ffa0871,dr. Putri Najmudin,Legal executive,UD Hastuti Tbk,DKI Jakarta
984f5bfe,Ella Adriansyah,Psychotherapist,UD Nainggolan Tbk,Gorontalo
fa41c05a,Drs. Luwar Saputra,Actor,CV Nababan,Bengkulu
02ae2e1f,R.M. Jayeng Sirait,"Therapist, occupational",PD Saputra Fujiati,Maluku
e6ff0ca7,R.A. Hafshah Nasyidah,"Scientist, forensic",Perum Wahyudin,Maluku
228b47d7,Artawan Hutagalung,Arboriculturist,PT Usamah (Persero) Tbk,Nusa Tenggara Barat
6339fb09,Fathonah Puspasari,Dietitian,PT Siregar,DI Yogyakarta
a95245fe,Najam Hutasoit,"Teacher, music",PT Hutagalung,Jawa Barat
f12b832c,"Raden Rajasa, S.Pd",Statistician,CV Situmorang Anggraini,Banten
01268789,Arta Nainggolan,Futures trader,UD Marbun Pangestu,Bengkulu
65ebf546,"Najam Wulandari, M.Ak",Purchasing manager,PT Purnawati,Sulawesi Tengah
44db102b,"Drs. Laswi Salahudin, S.E.I","Designer, multimedia",UD Pranowo Kuswoyo Tbk,Jawa Timur
55f2aa8a,Silvia Suryatmi,"Engineer, agricultural",PT Ramadan Winarsih,Sumatera Barat
132c32c3,R.A. Juli Saefullah,Marine scientist,Perum Pratama,Kalimantan Timur
5ea131b4,Mulyono Tampubolon,"Administrator, Civil Service",CV Uwais Mayasari Tbk,DI Yogyakarta
4287d32f,"H. Kunthara Saputra, S.Kom","Conservation officer, nature",PD Wastuti Purnawati (Persero) Tbk,Aceh
65df4e35,"Tgk. Mursita Hassanah, S.Kom","Engineer, automotive",CV Kurniawan,DI Yogyakarta
83468a7b,Endah Safitri,"Restaurant manager, fast food",CV Yulianti Wastuti Tbk,Aceh
76cd6f4b,Gina Uyainah,Community pharmacist,PD Puspasari Suwarno,DKI Jakarta
806a80ca,Cagak Rahayu,Tourism officer,PD Mansur,Sulawesi Barat
a648ff46,Maya Putra,"Psychologist, prison and probation services",PT Kusumo Nababan,Sulawesi Tenggara
fd54f99c,"Tasdik Usada, M.M.","Clinical scientist, histocompatibility and immunogenetics",CV Adriansyah,Riau
d2bf6a46,"Nurul Padmasari, S.Psi",IT sales professional,CV Tampubolon,Sulawesi Tenggara
f7ada700,Sakti Iswahyudi,Retail manager,UD Purnawati,Kalimantan Tengah
2239b373,Nasrullah Sihombing,Community pharmacist,Perum Saragih Hidayanto Tbk,Sulawesi Tenggara
e7c00efd,"Cahyono Wijaya, S.I.Kom",Toxicologist,UD Budiyanto Uyainah,Sulawesi Utara
db5b69fe,Bala Wahyudin,Insurance risk surveyor,CV Prasasta Tbk,Sumatera Utara
8d4914e8,Mulyono Prakasa,Fisheries officer,Perum Laksmiwati Manullang (Persero) Tbk,Kalimantan Tengah
3882577a,Fitriani Nurdiyanti,"Accountant, chartered certified",CV Setiawan Tbk,DKI Jakarta
e6b07dfc,H. Ian Adriansyah,Manufacturing engineer,UD Rahimah (Persero) Tbk,Riau
beb33b0a,Alika Sitorus,Mental health nurse,CV Damanik Putra,DKI Jakarta
131565b0,Sutan Lurhur Zulaika,Pathologist,Perum Purwanti,Kalimantan Utara
914f9bad,Violet Rajasa,Broadcast journalist,UD Yulianti Sitompul,Kalimantan Barat
798fccf3,Bakiadi Aryani,Civil Service administrator,UD Farida,Kepulauan Riau
8d7f9834,Paulin Latupono,Accounting technician,PD Pudjiastuti Tbk,Kalimantan Timur
174489e5,"dr. Lintang Prasasta, S.Sos",Information officer,UD Wulandari Iswahyudi (Persero) Tbk,Kepulauan Riau
b1ae8b2e,Nadia Saputra,Medical secretary,PD Lazuardi,Sulawesi Selatan
29491264,"Hendri Siregar, S.I.Kom",Education administrator,CV Hutagalung Lestari Tbk,Sumatera Barat
e99e7cd6,Mitra Namaga,Sport and exercise psychologist,CV Wibowo Siregar (Persero) Tbk,Papua
3f92ea14,"Puti Dewi Budiyanto, S.Farm","Designer, industrial/product",PT Riyanti Situmorang,Kalimantan Selatan
a657963c,Azalea Nasyidah,Chief Operating Officer,PD Mayasari Purwanti Tbk,Papua Barat
d947d952,Ibrani Pratiwi,"Accountant, chartered",UD Santoso,Maluku
b0036d49,Tari Irawan,Acupuncturist,CV Prasetyo Tbk,Kalimantan Utara
3adb14a4,Naradi Laksmiwati,Interior and spatial designer,PT Suryatmi Yulianti,Kalimantan Utara
6b27c241,Jais Permata,Meteorologist,Perum Prastuti Tbk,Jawa Timur
b97a9756,"Melinda Mandasari, S.Sos",Mining engineer,PD Marbun Nasyiah (Persero) Tbk,Banten
eca34de6,"Among Rahimah, S.Kom",Pathologist,PD Winarno,Nusa Tenggara Barat
0bc2604a,"drg. Cawisono Nuraini, M.Pd","Engineer, mining",UD Sihombing Puspasari (Persero) Tbk,Aceh
eb79d32b,Elma Dabukke,Retail merchandiser,CV Mustofa Mayasari (Persero) Tbk,Bengkulu
2a0b490c,Jane Salahudin,Commercial horticulturist,PT Permadi,Kalimantan Selatan
11275be3,Rangga Prasetya,Clinical molecular geneticist,PT Wastuti (Persero) Tbk,Nusa Tenggara Timur
1cc3543f,drg. Padmi Utami,Statistician,CV Winarno Prabowo,Banten
c6f4030d,"R. Manah Napitupulu, S.Kom","Conservation officer, historic buildings",PD Latupono Wulandari,Bali
b7b258d8,Prayogo Nasyiah,Arboriculturist,PD Winarno (Persero) Tbk,Maluku
66fe6aad,Taswir Fujiati,Advice worker,UD Mansur,Sulawesi Utara
56c09d0d,Kenari Mandasari,Banker,CV Uyainah,Aceh
40d992b3,"Dr. Tami Haryanti, M.Kom.",Product designer,PT Usamah,Papua Barat
337746de,"Tgk. Prabu Prakasa, S.Pt","Production assistant, television",Perum Hutagalung Hutapea (Persero) Tbk,Maluku
f32fd55e,"Cut Salsabila Prasetyo, S.Kom",Field seismologist,PD Mustofa Hidayat Tbk,Kalimantan Timur
51f98b63,Ratna Kurniawan,Music tutor,CV Lailasari (Persero) Tbk,Sulawesi Utara
966280b5,Heru Nasyidah,Haematologist,UD Aryani Tbk,Sulawesi Selatan
e45cab9f,Melinda Dabukke,Advice worker,PD Melani Anggraini,Sumatera Selatan
1f0b8b7e,Wasis Anggriawan,Airline pilot,PD Kuswandari,Bali
846a339d,"Raina Tarihoran, M.Pd",Systems analyst,PD Gunarto,Sumatera Selatan
4a6f5b65,Dt. Jamil Budiyanto,Higher education careers adviser,CV Napitupulu Napitupulu,Papua
af00eef1,Ika Mandasari,"Psychologist, counselling",UD Najmudin Tbk,Maluku
d903424d,Michelle Hassanah,Information systems manager,UD Pradana Widodo Tbk,Kalimantan Barat
83567bcd,Danang Padmasari,Further education lecturer,PD Pradipta,Banten
deb7a039,drg. Gaiman Sihombing,"Engineer, automotive",UD Tarihoran,Kepulauan Bangka Belitung
9543810a,"T. Makuta Utami, S.E.",Lobbyist,Perum Adriansyah Tbk,Bali
d3a92825,Panca Saputra,Press photographer,CV Maheswara Purwanti Tbk,DI Yogyakarta
1a1b0e48,Argono Suryatmi,Legal executive,UD Siregar Tarihoran,Papua Barat
b35fbdd5,Kamidin Habibi,Consulting civil engineer,PT Lailasari,Sulawesi Barat
3298bbf1,Yono Pratama,Educational psychologist,Perum Hakim Tbk,Sulawesi Tengah
68566578,Tgk. Danuja Nurdiyanti,Lexicographer,PT Anggriawan Tbk,Sulawesi Utara
7a339f2e,"Ir. Kamila Napitupulu, S.Pt","Lecturer, higher education",PT Hidayanto (Persero) Tbk,Kepulauan Bangka Belitung
0a7d0888,Nova Permadi,Film/video editor,PD Waskita Tbk,Jambi
9c833cc0,drg. Kasusra Saefullah,Tourist information centre manager,CV Siregar (Persero) Tbk,Maluku Utara
e8e3babc,Novi Kuswoyo,"Physicist, medical",Perum Budiman,Kepulauan Riau
074c81b5,Ina Oktaviani,"Investment banker, operational",PD Hartati Waskita (Persero) Tbk,Banten
19e3a8ee,"Dt. Prakosa Wasita, S.T.","Scientist, forensic",PD Riyanti Tbk,Maluku Utara
cb48f97a,Jarwadi Dabukke,"Engineer, production",CV Yuliarti Tbk,Kalimantan Barat
52da4544,Praba Rahayu,Make,UD Nasyidah Tbk,Kalimantan Tengah
ada5f232,Elma Anggriawan,Water engineer,UD Pertiwi Anggraini Tbk,Sulawesi Utara
0e7afbb6,Muni Purnawati,Associate Professor,UD Marbun,Sulawesi Tengah
b26cfc22,Darsirah Wastuti,Agricultural consultant,PD Hutagalung Wibisono Tbk,DKI Jakarta
f465957a,Tami Saragih,Pharmacologist,PD Mardhiyah Pradana (Persero) Tbk,Kepulauan Riau
d0e3dfd2,Yuni Halim,"Engineer, structural",CV Hakim (Persero) Tbk,Sumatera Barat
aa720e7f,Balapati Aryani,Broadcast journalist,PT Andriani Lailasari (Persero) Tbk,Jawa Timur
e124e314,H. Niyaga Hasanah,Primary school teacher,PD Tamba Tbk,DI Yogyakarta
91aaee9f,Ayu Waluyo,Environmental education officer,PD Manullang (Persero) Tbk,Lampung
06ac477e,Anom Farida,Dance movement psychotherapist,Perum Wastuti,Kalimantan Tengah
213daf4c,Gabriella Simanjuntak,Systems analyst,PT Melani Waluyo,Sulawesi Utara
a03a2e50,"dr. Hilda Hutagalung, S.Ked","Optician, dispensing",Perum Farida Tbk,Maluku
26cbfcb8,Karimah Sinaga,Fashion designer,PT Suryono (Persero) Tbk,Kalimantan Selatan
7aa82f7a,Luwes Prastuti,Volunteer coordinator,Perum Hassanah,Sulawesi Barat
002806cc,Hardi Sihombing,Scientific laboratory technician,CV Purwanti Sihotang Tbk,Sulawesi Barat
3b91fe30,Rini Iswahyudi,Ceramics designer,UD Uwais,Maluku Utara
85c0c47f,"Tgk. Kalim Usada, M.TI.",Writer,UD Pratama Uwais,Kepulauan Bangka Belitung
fa8122d2,Dacin Manullang,"Investment banker, operational",PD Sinaga Pangestu,Lampung
afe988a2,Yulia Saputra,Physiotherapist,Perum Purwanti (Persero) Tbk,Kalimantan Timur
07bfcc41,Sutan Sabri Yuniar,Information systems manager,PD Halim,Papua
a928705f,"Sutan Danang Nababan, S.Pd","Education officer, museum",PD Haryanti Purwanti Tbk,Sulawesi Utara
9fcd5b05,Kartika Tampubolon,Estate agent,PT Handayani Pudjiastuti (Persero) Tbk,Kalimantan Selatan
aaaddbb1,Kunthara Budiyanto,"Psychologist, occupational",PT Wulandari Yuliarti (Persero) Tbk,Jawa Tengah
