ID_Karyawan,Nama_Lengkap,Profesi,Perusahaan,Provinsi
3993fa8e,Okto Permata,Fast food restaurant manager,UD Laksmiwati Firmansyah (Persero) Tbk,Bengkulu
051fcee7,Melinda Ardianto,Biomedical scientist,PD Kurniawan Wibisono (Persero) Tbk,Papua
223edc9d,Asman Nasyiah,Advertising account executive,Perum Rajasa,Papua
992f8c2b,Unjani Maulana,"Pilot, airline",UD Namaga Tbk,Maluku
9df9a5d9,Cakrawangsa Yolanda,Operations geologist,PT Hassanah Prasetya (Persero) Tbk,Sulawesi Tengah
8fee1941,Gada Putra,Writer,Perum Astuti Ardianto (Persero) Tbk,Lampung
28675839,Arta Safitri,"Scientist, product/process development",PD Rajasa Tbk,Kalimantan Utara
f698db19,Qori Yolanda,Computer games developer,CV Widiastuti Tbk,Kalimantan Timur
e14873f1,Baktiadi Sirait,Legal executive,Perum Saputra Situmorang,Sumatera Barat
d36bb291,Salimah Hariyah,Physiological scientist,UD Marpaung Waskita,Kepulauan Riau
babbe646,"Dr. Nurul Marpaung, S.Ked",Music therapist,UD Hardiansyah Prakasa,Kalimantan Timur
a451abb6,"Kasim Mangunsong, M.Kom.",Heritage manager,CV Fujiati Tbk,Banten
e225fa4e,Mala Maryadi,Research scientist (medical),UD Mayasari Lestari Tbk,Sulawesi Tengah
4f363498,"R.A. Ratna Wahyuni, S.I.Kom","Designer, ceramics/pottery",CV Nasyidah Tbk,Aceh
32475d06,dr. Makara Agustina,"Engineer, maintenance (IT)",PT Waluyo Wijaya,Papua
3e313a42,Joko Gunarto,Insurance broker,PD Sihombing Natsir,Riau
f9ee5ef8,Jumari Melani,Film/video editor,PD Permata Habibi (Persero) Tbk,Kalimantan Barat
3b3365d2,Asmadi Siregar,"Engineer, structural",UD Wibisono Marbun,Sulawesi Barat
da7af7c6,"Cindy Hakim, S.E.","Biochemist, clinical",CV Lazuardi (Persero) Tbk,Banten
14b9f571,Drs. Cahyo Saptono,Haematologist,UD Winarsih Ramadan (Persero) Tbk,Maluku
86ce7cbb,"Hj. Suci Latupono, S.IP",Barrister's clerk,PT Pradipta,Sulawesi Selatan
dd393104,Eli Agustina,Actuary,UD Palastri,Jawa Timur
bf0d5c73,"Drajat Salahudin, S.Pt",Retail merchandiser,UD Prabowo Tbk,Kalimantan Tengah
cc4d3cdc,Najwa Saptono,Clinical research associate,UD Maryati Pangestu (Persero) Tbk,Sumatera Barat
f9a700a2,Kania Wijayanti,Tax inspector,UD Suryatmi Megantara (Persero) Tbk,Bali
d1fcc4c5,Victoria Uyainah,Research scientist (maths),CV Oktaviani Usada,Sulawesi Utara
d84b8b56,"Puti Calista Palastri, M.Kom.","Designer, exhibition/display",PD Saefullah Tarihoran (Persero) Tbk,Jawa Barat
586b8573,"Cahyono Sitompul, M.Ak",Armed forces training and education officer,PT Setiawan (Persero) Tbk,Nusa Tenggara Barat
2d0dfb8f,Wasis Astuti,"Designer, jewellery",UD Melani,Jawa Tengah
86061217,Maya Situmorang,Advertising account executive,PT Mansur Permata (Persero) Tbk,Riau
91d4e674,Omar Mandasari,"Teacher, early years/pre",UD Nasyiah,Kalimantan Timur
05d2961b,Pranawa Mustofa,Media buyer,CV Hastuti,Jawa Tengah
00a55329,Sutan Timbul Siregar,Estate manager/land agent,CV Wasita Zulaika (Persero) Tbk,Kalimantan Selatan
e53130d7,Almira Simbolon,"Exhibitions officer, museum/gallery",PT Mustofa Uyainah,Banten
6bd5b86f,"drg. Mahmud Sinaga, S.Gz",Interpreter,PT Suryono Rahimah Tbk,Nusa Tenggara Barat
784aeeb4,Panca Rahimah,Tax adviser,PT Palastri (Persero) Tbk,Kalimantan Tengah
2f6b1c76,Jessica Maryadi,Fitness centre manager,PT Sitompul,Gorontalo
fde4fc58,"Drs. Jasmani Lazuardi, M.Farm",Financial controller,PD Wibowo Simanjuntak Tbk,Sumatera Selatan
f98759ec,Ir. Maryadi Hutapea,"Scientist, research (maths)",PD Rahimah (Persero) Tbk,Lampung
01f7ad93,"Argono Utami, M.Pd",Broadcast journalist,CV Pratama,Sulawesi Utara
63607716,"Umi Narpati, M.Ak",Control and instrumentation engineer,Perum Lestari Rajasa Tbk,Jawa Timur
d863be56,drg. Salimah Anggriawan,Network engineer,PT Ardianto Astuti,Sulawesi Tenggara
bf4c07dd,"Ellis Pertiwi, S.E.I",Museum/gallery conservator,CV Mustofa,Jawa Timur
bd0e0a6c,Ina Simbolon,Market researcher,PD Hidayanto Anggriawan Tbk,Papua Barat
e0db96b2,Cakrawangsa Agustina,Restaurant manager,CV Saptono,Sulawesi Utara
1e4bc23c,Dt. Anggabaya Rajasa,Applications developer,PT Suryono Januar,Sulawesi Selatan
baf1ecbb,Hj. Julia Dabukke,Engineering geologist,Perum Mardhiyah,Lampung
20e59d08,Hana Mansur,Barista,PT Utami Najmudin Tbk,Sulawesi Tenggara
52ad864f,Umi Winarsih,Geophysicist/field seismologist,UD Saptono Maheswara,Nusa Tenggara Barat
fe4800bf,Ami Usada,"Psychotherapist, child",CV Pradipta Winarno Tbk,Papua Barat
3c84d20a,Taswir Nababan,Engineering geologist,CV Widodo Marpaung Tbk,Kepulauan Riau
c2e77fa7,"Drs. Icha Uyainah, S.E.",Architect,PT Hartati,Kalimantan Tengah
c22e6194,Drs. Rahayu Rahimah,Make,UD Jailani Nababan Tbk,Kalimantan Selatan
cc989763,"Purwa Uwais, S.Pt",Research scientist (physical sciences),UD Kusmawati Susanti,Papua Barat
c7757e2f,"Dr. Zulaikha Manullang, S.Gz",Environmental manager,CV Maheswara Tbk,Riau
de9bc8ce,"Dt. Jasmani Marbun, S.Ked","Scientist, research (medical)",PD Tamba Wastuti,Jawa Tengah
ef059dfc,Paramita Zulkarnain,Television floor manager,CV Kusumo Susanti (Persero) Tbk,Kalimantan Timur
368a6fe3,Lidya Usada,Insurance claims handler,PT Marpaung,Kalimantan Timur
afda6025,"Jais Mardhiyah, S.E.I",Housing manager/officer,Perum Agustina Mustofa,Papua
76ccb86d,"Atmaja Thamrin, S.Sos",Dealer,Perum Thamrin Tbk,Bali
a45d3514,Dt. Jayeng Siregar,Fast food restaurant manager,CV Ramadan Yuniar Tbk,Kepulauan Bangka Belitung
4769aafc,H. Dadi Dongoran,Chartered loss adjuster,PD Dabukke Sihombing,Jawa Timur
97d4cdaa,"Malika Mustofa, S.Kom",Lawyer,CV Gunawan Safitri (Persero) Tbk,Sumatera Utara
dff2fcad,Lukman Wacana,"Therapist, nutritional",CV Setiawan Wasita (Persero) Tbk,Lampung
06a54cbc,Ida Prasetyo,Visual merchandiser,UD Dongoran Yuniar Tbk,Sulawesi Utara
fd71a170,Ir. Daliman Usada,Investment analyst,PD Hidayat Natsir,Nusa Tenggara Barat
e7dd6440,Emin Iswahyudi,Early years teacher,PT Widiastuti (Persero) Tbk,Lampung
74d87f2d,Dono Winarsih,Building control surveyor,PD Riyanti Adriansyah Tbk,Bengkulu
1397e1e1,Cinthia Lailasari,Counselling psychologist,Perum Hutasoit Sirait Tbk,Gorontalo
4638dbe5,Lega Halimah,"Conservator, furniture",UD Wulandari,Lampung
380a7339,"Kamaria Nurdiyanti, S.I.Kom",Personnel officer,PD Wacana Yuniar (Persero) Tbk,Jawa Timur
3059b081,Harjo Rahmawati,Information systems manager,PT Puspasari,Riau
2fa6d6d5,"Ir. Tari Siregar, S.E.",Industrial buyer,UD Nainggolan Rahmawati (Persero) Tbk,Kalimantan Selatan
425a371d,Kasim Saragih,Management consultant,PD Saragih Halim,Sumatera Selatan
34f07ce7,Margana Laksita,Osteopath,PT Pradipta Mayasari (Persero) Tbk,Banten
73b973c3,Unggul Firgantoro,Herbalist,PD Mangunsong,Sumatera Barat
6e7a5b5e,Luwar Hutasoit,Farm manager,UD Pertiwi,Sulawesi Tenggara
2a091954,Dewi Suwarno,"Embryologist, clinical",UD Hariyah Mulyani,Aceh
1455933d,"R. Yunita Zulaika, S.Sos",Higher education careers adviser,UD Wacana Nainggolan,Kepulauan Riau
32e097f3,"Ismail Sirait, M.Pd","Therapist, horticultural",PD Wacana Suryono (Persero) Tbk,Kalimantan Utara
9ce19c1b,Maya Simanjuntak,Bonds trader,Perum Pradana,Papua
fd21d1f4,Mumpuni Haryanto,"Engineer, agricultural",PT Wacana,Kepulauan Riau
f89a628c,Citra Setiawan,Ship broker,PT Mustofa Usada,Aceh
9c6ba772,Melinda Jailani,Research scientist (medical),UD Kusmawati Suryatmi Tbk,Kepulauan Riau
9433b63e,Eka Narpati,Merchant navy officer,CV Puspasari Farida Tbk,Jawa Barat
4564104f,Ilyas Rahimah,Actor,UD Simanjuntak Tbk,Sumatera Selatan
d4a35133,Ganep Marpaung,Glass blower/designer,CV Yolanda Kuswandari Tbk,Banten
1cbbb905,Kamila Pranowo,Nature conservation officer,PD Laksita (Persero) Tbk,Kalimantan Barat
546addfa,T. Among Dongoran,Forest/woodland manager,CV Maheswara Lazuardi (Persero) Tbk,Aceh
57c0a50e,Bahuraksa Sudiati,"Scientist, clinical (histocompatibility and immunogenetics)",CV Yolanda,Jambi
60cbacd8,Puti Vicky Mangunsong,"Journalist, newspaper",PT Tarihoran,Papua
db7eae75,Gilda Dabukke,Speech and language therapist,UD Pratiwi,Kalimantan Utara
a30fdc1c,"Hj. Humaira Riyanti, M.Farm",Press photographer,CV Ardianto Tbk,Kalimantan Barat
ddc463f8,Argono Palastri,Fast food restaurant manager,UD Megantara Putra,Sulawesi Selatan
93b942d6,Zelda Laksita,Patent examiner,PT Wijayanti (Persero) Tbk,Kalimantan Utara
f4e5de08,Ozy Wasita,English as a foreign language teacher,UD Tarihoran Tbk,Sulawesi Selatan
003a677b,"Galang Halimah, S.Sos","Conservator, furniture",PT Yolanda Narpati Tbk,DI Yogyakarta
e3228ffb,Bagya Laksita,"Accountant, chartered public finance",Perum Winarsih Usada,Sumatera Utara
bd3822c6,Daliono Nuraini,Outdoor activities/education manager,Perum Ramadan (Persero) Tbk,Sulawesi Tenggara
d195e3d7,Rachel Rajasa,Event organiser,Perum Habibi Siregar Tbk,Kepulauan Bangka Belitung
a1f13247,Shakila Megantara,Chartered loss adjuster,UD Siregar Sudiati,Nusa Tenggara Timur
1bf48f80,Harjasa Mustofa,"Surveyor, quantity",UD Yuliarti Maryati (Persero) Tbk,Sulawesi Barat
6cfb0244,Dr. Azalea Hutasoit,Civil Service fast streamer,CV Uyainah (Persero) Tbk,Jambi
e76e4ea3,"Yuliana Mansur, M.TI.",Medical technical officer,PD Purnawati,Papua Barat
d022fd19,drg. Malika Pudjiastuti,Product manager,PD Wulandari Mandala,Nusa Tenggara Timur
8ad3a382,R.A. Ratna Prasetya,Risk analyst,UD Wastuti (Persero) Tbk,Nusa Tenggara Barat
8a95c69d,"R. Sidiq Irawan, S.Farm",Merchant navy officer,Perum Manullang Thamrin Tbk,Nusa Tenggara Barat
ca7c4cd2,Yance Widiastuti,Wellsite geologist,CV Usamah Rahayu,Jawa Barat
94de74b6,Dr. Hasna Laksita,Fisheries officer,UD Yuniar Yuliarti,Sulawesi Selatan
b7a3d7c0,Cakrajiya Utama,Physiotherapist,PD Palastri (Persero) Tbk,Sulawesi Utara
019020ff,Pranawa Napitupulu,Textile designer,Perum Andriani Tbk,Maluku Utara
5e70de39,KH. Bancar Utami,Market researcher,CV Dabukke Prayoga,Jawa Tengah
15bde61b,"Nilam Aryani, S.Psi",Dancer,PT Haryanti Tbk,Nusa Tenggara Barat
357cd9d1,"Gabriella Marpaung, S.Pd",Occupational hygienist,CV Sihotang Handayani Tbk,Sulawesi Tengah
434fb90f,Uli Susanti,Youth worker,CV Agustina Rahimah,Banten
d97ad479,"Nasim Hutasoit, S.T.",Games developer,CV Wijayanti (Persero) Tbk,Kepulauan Bangka Belitung
8b6190bc,Lanang Riyanti,"Conservation officer, historic buildings",UD Riyanti,Riau
7ee1ad01,Laras Melani,"Engineer, drilling",CV Astuti Jailani,Sulawesi Tenggara
5798c5ee,Oman Pratiwi,Mental health nurse,Perum Samosir Hakim Tbk,Jawa Tengah
6e8daa44,Kariman Firmansyah,Secondary school teacher,Perum Nugroho Laksmiwati,Kepulauan Bangka Belitung
76a1171c,Oni Aryani,Health and safety adviser,UD Anggraini Tbk,DKI Jakarta
bbc56acb,"Abyasa Wahyudin, S.E.",Mining engineer,Perum Sihotang Tbk,Maluku Utara
cbaaea2e,Calista Sitorus,Communications engineer,Perum Prasetyo Zulaika Tbk,Kalimantan Selatan
1668d578,Wulan Hutagalung,Fisheries officer,UD Nasyiah Saptono Tbk,Kalimantan Tengah
aae842b2,Laswi Puspasari,"Embryologist, clinical",UD Susanti Prastuti,DI Yogyakarta
9edd1740,Ega Nugroho,Barrister,UD Mandala Sihombing,Bengkulu
e713aae9,Mutia Prasetya,Occupational therapist,PT Hastuti Lestari,Riau
774e83b8,Putri Purwanti,Publishing rights manager,Perum Manullang (Persero) Tbk,Papua Barat
3995d4f8,Uli Manullang,Oncologist,CV Saputra,Kalimantan Selatan
b2f34602,Muni Melani,"Conservator, furniture",UD Anggraini Anggraini Tbk,Kepulauan Riau
01b0351b,T. Jagapati Ramadan,"Teacher, primary school",CV Hardiansyah Tbk,DKI Jakarta
20f8fe2f,Rosman Anggraini,"Psychologist, clinical",PT Hutasoit,Maluku Utara
88ae6dda,Halim Iswahyudi,Structural engineer,PT Prakasa Tbk,Kalimantan Timur
2156e80d,Gilda Ramadan,Police officer,PT Winarno,Jawa Tengah
737f7127,Ir. Prayitna Prabowo,Environmental health practitioner,PT Riyanti Setiawan (Persero) Tbk,DI Yogyakarta
baee8629,"Irsad Kusmawati, S.Pt",Psychotherapist,PD Hariyah Hidayanto,Aceh
cbe9a811,"Devi Kuswoyo, M.M.",Health and safety inspector,UD Halimah Halim Tbk,Lampung
e509107b,"Ajimat Yolanda, S.I.Kom",Secretary/administrator,UD Dongoran Rahayu Tbk,Banten
dc83f17d,"R. Kasiyah Melani, S.Sos",Financial controller,PT Tamba Wastuti Tbk,Bengkulu
3987a056,Tiara Kusmawati,"Engineer, drilling",PD Tarihoran,Kalimantan Timur
cafd55b1,"Darmanto Tamba, M.Ak",Psychiatric nurse,PT Napitupulu Pradana Tbk,DI Yogyakarta
f0a36283,"Balapati Uwais, S.E.",Financial trader,PD Megantara Rahimah Tbk,Papua Barat
e5fb14c6,"Hendri Anggraini, S.Sos",Geochemist,PT Yulianti Tbk,Maluku Utara
5ee7ead8,"Cawisono Rajata, S.E.",Solicitor,PD Wijayanti Simbolon,Jawa Tengah
318c93c8,Tgk. Jaga Jailani,"Surveyor, building",PD Nasyiah Nainggolan,Sumatera Barat
4699d281,Karen Suartini,"Journalist, broadcasting",CV Mahendra Tbk,Maluku
621e2c45,Icha Padmasari,Research scientist (medical),UD Sihombing Tbk,Maluku Utara
22add185,"Tgk. Mariadi Jailani, S.I.Kom",Architectural technologist,Perum Laksita Tbk,Bali
b6457af2,Nardi Fujiati,Colour technologist,PD Saefullah,DI Yogyakarta
694ded01,Rachel Yolanda,Field trials officer,CV Wijaya Tbk,Kepulauan Bangka Belitung
f449483f,R.M. Najib Farida,Adult nurse,CV Habibi Tbk,Sulawesi Tengah
019e55e1,"R.M. Rosman Riyanti, M.Kom.",Comptroller,UD Widodo Habibi,Gorontalo
98c606b5,"Kenes Astuti, S.Kom",Graphic designer,UD Melani (Persero) Tbk,Bali
090bcf20,Cahya Nasyiah,Architect,Perum Pertiwi Suryono,Sulawesi Selatan
84f8f750,"H. Makara Rahimah, S.H.",Comptroller,CV Suryono Tbk,Kepulauan Riau
c76c656f,"Ella Rahayu, M.M.",Occupational therapist,UD Rahimah Suartini Tbk,Kepulauan Riau
9fdcdf26,Sari Salahudin,Museum/gallery curator,PD Rahmawati (Persero) Tbk,Kalimantan Tengah
c2944045,Agus Maryadi,Ship broker,PT Najmudin Situmorang,Sulawesi Utara
a0ba3ecb,Sutan Joko Wahyudin,Adult guidance worker,PT Pangestu Yulianti,Nusa Tenggara Barat
1614fa66,"R. Hartana Wacana, S.Farm",Meteorologist,UD Siregar Puspasari,Papua
2eabdd52,Clara Handayani,Government social research officer,CV Yuliarti Tbk,DI Yogyakarta
8c1e96f2,Karimah Halim,"Scientist, research (life sciences)",PD Nurdiyanti,Riau
a393383e,Icha Novitasari,Agricultural consultant,Perum Kusumo Prakasa,Papua
dc908cce,Aurora Mayasari,Technical author,PD Saefullah (Persero) Tbk,DKI Jakarta
d15ddc1b,"Jagaraga Rahayu, M.Ak","Investment banker, corporate",CV Kurniawan (Persero) Tbk,Banten
a5d792af,"Harto Kurniawan, S.Kom","Research officer, government",PD Sihombing Thamrin (Persero) Tbk,Nusa Tenggara Barat
b2345032,Kani Saefullah,Orthoptist,PD Puspita (Persero) Tbk,Kalimantan Tengah
acf362cd,Warsa Prabowo,"Sales professional, IT",UD Permata Hassanah,Sulawesi Barat
dba7ae82,"Drs. Titin Purnawati, M.TI.",Veterinary surgeon,UD Laksmiwati Rajata,Kepulauan Bangka Belitung
0e1e650a,Ira Puspita,"Engineer, control and instrumentation",PD Januar Suryono Tbk,Bengkulu
463d4b74,"R. Nalar Adriansyah, S.Psi","Scientist, marine",PT Narpati (Persero) Tbk,DI Yogyakarta
6405cb04,"Garang Astuti, S.Psi",Ecologist,PT Haryanto,Kalimantan Utara
f6feb2f3,"Dt. Yusuf Mahendra, S.Gz",Civil Service administrator,CV Setiawan Tamba (Persero) Tbk,Nusa Tenggara Timur
cf4fab0f,Cut Fitriani Sitorus,Hydrogeologist,UD Habibi Manullang,Jawa Tengah
2cd8db9c,Lasmanto Hakim,Advertising account planner,Perum Hutagalung Tbk,Kalimantan Utara
3df14feb,Banawa Dongoran,Furniture conservator/restorer,PT Saefullah (Persero) Tbk,Sulawesi Barat
4b4681f2,dr. Darman Prasetya,Secondary school teacher,PD Dongoran Suryatmi (Persero) Tbk,Sumatera Utara
189e0634,"Tirta Saragih, S.E.I",Special effects artist,PT Napitupulu,Kalimantan Utara
5a502ecf,Gandewa Damanik,"Sound technician, broadcasting/film/video",PT Prastuti Saragih (Persero) Tbk,Sumatera Barat
29f7c356,"Ibrani Hastuti, M.Kom.",Sports therapist,Perum Laksita (Persero) Tbk,Bengkulu
ba4fa160,"Sutan Murti Marbun, S.T.",Information officer,CV Salahudin,Banten
e07a4523,"Laksana Kuswoyo, S.Ked","Embryologist, clinical",Perum Latupono,Kalimantan Barat
456dec8c,"drg. Soleh Kuswandari, M.Farm",Garment/textile technologist,CV Kuswoyo (Persero) Tbk,DI Yogyakarta
18b57554,Puti Rahayu Mahendra,"Psychologist, occupational",PT Januar Habibi (Persero) Tbk,Nusa Tenggara Barat
5db3f9c2,"Adiarja Maheswara, M.TI.",Sports coach,PD Habibi,Sulawesi Tenggara
b9972065,"Marsudi Hassanah, S.Gz",Wellsite geologist,CV Prakasa Winarno,Sumatera Utara
e0a8b3de,Zamira Putra,Early years teacher,CV Pradana (Persero) Tbk,Aceh
44841760,Kamila Kuswandari,Technical sales engineer,PD Marbun,Kalimantan Utara
bd99785a,"Kuncara Winarno, S.H.",Product/process development scientist,Perum Nurdiyanti Waskita Tbk,DI Yogyakarta
43a84f53,Galuh Halim,Community development worker,Perum Prasetyo,Maluku
fa8d4c88,dr. Simon Megantara,"Engineer, biomedical",CV Rahmawati Hardiansyah,Jawa Timur
49c08749,Paiman Januar,"Copywriter, advertising",PD Habibi Narpati (Persero) Tbk,Jawa Timur
7f32be15,"H. Danuja Palastri, M.Ak",Jewellery designer,PD Prabowo Tbk,DKI Jakarta
402a82e3,dr. Putri Purnawati,"Pharmacist, community",PD Prabowo Kuswoyo Tbk,Lampung
9db5d70d,Mulyanto Mustofa,Site engineer,Perum Halim Permata (Persero) Tbk,Kalimantan Timur
2120caef,Artanto Anggriawan,Ambulance person,PT Widodo Tbk,Papua
0ec156f6,Viman Halim,Horticultural therapist,PT Usada Yulianti,Sulawesi Tenggara
0f6b0a81,Cinta Gunawan,"Scientist, product/process development",CV Saragih Tbk,Papua Barat
6fff756c,dr. Kurnia Haryanti,Medical laboratory scientific officer,CV Mustofa (Persero) Tbk,DI Yogyakarta
9e25affc,Salsabila Astuti,Sub,PT Maheswara Saefullah Tbk,DI Yogyakarta
6c9accf3,"dr. Ani Anggriawan, S.Ked",Research scientist (life sciences),PD Astuti Kusmawati,Bali
58288c71,"drg. Mahfud Dongoran, M.Ak","Designer, textile",PD Prakasa (Persero) Tbk,Sulawesi Selatan
1685b006,Zamira Saptono,"Designer, multimedia",Perum Sirait Mandala (Persero) Tbk,Nusa Tenggara Barat
f9ac0885,Mahfud Pangestu,Osteopath,CV Fujiati (Persero) Tbk,Maluku
098396bb,Puti Patricia Rajata,Advertising account planner,UD Pranowo,Kalimantan Timur
49693e7e,"Ir. Belinda Damanik, S.Sos",Writer,UD Saputra Tbk,Jawa Barat
1038d3a2,Dian Prabowo,Chief of Staff,Perum Pradana,Sulawesi Barat
9b724fe6,Agnes Melani,Tax inspector,PD Wibisono Manullang Tbk,Kalimantan Utara
47446d56,Laras Hassanah,Phytotherapist,PD Nurdiyanti Tamba (Persero) Tbk,Kepulauan Bangka Belitung
bdff7518,Talia Palastri,Air traffic controller,CV Jailani Najmudin,Jawa Barat
93e136a4,Wasis Prasetya,Farm manager,PT Pradana,Sulawesi Tenggara
dca9f87e,Titin Farida,"Engineer, biomedical",UD Natsir Pudjiastuti,Sumatera Barat
26c78b40,Zizi Utami,Academic librarian,CV Wahyudin Marpaung,Bali
b3aefdf8,Raina Kusumo,Fashion designer,Perum Napitupulu (Persero) Tbk,Kalimantan Selatan
3cd6c8db,Natalia Utami,Trade union research officer,PD Nurdiyanti Wulandari (Persero) Tbk,Kepulauan Riau
6e3b4bfa,Karta Maryadi,Commercial/residential surveyor,CV Utami Haryanto Tbk,Kalimantan Barat
f55bdf68,Laswi Natsir,Chief Executive Officer,PT Simbolon Rajasa Tbk,DI Yogyakarta
539b4da0,"Martana Situmorang, S.E.","Lighting technician, broadcasting/film/video",Perum Pradipta Usada,Kalimantan Tengah
1e05106e,Vanya Yuliarti,"Therapist, speech and language",Perum Habibi,Nusa Tenggara Timur
384e36ab,Yuni Sihotang,Publishing rights manager,CV Maryadi Suryono Tbk,Sulawesi Tenggara
691b5e22,"drg. Agnes Permadi, S.Psi",Jewellery designer,Perum Mulyani Budiman Tbk,Sulawesi Selatan
862b4b86,Calista Hakim,Technical sales engineer,UD Rajasa (Persero) Tbk,Kalimantan Tengah
ce1ecbfb,"Tiara Najmudin, M.Ak","Conservation officer, nature",PD Prasetyo Siregar,Lampung
bef64dc7,Julia Natsir,"Civil engineer, consulting",PT Mardhiyah Usamah,Sulawesi Tengah
804424f0,"Oliva Dongoran, S.Farm",Legal executive,UD Susanti Pratiwi (Persero) Tbk,Kalimantan Selatan
b0d0f1a2,Sutan Makara Hutasoit,IT trainer,PT Sinaga Usada,Jambi
7c257772,R.A. Salsabila Maulana,Clothing/textile technologist,PT Samosir (Persero) Tbk,Kalimantan Utara
111455d3,Kamila Prasasta,Associate Professor,Perum Dabukke Tbk,Sumatera Selatan
10e81180,Patricia Samosir,Quantity surveyor,PT Suryono,Kalimantan Utara
f4fa27dc,Ilsa Habibi,Trade mark attorney,PT Suryatmi,Kalimantan Selatan
ab0ebeb9,Joko Maulana,Garment/textile technologist,Perum Saputra,Lampung
7b0682a5,Sarah Halimah,Environmental education officer,UD Wijayanti (Persero) Tbk,DKI Jakarta
3750e029,Drs. Nasab Pratama,Artist,PD Hakim Tarihoran Tbk,Sumatera Utara
1d6b2e9c,Ilsa Handayani,Financial controller,CV Suryono (Persero) Tbk,Gorontalo
33691b27,"KH. Cengkal Natsir, S.Farm",Orthoptist,PT Mustofa (Persero) Tbk,Maluku Utara
49f115a3,"Unjani Wahyudin, S.Gz","Designer, textile",PT Nasyiah Jailani (Persero) Tbk,Sumatera Utara
e2c9cc98,R. Vanya Safitri,Passenger transport manager,PT Farida,Kalimantan Barat
2529c536,Siti Lestari,"Scientist, research (medical)",PT Aryani,Papua Barat
6db3a193,Jasmin Situmorang,Chief Executive Officer,UD Gunawan,Sumatera Barat
1b7e5599,Umar Usamah,Risk analyst,PD Simbolon Tbk,Bali
8a4f319c,Drs. Karta Winarsih,Customer service manager,PT Pratiwi,Jambi
3687b655,"Puti Umi Marpaung, S.IP",Hydrologist,PT Mayasari Tbk,DKI Jakarta
b4cfed8d,"Ir. Omar Hidayanto, M.TI.",Learning disability nurse,PT Kuswoyo Tbk,Banten
4b4d901b,"Emas Pranowo, M.TI.",Public relations officer,PT Rahimah Tbk,Jawa Timur
ddcc26fc,Jelita Sinaga,Corporate treasurer,PT Samosir,Jambi
7dd7c133,Sidiq Widodo,Trading standards officer,PT Usamah Waskita Tbk,Kalimantan Utara
a3a9c29a,Puti Jasmin Najmudin,Education administrator,PD Mustofa (Persero) Tbk,Lampung
90fc372c,"Cahyanto Aryani, S.E.I",Network engineer,PD Ramadan Tbk,Kalimantan Barat
43c46523,Purwanto Prakasa,Town planner,CV Anggraini Lazuardi,Jawa Barat
389dfa27,"KH. Martani Utami, S.Kom","Scientist, forensic",CV Wibowo Pranowo,Sulawesi Selatan
e23a0092,Kiandra Utama,Holiday representative,Perum Dongoran Lazuardi Tbk,Maluku Utara
ed0b0ec3,Vivi Simanjuntak,"Engineer, energy",PT Uwais Tbk,DI Yogyakarta
aa8546d7,Johan Prakasa,Arts development officer,CV Hutapea,DI Yogyakarta
2b293098,Talia Mulyani,Chartered legal executive (England and Wales),Perum Sitorus Yuniar,Sumatera Barat
62a7b2d7,Ir. Juli Irawan,Applications developer,PD Prabowo Zulkarnain (Persero) Tbk,Kalimantan Barat
0a1641dc,Diah Widodo,Lobbyist,PT Budiyanto (Persero) Tbk,Sumatera Barat
9c3ee794,"Tania Winarsih, S.Farm",Training and development officer,UD Situmorang (Persero) Tbk,Nusa Tenggara Timur
f821bd7e,Oliva Pratiwi,Regulatory affairs officer,CV Nashiruddin Tbk,Jambi
fd3d9b04,Jindra Novitasari,Professor Emeritus,Perum Situmorang Nuraini Tbk,Kalimantan Utara
fe9f35ae,Respati Nurdiyanti,"Production designer, theatre/television/film",PD Purnawati Suryono,DI Yogyakarta
5631b177,Kezia Wacana,Management consultant,PD Haryanto Suryatmi,Kalimantan Barat
d4c8fcf2,"Sutan Emong Hidayanto, S.E.I",Advertising account planner,UD Wulandari,Jawa Timur
40b68900,"Dina Farida, S.Gz",Applications developer,PD Nuraini Nugroho (Persero) Tbk,Kepulauan Bangka Belitung
b03aefa1,Lala Yuniar,Site engineer,UD Nababan Suwarno Tbk,Sumatera Selatan
c8edc744,"Satya Nurdiyanti, S.E.","Engineer, civil (consulting)",PD Wahyudin (Persero) Tbk,DI Yogyakarta
6cbff2ff,Luhung Prasasta,"Engineer, manufacturing",UD Rajata Tbk,Jawa Tengah
6240ea2e,"Drs. Artawan Haryanto, S.E.","Copywriter, advertising",PT Usada Tbk,Gorontalo
f57db33f,Nadine Laksita,"Engineer, technical sales",PD Ardianto Siregar,Nusa Tenggara Timur
cc297e70,"Cut Rahmi Budiman, M.M.","Psychotherapist, dance movement",Perum Nashiruddin Napitupulu,Kalimantan Selatan
552b5e11,Wulan Najmudin,"Administrator, arts",PT Rahayu Dabukke,Kepulauan Riau
cfbc3295,Prayoga Wahyuni,Travel agency manager,UD Mayasari,Kalimantan Barat
2ac892fc,Dono Irawan,Visual merchandiser,PD Samosir Rahmawati,Banten
0f5ad685,"Jaeman Putra, S.Farm",Health service manager,PT Najmudin Mangunsong,Sumatera Barat
429f34b9,Uli Purnawati,Health visitor,CV Puspasari Lailasari,Nusa Tenggara Barat
3bf9ba3c,Agnes Tamba,"Therapist, music",PD Pangestu Puspasari Tbk,Sulawesi Selatan
fad4ea84,Tami Habibi,Sports development officer,CV Simbolon Rajata (Persero) Tbk,Banten
8e1b47ff,Dr. Maras Halimah,Artist,UD Hidayat Pratama (Persero) Tbk,Sulawesi Selatan
b1754189,Shakila Farida,Broadcast engineer,Perum Hassanah Manullang (Persero) Tbk,Maluku
41551d23,"Timbul Rajata, S.E.I",Heritage manager,PT Wahyuni Prasetya Tbk,Riau
802f6919,R.M. Heru Permata,"Engineer, energy",CV Setiawan Natsir,Lampung
d3ec7da1,R. Darmaji Zulkarnain,"Lighting technician, broadcasting/film/video",CV Usada Nurdiyanti,Nusa Tenggara Barat
a200c4ce,Anggabaya Dabukke,Photographer,UD Mandala (Persero) Tbk,Sulawesi Tenggara
927bd70a,Purwanto Nasyidah,Hydrogeologist,CV Nugroho (Persero) Tbk,Jambi
f800fddd,Bakijan Saputra,"Designer, blown glass/stained glass",UD Kusmawati,Jawa Tengah
b13072b1,Gabriella Situmorang,Planning and development surveyor,Perum Nasyiah Tbk,Bengkulu
b28146fd,Ana Haryanto,Emergency planning/management officer,UD Lestari Mardhiyah,Jawa Tengah
436e904d,"Violet Prasasta, S.Pt","Therapist, sports",Perum Hutagalung Santoso (Persero) Tbk,Sumatera Selatan
770ecf10,Drs. Widya Nashiruddin,Intelligence analyst,CV Nuraini Tbk,Maluku
2082b206,Bakda Pangestu,Environmental education officer,PD Mulyani Novitasari (Persero) Tbk,Lampung
15bb0225,"Hardi Permadi, S.Pt",Advertising account executive,PD Prasetya Samosir,Maluku Utara
24c2de39,"Kasiran Waluyo, S.Kom",Engineering geologist,CV Maryati Adriansyah Tbk,Kepulauan Riau
23e509be,"R.A. Zahra Ardianto, M.Kom.",Ophthalmologist,UD Gunarto Zulkarnain,DI Yogyakarta
0bf7d98d,Damu Maulana,"Administrator, education",CV Sihotang Tbk,Sulawesi Tenggara
a12b00ae,Kasiyah Suwarno,Higher education careers adviser,PT Maryati Maheswara,Sulawesi Utara
168051c9,Zulaikha Sitorus,Television production assistant,UD Lailasari Tbk,Nusa Tenggara Barat
7c775086,Dt. Joko Hutapea,Building control surveyor,PT Hariyah Riyanti,Riau
ad30e151,Drs. Nasim Prabowo,Print production planner,PT Hasanah Natsir,Kalimantan Selatan
0b7533af,Clara Widiastuti,Dealer,PD Rahimah,Sulawesi Tengah
f39e8128,Hj. Paris Mandala,Audiological scientist,UD Mansur Tbk,Sulawesi Tenggara
d7a2f0e6,"R.M. Parman Mustofa, S.E.I",Community arts worker,Perum Laksmiwati Widiastuti Tbk,Riau
f0beb623,"R. Vanesa Marbun, S.Pt","Engineer, agricultural",PD Sirait,Gorontalo
8718e48d,"Dt. Karja Rajata, S.Farm",Actuary,Perum Andriani (Persero) Tbk,Jawa Barat
d2654074,Dr. Nasim Siregar,"Geologist, wellsite",CV Rahmawati Simbolon (Persero) Tbk,Jawa Timur
a5dbf730,Tgk. Latika Dabukke,"Psychologist, clinical",UD Salahudin Tbk,Sumatera Utara
66cc6567,"Dr. Kajen Wijayanti, M.M.",Travel agency manager,UD Lestari Wibisono,Sulawesi Utara
e50ad79e,Tira Wacana,Financial adviser,PD Iswahyudi Tamba (Persero) Tbk,Nusa Tenggara Barat
5b7fd734,Uchita Prasetyo,Museum education officer,Perum Jailani Waluyo,Kalimantan Selatan
75f0ba71,drg. Shakila Widodo,Multimedia programmer,PT Maryadi Hasanah,Papua Barat
1e0dace4,Lintang Saputra,Multimedia specialist,Perum Maulana Hariyah,Aceh
8def0c23,Zalindra Aryani,Catering manager,CV Permata Suryatmi Tbk,Aceh
c0d556fa,Drs. Syahrini Firgantoro,Horticultural consultant,PT Anggraini Tbk,Aceh
b18e164f,Wardaya Fujiati,Medical technical officer,PT Natsir Laksita (Persero) Tbk,Kepulauan Bangka Belitung
980cfada,Halima Irawan,"Engineer, land",PT Rajata Tbk,Banten
feac7e04,"drg. Nugraha Salahudin, M.Ak",Secondary school teacher,CV Riyanti Tbk,Maluku
45af5d1d,Raisa Budiman,Optometrist,UD Pratama Tbk,Jawa Timur
49db9390,"Dr. Karja Usamah, S.Kom",Furniture conservator/restorer,UD Hidayat Wijaya,Sumatera Barat
4845d131,"Drs. Tantri Sitorus, S.Pt",Quantity surveyor,UD Megantara Suryatmi Tbk,Kepulauan Riau
35d039da,Asmuni Nuraini,"Psychotherapist, child",PT Suryono Yolanda,Aceh
478932d7,Unjani Sihombing,Data scientist,CV Namaga Wibowo Tbk,Jawa Barat
1f49c0f1,Gabriella Maryadi,Manufacturing engineer,PD Permadi Winarno (Persero) Tbk,Kepulauan Bangka Belitung
7bc5e487,Kania Fujiati,Health and safety adviser,PD Permadi (Persero) Tbk,Papua Barat
c74a5b8d,Mahesa Januar,Haematologist,PT Hastuti,Sulawesi Tenggara
804f11fb,"Laksana Maheswara, S.Psi",Jewellery designer,PT Prasetyo Wahyuni,Sulawesi Selatan
c1070ba1,Eka Rajasa,Sales promotion account executive,UD Saptono Ardianto,Papua Barat
4053a296,"Anom Saptono, S.Pt",Bookseller,PD Ardianto Tbk,Sumatera Selatan
c9e9029e,Cagak Ardianto,"Conservation officer, nature",PD Namaga Utami Tbk,Jawa Timur
62cb6f4b,Ayu Situmorang,IT trainer,Perum Mayasari,Banten
926a1f96,"drg. Tantri Manullang, S.Kom",Sports development officer,CV Nuraini Anggriawan (Persero) Tbk,Sulawesi Selatan
f417121d,Heru Januar,"Scientist, audiological",CV Nurdiyanti Oktaviani (Persero) Tbk,Jambi
02e6139b,Reza Maheswara,"Psychologist, prison and probation services",PD Kuswandari,Lampung
4161f47c,"Ami Melani, M.Pd",Medical secretary,Perum Widodo Wahyuni,Jawa Tengah
31eab7d3,R.M. Aswani Tampubolon,Site engineer,UD Rajasa Hasanah Tbk,Papua
488e9156,"R. Chelsea Prasetyo, M.M.","Engineer, chemical",CV Laksmiwati Simbolon,Banten
9d6e7d10,Latika Sudiati,Chief Financial Officer,Perum Firgantoro,Jawa Timur
eac72b06,Asmianto Sihombing,"Research officer, government",UD Hutasoit (Persero) Tbk,Aceh
08e81f3b,drg. Karma Farida,Video editor,Perum Handayani Fujiati (Persero) Tbk,Bali
fcea39ff,Elisa Nugroho,Sub,PD Santoso Prastuti (Persero) Tbk,Kalimantan Utara
4aa49a54,"Okto Samosir, S.Gz",Land,Perum Hastuti,Lampung
90aade17,Eja Lestari,Trade mark attorney,UD Damanik Tbk,Jambi
a80d45a1,"Drs. Jindra Mustofa, M.Kom.",Logistics and distribution manager,CV Marpaung (Persero) Tbk,Jawa Tengah
13184903,Prakosa Kusmawati,Environmental consultant,UD Napitupulu Tbk,Papua Barat
acc37a4f,"Sutan Baktiadi Suwarno, S.Psi",Special effects artist,UD Irawan (Persero) Tbk,Riau
0ece3a0f,Dono Ramadan,Social researcher,UD Aryani Tbk,Kalimantan Timur
ccdaf3cd,Gantar Kusumo,Call centre manager,PD Nashiruddin Fujiati,Maluku Utara
d29bc0e4,"Dewi Palastri, M.Farm",Hydrogeologist,PD Suryono Pangestu,Sumatera Selatan
712bb5f6,Queen Yulianti,Office manager,UD Tarihoran (Persero) Tbk,Jawa Tengah
105f68ab,Mustika Setiawan,Marine scientist,Perum Simbolon Utama (Persero) Tbk,Kalimantan Barat
9438ea0a,Putri Nurdiyanti,"Journalist, newspaper",CV Mandala,Nusa Tenggara Barat
a3a6229b,T. Upik Utama,Research scientist (medical),PD Halimah Tbk,Riau
22b4fe90,Ikin Winarno,Occupational therapist,UD Jailani Hartati Tbk,Sulawesi Utara
805de6c6,Shania Namaga,Telecommunications researcher,CV Kusmawati,Kalimantan Tengah
d9c5d510,"drg. Lili Salahudin, S.Ked","Designer, industrial/product",CV Uyainah Tbk,Jawa Tengah
c51c9527,"R. Lintang Uwais, S.Ked",Biomedical engineer,PD Mangunsong,Jawa Tengah
ac5eaa9f,"Sutan Jabal Agustina, M.M.","Engineer, manufacturing",CV Saptono,Sulawesi Barat
bab790aa,Dariati Rajata,"Engineer, maintenance (IT)",UD Narpati Siregar Tbk,Lampung
f6ffc8f0,"Cut Almira Farida, S.Farm",Comptroller,PD Aryani,DI Yogyakarta
957a7ce7,Ir. Garan Nashiruddin,Curator,PT Rahmawati,Sumatera Barat
9114e45e,"Siska Marbun, S.Ked",Illustrator,UD Melani,Sumatera Barat
7c5ad87f,Farhunnisa Setiawan,Transport planner,CV Kuswandari Tbk,Sumatera Barat
9ca8d274,Puti Mala Simbolon,"Accountant, chartered certified",PT Melani Hakim,DKI Jakarta
f839ac64,Fathonah Pudjiastuti,"Programmer, multimedia",UD Wastuti (Persero) Tbk,Kalimantan Selatan
6d073a56,Baktianto Saragih,Sales promotion account executive,CV Sitorus,Bali
0e21689c,Digdaya Waluyo,"Engineer, building services",CV Situmorang (Persero) Tbk,Sulawesi Utara
fbdeca3c,Restu Novitasari,Chartered management accountant,Perum Namaga Dongoran Tbk,Maluku
e6d345da,R.A. Titin Budiman,"Engineer, civil (contracting)",Perum Mandala Tbk,Papua
aa63757e,"Mustofa Dongoran, S.Farm",Equality and diversity officer,Perum Nashiruddin,Kalimantan Tengah
a482cfd2,Puti Narpati,Data scientist,UD Wasita Irawan (Persero) Tbk,Sulawesi Barat
6ae434c8,Daniswara Mandasari,"Accountant, chartered certified",PT Tamba Uwais,Papua Barat
b9cd881a,Putri Yuliarti,"Secretary, company",PD Sihombing (Persero) Tbk,Banten
025b8014,"Drs. Kenes Damanik, S.Pt",Tourism officer,CV Manullang Prasetya (Persero) Tbk,Papua
f4890656,"H. Viktor Marpaung, S.Sos",Toxicologist,PD Astuti,Bengkulu
74275eb0,Tgk. Alika Wibowo,Fast food restaurant manager,PT Damanik Marpaung,Jambi
a1d7bbf0,Praba Ardianto,Insurance account manager,PT Sihombing Laksita (Persero) Tbk,Jawa Timur
e1cc3917,Hj. Kasiyah Mandasari,Games developer,PT Haryanto Ramadan,Maluku Utara
89c880ae,Indah Widodo,Product designer,PD Permata Palastri,Papua
0c673fe1,Dr. Bancar Sihombing,Television/film/video producer,PD Damanik (Persero) Tbk,Sulawesi Utara
cd951217,Rudi Santoso,Town planner,CV Hutapea (Persero) Tbk,Kalimantan Tengah
5447e4b8,Puti Wibowo,Dispensing optician,UD Putra (Persero) Tbk,Nusa Tenggara Timur
53198b4a,"Paramita Mustofa, S.Farm",Operational investment banker,PD Wibowo Suryono,Jawa Tengah
2dc8110e,Mutia Wibowo,"Doctor, hospital",CV Prastuti Latupono,Kalimantan Barat
19434986,Asman Mangunsong,"Scientist, research (physical sciences)",Perum Usada,Jawa Tengah
c1465252,Reksa Hidayanto,Higher education careers adviser,PT Pudjiastuti (Persero) Tbk,Nusa Tenggara Barat
3ae0251d,Anita Handayani,"Engineer, site",PT Prastuti,Kepulauan Bangka Belitung
421a15e2,"Drs. Ayu Zulaika, S.T.",Public librarian,PD Purwanti,Kalimantan Utara
6e30f28a,drg. Malik Hastuti,Diplomatic Services operational officer,UD Dongoran Laksita (Persero) Tbk,Sumatera Selatan
e47ab3e6,"H. Bagus Sihotang, M.Farm",Estate agent,PT Prasasta (Persero) Tbk,Maluku
4a2f32cf,Tari Kuswoyo,Secondary school teacher,Perum Nababan Wulandari,Banten
2bf99ef8,Gina Wibowo,Medical secretary,PD Simbolon Napitupulu (Persero) Tbk,Sulawesi Barat
73e37751,Jatmiko Hastuti,Museum/gallery curator,CV Prayoga (Persero) Tbk,Kalimantan Utara
5d7ac46f,Gamanto Thamrin,Industrial buyer,PT Melani Tbk,Kalimantan Timur
42c8d36b,Raharja Pratiwi,Gaffer,PT Novitasari,Bali
e8cfe190,"Vicky Firgantoro, M.Ak",Special effects artist,Perum Uwais Rahayu,Jawa Barat
fbe30f0f,Widya Purwanti,Learning mentor,PT Puspita Tbk,Sulawesi Barat
b987c555,Ganep Ardianto,Town planner,PT Hidayanto (Persero) Tbk,Sulawesi Barat
0768ec83,"Drs. Reksa Melani, S.Pt",Physiological scientist,UD Maulana,Sulawesi Utara
94c14c88,Lili Wijaya,Writer,PT Prasetyo,Kalimantan Selatan
72befcef,Bahuwirya Mangunsong,Diagnostic radiographer,PT Suartini,Kalimantan Selatan
90bec6f8,Ratih Nainggolan,Ecologist,PD Suryatmi Dabukke Tbk,Nusa Tenggara Barat
659d448a,Zamira Halimah,Sports development officer,UD Irawan Uwais (Persero) Tbk,Papua Barat
2b29d5c4,Farah Manullang,Lawyer,UD Najmudin Pratiwi,Kepulauan Riau
7e06028f,Tgk. Ikin Namaga,Heritage manager,Perum Pudjiastuti Jailani,Sulawesi Tenggara
010f81ec,Jasmin Sihombing,Social researcher,PT Jailani Prabowo (Persero) Tbk,Banten
4a53f716,Drs. Digdaya Winarsih,Lobbyist,Perum Prastuti (Persero) Tbk,Banten
a1aeb0ae,Nilam Rajata,Horticultural consultant,PD Hakim,Nusa Tenggara Barat
3eeaaac3,Darmanto Mansur,"Programmer, applications",UD Simbolon Tbk,DI Yogyakarta
dac58953,"drg. Puspa Narpati, S.Ked",Meteorologist,PD Usamah Pangestu (Persero) Tbk,Aceh
8745e587,drg. Satya Wahyuni,Medical physicist,Perum Maheswara Riyanti,Sumatera Barat
3e08ce7a,Drs. Lembah Astuti,Insurance claims handler,UD Putra Wibisono,Papua Barat
bf059152,Heru Wijaya,"Civil engineer, consulting",UD Rahmawati,Jawa Timur
94c361cf,Dewi Firgantoro,Haematologist,Perum Pudjiastuti,Sulawesi Utara
9363422d,"Hasna Iswahyudi, M.M.",Best boy,Perum Salahudin Anggraini,Sumatera Selatan
c9c05e79,Cut Paulin Oktaviani,Barrister's clerk,PD Maheswara Tbk,DKI Jakarta
a5e6859d,"Hj. Salimah Sirait, S.I.Kom",Aeronautical engineer,PT Permata Suryatmi (Persero) Tbk,Nusa Tenggara Timur
835d33da,Betania Najmudin,Patent examiner,UD Kuswoyo Tbk,DI Yogyakarta
5fee227d,Yulia Namaga,Quantity surveyor,PD Novitasari Prakasa Tbk,Riau
622f50bd,Kamila Saputra,"Administrator, education",UD Yuliarti Riyanti,Kalimantan Selatan
18e90fd2,Manah Mandala,Diagnostic radiographer,PT Kuswandari (Persero) Tbk,Kepulauan Bangka Belitung
307dc844,Najwa Pratiwi,Gaffer,CV Nashiruddin (Persero) Tbk,Papua
700c0986,Tari Fujiati,Medical technical officer,CV Hassanah Napitupulu,Riau
fc93222b,"Dr. Uli Suryatmi, S.E.I","Loss adjuster, chartered",UD Winarno Astuti,Jawa Timur
68538851,Yuni Anggraini,Comptroller,Perum Mustofa Rahimah,Sulawesi Tengah
8f88b997,Tgk. Mulya Tarihoran,Soil scientist,PD Astuti Napitupulu (Persero) Tbk,Maluku Utara
4e39a7ca,Cawisono Kuswoyo,Management consultant,PT Astuti Simbolon,Aceh
8eebb320,"Genta Wulandari, M.Farm",Equality and diversity officer,PT Maulana,Jawa Tengah
29b53503,Aslijan Simanjuntak,"Therapist, nutritional",PD Santoso (Persero) Tbk,Kalimantan Tengah
480221c2,Irma Agustina,"Teacher, early years/pre",CV Prakasa Waluyo,Sulawesi Barat
1bff37ea,dr. Cawisono Situmorang,Sales executive,PD Iswahyudi,Sulawesi Utara
1abbfebb,Paris Anggriawan,Dancer,Perum Prakasa Maryati Tbk,Papua Barat
5c38d085,Hesti Santoso,"Engineer, electrical",PD Yuliarti,Papua
8510274d,Nova Iswahyudi,Immunologist,Perum Anggriawan Prasetyo (Persero) Tbk,Bali
f1f6bd20,Rina Usamah,"Engineer, production",PT Sinaga Pradipta,Kepulauan Bangka Belitung
90fcef12,"drg. Amelia Putra, S.I.Kom",Exercise physiologist,Perum Halim,Bali
40cbfb32,Bakidin Rahimah,Event organiser,PD Nuraini,Gorontalo
686844f7,Ridwan Sihombing,Volunteer coordinator,PT Yulianti Hidayanto,Sumatera Barat
9897c8c0,R.M. Lasmanto Nugroho,Environmental education officer,PT Zulkarnain Wibisono,DKI Jakarta
0fad12ec,Cagak Rahmawati,IT consultant,UD Napitupulu Yuliarti,Kalimantan Selatan
ec98632d,Patricia Palastri,Horticultural consultant,CV Wijaya Putra,Banten
e7a3996b,Cakrabuana Haryanto,Broadcast presenter,CV Siregar Hardiansyah Tbk,Maluku
260c85f1,Gatra Firgantoro,Museum/gallery conservator,UD Jailani,Jawa Timur
0d7c9edb,Najib Thamrin,Television floor manager,PD Nasyidah (Persero) Tbk,Sumatera Barat
cdc086bf,"Mahdi Safitri, S.Psi",Financial trader,PD Wahyudin Tbk,Jawa Barat
113c714e,Cayadi Simbolon,Print production planner,PD Nainggolan Tbk,Kalimantan Tengah
d9886d89,"H. Galiono Damanik, S.E.","Research officer, political party",PD Susanti Tbk,Riau
58b57464,Hendri Usamah,Public affairs consultant,CV Handayani (Persero) Tbk,Kalimantan Utara
5c7f21db,Garang Maulana,Artist,PT Setiawan Mandasari,Sulawesi Tengah
c39d939c,Bakijan Wasita,Bookseller,PT Kurniawan (Persero) Tbk,Papua
b9359eba,Eva Prasetya,Facilities manager,PD Prasasta Tbk,Bengkulu
77fefef3,Ellis Wahyuni,Market researcher,CV Saefullah Padmasari,Lampung
bdc6472c,"R. Silvia Purwanti, S.E.I",Surgeon,PT Tampubolon Handayani Tbk,Maluku
f051bad9,Jaka Habibi,Patent attorney,UD Saptono Tbk,Sumatera Barat
b5de642a,Maryanto Marpaung,Patent examiner,CV Aryani Tbk,Banten
34fbf377,"Tgk. Cengkal Oktaviani, S.T.","Teacher, English as a foreign language",Perum Rajasa,Kepulauan Bangka Belitung
f5e8d468,Drs. Padmi Firmansyah,"Engineer, mining",UD Nuraini Haryanti,Sumatera Barat
28dbb344,Asmianto Agustina,Health visitor,PD Simanjuntak (Persero) Tbk,Sumatera Utara
c6acef54,"drg. Kamila Usamah, S.Sos","Producer, television/film/video",UD Astuti,Kalimantan Utara
bcea617a,"Dt. Marsudi Irawan, S.Ked","Designer, interior/spatial",UD Puspita,Riau
3aa4b61b,Hj. Lidya Pradipta,Therapeutic radiographer,PT Wijaya (Persero) Tbk,Sumatera Selatan
8dd956c8,Pardi Nashiruddin,Network engineer,CV Pratama (Persero) Tbk,Sumatera Barat
bfcb4723,"Cut Tira Fujiati, M.Pd","Psychologist, educational",UD Anggraini Prastuti Tbk,Kalimantan Tengah
0ac1b7eb,Ami Riyanti,Cartographer,UD Zulaika Hakim,DI Yogyakarta
f63acf49,Salwa Samosir,"Nurse, adult",CV Simbolon Mahendra,Papua Barat
730f5ae9,"Mala Winarsih, S.Ked","Administrator, Civil Service",PT Hutasoit Simanjuntak (Persero) Tbk,Kalimantan Timur
df17b482,Zelda Hutasoit,Community development worker,Perum Gunarto Pradipta,Jawa Timur
4be29e8b,Tgk. Dina Yuniar,Ophthalmologist,CV Novitasari Firgantoro,Jawa Tengah
9d1138c9,Sadina Megantara,"Therapist, music",PD Wasita Halimah,Sumatera Utara
ebd55a1a,Caturangga Waluyo,"Development worker, international aid",UD Widodo (Persero) Tbk,Gorontalo
4b8b048c,Gawati Winarno,Exercise physiologist,PD Jailani,Kalimantan Barat
e1be241a,Vanya Hasanah,Health and safety inspector,PD Purnawati Kuswandari,Kepulauan Bangka Belitung
ef6729d0,Drs. Maimunah Andriani,Barrister's clerk,CV Winarno,Kepulauan Riau
089319f7,"Sutan Jono Prakasa, M.M.",Sub,PT Fujiati,Sulawesi Tengah
306ae7f9,Cayadi Laksita,"Surveyor, mining",UD Putra Handayani,Sulawesi Utara
995d4e6b,Kani Hutapea,"Engineer, maintenance (IT)",Perum Tarihoran Tbk,Sulawesi Barat
f9c8aa94,Anom Puspasari,Analytical chemist,UD Prasetya,Sulawesi Utara
5d4b22a8,Ganjaran Susanti,"Engineer, water",Perum Hidayat,Bali
230a760f,"Puti Permata, M.Farm",Farm manager,PD Pratiwi Nababan,Papua Barat
2b2446f1,"R.A. Violet Nasyidah, S.Ked","Engineer, aeronautical",PD Suartini (Persero) Tbk,Jambi
ba1b4302,dr. Ian Laksita,"Scientist, biomedical",Perum Yulianti (Persero) Tbk,Lampung
49719b72,"dr. Maria Pratama, S.Farm","Production designer, theatre/television/film",CV Sinaga Hidayanto,DKI Jakarta
41bf7440,"Dr. Soleh Hartati, S.Pd",Cartographer,CV Yulianti Hutagalung,Sulawesi Barat
588b0558,Ratih Prasetyo,Hospital doctor,CV Rajasa Wasita (Persero) Tbk,Riau
7a63cf8d,Edison Situmorang,Toxicologist,Perum Melani,DI Yogyakarta
246636dd,Kania Marpaung,Printmaker,CV Prasasta,Kepulauan Bangka Belitung
7cab0b1d,Tiara Gunarto,Physiotherapist,CV Purnawati (Persero) Tbk,Jambi
27226851,drg. Tedi Nurdiyanti,Textile designer,PT Dongoran Tbk,Sumatera Utara
ad26e583,Kunthara Uyainah,Medical technical officer,UD Maryati Riyanti Tbk,Sulawesi Utara
bc0ef431,dr. Syahrini Waluyo,"Engineer, control and instrumentation",Perum Yuliarti Kuswoyo Tbk,Sulawesi Barat
10b6426a,Dadi Puspasari,Call centre manager,PT Maheswara Rahayu Tbk,Kalimantan Timur
7ecc6ada,Nova Wahyuni,"Conservation officer, nature",UD Marbun Prakasa Tbk,Nusa Tenggara Barat
677b4cbe,Icha Anggriawan,Hydrographic surveyor,UD Kusmawati Mayasari,Kalimantan Barat
a5c9e2e6,Maida Rahimah,Insurance risk surveyor,CV Halimah Prayoga,Sulawesi Barat
0536ce81,Karimah Halim,"Engineer, electronics",PD Wijaya Ardianto,Bengkulu
86f8701e,Ir. Suci Prayoga,"Engineer, communications",UD Saputra,Bengkulu
3b14180f,Cecep Widodo,Games developer,CV Kusumo Tbk,Kalimantan Selatan
b829075b,Omar Firgantoro,"Engineer, water",PT Natsir Andriani Tbk,Gorontalo
4b3d10e1,Rahayu Agustina,Sales executive,PD Widiastuti (Persero) Tbk,Kepulauan Riau
fdb1a1e0,Olivia Prastuti,Museum/gallery exhibitions officer,PT Hidayat Prayoga (Persero) Tbk,Riau
089a9ebc,Ghani Rahimah,Architect,PT Situmorang Maryati,Sulawesi Utara
7679afb6,"Uchita Pradana, S.Pd",Commissioning editor,PT Saputra Wasita,DKI Jakarta
012d22dc,Harjasa Kusumo,Chiropractor,PD Damanik Nasyidah,Bali
49061fe9,H. Yahya Sitompul,Early years teacher,PD Hastuti Jailani,Bali
a881f3de,"Tgk. Olivia Widiastuti, S.H.",Sub,PD Usada,Sulawesi Tengah
0d098b46,Kasiyah Waluyo,"Chemist, analytical",CV Gunawan,Kalimantan Barat
698a520f,Laila Suartini,"Production assistant, radio",UD Lestari,Kalimantan Selatan
0374922c,Jaga Oktaviani,Consulting civil engineer,UD Hassanah Mulyani Tbk,Jawa Timur
02bb2f9f,Putu Simanjuntak,"Research officer, trade union",CV Nasyiah Tbk,Maluku Utara
a058e377,Ir. Cinta Maryadi,"Production assistant, radio",CV Sinaga Sihotang,Kalimantan Barat
9f6a36f1,Karen Utami,Sub,UD Nasyiah,Jambi
46084933,Hadi Napitupulu,Advertising art director,PT Hardiansyah Widiastuti Tbk,Sulawesi Selatan
7127a761,Cut Hasna Utami,Oceanographer,PD Prabowo,Bengkulu
44a5f9f4,Liman Sudiati,"Surveyor, commercial/residential",PD Utami Marbun Tbk,DKI Jakarta
c8472dff,Ella Tamba,Public librarian,PT Safitri,Kepulauan Riau
4f4f7ae0,"Cut Citra Novitasari, S.Psi","Engineer, site",Perum Wastuti Palastri,Jawa Tengah
35b05ad2,Sakti Siregar,"Psychotherapist, dance movement",UD Sirait Tbk,Papua
f03e65bd,Bakiadi Mangunsong,Special effects artist,UD Purnawati Wibisono,Sulawesi Barat
af789056,"Zelda Pudjiastuti, S.Pd",Academic librarian,CV Mansur Yuliarti,Banten
0dba26da,Ir. Puput Oktaviani,Communications engineer,PD Hardiansyah,Bengkulu
1cce1102,Dadap Putra,TEFL teacher,UD Hidayanto Anggriawan Tbk,DI Yogyakarta
4c95106f,Puput Firgantoro,Planning and development surveyor,Perum Zulaika,Sulawesi Selatan
4358ffce,dr. Bala Fujiati,"Research officer, political party",UD Marpaung Saefullah,Jawa Timur
1b643098,"Cakrawala Prasetyo, S.Pt",Accommodation manager,Perum Wulandari Oktaviani (Persero) Tbk,Gorontalo
8590ae2a,"R. Janet Pradipta, S.Sos","Production designer, theatre/television/film",Perum Santoso Tbk,Sulawesi Barat
74f20f50,Sarah Waskita,Minerals surveyor,UD Rahmawati,Kalimantan Tengah
694d8634,"Mutia Mardhiyah, S.Kom",Printmaker,PD Manullang (Persero) Tbk,Kalimantan Selatan
20362efb,"Galang Widiastuti, M.TI.",Waste management officer,PD Wahyuni Mayasari (Persero) Tbk,Lampung
34c03d80,Maman Laksmiwati,Environmental education officer,PD Pradana Tbk,Papua
fb3bbb08,dr. Cengkir Damanik,Warden/ranger,PD Rahayu Ardianto Tbk,Bali
3695fb7a,Drs. Jarwa Permata,Radiation protection practitioner,UD Prayoga,DI Yogyakarta
64dcf4db,drg. Oliva Mardhiyah,"Education officer, community",CV Budiyanto Kuswoyo,Sumatera Barat
af57938a,Ani Kuswoyo,"Engineer, electronics",UD Wastuti Tbk,DI Yogyakarta
60ebe374,"R.A. Ellis Kuswoyo, S.Pt","Engineer, water",Perum Nashiruddin Winarsih Tbk,Sulawesi Selatan
df8b9ac4,"Dr. Aurora Yuniar, M.TI.",Careers adviser,Perum Simanjuntak,Kalimantan Utara
e3a004e3,"Cornelia Rahmawati, S.Pt",Architect,CV Purwanti Najmudin Tbk,Bali
2131030e,Kasiran Prayoga,Set designer,CV Puspita Lestari Tbk,Sulawesi Tenggara
26b83248,Oskar Suryono,Marine scientist,CV Sihotang (Persero) Tbk,Kalimantan Barat
9e3afb67,"Rizki Ardianto, M.Kom.",Probation officer,PD Puspasari Iswahyudi (Persero) Tbk,Bengkulu
6f3c6d66,Amelia Kurniawan,TEFL teacher,PD Safitri Siregar (Persero) Tbk,Sumatera Utara
707fe773,Janet Anggraini,Dance movement psychotherapist,Perum Palastri Ardianto,Sulawesi Selatan
cab4bc1d,Yunita Dongoran,Control and instrumentation engineer,PD Purwanti Tbk,Jambi
8500710b,"Dt. Eja Anggriawan, M.Farm","Chemist, analytical",PD Firgantoro Tbk,Jawa Timur
13e7d10f,Kajen Wahyudin,Dramatherapist,CV Kusmawati (Persero) Tbk,Bali
fca99662,Kurnia Usamah,"Designer, interior/spatial",PD Ramadan,Kalimantan Selatan
5bcdf2a5,Ir. Gamblang Haryanti,Field seismologist,CV Tarihoran,Bengkulu
0634c0cd,"Luhung Salahudin, S.Pd",Further education lecturer,PT Hartati,Kalimantan Tengah
1d193f17,"Balidin Maulana, M.TI.",Multimedia programmer,PD Situmorang Halimah Tbk,Jawa Tengah
5a199143,Nadia Pangestu,Hydrographic surveyor,CV Suartini (Persero) Tbk,Maluku
f890c9eb,Labuh Suartini,Multimedia specialist,PT Santoso Novitasari Tbk,Papua
3115436f,Manah Mustofa,"Psychologist, educational",CV Tamba Widodo (Persero) Tbk,Banten
34974a65,Ratih Halim,Ergonomist,CV Sinaga Astuti,Maluku
07772a34,Rahmi Nasyiah,"Development worker, international aid",UD Megantara Nurdiyanti Tbk,Bali
21442c14,"Panji Kurniawan, S.Farm",Civil Service fast streamer,PD Padmasari Wibisono,DKI Jakarta
b5db359a,Gilda Yulianti,Neurosurgeon,CV Manullang Dabukke,Kalimantan Timur
14f54563,Kamidin Uwais,Retail buyer,PT Fujiati,Kepulauan Bangka Belitung
63664d6b,Gilang Halimah,Horticultural consultant,PT Tampubolon Laksita,Sulawesi Tengah
d5949a99,H. Jarwadi Astuti,Office manager,PT Pangestu Tbk,Kalimantan Tengah
37d9a52d,KH. Mujur Pranowo,"Scientist, audiological",Perum Rajata,Sulawesi Barat
2b1ccbc2,Hj. Raisa Natsir,"Production assistant, television",CV Prastuti Wacana,Banten
90319c54,Bakiman Safitri,Solicitor,Perum Prasetyo,Gorontalo
43467e4b,"Yoga Saptono, M.Ak",Archivist,CV Simbolon Kurniawan,Maluku
6fc4b8a3,Darsirah Siregar,Solicitor,UD Halim Tbk,Aceh
eb9496e3,"Raden Uyainah, S.Pd","Physicist, medical",Perum Firmansyah Pudjiastuti,Papua Barat
0449ccfe,Dodo Damanik,Housing manager/officer,UD Wastuti,Nusa Tenggara Barat
2dca620a,"Carla Putra, S.Pt",Field trials officer,Perum Nasyidah Tbk,Papua
0dfa8214,"Pia Hutagalung, S.Pt",Pensions consultant,CV Anggraini Sitorus,Jawa Tengah
b2a7a89f,"Ir. Pranata Santoso, S.Gz",Broadcast presenter,UD Winarno Tbk,Kalimantan Timur
121594ef,Vanya Laksita,Chief Marketing Officer,PT Permata Tbk,Riau
3661209e,Raditya Latupono,Plant breeder/geneticist,PT Najmudin,Kalimantan Tengah
37dc825b,Hj. Michelle Sitompul,Network engineer,PD Usamah Tbk,Maluku Utara
fb5d042e,Laila Safitri,Human resources officer,PD Prastuti,Papua
67c337a4,drg. Elisa Susanti,English as a foreign language teacher,PD Manullang Tbk,Maluku Utara
4ae793c0,Ganjaran Pranowo,Systems developer,PT Marpaung Kurniawan (Persero) Tbk,Sumatera Selatan
4a7ce9af,Wani Uyainah,Lawyer,CV Zulkarnain,Sulawesi Tenggara
c9e3299d,Gina Hastuti,"Geologist, wellsite",UD Halimah,Maluku Utara
898461b1,"Nrima Laksita, S.H.",Community development worker,CV Kuswoyo Tarihoran (Persero) Tbk,Kepulauan Bangka Belitung
398ae264,Umar Marbun,Economist,UD Anggriawan Prasasta Tbk,Sulawesi Tengah
cb498e30,Jelita Saragih,Soil scientist,UD Irawan Prayoga (Persero) Tbk,Sulawesi Tenggara
6745a657,Ade Yuliarti,Broadcast engineer,UD Usada Pangestu,Papua
37d35feb,"Malika Rahimah, S.T.",Hospital doctor,PT Puspasari,Maluku
6dc5d476,Asman Megantara,Sports therapist,UD Adriansyah,Banten
865dd6f3,"Hj. Yunita Waluyo, S.Gz","Designer, exhibition/display",PT Mulyani,Aceh
1449a21a,H. Kamal Novitasari,Dancer,Perum Siregar Tbk,Bengkulu
ae680b40,Lili Laksita,TEFL teacher,CV Suryono Hutapea,Jawa Timur
338a6760,Kalim Suryono,Cartographer,PT Yuniar Thamrin,Jawa Barat
a0882fea,"Dt. Gatot Marbun, S.Sos",Ship broker,PD Winarno Hidayat,Riau
7b0c9900,"drg. Kayla Hartati, S.Pt",Hydrogeologist,UD Utami Hastuti Tbk,Jambi
437d4994,R. Raditya Safitri,"Engineer, chemical",CV Wijayanti Farida (Persero) Tbk,Papua Barat
a5d9be88,"dr. Dalimin Dabukke, S.T.",Medical laboratory scientific officer,UD Prayoga (Persero) Tbk,Nusa Tenggara Barat
13166638,Maida Lailasari,Proofreader,PT Januar (Persero) Tbk,Kepulauan Riau
77ba354e,Nardi Natsir,Licensed conveyancer,Perum Lazuardi,Nusa Tenggara Timur
a5aa662d,Nasim Agustina,"Social research officer, government",Perum Lailasari (Persero) Tbk,Kepulauan Riau
9f94c30c,"Amalia Handayani, S.Pd","Programmer, systems",UD Habibi Tbk,Sumatera Barat
fe6a3197,Harjasa Suryono,"Presenter, broadcasting",Perum Wahyuni,Papua Barat
951a57f8,"Najwa Astuti, M.M.",Regulatory affairs officer,Perum Pratiwi Palastri,Sulawesi Barat
28a62903,"Ir. Kawaya Rajasa, S.Pd",Set designer,PT Widodo (Persero) Tbk,Banten
ec1ece15,"Dt. Gamblang Fujiati, M.Ak","Pharmacist, community",CV Nababan,Jawa Tengah
e8663c0b,"Nurul Marbun, M.TI.",Equities trader,PD Wijayanti Irawan,Nusa Tenggara Timur
4c3bf01e,"Ira Santoso, S.I.Kom","Engineer, mining",PD Pratiwi,Sulawesi Tenggara
5909e543,Gasti Kusmawati,Information officer,CV Nugroho,Nusa Tenggara Barat
c787d7d2,Safina Napitupulu,Health and safety adviser,UD Nashiruddin Tbk,Maluku Utara
64319a52,Puti Prasetyo,Systems analyst,CV Yolanda Agustina,Sumatera Barat
34940862,Maida Wastuti,"Research officer, government",CV Yulianti Hassanah,Jawa Tengah
649190be,"Ir. Puji Tarihoran, S.Pt","Horticulturist, commercial",PD Maryati Riyanti Tbk,Jambi
22ab13da,Slamet Iswahyudi,Biomedical engineer,UD Puspita Tbk,Jambi
425210a1,Najwa Habibi,Art therapist,Perum Pradana Maryati,DKI Jakarta
eaf6879f,Pangeran Nurdiyanti,Sport and exercise psychologist,PD Pradana,Bali
c6c97d09,"Purwa Nashiruddin, M.Farm","Scientist, research (maths)",CV Siregar Gunawan,Maluku
af07df57,Ir. Ajiono Usamah,Telecommunications researcher,PD Siregar,Kepulauan Riau
d2583328,"R.M. Hari Zulaika, M.TI.","Education officer, community",PD Sihombing,Jawa Tengah
f75a62bc,"Puti Ratna Agustina, M.Farm",Minerals surveyor,Perum Purnawati Waluyo,Kalimantan Selatan
6e93b09a,Irfan Sitorus,Clothing/textile technologist,Perum Melani Rahayu,Sulawesi Tenggara
3893f9d8,Wasis Simanjuntak,"Engineer, maintenance (IT)",PD Suwarno Riyanti,Kalimantan Timur
c1ad2ea6,"Jelita Riyanti, M.TI.",Management consultant,Perum Santoso (Persero) Tbk,Kepulauan Riau
b97bf24d,"Kenari Samosir, S.H.",Chiropractor,CV Latupono (Persero) Tbk,Jawa Tengah
ccaac0dd,Cahya Wahyuni,Management consultant,UD Pradipta Tbk,Kalimantan Selatan
ff1aad58,Febi Melani,Early years teacher,UD Usamah Tbk,Sumatera Barat
8303bcdf,Pandu Waskita,Heritage manager,PT Agustina Tbk,Sulawesi Tenggara
2ff23c85,"Puti Jane Pranowo, S.E.I",Community pharmacist,PT Farida Tbk,Nusa Tenggara Barat
21487363,KH. Kemba Melani,Historic buildings inspector/conservation officer,PT Hasanah Tbk,Bengkulu
045778c1,Fathonah Lazuardi,Community pharmacist,PT Riyanti,Maluku
efea0d49,"Elon Wijayanti, S.Farm",Brewing technologist,PT Marbun Pradipta (Persero) Tbk,Sulawesi Tengah
36740ec2,Drs. Teddy Wijaya,"Conservator, museum/gallery",PT Kuswoyo,Gorontalo
4faaed95,Hj. Salwa Halim,Commercial/residential surveyor,UD Hartati (Persero) Tbk,Maluku Utara
135c1c0b,Daruna Thamrin,Software engineer,PD Puspita Damanik Tbk,Kalimantan Utara
fa9100db,Panji Hutasoit,Records manager,CV Prasasta (Persero) Tbk,Maluku
690c08f3,Unjani Mandasari,"Teacher, English as a foreign language",CV Nugroho,Kalimantan Utara
dc0daeeb,"Aisyah Nashiruddin, S.Gz",Medical sales representative,PD Mangunsong Budiman,Banten
2060fb0b,KH. Bahuwarna Gunawan,"Development worker, community",Perum Winarno Thamrin,Kepulauan Riau
6163eb30,"Saadat Zulkarnain, S.Pt",Information officer,PT Susanti Wastuti,Sulawesi Selatan
a8abdb7a,Karta Wastuti,"Teacher, early years/pre",PT Uyainah Damanik (Persero) Tbk,Kalimantan Barat
51356c82,Tgk. Ophelia Kusmawati,"Surveyor, mining",CV Prabowo Novitasari Tbk,Aceh
721b6ba9,"Puti Ika Safitri, S.T.",Educational psychologist,UD Wibowo (Persero) Tbk,Sulawesi Utara
bb3f8904,"Sutan Hadi Wahyuni, S.E.",Theatre stage manager,Perum Permata Rajata (Persero) Tbk,Sulawesi Tenggara
0452f926,Hilda Anggraini,Press sub,Perum Maryati (Persero) Tbk,Kepulauan Bangka Belitung
ee771e72,Salsabila Gunarto,Leisure centre manager,Perum Pudjiastuti Tbk,Sulawesi Barat
ba07c7d4,Latika Wahyuni,Television production assistant,PT Riyanti (Persero) Tbk,Sulawesi Selatan
c60209fa,"Sutan Niyaga Saragih, S.H.",Event organiser,PT Wibowo Hidayat,Kalimantan Utara
5060ec85,Gawati Firgantoro,Medical illustrator,Perum Prastuti Prayoga (Persero) Tbk,Sumatera Barat
d6e8e352,Paris Ramadan,Heritage manager,UD Farida Utami Tbk,Riau
bd3bcf1a,"Patricia Iswahyudi, M.Pd",Nature conservation officer,PD Saputra,Jambi
3bff3a8b,Budi Melani,"Designer, television/film set",UD Tamba (Persero) Tbk,Sumatera Selatan
366376d8,Jasmani Utami,"Presenter, broadcasting",PD Maulana (Persero) Tbk,DI Yogyakarta
dde7bcf7,Latif Prastuti,Fast food restaurant manager,CV Haryanti Firgantoro Tbk,Jawa Timur
9e3cded4,drg. Uli Prastuti,Equities trader,PD Dongoran Pudjiastuti,Kalimantan Timur
7867d874,dr. Wage Suryatmi,"Engineer, manufacturing",Perum Prabowo,Kalimantan Timur
81d02bf7,Siska Hidayanto,"Designer, fashion/clothing",Perum Pangestu,Sulawesi Tenggara
02439171,"Ana Maulana, S.Ked",Personal assistant,PT Maryati Wijaya,Papua Barat
635cc4f7,KH. Kemba Oktaviani,Tax adviser,PT Haryanto,Sumatera Barat
7cca2f93,Kenes Haryanto,Barrister's clerk,CV Winarsih Yulianti,Nusa Tenggara Timur
4f1e8d0a,Cengkir Namaga,"Psychologist, occupational",UD Saptono,Sulawesi Tenggara
3f153972,Drs. Galih Januar,"Librarian, academic",PD Rahayu Tbk,Papua Barat
98e06312,Drs. Wahyu Damanik,Youth worker,CV Tarihoran,Sulawesi Utara
9e1f46a7,R. Sidiq Kusumo,"Engineer, maintenance (IT)",UD Prasetyo (Persero) Tbk,DI Yogyakarta
638e8dc4,"Cakrawala Nashiruddin, S.Gz",IT sales professional,PT Winarno,Sumatera Selatan
2da87343,Tgk. Lantar Pranowo,Chiropractor,Perum Nasyidah,Sulawesi Tengah
3643d99c,Hafshah Gunawan,"Research officer, political party",PT Rajata,Nusa Tenggara Timur
57f7985f,Dagel Pratiwi,"Geologist, wellsite",UD Agustina Setiawan,Kepulauan Bangka Belitung
1b353b27,Kurnia Prastuti,Cytogeneticist,CV Nasyidah Handayani,Sumatera Barat
314f4427,Suci Hasanah,Dispensing optician,PD Hassanah Marbun Tbk,Riau
7512a41b,"Harjasa Rahmawati, S.Ked","Scientist, physiological",UD Jailani,Kepulauan Riau
bc7ca471,drg. Jaiman Suryatmi,Ranger/warden,UD Hassanah Rajasa,Kalimantan Utara
d7a472f0,"Zizi Mayasari, S.Ked",Armed forces operational officer,PD Hardiansyah Riyanti (Persero) Tbk,Nusa Tenggara Barat
4bafc52b,Jessica Zulkarnain,Comptroller,UD Anggraini Maheswara (Persero) Tbk,Banten
d5a9c9e2,dr. Puti Simanjuntak,Toxicologist,PT Maheswara Tbk,Sulawesi Tengah
9eb4ffc0,"Nalar Kuswoyo, S.Pt",Technical author,UD Utami Winarno Tbk,Sumatera Utara
ae11c72d,"Drs. Rahmi Saputra, M.Ak",Teaching laboratory technician,UD Dongoran Maryadi,Sulawesi Utara
cc6b52c0,"Dt. Indra Uyainah, M.TI.","Physicist, medical",PD Wastuti Sihombing,Nusa Tenggara Timur
bd87e0b2,"Akarsana Lazuardi, S.E.I",Publishing copy,UD Rajata,Kalimantan Selatan
38a28961,Jais Suartini,Information systems manager,UD Laksmiwati Agustina,Jawa Tengah
b3b3b2cd,"Farah Lestari, S.Pd",Control and instrumentation engineer,CV Narpati Siregar Tbk,Kepulauan Riau
3025b882,Jasmin Wastuti,"Research officer, government",PT Wibisono,Kepulauan Riau
9d8db05a,"Kadir Hariyah, S.H.",Landscape architect,UD Winarno Hakim,DKI Jakarta
fca3b226,"Sakti Prayoga, S.Sos",Neurosurgeon,PT Purnawati,Sumatera Barat
06b3860f,"Ir. Yuliana Mahendra, S.Ked",Television floor manager,PD Uwais Farida,Aceh
569bfe37,"Balijan Hidayat, M.Kom.",Dentist,Perum Waskita Uyainah,Kalimantan Utara
58dcc4ff,Jatmiko Iswahyudi,"Physicist, medical",PT Sitorus Namaga,Sulawesi Barat
5504dc1a,Ridwan Astuti,Energy manager,UD Riyanti Simanjuntak,Jawa Tengah
a4b921fa,"Ade Haryanto, S.IP",Water engineer,PT Mandasari Samosir,Aceh
e6133f30,Setya Budiyanto,Catering manager,PD Andriani (Persero) Tbk,Kalimantan Tengah
430bb7ed,Violet Sinaga,Estate agent,PT Wahyudin Mustofa,Riau
af91e8a8,R. Jaiman Sitorus,Police officer,UD Widodo Tbk,Lampung
c0e441b2,Jamil Sirait,"Merchandiser, retail",UD Riyanti Tbk,Kalimantan Tengah
cc63dd82,"Jessica Napitupulu, S.Pd",Advice worker,CV Rahayu Hidayat,Sulawesi Tenggara
1e010b9e,"Putri Lailasari, S.Gz",Historic buildings inspector/conservation officer,UD Kuswoyo Pradana,Kalimantan Tengah
41feb1c8,Azalea Hidayanto,Ranger/warden,UD Agustina,Bengkulu
b6003b7c,Puti Farah Nugroho,Quantity surveyor,PT Megantara,Kalimantan Utara
f6ab4f66,"KH. Alambana Uwais, S.Sos",Speech and language therapist,PD Hakim Agustina Tbk,Kalimantan Timur
a8a0423e,Dr. Novi Rajasa,Secondary school teacher,Perum Puspita Palastri (Persero) Tbk,Kalimantan Timur
0c3f6806,Bakda Hardiansyah,Quality manager,CV Wahyudin Tbk,Lampung
458736e6,Lala Budiyanto,Artist,PT Rahayu Astuti Tbk,Nusa Tenggara Barat
0ec66d45,Ajimin Lestari,"Sound technician, broadcasting/film/video",Perum Pradana Yuliarti Tbk,Bali
5ee1a25f,Ika Pradipta,Community pharmacist,PT Jailani,Riau
5bdfc9b3,Pardi Farida,Trading standards officer,UD Melani Tbk,Gorontalo
81d24ee7,Ida Haryanti,Holiday representative,Perum Simanjuntak Tbk,Jawa Tengah
96039516,Wawan Hasanah,Ecologist,UD Kusmawati Hutapea (Persero) Tbk,Sulawesi Tengah
665fc501,Irsad Waskita,Site engineer,PD Mulyani,Sulawesi Tenggara
9f450832,Vanesa Mangunsong,Arboriculturist,CV Prasasta Suartini,Sulawesi Tengah
a2a6cff1,Tgk. Dalima Yuliarti,Actor,CV Dongoran (Persero) Tbk,Jambi
615a8ae4,"Tgk. Rahmi Megantara, S.Gz",Ecologist,PT Widiastuti,Sulawesi Barat
3785e5c7,Cengkal Firgantoro,Retail banker,CV Riyanti,Bengkulu
8151cb00,Reza Saptono,Music therapist,UD Kuswandari Tbk,Maluku Utara
9dd70b3c,"Hj. Ophelia Megantara, S.Sos",Medical technical officer,UD Sudiati Prayoga,Jawa Timur
a8254930,Marsudi Mulyani,Museum/gallery curator,UD Aryani Prasetyo (Persero) Tbk,Sulawesi Utara
b724fd4c,"Tgk. Reksa Sitompul, S.IP",Lobbyist,PD Samosir (Persero) Tbk,Banten
32d52e5a,Adika Astuti,Contractor,UD Rajata,Jawa Tengah
f9029de9,Halima Prasetyo,"Scientist, research (life sciences)",UD Wibisono,Sulawesi Tengah
cbf2564b,Tasdik Hartati,Public librarian,CV Situmorang (Persero) Tbk,Nusa Tenggara Barat
046e8477,Soleh Usada,Dietitian,CV Zulaika,Kalimantan Utara
43c302fd,"Dr. Zelda Halim, S.Pt","Nurse, mental health",PT Maryadi Wastuti,Sumatera Barat
1ef18064,"Yessi Rahayu, S.Ked","Nurse, adult",PD Yulianti,Sulawesi Selatan
70d16bc2,"Xanana Mangunsong, S.Pd",Public affairs consultant,Perum Mulyani Aryani Tbk,Sumatera Utara
d5022c2e,Ani Sitorus,Barrister,PD Kurniawan Rajasa,Nusa Tenggara Timur
a5803243,"T. Xanana Rahayu, M.Pd",Television camera operator,Perum Fujiati,Jambi
4269c6d1,"Drs. Yuni Hutagalung, S.T.",Acupuncturist,CV Permadi Anggriawan Tbk,Sulawesi Selatan
5969ee7c,Rahayu Yulianti,Restaurant manager,Perum Kusmawati,Bali
586f8f7c,Ellis Laksita,"Surveyor, rural practice",UD Hutapea Irawan,Kalimantan Utara
ce322638,H. Raharja Wulandari,Insurance claims handler,Perum Maheswara Mardhiyah,Sumatera Barat
e8ec6db3,R.A. Ghaliyati Nuraini,Radio producer,UD Hassanah Tbk,Papua Barat
71cc6cc1,"drg. Purwanto Wibowo, S.T.","Programmer, systems",CV Yulianti,Jawa Timur
d6b2f4aa,Karen Maheswara,Barrister,PT Kusmawati,Lampung
ec7ff40c,"Tri Salahudin, S.Kom",Ophthalmologist,PD Wahyuni,Kalimantan Utara
7c302ef2,"Drs. Margana Maryadi, S.Sos","Scientist, clinical (histocompatibility and immunogenetics)",PT Wijaya Sinaga (Persero) Tbk,Jambi
c5d280db,Asirwada Mangunsong,Press sub,PT Sirait,Papua
328f4147,Tania Rajata,Civil Service administrator,PD Sudiati Tbk,Banten
044f8bed,Dadap Fujiati,Social researcher,PD Suartini,Papua
1743bd2d,"R. Dinda Kuswandari, M.Pd","Engineer, materials",UD Sihotang Ramadan (Persero) Tbk,Kalimantan Barat
f381c333,Harsaya Suryono,Psychiatric nurse,CV Sitorus (Persero) Tbk,Nusa Tenggara Timur
e17dabfc,"Drs. Anastasia Prakasa, S.T.",Energy engineer,UD Kusumo,Jawa Tengah
bdd371d0,Tania Nasyiah,Broadcast presenter,CV Maheswara,Maluku
f28b3466,Oliva Palastri,"Teacher, special educational needs",Perum Lazuardi Halim Tbk,Kalimantan Barat
24ca9f54,Rina Wijayanti,"Clinical scientist, histocompatibility and immunogenetics",PT Mangunsong Rajata,Lampung
54442fdc,Hj. Farhunnisa Prakasa,Editorial assistant,CV Yolanda,Nusa Tenggara Barat
7a75b549,Cut Yuni Rajata,"Engineer, drilling",Perum Gunawan,Maluku Utara
e131890f,"Sutan Estiono Ramadan, S.Sos",Arts development officer,CV Mandasari Aryani Tbk,Jambi
7f27724b,"H. Xanana Pranowo, M.Kom.","Designer, graphic",Perum Kuswoyo (Persero) Tbk,Bali
f1be1fff,Puji Prakasa,"Radiographer, diagnostic",PD Hassanah Pangestu (Persero) Tbk,Lampung
94dd8167,Diah Suryatmi,Financial controller,Perum Situmorang (Persero) Tbk,Jawa Timur
c1236ea8,Ir. Sarah Rajata,Product designer,PD Rahmawati (Persero) Tbk,DKI Jakarta
228ba3b5,Rina Samosir,Health visitor,Perum Damanik,Kalimantan Timur
3ac4dcbd,Hj. Elvina Farida,Comptroller,UD Rahimah Saefullah,DI Yogyakarta
a986f8cb,Hartana Mansur,Product designer,PD Wijayanti (Persero) Tbk,Papua
68e9e150,R. Hasna Mahendra,Accounting technician,UD Saptono Tbk,Sumatera Selatan
48fe489b,"Dr. Zaenab Wacana, S.IP",Printmaker,PD Anggriawan,Sulawesi Tenggara
ca292bf3,Nova Budiman,"Surveyor, insurance",PT Puspita Waluyo,Papua Barat
4194184b,"drg. Anastasia Mansur, S.T.",Print production planner,CV Sitorus,Maluku
2a7b25ba,Betania Puspita,"Sound technician, broadcasting/film/video",Perum Sudiati Nashiruddin Tbk,Maluku Utara
76375b72,"Hj. Zalindra Wijaya, S.T.",Research scientist (medical),PD Rajasa (Persero) Tbk,Bali
8367ce10,Yunita Maheswara,"Scientist, research (maths)",PT Wastuti Iswahyudi,Sulawesi Barat
a3e34837,"Laila Samosir, M.TI.",Furniture designer,PD Handayani,Sulawesi Barat
aab8579f,Winda Wibisono,"Teacher, special educational needs",CV Pradana,Maluku
63b43556,Chandra Prayoga,Gaffer,PD Nasyiah Kusmawati Tbk,Kalimantan Tengah
d169e32d,Wulan Marbun,"Runner, broadcasting/film/video",PT Haryanto,Kalimantan Tengah
d9e1793a,Laswi Iswahyudi,Horticultural therapist,CV Maheswara,Sumatera Utara
9e6a9ed5,R. Wasis Laksmiwati,Operational investment banker,UD Sinaga,Gorontalo
ebfba836,Banara Nainggolan,Research scientist (maths),CV Namaga,DI Yogyakarta
b1c412f7,Nadine Laksmiwati,Ergonomist,UD Prasetyo,Kalimantan Tengah
89545c56,Kamidin Kusumo,Chartered legal executive (England and Wales),PD Natsir,Gorontalo
76c4e212,Aswani Yuliarti,"Accountant, chartered",UD Prabowo (Persero) Tbk,Sulawesi Utara
bc6c91b1,Gambira Situmorang,Community education officer,PT Pranowo,Lampung
6335a7cf,Drs. Tina Rahimah,Insurance account manager,UD Suryono Pertiwi (Persero) Tbk,Jambi
edbae622,"Gambira Najmudin, S.Pt","Programme researcher, broadcasting/film/video",PT Gunarto (Persero) Tbk,Sulawesi Barat
046d2498,Zahra Siregar,"Psychotherapist, child",CV Rahmawati Sirait (Persero) Tbk,Bali
133c98b0,Hj. Suci Simanjuntak,Secretary/administrator,CV Waluyo (Persero) Tbk,Jambi
0ac08858,Elma Farida,"Engineer, chemical",UD Hidayanto,Jawa Barat
29543ba8,Caturangga Nugroho,Adult guidance worker,PD Budiyanto Rajata,DI Yogyakarta
42384c33,Ade Tamba,Public relations account executive,CV Latupono Hutagalung,Sumatera Barat
abf97bfe,Xanana Kusmawati,Cytogeneticist,UD Jailani (Persero) Tbk,Sulawesi Tengah
b2b69a7d,Nasab Setiawan,Firefighter,UD Budiyanto Firgantoro,Papua Barat
72fa15e6,Anastasia Yuniar,Technical author,Perum Yuniar Pratiwi,Papua Barat
2542c79f,Cemeti Lestari,Psychiatric nurse,Perum Fujiati Iswahyudi Tbk,Kalimantan Tengah
84ad58ab,Hj. Iriana Firgantoro,"Engineer, communications",Perum Prasetya,Sulawesi Tengah
a4b72300,Yunita Mansur,Theatre director,UD Marpaung,Papua Barat
fead667a,Jessica Laksmiwati,Ergonomist,PD Habibi Suryatmi (Persero) Tbk,DKI Jakarta
d124fba2,Yunita Pradipta,Dispensing optician,PD Prabowo Usamah (Persero) Tbk,Bali
5fb8ed72,Vanya Prastuti,"Engineer, manufacturing",UD Wacana Namaga Tbk,Papua Barat
8dd46832,Raden Usamah,Museum education officer,UD Anggriawan,Lampung
031adc1e,"Syahrini Sirait, S.Pd",Systems analyst,PT Farida,Jawa Barat
aec451fb,Kambali Wasita,"Engineer, maintenance (IT)",PD Uyainah (Persero) Tbk,Sulawesi Barat
fe872f29,Cut Najwa Mayasari,"Chemist, analytical",Perum Thamrin Safitri Tbk,Kepulauan Bangka Belitung
1580e2c7,"Wani Suwarno, S.Gz","Sound technician, broadcasting/film/video",PD Andriani Halim,Jawa Tengah
cb6b2fdc,"T. Tirta Pranowo, S.Psi",Illustrator,Perum Januar (Persero) Tbk,Riau
5e144b66,Digdaya Kurniawan,Midwife,Perum Hardiansyah Halim,Gorontalo
90352910,"R.M. Harsanto Lestari, S.E.",Food technologist,PT Rahimah,Kepulauan Riau
160c067a,Ir. Kamila Farida,"Pharmacist, community",Perum Uwais (Persero) Tbk,Bengkulu
ab3c7494,Narji Pratama,Local government officer,UD Adriansyah Firmansyah Tbk,Gorontalo
24d4b0c3,Drs. Pranawa Pratama,Automotive engineer,UD Sirait Tbk,Sulawesi Selatan
c9f9431b,Budi Putra,Proofreader,Perum Maheswara Halim,Jawa Barat
3d810828,"Dr. Ika Permata, S.Pd",Sport and exercise psychologist,UD Marpaung Tbk,Kalimantan Utara
b5badbe3,Wulan Simanjuntak,"Administrator, Civil Service",UD Rahimah Simanjuntak Tbk,Lampung
4a311c4e,"Puti Mutia Iswahyudi, M.Kom.",Lexicographer,CV Yuliarti Sihombing Tbk,Aceh
0e75be3c,Vanya Budiman,"Engineer, civil (contracting)",UD Samosir Tbk,Sulawesi Utara
3aa31e78,Sidiq Sihombing,"Scientist, biomedical",CV Habibi Winarno Tbk,Sulawesi Tengah
39b8f135,Puji Nurdiyanti,Contracting civil engineer,Perum Iswahyudi Pradipta,Banten
4fc0d3ff,Galang Maheswara,"Accountant, chartered",PT Prasetyo Halim Tbk,Sumatera Utara
b8c7869c,Oni Puspita,Armed forces operational officer,UD Namaga,Maluku Utara
c400b7f0,Ghani Simanjuntak,Marketing executive,CV Simanjuntak Sihotang,Riau
4160df3c,"Sakura Simbolon, S.Ked",English as a second language teacher,UD Wastuti Pratama (Persero) Tbk,Kalimantan Utara
b93b0dfd,Bakiono Puspasari,Chief Executive Officer,UD Prasetya,Bali
3d8cc71e,"Tgk. Karman Hakim, S.Pt",Orthoptist,PT Astuti Mayasari Tbk,Kalimantan Timur
f3d9cd35,Padmi Pranowo,Physiological scientist,PT Saragih,Sulawesi Barat
3b7682a8,drg. Panji Laksita,Actor,CV Uwais Tbk,Nusa Tenggara Barat
757f1ee8,Icha Susanti,"Production assistant, television",CV Prasetyo (Persero) Tbk,Jambi
9ecef1ae,Sutan Vinsen Waskita,Hydrographic surveyor,Perum Dongoran Laksmiwati Tbk,Maluku Utara
c60dd6ed,Shania Fujiati,Public affairs consultant,PD Widiastuti Purnawati,Sulawesi Selatan
70b6a079,dr. Gina Hastuti,Barista,Perum Nugroho (Persero) Tbk,Banten
3326a875,"Rahayu Lailasari, S.Farm",Counsellor,UD Santoso Nuraini,Kalimantan Barat
c55af71a,Jagapati Lailasari,"Scientist, research (physical sciences)",PD Maryati,Banten
0b719144,Drs. Eman Uwais,"Psychologist, sport and exercise",PD Siregar,Kepulauan Riau
a0852d96,Dwi Puspasari,Radio producer,Perum Kusmawati Lestari Tbk,Sulawesi Tenggara
1d716baf,Wasis Mangunsong,"Journalist, newspaper",CV Sinaga Tbk,DI Yogyakarta
a7c11ebc,Qori Prasasta,Chartered legal executive (England and Wales),UD Rahmawati Irawan (Persero) Tbk,Kalimantan Barat
feecfa65,Tami Andriani,"Optician, dispensing",UD Mardhiyah Laksmiwati,Nusa Tenggara Barat
1ebb4cbf,Banawi Wastuti,Bookseller,CV Thamrin Mayasari (Persero) Tbk,Kalimantan Barat
374f4dd2,Johan Situmorang,"Engineer, civil (contracting)",CV Yulianti Tbk,Sumatera Barat
1152fe2a,Kani Winarsih,"Social research officer, government",CV Anggraini Gunarto,Sumatera Utara
c76d14d7,Simon Wacana,Horticultural consultant,UD Uyainah,Bali
2fe82b17,"Puti Nadine Irawan, S.Farm",Pharmacologist,CV Napitupulu Tbk,DKI Jakarta
487ebe2e,Aisyah Widiastuti,IT trainer,PD Firmansyah Wasita,Sumatera Barat
4b674cca,R. Ina Palastri,Copy,PD Mayasari Utami Tbk,Lampung
850e3ceb,Kartika Siregar,Sales promotion account executive,CV Padmasari Putra,Sulawesi Selatan
bce62c4d,Karman Purnawati,Speech and language therapist,UD Namaga Zulkarnain,Sulawesi Selatan
ca5bbb29,"Laswi Latupono, S.IP",Arts administrator,UD Mandala,Kepulauan Bangka Belitung
44454b22,Cahyadi Rahmawati,Theme park manager,PD Laksmiwati Hariyah (Persero) Tbk,Kalimantan Barat
c8e5fd2a,"R.M. Mursita Anggriawan, S.IP",General practice doctor,UD Rahayu Tbk,Sulawesi Utara
168cc4f9,Tgk. Paris Marbun,Research scientist (physical sciences),PT Sitompul (Persero) Tbk,Sulawesi Selatan
1652621a,Putri Maryati,Catering manager,PD Anggriawan Novitasari,Jawa Barat
8cdbad11,Kenari Mardhiyah,Holiday representative,PD Mansur Haryanti Tbk,Kalimantan Selatan
36baf722,"Pia Wijaya, S.T.",Colour technologist,CV Widodo Prasetyo,Sulawesi Selatan
a66d4455,Drs. Qori Aryani,Volunteer coordinator,Perum Mangunsong (Persero) Tbk,Kalimantan Utara
1ef58cf3,"Drs. Kala Rahimah, S.Ked",Quantity surveyor,PT Hakim Wasita,Jawa Barat
711cd563,"Vivi Najmudin, S.Kom",Writer,CV Usamah Kusmawati,Banten
760f394b,Ilyas Adriansyah,"Therapist, art",PD Budiyanto (Persero) Tbk,Sulawesi Utara
3946deca,Banawi Novitasari,Lexicographer,Perum Sihotang (Persero) Tbk,DKI Jakarta
37fdc479,Jamal Sitompul,Commercial art gallery manager,PT Mangunsong (Persero) Tbk,Bengkulu
76bb6888,Elma Mandala,Special educational needs teacher,PT Budiyanto Tbk,Nusa Tenggara Barat
1dcbda7b,"Bahuraksa Mandala, S.Kom",Radio broadcast assistant,PD Mangunsong Lailasari,Gorontalo
f22166ea,"Zelda Prakasa, M.Ak",Senior tax professional/tax inspector,PD Utama Tbk,Sumatera Utara
290e614f,Ifa Aryani,"Social research officer, government",Perum Siregar (Persero) Tbk,Riau
5edaf3dc,"Tgk. Endah Yuliarti, M.Farm",Software engineer,PD Handayani (Persero) Tbk,DKI Jakarta
b2d685c6,Dipa Lazuardi,Fitness centre manager,Perum Sitompul Simbolon Tbk,Kalimantan Timur
ab591314,"Fitriani Pradipta, M.Farm",Insurance risk surveyor,Perum Siregar Maulana (Persero) Tbk,Sulawesi Tenggara
eefcce78,Drs. Dinda Hardiansyah,Social researcher,PD Utami,Aceh
c1db2e5c,Dt. Jarwadi Santoso,"Psychologist, prison and probation services",CV Puspita (Persero) Tbk,Jawa Timur
1d9c2144,Prayogo Mangunsong,Charity fundraiser,CV Palastri Pratiwi,Riau
8397bd6e,"dr. Dalima Napitupulu, S.Kom",Copy,UD Wastuti,Jawa Tengah
d3fcc569,Clara Puspasari,Special effects artist,Perum Hastuti,Jawa Tengah
0672399e,Eja Hutasoit,"Psychologist, prison and probation services",PT Firgantoro (Persero) Tbk,Kepulauan Riau
58b21707,"Martani Gunarto, S.Farm","Therapist, nutritional",UD Narpati,Bengkulu
18b69a9a,Tasnim Thamrin,Advertising account planner,Perum Pangestu Ramadan,Lampung
2eb71ca9,Rachel Permata,Chief Strategy Officer,PD Simbolon Mustofa,Sumatera Barat
12b0bed6,Dt. Hardana Rahayu,Volunteer coordinator,Perum Gunarto Aryani,Sulawesi Utara
a52bbda5,Baktiadi Winarno,Ranger/warden,PD Saefullah Winarsih,Jambi
f439e42a,"Panji Wulandari, S.Pd",Midwife,Perum Damanik Anggriawan Tbk,Lampung
748bf9f6,Yuliana Padmasari,Chiropractor,PD Halim,Maluku Utara
1107e24d,"Kayla Mandala, M.Pd","Programmer, systems",Perum Wastuti Pertiwi,Sulawesi Barat
6b805eff,"Jaka Fujiati, S.Farm",Learning mentor,CV Putra Tbk,Banten
5371688c,Alambana Rajata,Call centre manager,UD Putra,DI Yogyakarta
e5b7b4dc,Dipa Haryanto,General practice doctor,PT Usamah Tbk,Sulawesi Barat
13115242,"R. Putu Samosir, S.Gz","Engineer, civil (contracting)",UD Prastuti Wibowo,Bengkulu
2c5e425a,"Cut Puspa Marbun, S.E.",Medical illustrator,PT Sihotang (Persero) Tbk,Jawa Timur
06378101,"drg. Cahyo Damanik, M.Farm",Chiropodist,UD Ramadan Latupono,Sulawesi Selatan
0ab4c76c,Salsabila Padmasari,Paramedic,Perum Waskita Firmansyah,DI Yogyakarta
bdc9378c,Humaira Saragih,Financial manager,PD Wacana Sitompul (Persero) Tbk,Jambi
28beba58,Karman Hasanah,Nutritional therapist,UD Hutasoit Natsir (Persero) Tbk,Kepulauan Bangka Belitung
690ee98c,"Cinta Gunawan, S.Kom","Teacher, English as a foreign language",Perum Susanti,Kalimantan Utara
d2d09aba,Ajeng Hasanah,Therapeutic radiographer,Perum Mustofa Wahyuni Tbk,Nusa Tenggara Timur
1abd6ead,"Zizi Hartati, M.Kom.","Accountant, chartered management",CV Lazuardi Santoso (Persero) Tbk,Jawa Barat
32f95576,Paris Permadi,"Horticulturist, commercial",UD Kusmawati Suryono (Persero) Tbk,Kalimantan Timur
07b5858c,Asmianto Siregar,Hospital pharmacist,PT Pudjiastuti Hutapea Tbk,Sumatera Barat
2baf5aa2,"Ir. Nadine Wijaya, S.T.","Presenter, broadcasting",CV Padmasari Lailasari Tbk,Bengkulu
abe5822f,Wulan Simbolon,Set designer,PT Latupono Januar,Papua
f3e6b710,Nadia Nashiruddin,"Chemist, analytical",PD Haryanti,Papua
de539709,Surya Waluyo,Theatre stage manager,Perum Winarsih (Persero) Tbk,Sulawesi Barat
f06bb865,Puji Nasyidah,Field seismologist,PD Damanik Tbk,Kalimantan Timur
2d4eafe0,Cengkir Saptono,Ceramics designer,CV Usada,Papua Barat
7aacd8d3,Oliva Farida,Health service manager,CV Yuniar Simbolon Tbk,Sulawesi Utara
5bd08be4,R. Malik Hakim,Publishing copy,Perum Marpaung Tbk,DI Yogyakarta
887b3256,"Gabriella Budiyanto, S.IP","Engineer, maintenance",Perum Novitasari (Persero) Tbk,Kepulauan Bangka Belitung
e99c1deb,Dr. Jaeman Agustina,"Librarian, public",Perum Wahyudin,Kalimantan Tengah
78fd0ca5,Mala Jailani,"Merchandiser, retail",PT Hidayat Utami (Persero) Tbk,Sulawesi Selatan
8bb51aa1,Laras Winarsih,Video editor,PT Yulianti Wacana Tbk,Sulawesi Barat
fd339b49,Tania Tampubolon,Systems developer,Perum Widiastuti Tbk,Papua
a02a5060,Anastasia Nurdiyanti,"Engineer, technical sales",PT Megantara,DKI Jakarta
fafa51f0,"Rendy Lailasari, S.Ked",Contractor,PT Uwais,Nusa Tenggara Timur
74fd669a,"Puti Hana Megantara, S.Pt",Paediatric nurse,PD Yuliarti (Persero) Tbk,DI Yogyakarta
f41fab9a,Hardi Saefullah,"Physicist, medical",UD Prastuti,Kepulauan Bangka Belitung
ccff64d2,Rini Rajasa,Primary school teacher,UD Pranowo (Persero) Tbk,Jambi
6e1f61ea,Hardi Rahayu,"Pharmacist, hospital",CV Nababan,DKI Jakarta
4a8f96b0,Fitriani Pertiwi,Advertising account executive,UD Usamah Gunawan,Jawa Tengah
0acfa333,Patricia Manullang,Psychiatric nurse,CV Wahyuni Waskita,Sulawesi Barat
91a8a601,Unggul Tarihoran,Water quality scientist,UD Nuraini Pertiwi,Kalimantan Barat
c1d4cabc,Rina Winarno,"Designer, exhibition/display",CV Farida,Kalimantan Utara
6ce93bb6,"Dr. Irma Nuraini, S.Farm","Teacher, special educational needs",CV Sitompul Nababan,Aceh
4765ace6,Ridwan Wahyudin,Insurance claims handler,PD Mandasari Rahayu (Persero) Tbk,Jawa Tengah
dfb666d4,drg. Banara Wulandari,Applications developer,UD Budiman,Riau
d7cc34e3,Banawa Uwais,Warehouse manager,CV Mustofa (Persero) Tbk,Maluku Utara
a684e2be,Drs. Hardi Pradana,Careers information officer,Perum Prasasta Aryani (Persero) Tbk,Sulawesi Tengah
08c0c690,Hana Sihombing,Mudlogger,PD Suartini,Kalimantan Selatan
bd476957,T. Daryani Prabowo,Warden/ranger,PT Halimah Damanik Tbk,Sumatera Barat
28765b3a,"R.A. Dalima Budiyanto, S.Pd",Jewellery designer,Perum Utama Suartini,Sulawesi Selatan
2be5a474,"Prabowo Pradipta, M.Kom.",Production engineer,Perum Hastuti Setiawan,Nusa Tenggara Timur
bf72c6b7,Ani Prasetyo,Quality manager,UD Napitupulu Kusumo,Kalimantan Tengah
eec0f18d,"dr. Wira Wijayanti, S.Gz",Hydrologist,UD Mustofa Pudjiastuti (Persero) Tbk,Kalimantan Selatan
421f4b81,Aurora Marbun,Diagnostic radiographer,CV Rajata Tbk,Papua Barat
cec05688,Tiara Sitompul,Legal secretary,Perum Permata Suwarno (Persero) Tbk,Papua Barat
2baa6cd1,Ega Wacana,Meteorologist,PD Suwarno Suryatmi Tbk,Sulawesi Tenggara
1e6e1ba3,Yono Haryanti,Housing manager/officer,Perum Situmorang (Persero) Tbk,Riau
0d3784eb,Lidya Uyainah,Futures trader,PT Haryanto Mansur,Kepulauan Bangka Belitung
6966141b,"Dt. Purwa Yuliarti, S.Farm","Scientist, clinical (histocompatibility and immunogenetics)",UD Iswahyudi Adriansyah,DI Yogyakarta
d4616d78,Rafid Prayoga,Biomedical scientist,PD Wastuti Prabowo Tbk,Jambi
e844691e,Cager Samosir,Social researcher,CV Novitasari (Persero) Tbk,Papua Barat
435f6ec1,Cager Aryani,"Engineer, energy",UD Novitasari Hidayat (Persero) Tbk,DKI Jakarta
d4a967b4,Dr. Ade Simanjuntak,Equities trader,UD Najmudin Marpaung,Kalimantan Timur
d60be13c,Lantar Kusmawati,"Embryologist, clinical",Perum Wibisono Hutasoit Tbk,DKI Jakarta
a8ec4b2a,"Hj. Qori Nashiruddin, S.Gz",Warehouse manager,PT Puspasari Usamah (Persero) Tbk,Kalimantan Timur
754143f9,Puti Salwa Prabowo,Minerals surveyor,UD Dabukke,Bengkulu
f5c59cbb,Cut Rina Habibi,Cytogeneticist,PD Widiastuti Kuswoyo,Jawa Timur
00d1cb5e,Empluk Andriani,"Scientist, marine",UD Budiman Kuswandari,Kalimantan Tengah
1265cabc,dr. Wakiman Novitasari,"Merchandiser, retail",Perum Permata Maulana,Kalimantan Selatan
e2a3c130,"Clara Hidayanto, S.Kom",Outdoor activities/education manager,CV Manullang Sitompul,Kalimantan Selatan
5644db70,"Genta Waskita, M.Ak","Development worker, international aid",Perum Astuti,Kalimantan Utara
9128f353,Zizi Januar,Advertising account executive,PT Kusumo,Kalimantan Selatan
2e897daa,"R.M. Cahyanto Permadi, M.TI.","Nurse, adult",PD Zulaika,Jawa Barat
37de4884,Vivi Tamba,"Copywriter, advertising",PT Samosir (Persero) Tbk,Aceh
196214b3,Rahmi Santoso,Operations geologist,CV Prasasta Hasanah Tbk,Maluku Utara
5f58a68d,Nova Sitorus,Microbiologist,UD Nasyidah (Persero) Tbk,Sulawesi Tenggara
c37745fa,Bagiya Marpaung,Haematologist,PT Mansur,Jambi
4386ca1b,Cici Rajata,Health visitor,CV Damanik (Persero) Tbk,Jawa Barat
e412ddc5,Rika Suartini,"Engineer, maintenance",PD Siregar Rahimah (Persero) Tbk,DKI Jakarta
1256b650,Danu Prayoga,Film/video editor,CV Pangestu Tbk,Gorontalo
b9cf0d67,Gangsar Mandala,"Teacher, early years/pre",Perum Najmudin,Jawa Barat
660e5cea,"Ir. Ade Mahendra, S.Gz","Research officer, government",Perum Pertiwi Mangunsong,Sulawesi Tenggara
bce5e141,Michelle Wibowo,Cartographer,PD Farida Tbk,Jawa Barat
3b84957a,"Lasmono Pangestu, S.Farm",Sales promotion account executive,UD Santoso Tbk,Jawa Tengah
c48a4850,Icha Manullang,Retail merchandiser,PT Utama Kusumo,DKI Jakarta
e23009c5,Hadi Adriansyah,Volunteer coordinator,CV Utama Tbk,Papua
a399d639,Asirwada Hutapea,"Engineer, energy",PD Lailasari Puspita (Persero) Tbk,Jambi
a9991822,"Jefri Hardiansyah, S.Psi",Neurosurgeon,PT Oktaviani Marpaung,Maluku
ddb157ec,Gamanto Natsir,Speech and language therapist,CV Nurdiyanti Tbk,Jawa Tengah
fa44d1e9,"Drs. Bakiono Permata, S.Psi",Immunologist,UD Lazuardi,Jawa Barat
5623e4f4,"Ina Namaga, M.Farm",Historic buildings inspector/conservation officer,PD Hassanah Rajasa Tbk,Maluku
5ddac2dd,"Sutan Perkasa Waskita, S.IP",Geographical information systems officer,UD Utami (Persero) Tbk,Banten
e838b9a0,"KH. Emas Winarno, M.TI.","Research officer, trade union",CV Kuswoyo Tbk,Lampung
8268caf4,Martana Hakim,Research scientist (life sciences),PD Kurniawan Tbk,Sulawesi Tengah
1f1f36ed,Olga Kuswoyo,Graphic designer,CV Gunawan Mayasari Tbk,Papua
5756cf92,Danu Suartini,Charity officer,PT Napitupulu Napitupulu Tbk,Kalimantan Selatan
729f5c77,Ir. Prima Suryatmi,Barrister,UD Saragih Tbk,Lampung
240b0a49,Estiono Habibi,"Psychologist, sport and exercise",PD Pranowo,Kepulauan Riau
ca07b170,R. Farhunnisa Hariyah,"Runner, broadcasting/film/video",PD Tarihoran Tbk,Kalimantan Timur
a8edc6cc,Adika Zulaika,Technical brewer,Perum Pradana,Sulawesi Selatan
313583dc,"Samsul Nashiruddin, S.E.","Geologist, engineering",PD Halim,Sulawesi Tenggara
f346551d,Betania Purwanti,Film/video editor,PT Mardhiyah Wijayanti,Kalimantan Tengah
581aeb6d,Anom Lazuardi,Video editor,PD Budiman Tbk,Sulawesi Selatan
38c05178,Putu Sihombing,"Optician, dispensing",PD Lailasari,Jambi
5fa9389a,"Chelsea Hutapea, S.T.",Video editor,PD Nababan (Persero) Tbk,Kalimantan Selatan
9a627098,Yulia Nugroho,Lobbyist,Perum Rahayu,Lampung
a63acc5a,Genta Sudiati,Ceramics designer,PT Palastri Pranowo,Aceh
9b05627d,Amalia Yuniar,"Engineer, maintenance (IT)",PD Rahimah Sitorus (Persero) Tbk,Maluku
f0d5559f,"dr. Banawi Pangestu, S.Farm","Sales professional, IT",CV Sirait (Persero) Tbk,Sumatera Selatan
349b32f1,Galar Purnawati,English as a second language teacher,UD Hakim Sihotang,Nusa Tenggara Barat
e299f682,"Febi Rahimah, S.Gz",Music tutor,Perum Pranowo Hutagalung Tbk,Jawa Barat
9ec63f97,Caraka Mardhiyah,Proofreader,PD Hasanah,Lampung
23fddf3d,Qori Suryono,Consulting civil engineer,PT Pratiwi Haryanti Tbk,Kalimantan Utara
95354ce8,Ina Dabukke,Advice worker,CV Rajata Tbk,Jawa Barat
4e58aeb3,"Puti Iriana Hidayat, S.E.I",Office manager,UD Widiastuti Tbk,Gorontalo
85dd0ba4,Karya Hidayanto,Print production planner,UD Pranowo (Persero) Tbk,Lampung
36cabb50,Kamila Halimah,Contractor,UD Pradipta Mardhiyah,Sumatera Utara
73f723db,Sutan Yusuf Laksmiwati,Optometrist,PT Agustina,Maluku
93daf12f,"Drs. Kawaya Aryani, M.Farm","Accountant, chartered management",PT Nurdiyanti,Sumatera Utara
773c9068,"drg. Gabriella Nugroho, S.Gz",Magazine features editor,PT Wahyudin,Bali
e4c613ad,"drg. Jefri Pratiwi, S.Pd",Media planner,UD Fujiati Tbk,Sulawesi Tengah
737d77aa,"H. Balijan Megantara, S.Ked",Pharmacologist,PD Budiman (Persero) Tbk,Kepulauan Riau
7aacd1b0,Raden Halim,"Chemist, analytical",PD Permadi Tbk,Kalimantan Timur
768ad425,Dian Sitompul,Garment/textile technologist,PT Budiyanto (Persero) Tbk,Jawa Tengah
f0f8c3fc,"Fathonah Nuraini, S.Pd",Research scientist (medical),PD Haryanti Purnawati Tbk,Jambi
50f97bd4,Gaiman Hasanah,Audiological scientist,PD Utama Wacana,Sulawesi Tenggara
d6667faa,drg. Drajat Putra,Mechanical engineer,CV Saefullah Gunawan,Nusa Tenggara Timur
c6436933,Dr. Ade Yuliarti,Therapeutic radiographer,Perum Wulandari Wulandari,Sulawesi Utara
8103999a,"drg. Nadine Agustina, S.I.Kom",Statistician,PD Hutagalung Tbk,Bali
fbe93e85,Dipa Wibowo,Chartered legal executive (England and Wales),CV Hutagalung Zulkarnain Tbk,Kalimantan Timur
d89d4afe,Paris Siregar,Chartered accountant,UD Nasyidah,Kalimantan Barat
b0cd506e,Yulia Riyanti,Financial planner,PD Thamrin Aryani,Papua Barat
6c5c1c4f,Jaga Prabowo,"Editor, film/video",CV Uwais,Sulawesi Tengah
50cbc5fa,Tgk. Caket Maulana,Mining engineer,PD Damanik Pertiwi,Kalimantan Tengah
d4bc0e45,Kawaca Wahyudin,"Research officer, government",PD Padmasari Siregar (Persero) Tbk,Sulawesi Tengah
c87beabe,Harsanto Najmudin,Local government officer,PD Widiastuti,Nusa Tenggara Barat
d6367433,Cemani Prasasta,Broadcast presenter,CV Agustina Wacana (Persero) Tbk,Kalimantan Tengah
16833bc9,Sakti Santoso,Financial planner,UD Lailasari Wacana (Persero) Tbk,Sumatera Selatan
c20f0881,Padma Marpaung,"Psychologist, prison and probation services",UD Safitri Hidayanto (Persero) Tbk,Papua
a0f1d3e9,Dagel Rahimah,Exercise physiologist,PD Saputra (Persero) Tbk,Jawa Timur
3dfb5e1e,Asman Pradana,"Psychologist, sport and exercise",PD Uwais Saragih (Persero) Tbk,Nusa Tenggara Barat
9de25c02,Luthfi Latupono,"Therapist, horticultural",PT Kusmawati Pratama (Persero) Tbk,Kepulauan Riau
4bbd06fe,"R.A. Indah Handayani, S.Pt","Teacher, secondary school",PD Salahudin Pangestu,Kalimantan Selatan
7452568a,Carla Pradipta,Newspaper journalist,Perum Hidayanto (Persero) Tbk,Gorontalo
5d2f7d99,Agnes Halimah,Financial planner,PT Maryati,Aceh
55abe610,Lintang Rajata,"Designer, graphic",Perum Pradana,Banten
4e0a1646,Umay Habibi,Broadcast presenter,Perum Saragih,Lampung
7430a83b,Cahyanto Padmasari,Environmental manager,CV Lailasari Firmansyah (Persero) Tbk,Kalimantan Selatan
f2b142e3,"KH. Ihsan Manullang, S.T.",Cytogeneticist,Perum Salahudin,Papua Barat
dffc6e4e,"R.A. Ghaliyati Prabowo, S.IP",Call centre manager,CV Yulianti,Kepulauan Bangka Belitung
420a1789,Eluh Handayani,"Surveyor, minerals",UD Putra (Persero) Tbk,Kalimantan Utara
5117c7d2,Nyoman Kusumo,Armed forces logistics/support/administrative officer,Perum Wibisono Tbk,Kalimantan Selatan
1414c1fd,"Kiandra Wijayanti, S.Farm",Quality manager,UD Hardiansyah Tbk,Gorontalo
8213fdf4,"Cawisono Maulana, S.I.Kom",Special effects artist,UD Maulana Hartati,Jawa Tengah
4add872a,"Puti Halima Usamah, M.Ak",Public house manager,CV Salahudin (Persero) Tbk,Sulawesi Barat
3d3d3404,Sadina Latupono,Forensic scientist,PD Anggraini,Sulawesi Barat
5f8355c0,Reksa Sinaga,Fine artist,PT Wijayanti Sudiati,DKI Jakarta
321ebd19,Hj. Ifa Mayasari,"Engineer, site",PD Hutapea,Papua
b94de24a,"Elma Riyanti, M.Kom.",Charity fundraiser,PD Mandala (Persero) Tbk,Nusa Tenggara Barat
b60e74ca,Abyasa Hastuti,Teaching laboratory technician,UD Halimah Wahyuni Tbk,Maluku
d44c1691,R.M. Wakiman Nuraini,Fine artist,UD Kuswandari Mangunsong (Persero) Tbk,Jambi
eb6d8290,Ridwan Kurniawan,Seismic interpreter,Perum Haryanti Permata (Persero) Tbk,Maluku Utara
76e5857f,"H. Okto Mardhiyah, S.Pd","Journalist, broadcasting",CV Kuswandari Megantara (Persero) Tbk,Kalimantan Barat
f48dc401,"Tgk. Rachel Budiyanto, S.Pd",Building surveyor,Perum Suartini Narpati (Persero) Tbk,Gorontalo
fc85c441,Victoria Simanjuntak,"Doctor, hospital",PD Palastri,Papua
25d68d25,Azalea Pranowo,Homeopath,UD Laksmiwati (Persero) Tbk,Nusa Tenggara Timur
e7f84d2e,"R. Lukman Prasasta, S.H.",Chief Financial Officer,CV Hutapea Iswahyudi,Lampung
33db4cea,Ika Simanjuntak,Counsellor,UD Manullang Marpaung,Papua Barat
f1e54999,R.M. Cahya Maryadi,Risk manager,PD Nababan,Riau
d0f8b39e,"Harjaya Rahayu, M.Farm","Therapist, nutritional",UD Suartini Handayani (Persero) Tbk,Kepulauan Riau
dd667cb7,dr. Syahrini Prasetya,Agricultural consultant,CV Hutasoit Irawan (Persero) Tbk,Sulawesi Selatan
40f048e0,Paris Kusumo,Early years teacher,CV Nugroho Yolanda,Jawa Barat
3fdf6052,"Devi Hariyah, S.E.I",Clinical biochemist,UD Permadi Rahimah (Persero) Tbk,Sulawesi Selatan
3d34e89e,Yahya Yulianti,Glass blower/designer,PT Sudiati Usamah (Persero) Tbk,Nusa Tenggara Barat
cbde0a75,Daliman Pradipta,Hospital doctor,PT Wijaya Rahmawati,Sulawesi Utara
83411ecf,"Hartaka Kurniawan, S.H.",Banker,CV Sudiati,Sulawesi Tengah
2718567f,"Jono Rahimah, S.I.Kom",Commercial horticulturist,PD Hardiansyah Yolanda,Banten
f01d05f6,Novi Nashiruddin,Media planner,UD Kuswandari Halim,Kepulauan Riau
9aa8998d,Sutan Baktianto Purwanti,Multimedia programmer,PT Nainggolan (Persero) Tbk,Sumatera Barat
e12bb4f9,"Puti Belinda Yuliarti, M.Pd",Chartered accountant,UD Aryani,Sulawesi Tengah
f87ce6d6,Cornelia Lailasari,Passenger transport manager,CV Ramadan Widiastuti,Sulawesi Barat
63eb1ab0,Luwes Pradipta,IT trainer,PT Wijayanti,Bali
86a18bc4,Pia Mulyani,"Engineer, petroleum",PT Pertiwi Mardhiyah Tbk,Aceh
42099914,Gantar Saputra,Materials engineer,UD Tamba,Kepulauan Bangka Belitung
ef64c180,"KH. Cakrawangsa Latupono, S.Pt","Designer, industrial/product",PT Situmorang Nababan Tbk,Maluku
4b7d398a,dr. Wulan Tarihoran,Hydrologist,PT Pratiwi Tbk,Sulawesi Selatan
163a251e,Rahayu Suwarno,Retail buyer,CV Marpaung Hariyah,Kalimantan Utara
a7a0144a,Sutan Purwanto Hardiansyah,Sales promotion account executive,UD Adriansyah Kusmawati (Persero) Tbk,Bengkulu
c456a382,Ulya Marbun,Holiday representative,PT Haryanti Maheswara,Sumatera Utara
14144e76,Humaira Prasetyo,Immunologist,UD Sinaga,Nusa Tenggara Timur
afd09af9,Reza Winarno,Oceanographer,PD Thamrin Gunarto,Jawa Tengah
68aaedcb,Respati Melani,Actuary,UD Mansur Setiawan,Sulawesi Tengah
02818cb8,"Yance Aryani, M.TI.",Higher education careers adviser,Perum Riyanti (Persero) Tbk,Riau
2964de73,"Padma Sudiati, M.TI.",Ceramics designer,PT Gunarto,Kalimantan Tengah
31514f74,"KH. Adhiarja Kusumo, S.Farm",Contractor,CV Irawan Narpati,Lampung
fea0d73e,R. Paulin Suryatmi,Television production assistant,PT Kusmawati Safitri,DI Yogyakarta
7cabf80b,Tgk. Warsita Gunawan,"Designer, graphic",UD Saefullah (Persero) Tbk,Kepulauan Bangka Belitung
9b74958c,"Hj. Rahmi Maryadi, S.Psi",Ophthalmologist,CV Sihombing Tbk,Sulawesi Barat
3196e8ce,"Tgk. Galur Pradipta, M.Farm","Pharmacist, community",Perum Puspasari,Bengkulu
2b253416,"Puti Samiah Marpaung, S.Gz","Engineer, mining",PT Mandasari Hutasoit (Persero) Tbk,Jambi
83342210,Pranata Sudiati,Community pharmacist,UD Handayani,Sulawesi Barat
7f1c15dc,"dr. Restu Jailani, S.Pd","Pharmacist, community",UD Agustina Tbk,Kepulauan Bangka Belitung
58b6c453,Unjani Maryadi,Biomedical engineer,PD Marbun Putra Tbk,Sulawesi Tenggara
9dc667dc,Bambang Adriansyah,Tax inspector,PT Nurdiyanti Saptono Tbk,Maluku Utara
63ca1e1f,Elisa Kusmawati,"Journalist, newspaper",PD Rahimah Rajata Tbk,Maluku
8f527528,Prakosa Farida,Dealer,UD Natsir Tbk,Banten
bb27979e,H. Bahuwirya Farida,Recruitment consultant,PT Siregar,Kalimantan Tengah
6513fb04,Prabowo Suwarno,Television production assistant,CV Hassanah Sitompul Tbk,Sumatera Barat
39488d0f,Jaga Hartati,"Administrator, Civil Service",PD Laksita Dongoran,Jawa Barat
bba56f1b,"Vera Marbun, M.Pd",Learning mentor,CV Aryani (Persero) Tbk,Sulawesi Selatan
d4f6ec03,"Ir. Radit Simanjuntak, M.M.","Geologist, wellsite",Perum Megantara Saefullah,Bengkulu
2b5845aa,Karen Marbun,Multimedia specialist,PD Rajasa,DKI Jakarta
555be1e1,"dr. Paiman Saptono, S.Gz",Actor,PT Utama,Kalimantan Timur
734b08c6,Nadia Kusumo,Higher education careers adviser,Perum Sitorus Rahayu,Aceh
48eee732,Dian Wijaya,"Surveyor, rural practice",CV Wastuti,Kalimantan Utara
674834b6,Devi Megantara,Artist,CV Latupono,Riau
67349787,Muhammad Mulyani,Patent examiner,UD Mustofa Rahimah,Lampung
a0944d1a,Almira Mansur,Meteorologist,CV Rahimah (Persero) Tbk,Sulawesi Barat
0b7dc8a8,Drajat Saptono,Forensic scientist,PD Susanti,Kalimantan Timur
6e60c0d4,Dt. Carub Rahmawati,Sub,PT Sinaga,Sulawesi Utara
78cbed75,"Galar Mulyani, S.Psi","Merchandiser, retail",Perum Riyanti Maheswara (Persero) Tbk,Bengkulu
8205ad82,"Gina Suryatmi, S.Farm",Animator,PT Prayoga Budiyanto Tbk,Kepulauan Bangka Belitung
55dc1d31,Tiara Pangestu,Commercial/residential surveyor,UD Hardiansyah Saputra,Sulawesi Tenggara
2d98914e,Salsabila Laksita,Pharmacologist,UD Novitasari Irawan (Persero) Tbk,Kalimantan Timur
2d95d261,Bambang Gunarto,Communications engineer,Perum Haryanto,Banten
33293fe8,"Dr. Oliva Laksita, S.H.",Translator,Perum Tarihoran (Persero) Tbk,DI Yogyakarta
0aa04ecd,Lalita Uyainah,Health promotion specialist,PT Haryanti,Sulawesi Barat
31008734,"Puspa Permata, S.Gz",Community development worker,Perum Suryono Tbk,DKI Jakarta
d87979db,Sadina Santoso,Physiological scientist,PT Setiawan Tbk,Kalimantan Timur
868c86b4,Intan Saptono,Mining engineer,PT Setiawan,DKI Jakarta
b7ec187c,Irnanto Pudjiastuti,Telecommunications researcher,CV Habibi,Banten
ec8ae3f4,Cawisadi Palastri,Location manager,PT Usamah Wibisono Tbk,Nusa Tenggara Barat
d7a5e422,Ivan Nasyidah,Financial trader,CV Purwanti Mayasari,Lampung
e7762f43,Ganjaran Natsir,"Surveyor, minerals",UD Marbun Hidayanto,Jambi
1619ba7f,"Amalia Kurniawan, S.Farm",Medical physicist,Perum Simanjuntak Pratiwi (Persero) Tbk,Sulawesi Barat
14dac983,"Raihan Thamrin, M.M.",Animator,UD Oktaviani Tbk,Aceh
5d6d1115,Talia Hutagalung,"Engineer, manufacturing",Perum Mahendra Usada (Persero) Tbk,Sulawesi Selatan
77985f70,Gawati Narpati,"Designer, multimedia",CV Wahyuni Hakim,Jawa Timur
08a8d731,Vanya Rajasa,Oceanographer,UD Utami,Kalimantan Selatan
acff1f60,Mutia Prasetyo,"Engineer, manufacturing",Perum Hakim Thamrin,Kalimantan Timur
6b702805,Nilam Pangestu,Psychotherapist,PD Wibowo Saputra (Persero) Tbk,Sulawesi Utara
bba27245,Taufan Budiyanto,Interpreter,Perum Safitri (Persero) Tbk,Kalimantan Tengah
f25c8abb,"Dina Prabowo, S.E.",Lobbyist,PT Saptono,Sulawesi Selatan
a7bfcf54,Harjaya Latupono,Interpreter,PD Suryatmi,Jambi
43c2aaf8,"Wakiman Winarno, S.IP","Buyer, industrial",UD Pudjiastuti Wibowo,Maluku Utara
3cc0d5a5,Emong Nasyidah,"Engineer, civil (contracting)",Perum Wijaya,Sulawesi Tenggara
4f693c76,"H. Gatot Farida, M.Ak",Academic librarian,PD Tamba Lazuardi,Maluku
1341cfe9,Gaman Hastuti,Horticultural therapist,Perum Setiawan,Sulawesi Utara
283fdd2f,Irwan Simbolon,Maintenance engineer,CV Irawan (Persero) Tbk,Kalimantan Utara
1a76aa9d,Winda Thamrin,Purchasing manager,CV Purwanti Mansur (Persero) Tbk,Aceh
5dbca2f7,Balamantri Maryadi,Publishing rights manager,PD Namaga Saragih (Persero) Tbk,DI Yogyakarta
f5bf1413,Maryadi Puspita,"Research officer, political party",PT Namaga Rajasa (Persero) Tbk,Sulawesi Utara
3c683ee5,Syahrini Safitri,"Radiographer, diagnostic",UD Puspasari,Jawa Tengah
ea48d60f,"Daru Yolanda, S.Ked",Clinical cytogeneticist,PT Tarihoran (Persero) Tbk,Sumatera Utara
c4de3cda,Lili Winarsih,Medical sales representative,PD Hutagalung Tbk,Maluku Utara
c1aeb77d,Zelaya Halimah,"Restaurant manager, fast food",UD Thamrin Dongoran,Bali
b8aab4d8,Darijan Nasyiah,"Biochemist, clinical",Perum Prayoga,Sulawesi Tenggara
0f018922,"drg. Tira Mulyani, M.TI.",Occupational hygienist,UD Putra Yolanda,Jambi
6e5eb0c3,"dr. Cecep Hassanah, S.T.",Herbalist,Perum Purwanti Najmudin,Papua
05e78ef9,Bakijan Sihotang,Commissioning editor,CV Laksita,Sulawesi Tengah
71f6e6ff,"Taswir Prasetya, S.T.",Senior tax professional/tax inspector,CV Laksita,Sulawesi Selatan
49e05924,Zulfa Kuswoyo,Community arts worker,UD Halimah,Sulawesi Utara
d68ff374,Vanesa Wasita,Careers adviser,CV Kusumo Wahyudin,Aceh
1f7310e3,Kamila Mayasari,Writer,Perum Sudiati Sihotang Tbk,Aceh
07bfc34e,"Jais Sitorus, M.Kom.",Animator,PT Prasetya Tbk,Jawa Barat
35f51f16,Nilam Sirait,Trade union research officer,UD Waluyo Palastri (Persero) Tbk,Kalimantan Tengah
d3b243b5,"R. Jamalia Samosir, S.E.",Pharmacologist,PD Wastuti (Persero) Tbk,Jambi
d58a5d9e,R. Radit Kusumo,Actor,Perum Manullang Wibowo,Bali
9e84c923,R.A. Dewi Prasetya,Clinical molecular geneticist,Perum Yolanda Hutapea,Riau
4a10dd55,"drg. Keisha Utama, S.E.I",Building surveyor,PD Saragih Wibowo,Lampung
3a706a4d,R. Kamaria Sinaga,Audiological scientist,PD Widodo Tbk,Jawa Tengah
879204d2,Maimunah Padmasari,Ophthalmologist,CV Sitompul Tbk,Bali
ffb607db,"Uchita Hakim, M.Kom.",Insurance underwriter,CV Yulianti Nuraini Tbk,DI Yogyakarta
fdd71357,Ganjaran Firmansyah,Communications engineer,UD Wijayanti,Bali
0552e9e7,"Rika Hidayanto, S.Psi",Chief Strategy Officer,Perum Samosir Tarihoran,Kepulauan Riau
8000805f,"Icha Narpati, S.Sos",Site engineer,PT Situmorang Yolanda Tbk,Jawa Tengah
880c0b8a,Nilam Pradana,"Investment banker, operational",PT Winarsih Latupono Tbk,Jawa Timur
2b38d5ce,Baktiadi Wibisono,Acupuncturist,UD Firmansyah Tbk,DI Yogyakarta
5a0748af,"drg. Salsabila Wulandari, S.Gz","Accountant, chartered",PD Gunawan,Papua
93cbce5a,"drg. Mala Hasanah, S.Farm",Hospital doctor,CV Nashiruddin,Banten
1ae7f3ed,Gilda Haryanti,"Engineer, maintenance (IT)",CV Mandasari Wasita,Sulawesi Tengah
1ee5ed98,R. Rosman Wibowo,Firefighter,PD Rahayu Purwanti Tbk,Nusa Tenggara Barat
b7e16449,"Suci Rahmawati, S.Pd",Museum/gallery curator,UD Dongoran Tbk,Banten
dfba3f23,Sutan Daruna Suryono,Educational psychologist,CV Sihombing Tbk,Kepulauan Riau
3773373f,"H. Wardaya Winarsih, S.Ked",Community pharmacist,PD Wahyudin Saptono Tbk,Kepulauan Bangka Belitung
25d90834,"H. Gaman Zulaika, S.Gz",Pharmacologist,UD Farida,Kepulauan Riau
d2153068,"Lutfan Zulaika, S.Psi","Therapist, music",UD Tamba (Persero) Tbk,DKI Jakarta
b2f8cc00,"Tgk. Teddy Mandasari, M.TI.",Professor Emeritus,UD Pertiwi Ardianto,Jawa Timur
48ebda11,Gangsar Napitupulu,Multimedia specialist,PT Usada Tbk,Lampung
601fc122,"Marsudi Uwais, S.Sos",Curator,PD Wastuti Thamrin Tbk,Bengkulu
1aa7ec56,Bahuraksa Yolanda,Early years teacher,UD Hasanah Prasetyo Tbk,Sulawesi Selatan
074fd46a,Mila Halim,Medical secretary,PT Pradipta,DI Yogyakarta
693dfa98,"Lurhur Utama, S.H.",Museum/gallery curator,CV Prasetya (Persero) Tbk,Riau
8c85e10f,Hendra Suartini,"Engineer, electrical",Perum Wibisono Marpaung Tbk,Kalimantan Tengah
3203d79b,Yuliana Saptono,Personal assistant,PT Maulana Nurdiyanti,Sulawesi Utara
732073bc,Hartana Sirait,"Sound technician, broadcasting/film/video",UD Jailani Puspasari,Papua Barat
0801fe15,"H. Lamar Suryono, S.Pt",Barrister,PD Wibowo Maryadi,Jawa Timur
ba9bbdcc,Johan Nashiruddin,Secretary/administrator,CV Susanti Puspasari,Kalimantan Timur
8ba34856,Utama Hidayat,Museum/gallery exhibitions officer,PD Simbolon (Persero) Tbk,Jawa Tengah
9a9204c8,R.M. Rafi Megantara,Comptroller,CV Purwanti Widodo Tbk,Sulawesi Selatan
4046eff6,Najib Setiawan,Community education officer,PD Mangunsong Pradana,Jawa Tengah
b6b79f9e,Mahdi Agustina,Clinical biochemist,Perum Hutapea Tbk,Maluku Utara
5a8a9491,drg. Puput Adriansyah,Chief Executive Officer,UD Setiawan,Sulawesi Tenggara
250adb31,T. Dartono Sihombing,Press photographer,UD Sinaga (Persero) Tbk,Kalimantan Utara
e0a125ef,Damu Mandasari,"Biochemist, clinical",PD Setiawan,Kalimantan Utara
a67baf9d,"Puti Nabila Ardianto, S.IP",Astronomer,UD Jailani,Papua
8eecfd9f,Hari Hassanah,Barista,UD Budiyanto Laksita Tbk,Maluku
ff0a7b99,Suci Namaga,"Journalist, newspaper",UD Zulaika Nugroho,Bengkulu
e4044c1e,Almira Ramadan,"Scientist, research (life sciences)",PT Waluyo (Persero) Tbk,Kalimantan Utara
4c169454,Dt. Pranata Anggraini,Passenger transport manager,PD Habibi,Gorontalo
7a84162f,Ir. Latif Suryono,Legal secretary,Perum Hutagalung Saptono,Sumatera Utara
5b0045c6,Kamaria Ardianto,Clinical cytogeneticist,PD Hastuti Tbk,Sulawesi Tenggara
00af5748,"Wahyu Damanik, S.T.",Location manager,Perum Wibisono Tbk,Kalimantan Selatan
3ce2937f,"Viman Mayasari, S.Sos","Therapist, occupational",CV Prasasta Usada Tbk,Kepulauan Bangka Belitung
c188477c,Cakrabirawa Latupono,Warehouse manager,CV Wijaya,Nusa Tenggara Barat
ed9c4107,Mumpuni Adriansyah,"Psychologist, clinical",CV Novitasari (Persero) Tbk,Sulawesi Tenggara
7fb33d65,Sutan Cayadi Mahendra,Chartered management accountant,PT Manullang Tbk,Jawa Tengah
b9521bf9,"Silvia Suwarno, S.IP","Psychologist, sport and exercise",PD Natsir Tbk,Kepulauan Bangka Belitung
90ddb9bc,"Yunita Agustina, S.Gz",Systems developer,CV Sirait (Persero) Tbk,Sulawesi Selatan
743d65a6,Elma Hidayat,Speech and language therapist,PT Pertiwi Winarno (Persero) Tbk,Maluku
cf72aa7f,Dt. Nasrullah Kuswandari,Risk analyst,CV Ramadan Tbk,Sulawesi Utara
d5e45769,Zelda Pradipta,"Engineer, maintenance",PT Oktaviani,Maluku Utara
47b1bada,Karja Megantara,Garment/textile technologist,UD Fujiati Puspita Tbk,Sulawesi Tengah
7390b522,"Kamila Sinaga, S.Sos",Oceanographer,Perum Susanti Winarsih,Papua Barat
13d9f2be,"R. Oliva Hidayanto, M.M.",Information systems manager,PT Yolanda (Persero) Tbk,Kalimantan Utara
ce9456ef,dr. Jaswadi Safitri,Government social research officer,UD Simanjuntak,DI Yogyakarta
84849fa9,Ir. Prabowo Saputra,Printmaker,CV Suartini Pangestu Tbk,Maluku
a973e24a,Mahesa Lailasari,Marketing executive,PT Rajasa (Persero) Tbk,Sumatera Selatan
e5a0dde8,Sutan Kacung Hidayanto,Chartered public finance accountant,UD Suwarno Nugroho Tbk,Sumatera Selatan
5478b76e,Faizah Rajata,"Therapist, music",Perum Wahyudin,Bengkulu
8e696f9a,dr. Yessi Halimah,"Editor, magazine features",UD Jailani Tbk,Nusa Tenggara Barat
2bd51b4a,Mursinin Kuswoyo,Web designer,PD Wijaya Maulana,Kalimantan Timur
6d2ba230,Lintang Saefullah,Estate agent,PD Aryani Tarihoran,Bengkulu
f2bd1c15,Bala Napitupulu,Archaeologist,PT Prayoga Kuswandari Tbk,Kepulauan Bangka Belitung
98bc47a4,Cut Putri Narpati,Actuary,Perum Usada Hutagalung,Maluku
fe2f8136,Harjo Pangestu,"Surveyor, building",PD Suryatmi,Sulawesi Utara
2a0a07ac,Winda Anggraini,Bookseller,PT Lestari Hartati,Kalimantan Utara
326bacaa,Mahfud Habibi,Retail buyer,CV Rajasa,Sumatera Selatan
2ccd55c1,Tiara Budiman,Contracting civil engineer,CV Hasanah,Sulawesi Utara
68e276df,"Jati Dongoran, S.Gz",Telecommunications researcher,UD Rajata Maryadi,Riau
eb97bbed,Dono Simbolon,"Surveyor, building",Perum Utami,Jawa Tengah
3053e89d,Putri Wibisono,Ophthalmologist,PT Zulkarnain,Gorontalo
3f75b104,drg. Ella Pertiwi,Retail merchandiser,CV Pertiwi Utama,Sulawesi Tenggara
1387982c,"Damar Purwanti, S.Ked",Pathologist,UD Tarihoran,Banten
75605576,Ilsa Budiman,Surgeon,Perum Prasetya (Persero) Tbk,Gorontalo
c1d068fc,"Agnes Pertiwi, S.Gz",Office manager,CV Rahmawati,DI Yogyakarta
cf027c4a,"Cinta Tampubolon, S.Pd","Scientist, audiological",Perum Natsir Natsir Tbk,Banten
01b259b8,Jessica Suartini,"Education officer, environmental",CV Nuraini Latupono,Papua
dc370eb5,Kartika Kuswandari,"Editor, magazine features",Perum Rajasa,Jawa Timur
a184fa83,Xanana Mardhiyah,Firefighter,CV Kusumo (Persero) Tbk,Kalimantan Timur
c82f5c25,Drs. Genta Astuti,"Engineer, petroleum",PD Narpati,Jawa Barat
3491c848,Violet Pertiwi,Occupational psychologist,Perum Siregar Wahyuni,Sulawesi Selatan
b939077d,Hardi Widodo,"Engineer, broadcasting (operations)",PT Wastuti,Riau
bad0fec5,Amalia Pranowo,Hydrologist,PD Hariyah Prasetya,Sulawesi Selatan
a3e43420,Dewi Haryanti,Museum/gallery curator,PT Najmudin Palastri,DI Yogyakarta
f5a6b621,Drs. Edi Mandala,Medical sales representative,UD Pangestu,Sumatera Selatan
6921b0b5,"drg. Zaenab Prasetya, S.Kom",Further education lecturer,PD Puspita Gunawan,Sulawesi Barat
d5d98637,Prabu Prayoga,Logistics and distribution manager,PD Marpaung Hutasoit,Sulawesi Barat
c4a9137a,Soleh Hutasoit,Commercial/residential surveyor,CV Maulana,Gorontalo
b9d9e852,Usman Lestari,Commissioning editor,PD Utama (Persero) Tbk,Kalimantan Barat
66ee4133,"Adikara Puspasari, S.Pt",Newspaper journalist,UD Waskita Tbk,Papua
865742df,KH. Martana Irawan,Firefighter,Perum Wacana Wasita,Kepulauan Bangka Belitung
ef667c1f,Puput Hardiansyah,Occupational therapist,Perum Najmudin Manullang,Bengkulu
fdfab454,Cinta Widodo,Educational psychologist,CV Maheswara Yuniar Tbk,Kalimantan Barat
3996c6ae,"R. Syahrini Zulaika, S.Psi","Engineer, manufacturing systems",PT Mulyani Tbk,Nusa Tenggara Barat
5e8b860e,Abyasa Hardiansyah,Information officer,CV Laksmiwati,Maluku
a0741633,"Hj. Titin Mahendra, S.Gz",Clinical research associate,CV Pratiwi (Persero) Tbk,Jambi
5330f1b7,"KH. Daniswara Astuti, S.I.Kom",Travel agency manager,CV Mahendra,Jawa Tengah
5806d25e,"Slamet Wasita, M.Kom.","Sound technician, broadcasting/film/video",Perum Aryani Tamba,Kalimantan Tengah
33d64f87,Jagaraga Januar,"Engineer, agricultural",UD Susanti,Aceh
545bdf70,"Dr. Puti Mahendra, S.H.","Radiographer, therapeutic",PT Habibi Melani (Persero) Tbk,Kalimantan Barat
c10579ec,Setya Habibi,"Engineer, civil (consulting)",PT Melani,Riau
a1945950,Jasmin Rahayu,Management consultant,Perum Rajata Sudiati,Jawa Tengah
940b155d,Ami Hutagalung,Public librarian,CV Wijaya Tbk,Kepulauan Bangka Belitung
c3056313,"Capa Pradana, M.M.",Barista,UD Nasyiah Tbk,DKI Jakarta
fe30ce28,"R.A. Carla Hidayanto, S.Kom",Academic librarian,Perum Wasita Anggriawan,Kalimantan Barat
1bcfce6a,Hilda Hutagalung,Geographical information systems officer,UD Wastuti Rajata Tbk,Sumatera Selatan
0780d6ca,Opan Pratiwi,"Journalist, broadcasting",Perum Nasyidah Pranowo Tbk,Sumatera Selatan
f275c36e,Tgk. Catur Handayani,"Surveyor, building",PD Widiastuti Marbun,Sulawesi Tenggara
ad5bc72e,"Ajimat Tamba, S.Pd","Designer, fashion/clothing",PT Kusmawati Nashiruddin,Sulawesi Utara
c659f12e,"H. Teddy Ardianto, S.Ked",Animator,CV Hassanah Nuraini (Persero) Tbk,Kepulauan Bangka Belitung
ed2254a5,Drs. Ismail Sihotang,Actor,Perum Maryadi Saragih,Jawa Tengah
777523c5,Dacin Zulaika,Public relations officer,CV Pertiwi (Persero) Tbk,Lampung
08c261f3,Dimaz Megantara,"Psychologist, sport and exercise",PT Narpati,Sulawesi Utara
d765c1d5,R. Najib Irawan,Pharmacologist,UD Ardianto,Sulawesi Selatan
761073c4,Jefri Farida,Industrial buyer,Perum Wulandari Utami (Persero) Tbk,Sulawesi Tenggara
ef37ec0a,Daryani Gunawan,Health visitor,Perum Simanjuntak Saputra (Persero) Tbk,Sulawesi Selatan
ff716a33,"R. Damar Halim, M.Kom.",Customer service manager,CV Usada Pranowo,DI Yogyakarta
189e88b3,"drg. Michelle Suwarno, S.I.Kom",Marine scientist,PT Narpati Tbk,Jawa Timur
755b08f9,Hafshah Sinaga,Environmental education officer,CV Mandala Sinaga,Bengkulu
d28c90d6,"Lintang Fujiati, S.I.Kom",Rural practice surveyor,PD Lazuardi,Sulawesi Tenggara
98859d08,"dr. Paris Situmorang, M.Pd",Web designer,PT Siregar (Persero) Tbk,Bengkulu
c02d00a4,Lukita Kurniawan,"Engineer, maintenance (IT)",UD Lazuardi Farida,Jambi
c1f03945,Febi Handayani,"Therapist, horticultural",PD Kuswandari Sinaga Tbk,Kalimantan Barat
d3591990,"Eko Sitompul, S.I.Kom",Advertising art director,PD Damanik,Kalimantan Utara
4cdd9f25,Vicky Hastuti,Building surveyor,Perum Pudjiastuti Gunarto (Persero) Tbk,Sumatera Utara
9574e93c,Devi Setiawan,Leisure centre manager,Perum Waluyo,Sulawesi Tenggara
58d84b82,"Janet Budiyanto, S.Psi",Occupational hygienist,PT Nuraini Lailasari (Persero) Tbk,Riau
dbe89494,"Edi Nasyidah, M.Ak",Sport and exercise psychologist,Perum Uyainah Kuswoyo,Sulawesi Tenggara
fea7fccf,"Zelda Pratama, M.TI.",Special effects artist,PT Lailasari Pradipta Tbk,Lampung
99a6c396,Martaka Adriansyah,"Psychologist, prison and probation services",PT Nasyiah,Sulawesi Selatan
305fbd43,"Dono Situmorang, M.Ak",Lobbyist,PT Prasetya Pratama (Persero) Tbk,Sumatera Selatan
7d1039b1,Lalita Hariyah,"Therapist, drama",Perum Palastri Wacana,Kalimantan Selatan
8081a2fb,Hamzah Suartini,Statistician,UD Prabowo Kusumo Tbk,Bali
6ad49a57,"Tgk. Wakiman Narpati, M.M.","Sound technician, broadcasting/film/video",UD Wahyuni,Jawa Timur
b90d7b19,T. Garda Maryadi,"Producer, television/film/video",UD Prakasa Marpaung Tbk,Papua
c6a7fac6,"Sutan Praba Prabowo, M.Ak",Event organiser,Perum Saputra,Kepulauan Bangka Belitung
8cc6bc12,"Ivan Irawan, S.Farm",Conference centre manager,CV Santoso Sudiati,Kalimantan Barat
592d2248,Rama Nasyidah,Hotel manager,Perum Lailasari Wijayanti,Riau
da285e4b,dr. Gaiman Anggraini,Cabin crew,PT Natsir Tbk,Sulawesi Utara
7da9d47e,Nilam Wijaya,Primary school teacher,UD Sitompul Tbk,Sumatera Selatan
ac0345d4,Lega Winarsih,"Scientist, product/process development",PT Suartini Tbk,Sulawesi Barat
eb2b89c0,Zulaikha Maryati,Office manager,PT Pertiwi (Persero) Tbk,Sulawesi Tenggara
b88e7df8,Uli Hartati,"Accountant, chartered",CV Saefullah Riyanti,DI Yogyakarta
68f6f583,Amelia Widodo,Industrial buyer,Perum Mangunsong Iswahyudi,Bengkulu
329c916f,Dt. Utama Pangestu,"Radiographer, therapeutic",Perum Simanjuntak Mardhiyah (Persero) Tbk,Sulawesi Selatan
3932e35f,Ibun Pratama,"Geologist, engineering",PD Yuliarti Sudiati (Persero) Tbk,Maluku Utara
938d6e4b,Amelia Uyainah,Social worker,CV Zulkarnain (Persero) Tbk,Jawa Timur
147ffb33,R.A. Anita Aryani,"Engineer, water",Perum Putra Nasyidah,Lampung
ecd946ca,"Omar Pangestu, S.H.",Museum/gallery exhibitions officer,CV Nurdiyanti Tbk,Jambi
efc81c4a,"Bambang Januar, M.TI.",Hospital doctor,UD Kurniawan,Sulawesi Tenggara
06d79d4b,Putri Agustina,"Engineer, petroleum",Perum Utama Thamrin,Riau
b12c588b,"Prasetya Simanjuntak, S.I.Kom",Automotive engineer,PD Suartini,Sumatera Barat
4007651a,"Tgk. Dinda Haryanto, M.Kom.",Chartered certified accountant,PD Budiyanto Rahayu (Persero) Tbk,Papua
21749426,dr. Artawan Januar,Illustrator,Perum Astuti,Sulawesi Tenggara
f9760475,Citra Prasetyo,"Lighting technician, broadcasting/film/video",CV Sihotang (Persero) Tbk,Sulawesi Tenggara
29bec222,"Tgk. Tiara Sinaga, S.Sos","Production designer, theatre/television/film",PT Padmasari Pradana,Sulawesi Tenggara
9c9449d3,Tiara Hakim,Learning disability nurse,Perum Aryani Tbk,Papua Barat
36496d70,Genta Uyainah,Insurance risk surveyor,CV Gunarto Usada (Persero) Tbk,Jawa Barat
edade8dd,"Tgk. Hesti Wahyudin, S.T.",General practice doctor,PT Rahmawati Hariyah,Sulawesi Tenggara
bac5049a,Usyi Pratama,Theatre director,Perum Sihombing Yuniar,Papua Barat
622e7da7,Jaeman Pradipta,Facilities manager,CV Nugroho,Kalimantan Timur
758fbb11,Laras Palastri,Quarry manager,Perum Kuswoyo,Sumatera Selatan
bf89dd71,Kayla Widiastuti,Marine scientist,PD Budiman (Persero) Tbk,Jambi
14d1e171,Respati Utami,Arboriculturist,Perum Widodo (Persero) Tbk,Kalimantan Timur
a0aafca5,Danuja Pratiwi,Transport planner,UD Zulkarnain Maheswara Tbk,Kalimantan Tengah
a3aed127,Lurhur Utama,Best boy,CV Halim (Persero) Tbk,Nusa Tenggara Timur
bf5dee46,"Bakti Latupono, M.Farm",Television production assistant,CV Budiman Tbk,Kalimantan Barat
75f29fd9,Cut Eli Rahmawati,Mining engineer,Perum Pertiwi Ramadan (Persero) Tbk,Kalimantan Tengah
23d694f6,Warsa Oktaviani,"Optician, dispensing",PD Yolanda Winarno,Bengkulu
7fb0e073,"Dewi Kusmawati, S.E.I","Administrator, local government",Perum Prasetyo Tbk,Jawa Barat
d8b85073,"Bagas Permadi, S.Pt",Corporate investment banker,PD Firgantoro Maryadi Tbk,Papua Barat
65e569ff,Drs. Ade Mardhiyah,Audiological scientist,PT Santoso Permata,Sumatera Barat
84b8b2d8,"drg. Laila Rajasa, S.IP",Energy engineer,Perum Palastri,Kalimantan Barat
b066fc95,Asman Wahyuni,Diagnostic radiographer,CV Megantara Tbk,Lampung
bf61ebcb,Icha Natsir,"Nurse, adult",Perum Aryani Budiman Tbk,Kalimantan Timur
e03b89db,Iriana Usamah,Fisheries officer,CV Lestari Ramadan,Sumatera Selatan
609e88e2,"drg. Ajimin Suryono, S.IP","Lighting technician, broadcasting/film/video",PT Kurniawan Melani (Persero) Tbk,Bengkulu
994a405d,Nadine Utami,Corporate investment banker,PT Hasanah Farida (Persero) Tbk,Kalimantan Barat
e4e768d0,"Carla Wijayanti, M.TI.",Information officer,PT Sihotang,Lampung
db84bd0f,"R. Daryani Manullang, S.E.",Lobbyist,PD Marbun Zulkarnain (Persero) Tbk,Riau
7374b2bf,"Gamanto Winarsih, S.Ked","Surveyor, planning and development",CV Utama Tbk,DI Yogyakarta
3fa1f840,Hadi Prasasta,Field seismologist,PD Waluyo,Kalimantan Utara
667bea60,Titin Hutapea,Transport planner,PD Laksita Tbk,Maluku Utara
ebacaac3,Gamblang Saptono,Chartered accountant,Perum Prastuti Wijaya (Persero) Tbk,Aceh
982d71b8,dr. Jono Namaga,Hospital doctor,CV Putra Susanti,Nusa Tenggara Timur
7cdaf3bc,R. Jono Mardhiyah,Stage manager,UD Suwarno Gunawan,Jambi
900c989d,H. Akarsana Hidayanto,Ship broker,Perum Siregar Fujiati (Persero) Tbk,Kalimantan Selatan
b8eef29a,"Tgk. Adikara Tarihoran, S.Pt",Government social research officer,Perum Adriansyah,Bali
6086e8f2,"dr. Najwa Latupono, S.IP",Air traffic controller,PT Tampubolon (Persero) Tbk,Kalimantan Barat
070cea9b,Diana Kusumo,"Research officer, political party",PD Aryani (Persero) Tbk,Bali
9fbb522c,Karimah Mansur,Adult guidance worker,PT Wulandari Wulandari,Bengkulu
94be39c5,Iriana Pranowo,Barrister's clerk,Perum Suwarno Napitupulu,Kalimantan Selatan
440494dc,Galak Pangestu,Fast food restaurant manager,PD Maryadi Tbk,Maluku
c664dee0,Hari Waskita,Special educational needs teacher,UD Mustofa Yolanda Tbk,Papua Barat
da1d7a22,Najwa Kuswandari,Barrister's clerk,PD Wahyuni Budiman Tbk,Papua Barat
55ba7b8e,Yosef Wijaya,Research scientist (maths),PD Farida (Persero) Tbk,Banten
1eeec4fc,Hj. Aisyah Tamba,Press sub,UD Wahyudin Simbolon,Kalimantan Selatan
2954af16,"R. Wani Kusmawati, S.I.Kom",Scientific laboratory technician,CV Sihombing Tbk,Nusa Tenggara Barat
805dae3e,"Eman Lestari, S.E.",Cabin crew,PD Budiman Tarihoran,Jambi
8ae24ba0,Emin Permata,"Teacher, adult education",Perum Hariyah,Banten
1a618113,Vanesa Sitorus,"Programmer, applications",PD Novitasari Nurdiyanti,Kalimantan Selatan
c732d00e,"Tgk. Nadia Lailasari, M.Pd","Administrator, Civil Service",UD Hutagalung Sitorus,Kalimantan Selatan
7f2ec16a,Ajeng Sudiati,Writer,Perum Natsir Pratiwi,Jambi
0fa48c3a,Carla Firmansyah,English as a second language teacher,UD Jailani Tbk,Kepulauan Riau
1f6a5d03,Tami Sitorus,Production manager,PT Widiastuti Tarihoran Tbk,Kalimantan Timur
cfbffcc4,Prima Palastri,"Administrator, arts",Perum Kuswandari Dongoran,DI Yogyakarta
8822c316,Ibrahim Rahayu,Research scientist (physical sciences),PT Yolanda (Persero) Tbk,Riau
d37bc302,drg. Gina Suwarno,Environmental education officer,Perum Prasetya,Maluku
a561a961,"drg. Tiara Pratiwi, S.I.Kom","Designer, graphic",Perum Hastuti Kusumo (Persero) Tbk,Kalimantan Barat
7e76111e,"Timbul Mayasari, S.Pd","Programme researcher, broadcasting/film/video",Perum Situmorang Agustina Tbk,Bengkulu
0d843fd0,"Dt. Koko Firgantoro, S.Ked","Scientist, marine",PD Megantara (Persero) Tbk,Kalimantan Utara
3ce05ced,Kemal Mardhiyah,Ergonomist,UD Mardhiyah (Persero) Tbk,Bengkulu
2cbf8c23,Nyoman Prakasa,Equities trader,Perum Rajasa (Persero) Tbk,Lampung
bd98b32e,Amalia Rahmawati,"Social research officer, government",PD Pratama,Sulawesi Utara
59ee3fbf,Dr. Maria Pradana,Media buyer,Perum Utama Tbk,Kalimantan Tengah
8c639bef,Dr. Ozy Rahmawati,Building services engineer,Perum Namaga,Kepulauan Bangka Belitung
a0e47d15,Dr. Padmi Wulandari,Operational researcher,PD Prastuti,Jawa Tengah
f08c83b2,Cahyono Gunawan,"Engineer, manufacturing systems",CV Wijayanti,Jambi
a2f8a351,Margana Nurdiyanti,Sports administrator,UD Pranowo,Jawa Timur
cb822cbf,Jane Agustina,Dietitian,PD Hidayat,Nusa Tenggara Timur
e9fb44cb,Dt. Ganjaran Simbolon,Therapeutic radiographer,CV Marbun Tbk,Sumatera Selatan
6076c34d,Salsabila Sitompul,Environmental consultant,PD Wijayanti (Persero) Tbk,Nusa Tenggara Timur
fab002c3,Genta Purnawati,Garment/textile technologist,UD Siregar Namaga,Bengkulu
51864d18,"Dt. Danuja Siregar, S.Kom","Teacher, music",CV Anggriawan Tbk,Kalimantan Tengah
ff2a258f,Puti Paramita Marpaung,Quality manager,CV Prasetyo Sihotang (Persero) Tbk,Jawa Barat
eee8c06f,Purwanto Sitorus,"Exhibitions officer, museum/gallery",CV Sitorus Latupono (Persero) Tbk,Sulawesi Barat
196db5c4,"Dt. Muhammad Budiyanto, S.Kom","Engineer, electrical",UD Andriani Uyainah,Maluku
996c6d32,R. Surya Utama,"Designer, exhibition/display",Perum Mangunsong,Sumatera Barat
9d5dfc94,"R. Humaira Saragih, S.E.",Secondary school teacher,UD Yulianti Wastuti,Kalimantan Tengah
b36f6d86,Cut Kiandra Marbun,Product manager,CV Firmansyah Hidayat,Lampung
dfb1d0a0,"Dt. Daru Hutagalung, M.Pd",Ecologist,PT Wahyuni Tbk,Riau
f7bae51a,Laras Santoso,Therapeutic radiographer,PT Thamrin Halimah Tbk,Maluku
3fb4652d,Saadat Thamrin,Arboriculturist,UD Najmudin Usamah,Sulawesi Utara
d3d44bf2,Balidin Tamba,"Designer, multimedia",Perum Nashiruddin,Kalimantan Utara
91aec8c6,Silvia Pradipta,"Lighting technician, broadcasting/film/video",Perum Lazuardi Rajasa (Persero) Tbk,Lampung
33164f3a,Dr. Prabowo Purwanti,Production engineer,PD Nuraini (Persero) Tbk,Kalimantan Utara
26a4ad88,Dr. Nasab Waskita,Dietitian,PD Laksmiwati Latupono,Kepulauan Bangka Belitung
e90f1814,Cinta Rahmawati,"Engineer, energy",CV Anggriawan Rahayu,Lampung
225f0e60,Aslijan Tarihoran,Building control surveyor,PD Kusumo Iswahyudi (Persero) Tbk,Sulawesi Tengah
282a4bfc,"Dt. Cakrabirawa Simanjuntak, S.Sos",Clinical embryologist,Perum Kuswandari Palastri Tbk,Lampung
fee78464,Dt. Bakti Hutasoit,Advertising account executive,UD Melani Megantara (Persero) Tbk,Lampung
221debf4,Putri Rahimah,"Engineer, aeronautical",PD Anggriawan Tbk,Maluku
cbcb9870,Umi Rahayu,"Merchandiser, retail",Perum Nuraini Tbk,Riau
317b0954,Tgk. Puti Padmasari,Personal assistant,PT Nasyidah,Sulawesi Tengah
15eae71b,Cengkir Puspita,Site engineer,Perum Rajasa Astuti,Sulawesi Barat
93fdfeef,Atmaja Riyanti,Tourism officer,PD Manullang,Sumatera Barat
5ce91808,Eka Pradana,"Administrator, local government",UD Wulandari,Jambi
90239df6,Fitriani Hutasoit,Midwife,Perum Megantara Samosir Tbk,Bengkulu
81613996,"dr. Mila Iswahyudi, S.Gz",Forensic scientist,PD Hidayanto Tbk,Kalimantan Selatan
800ab698,"Dt. Hasim Wibowo, S.T.",Technical sales engineer,Perum Wacana Tbk,Kalimantan Tengah
36f4e9c9,Fitriani Yulianti,Hydrographic surveyor,CV Marbun (Persero) Tbk,Jawa Timur
0ae591a8,Amelia Sirait,Research scientist (life sciences),Perum Lailasari Rahmawati Tbk,Jambi
df616dcc,"Hj. Jasmin Rahmawati, S.Kom",Data processing manager,UD Wibowo Rajasa,Nusa Tenggara Timur
babb74c5,Tari Saputra,Glass blower/designer,PT Mandasari Tbk,Kalimantan Utara
5c107621,Darijan Sihotang,Facilities manager,PD Zulkarnain,Jawa Barat
174ef785,drg. Dian Uyainah,Naval architect,Perum Hastuti Hariyah (Persero) Tbk,Gorontalo
4c7658ae,Gantar Kusumo,Contracting civil engineer,PD Damanik Pangestu,Gorontalo
a159dea4,Mila Irawan,Arboriculturist,PD Usamah Tbk,Jawa Timur
16cee57d,Panca Iswahyudi,Counsellor,CV Zulkarnain,Kalimantan Selatan
301a1746,"Umi Pudjiastuti, M.Ak","Designer, ceramics/pottery",UD Pertiwi Firgantoro,Kalimantan Selatan
10d8fe8a,"Cici Saragih, S.E.I",Pharmacologist,PT Sihotang Riyanti,Sulawesi Barat
5f2b557d,"R. Tri Setiawan, S.Kom","Surveyor, rural practice",Perum Tarihoran Winarsih,Kalimantan Utara
08358f25,Embuh Susanti,"Scientist, research (medical)",Perum Dongoran Saefullah (Persero) Tbk,Maluku
6d8e7ff9,Novi Yuliarti,Advertising account planner,Perum Marbun Wibowo,Papua Barat
247198cf,Usman Widodo,Risk analyst,PD Nashiruddin Tbk,Riau
d64e97bc,Dr. Adika Andriani,Equities trader,PD Mansur Hutagalung (Persero) Tbk,Kalimantan Timur
b0373274,Ami Sinaga,Maintenance engineer,CV Irawan,Lampung
b767655b,"Tgk. Zulaikha Sitompul, M.Farm",Medical physicist,PT Mangunsong,Bali
98bd0fd7,Drs. Emin Mulyani,Adult nurse,UD Haryanto Wulandari Tbk,DI Yogyakarta
6b65a900,Among Maryati,"Embryologist, clinical",Perum Waluyo Purnawati Tbk,Maluku Utara
8bb80c79,Gabriella Prasasta,Race relations officer,Perum Nugroho Anggriawan,Banten
eadeb012,Hj. Kezia Pradana,Drilling engineer,PT Wibisono Pudjiastuti,Nusa Tenggara Timur
17cea69c,Hj. Michelle Pertiwi,Training and development officer,PD Prabowo Simbolon Tbk,Sulawesi Utara
d8928cd9,Cinthia Hariyah,"Scientist, biomedical",PD Hastuti Tarihoran Tbk,DKI Jakarta
f26ae8ad,Legawa Gunawan,Special educational needs teacher,PD Astuti Tbk,Aceh
e5b8b7ce,Hj. Zamira Hassanah,Visual merchandiser,CV Megantara Saragih,Aceh
5f7c031f,"Samiah Wasita, S.IP","Copywriter, advertising",PT Gunawan Tbk,Kalimantan Selatan
45cad451,Soleh Simbolon,Company secretary,CV Hutasoit,Gorontalo
6cb7abec,"R. Galar Mahendra, S.Sos",Water engineer,UD Halim,Kalimantan Selatan
116c5639,Dt. Dodo Lailasari,"Engineer, drilling",PT Wacana Wijaya,Jambi
8da7de1a,"Jasmin Wibowo, M.TI.",Media buyer,CV Andriani Tbk,Kalimantan Timur
c1837633,Heryanto Megantara,"Investment banker, operational",CV Palastri Rajata,Sumatera Utara
d04741d5,"R. Hendri Oktaviani, M.Pd",Health visitor,UD Latupono,Bali
b24e878e,Ajeng Lailasari,Local government officer,Perum Usada (Persero) Tbk,Gorontalo
e86380a6,"Putri Melani, S.IP",Sports development officer,CV Suwarno Wacana (Persero) Tbk,Papua Barat
66031f85,Uda Saptono,Senior tax professional/tax inspector,PT Utama Tbk,Sumatera Selatan
8df557f2,Vivi Mandasari,Probation officer,PT Hutapea (Persero) Tbk,Sulawesi Tengah
8fd7e301,"Yessi Sitompul, M.Kom.","Accountant, chartered management",Perum Natsir,Kalimantan Timur
02182c88,Shakila Prasetyo,Sport and exercise psychologist,Perum Lazuardi Kuswandari Tbk,DI Yogyakarta
ba63d9c7,Maimunah Halim,Land,PD Purnawati,Maluku
1c2e8d8e,Anita Sihombing,Medical physicist,Perum Pradipta,Jawa Timur
a7d9a197,Diah Yulianti,Environmental manager,CV Uyainah Hassanah,Kalimantan Timur
da1d56de,"T. Hadi Hutapea, M.Pd",Forest/woodland manager,PT Januar,Nusa Tenggara Timur
4f5af678,Irnanto Tampubolon,"Engineer, civil (consulting)",PD Sihotang Mustofa,Sulawesi Utara
a950743f,Padma Halim,Comptroller,PT Hassanah Najmudin,Sulawesi Tengah
36028a5c,Elvina Zulkarnain,"Engineer, building services",PD Saefullah (Persero) Tbk,Kalimantan Barat
09b60647,"Lutfan Anggraini, S.Kom",Exhibition designer,UD Nasyidah,Sulawesi Tenggara
7f325adf,R.A. Tira Nuraini,Risk analyst,UD Prasasta (Persero) Tbk,DI Yogyakarta
a42eb909,"H. Catur Simbolon, S.T.",Dancer,PD Suryatmi Tbk,Sulawesi Selatan
373f9361,Fitriani Rajasa,"Production designer, theatre/television/film",UD Wahyudin,Nusa Tenggara Timur
ea03c57c,"Cinthia Thamrin, S.E.","Surveyor, building control",PT Anggriawan Jailani Tbk,Kalimantan Utara
9940f3cf,"Ami Prakasa, S.Farm","Chemist, analytical",PT Winarno Prastuti,Kalimantan Utara
09521926,Novi Pranowo,"Engineer, broadcasting (operations)",PT Nainggolan (Persero) Tbk,Aceh
99687221,R.M. Margana Purwanti,Camera operator,CV Narpati Nurdiyanti Tbk,Kalimantan Timur
0e70a060,Nurul Iswahyudi,English as a foreign language teacher,PT Setiawan,Gorontalo
7fdbb30c,"Dr. Wulan Situmorang, S.Kom","Engineer, communications",CV Mardhiyah,Kalimantan Utara
27cb93ae,Puti Cici Prakasa,"Education officer, community",UD Padmasari,Lampung
1ab608f4,Hj. Mila Zulaika,Advertising art director,CV Astuti Rahimah,Jawa Barat
d7a829ea,H. Maras Hariyah,"Scientist, biomedical",CV Rahimah Narpati (Persero) Tbk,Sulawesi Selatan
1e8ab5ea,Pandu Gunarto,Geochemist,Perum Zulkarnain Tbk,DKI Jakarta
ba20f27e,Devi Haryanti,"Accountant, chartered certified",PT Situmorang Hastuti,Sulawesi Barat
1bdcd14f,Bagas Sinaga,"Engineer, electrical",Perum Nainggolan Napitupulu Tbk,Maluku
6405ed71,Luluh Purnawati,"Designer, jewellery",UD Puspasari (Persero) Tbk,Maluku Utara
b218a9fe,Prima Najmudin,Hydrologist,UD Wasita,Kalimantan Tengah
b8eef6f7,"Viman Pradana, S.Kom","Designer, blown glass/stained glass",PT Mardhiyah Purwanti,DKI Jakarta
75d12b3c,Ophelia Usada,Web designer,PT Yolanda Tbk,Kalimantan Selatan
83d1995d,Almira Permata,"Scientist, research (physical sciences)",UD Setiawan Hartati,Jawa Timur
89d81bb0,Siska Wasita,Research scientist (maths),Perum Ardianto Nababan (Persero) Tbk,Kalimantan Utara
44eb6bd2,dr. Cindy Pranowo,Lobbyist,CV Usamah Hidayanto Tbk,Gorontalo
314f1021,Dinda Januar,"Engineer, water",Perum Widiastuti Tbk,Kepulauan Riau
38281fec,Silvia Permata,Chartered management accountant,PD Prayoga,Maluku Utara
ddf328b5,"Halima Sihombing, M.Farm",Interior and spatial designer,CV Tamba,Kalimantan Tengah
98623df9,Puji Usada,"Conservator, furniture",PT Kuswandari,Banten
7150a216,"Kenari Saragih, S.Sos","Engineer, materials",Perum Budiman Novitasari,Nusa Tenggara Barat
04febf51,Mursinin Riyanti,Gaffer,PD Hidayanto Astuti,Bali
c314726b,Cemeti Natsir,Lobbyist,PD Dabukke Tbk,Sulawesi Tenggara
b18ce82f,"Kawaya Andriani, S.E.",Garment/textile technologist,PT Firgantoro,Lampung
64f8465f,R. Hamima Widiastuti,Adult guidance worker,PD Sihombing Susanti (Persero) Tbk,Jawa Barat
7e64ec43,"Tgk. Bala Kusmawati, S.Psi",Geoscientist,UD Prastuti (Persero) Tbk,Banten
6226ae6f,"Gaman Permadi, S.Pd","Sales professional, IT",PT Mangunsong (Persero) Tbk,Kalimantan Selatan
04b3002f,Tgk. Murti Prayoga,"Engineer, civil (contracting)",PD Kusumo,Lampung
6b90de06,Laswi Mandasari,"Scientist, water quality",PD Salahudin Napitupulu Tbk,Gorontalo
c4b41098,"R. Maya Januar, S.E.I",Advertising account executive,PT Permata Nainggolan,DKI Jakarta
5622efbd,"drg. Diah Maulana, S.E.I",Chartered certified accountant,PD Puspasari Oktaviani (Persero) Tbk,Jawa Tengah
5a1eccf4,Tira Kusmawati,"Engineer, manufacturing systems",Perum Anggraini Halimah,Sulawesi Barat
e67191f8,Violet Padmasari,"Producer, television/film/video",UD Wahyudin Tbk,Aceh
f75c9977,Tgk. Rahman Situmorang,"Designer, interior/spatial",PT Melani,Sulawesi Tenggara
b070bb1f,R. Zaenab Namaga,Chartered public finance accountant,PD Sirait,Kalimantan Tengah
f001d4ac,"Dr. Jaswadi Megantara, M.Kom.","Administrator, charities/voluntary organisations",PD Sirait,Jawa Timur
70c2a945,"Dt. Raden Farida, M.Pd",Art gallery manager,PT Yuniar Tbk,Bali
9c0e0daa,Hj. Rahayu Prasasta,"Civil engineer, consulting",CV Novitasari,Banten
7bf50044,"Dartono Laksita, S.IP",Equality and diversity officer,PD Astuti Gunarto,DI Yogyakarta
5db60456,Gasti Mulyani,Television production assistant,PD Pertiwi Kusmawati (Persero) Tbk,Riau
0aa2b580,Wardi Riyanti,"Designer, textile",Perum Sirait (Persero) Tbk,Nusa Tenggara Timur
b956083c,Juli Ramadan,Environmental education officer,CV Anggriawan Jailani,Jawa Barat
f89f923e,"Padma Sitorus, S.E.I","Engineer, maintenance (IT)",UD Nasyidah Marbun Tbk,DKI Jakarta
bdbe0d90,Ika Yolanda,"Designer, television/film set",PT Sihombing Halim (Persero) Tbk,DKI Jakarta
43beea88,Gading Nugroho,Ergonomist,PD Anggraini (Persero) Tbk,Jawa Timur
b0b5dc74,"Dr. Zulfa Manullang, S.I.Kom",Firefighter,UD Usamah Widiastuti Tbk,Jawa Timur
60e4fdd6,R.A. Putri Mulyani,Commercial art gallery manager,PT Tamba Safitri,Kalimantan Selatan
bc7de251,Dirja Maulana,Database administrator,CV Permata Tamba (Persero) Tbk,Papua Barat
a1c24488,Arta Puspasari,Bonds trader,PD Hakim (Persero) Tbk,Sumatera Barat
ffea4d68,Queen Hutagalung,Physiological scientist,PD Maryadi Sudiati Tbk,Sulawesi Selatan
be172e0e,Dr. Sidiq Waskita,Exhibition designer,UD Nababan Pratiwi Tbk,Papua
3396ffcd,"Dr. Lanang Rajata, M.M.",Transport planner,Perum Jailani Fujiati,Aceh
3c796c4a,Lulut Simbolon,Chartered accountant,PT Puspasari Tbk,Sulawesi Selatan
23de19bf,"Ir. Nasab Nasyiah, S.Pt",Learning mentor,Perum Mardhiyah Hutagalung,Gorontalo
b3d66f0d,Hani Kurniawan,"Psychologist, educational",CV Padmasari Budiman,Kalimantan Barat
b410b604,R.M. Kalim Narpati,Museum education officer,CV Jailani (Persero) Tbk,Lampung
df84d9ca,Garda Pranowo,Network engineer,PT Lestari Manullang (Persero) Tbk,Sumatera Selatan
8ce3dd3c,"Dr. Maida Tarihoran, M.Kom.",Psychiatric nurse,PT Melani Pudjiastuti,Kalimantan Timur
8c4b4467,Amalia Tarihoran,Marketing executive,PD Safitri Pangestu,Kalimantan Barat
f85e0200,"Vinsen Nugroho, M.Farm",Haematologist,PD Mulyani,Sumatera Barat
30f644b2,Dipa Oktaviani,Personal assistant,PT Dabukke,Banten
fbc7f2c1,"Hj. Cindy Winarno, S.Ked",Advertising account planner,UD Waluyo Tbk,Sulawesi Tenggara
33280b6e,"Jayadi Oktaviani, S.T.",Purchasing manager,CV Gunarto Tbk,Kalimantan Timur
52d9bdfc,Hasim Melani,Chief of Staff,PT Prasasta Hariyah Tbk,Lampung
a0c71e79,"Drs. Ihsan Hariyah, S.Psi",Museum/gallery curator,PT Siregar Permadi Tbk,Kalimantan Barat
9646f712,"Dt. Gamblang Andriani, M.Farm",Financial trader,PD Mardhiyah Pudjiastuti,DKI Jakarta
70bb8098,Wawan Putra,Orthoptist,Perum Mardhiyah Tbk,Maluku
87fce886,Rahmi Wibisono,"Geologist, engineering",PT Kusumo Prayoga,Banten
88d53121,Jaya Farida,Public house manager,PD Saefullah Uyainah (Persero) Tbk,Banten
d6bd79cf,Kemal Januar,Medical secretary,CV Purnawati Zulkarnain Tbk,Bengkulu
d292d1b4,"R. Eva Namaga, M.M.",Accommodation manager,PT Zulaika Suryatmi,Nusa Tenggara Barat
318de71a,"T. Bagya Novitasari, S.Farm",Multimedia programmer,CV Pranowo,DKI Jakarta
b36122e6,Asirwada Marpaung,"Teacher, secondary school",PT Saputra Purnawati,Kalimantan Utara
aad05c4e,"Galur Marbun, M.Farm",Forensic psychologist,CV Hutapea Pratiwi,Riau
16ec8115,Maya Purnawati,Planning and development surveyor,PD Uyainah Yuniar (Persero) Tbk,Riau
38929a77,"Drajat Thamrin, S.Sos","Engineer, communications",Perum Usada (Persero) Tbk,Papua
08310a4d,"drg. Sabri Narpati, S.T.","Engineer, structural",PD Astuti Napitupulu,Sumatera Barat
f66f4043,Olivia Adriansyah,Cytogeneticist,PD Wasita,Kalimantan Tengah
11f51f71,Cut Widya Pradipta,"Engineer, petroleum",Perum Aryani Sitorus Tbk,Jawa Tengah
88e8a437,"Drs. Luwes Farida, M.M.",Cartographer,PT Nugroho Mandasari Tbk,Bengkulu
0dae30f1,"Hani Wijaya, S.E.",Call centre manager,PT Pudjiastuti (Persero) Tbk,Lampung
adcfaf63,Jagapati Firmansyah,Publishing rights manager,CV Permadi,Sulawesi Selatan
d275d385,"R.M. Jumadi Nasyiah, M.M.",Museum/gallery exhibitions officer,PD Winarsih,DKI Jakarta
5f5dfa55,"Ir. Cakrabuana Prasasta, S.Gz",Curator,UD Lestari,DKI Jakarta
693e9b49,Eka Anggriawan,Historic buildings inspector/conservation officer,UD Waskita Maulana,Gorontalo
b7d4adb1,Salsabila Safitri,"Sales professional, IT",PT Puspita Oktaviani,Nusa Tenggara Barat
d34fdb02,Irma Maheswara,Intelligence analyst,Perum Yuliarti Winarno,Jawa Barat
a9e60371,"Harsana Siregar, S.E.",Ergonomist,PD Mardhiyah Putra Tbk,Jawa Tengah
be34d87d,Cahyadi Natsir,Chartered accountant,PT Fujiati Tbk,Maluku Utara
cb2a61d8,R. Lukita Riyanti,"Scientist, water quality",Perum Usamah (Persero) Tbk,Kalimantan Selatan
39291a13,Padmi Riyanti,Fish farm manager,Perum Yolanda Budiyanto Tbk,Kalimantan Utara
1a17585b,Dr. Harto Wibowo,Media buyer,PD Simanjuntak,DI Yogyakarta
71219fb3,Abyasa Adriansyah,Astronomer,PT Handayani Maryadi,Sumatera Barat
d3a912dd,Dt. Galang Santoso,Chartered management accountant,PD Natsir Sitompul (Persero) Tbk,Jawa Tengah
06612c05,Bakiadi Rahimah,Research scientist (maths),Perum Marbun,Riau
a415876f,"Danang Sirait, M.M.",Civil Service administrator,PT Tamba Tbk,Bali
0107c462,Ajimin Wibowo,Theatre stage manager,Perum Oktaviani Tbk,Lampung
3b583137,Septi Tamba,Information officer,PT Hasanah Thamrin,Sumatera Utara
98dd810e,Diah Andriani,Commissioning editor,PT Saputra Anggraini,Sulawesi Tenggara
24c35d22,Eva Astuti,Estate agent,CV Pratiwi Kurniawan,Sumatera Barat
3cfbb564,"Umi Nababan, S.Pt",Environmental manager,PT Winarsih Tbk,Maluku Utara
db810ee6,Puspa Puspasari,"Engineer, land",CV Nababan,DKI Jakarta
37ead377,Bagiya Aryani,Energy manager,UD Lailasari,Kepulauan Bangka Belitung
ff4a52d4,Harjaya Jailani,Geographical information systems officer,PT Nashiruddin Tbk,DKI Jakarta
425e93bd,"Cindy Dabukke, M.Pd",Freight forwarder,PD Najmudin Tbk,Kalimantan Tengah
32791d3c,Mahdi Rahimah,IT sales professional,Perum Tampubolon Waluyo,Jawa Tengah
cac1bdbc,Candrakanta Suartini,"Librarian, public",PD Padmasari,Sumatera Utara
d7bba0eb,Cindy Wijaya,Interpreter,PT Suwarno Tbk,Papua
ca5bb2b2,"Yani Prasasta, S.Kom","Programmer, systems",PT Nainggolan Latupono,DKI Jakarta
d1b940b8,Warsa Thamrin,Transport planner,UD Prayoga Tarihoran,DKI Jakarta
6d3909ca,Heryanto Farida,"Designer, textile",PT Namaga Wibisono,DI Yogyakarta
e946a903,Mahdi Mandala,Health service manager,Perum Halimah,Jawa Tengah
5e42cc63,Lembah Yuniar,Clinical psychologist,PT Halimah Budiman Tbk,Jawa Barat
4a173eab,Dr. Nurul Nugroho,"Nurse, adult",PT Haryanti,Aceh
b4420730,Amelia Wacana,Passenger transport manager,Perum Rahmawati,Banten
6e9dfbe4,"Prabowo Rahayu, S.E.",Barista,PT Uyainah Maryadi,Jawa Barat
8d52c432,"Tgk. Almira Padmasari, S.Gz","Designer, blown glass/stained glass",UD Prasasta Mandala,Kalimantan Timur
e3a1930f,Cakrawala Oktaviani,"Librarian, public",PD Yuliarti Waluyo Tbk,Kalimantan Barat
556c55d7,"drg. Jais Riyanti, M.M.","Psychologist, prison and probation services",CV Wulandari Setiawan,DI Yogyakarta
e97ee8d1,Dr. Ellis Hutasoit,Ceramics designer,CV Laksita,Jawa Tengah
71868737,"Ophelia Setiawan, S.E.I",Ranger/warden,PT Pradipta Nashiruddin,Sulawesi Utara
423c1f7e,Hasan Agustina,Community arts worker,PD Pratama Tbk,DKI Jakarta
8b5af364,Drs. Taswir Rahmawati,"Administrator, education",CV Januar Najmudin,Bengkulu
00152afd,Mila Kusumo,Commercial/residential surveyor,CV Waskita Yuliarti,Sumatera Barat
e8ba2ead,Karen Pertiwi,Logistics and distribution manager,Perum Saragih,Banten
77d9b2bc,"Aditya Firgantoro, M.TI.",Travel agency manager,PT Suwarno Widiastuti,Sulawesi Tengah
13dc34bc,Bakti Yolanda,Dramatherapist,UD Mangunsong Tbk,Bali
e7064cc1,Oman Hariyah,Podiatrist,CV Dabukke Rahayu Tbk,Papua
342376a4,"Dr. Vero Namaga, S.Gz",Broadcast presenter,CV Situmorang Tarihoran Tbk,Riau
5430700f,Karen Novitasari,Systems analyst,Perum Salahudin (Persero) Tbk,Bengkulu
c84e27ce,Gadang Pradipta,Environmental consultant,PD Sirait,Bali
0b562768,Chelsea Riyanti,Careers information officer,CV Adriansyah Wahyuni (Persero) Tbk,DKI Jakarta
34a250a1,"Drs. Kamaria Natsir, S.IP",Chief Executive Officer,Perum Widiastuti,Kepulauan Bangka Belitung
3c9b5aff,Edi Usada,Risk manager,CV Suryono Tbk,Papua Barat
8476ca26,"Zaenab Mandala, M.TI.",Environmental education officer,UD Gunawan,Riau
7e8bea8c,Ega Hariyah,Field seismologist,UD Suwarno Namaga Tbk,Kalimantan Utara
3445384d,"Nadia Wahyuni, S.Sos",Camera operator,Perum Maulana Pradana (Persero) Tbk,Kalimantan Barat
db8c83c0,Gantar Mayasari,Financial adviser,Perum Iswahyudi,Sulawesi Tengah
2c114b0c,Cut Vanesa Wijayanti,Clinical research associate,PT Tampubolon Nainggolan (Persero) Tbk,Lampung
240eafb3,Ir. Elma Prasetya,Public house manager,UD Jailani Fujiati (Persero) Tbk,Aceh
e0ba1c86,R. Bahuwirya Mandala,Clinical molecular geneticist,CV Puspasari Ardianto,Sulawesi Barat
cb0ba7c8,drg. Laila Pertiwi,"Engineer, manufacturing",PD Nugroho Damanik Tbk,Jawa Timur
6699a826,Ir. Tami Usada,Legal secretary,Perum Purwanti Irawan,Gorontalo
56e56fd8,Rosman Uyainah,IT technical support officer,CV Puspasari Tbk,Kalimantan Selatan
5c1d55a1,Gaiman Firgantoro,"Journalist, newspaper",CV Sihombing Palastri Tbk,Jawa Barat
303ee97f,Ajeng Natsir,"Accountant, chartered certified",PD Pangestu Tbk,Banten
5bb52f2c,Gasti Rahimah,Furniture conservator/restorer,PT Gunawan Sitompul,Maluku
536cb2d6,Radika Sihotang,Community arts worker,UD Halimah (Persero) Tbk,Sumatera Barat
3eea3f7c,Banawi Zulkarnain,"Programmer, systems",PT Sudiati (Persero) Tbk,Nusa Tenggara Timur
3da6768a,Yance Susanti,Police officer,CV Sihombing (Persero) Tbk,Bali
d7f6f5c8,"Yani Saptono, S.Farm",Warden/ranger,Perum Aryani Hassanah (Persero) Tbk,Sumatera Utara
8d5fc012,"Alika Permadi, S.Psi","Therapist, sports",Perum Wahyudin Wacana Tbk,Sumatera Utara
a318bb01,"Najib Napitupulu, S.T.",Intelligence analyst,UD Puspita,Aceh
6c640701,"Tira Nainggolan, S.Gz",Mining engineer,UD Dabukke Prabowo (Persero) Tbk,Nusa Tenggara Barat
76b9b9c4,R.A. Nabila Yuliarti,Architect,CV Farida Fujiati (Persero) Tbk,Kalimantan Selatan
d0786520,Drs. Harjasa Wasita,Financial adviser,Perum Sihombing (Persero) Tbk,Sulawesi Tengah
1634881c,Wani Ramadan,"Investment banker, operational",CV Tarihoran,Gorontalo
89e338ab,KH. Elvin Uyainah,Sports development officer,Perum Sihombing,Jawa Tengah
6b9bd5c5,"Maria Wulandari, S.Gz",Pensions consultant,PT Narpati (Persero) Tbk,Sulawesi Tengah
3f75fd71,Pranawa Wulandari,Barista,Perum Prakasa (Persero) Tbk,Kalimantan Utara
088073a4,Bakianto Gunawan,"Scientist, clinical (histocompatibility and immunogenetics)",UD Riyanti Haryanti Tbk,Bengkulu
c2b58bfb,Diah Tamba,Historic buildings inspector/conservation officer,UD Puspasari Oktaviani Tbk,Jawa Barat
28c332f5,Cemplunk Usamah,Sales executive,PT Puspita Utama (Persero) Tbk,Lampung
c789b60b,"Cut Dalima Haryanto, S.E.I",Chemical engineer,UD Yulianti Wacana,Kepulauan Riau
c5f1952c,Mutia Maryadi,"Scientist, audiological",Perum Tampubolon Mardhiyah (Persero) Tbk,DI Yogyakarta
750cb562,Drs. Wirda Maryadi,Estate manager/land agent,Perum Zulaika Suryatmi Tbk,Papua Barat
0c1302c7,Kenzie Maryadi,Advice worker,UD Marbun Nainggolan,Nusa Tenggara Timur
c22f26fe,Dewi Rahmawati,Psychiatric nurse,PT Saputra,Kepulauan Bangka Belitung
f6a0d73d,Dr. Harjasa Prayoga,"Therapist, speech and language",PT Mansur (Persero) Tbk,Sumatera Utara
0a72c724,Atmaja Situmorang,Paediatric nurse,PT Namaga Tbk,Kepulauan Bangka Belitung
335cb5d4,Sutan Halim Napitupulu,"Nurse, learning disability",CV Yolanda Novitasari,Kalimantan Utara
80052026,"Soleh Pradipta, S.Ked",Fish farm manager,Perum Saefullah (Persero) Tbk,Sumatera Selatan
6614578d,R. Margana Pratama,Commercial/residential surveyor,PD Saefullah Pratiwi,Sulawesi Selatan
14dc7559,Rahayu Fujiati,"Research officer, political party",Perum Handayani Tamba (Persero) Tbk,Sumatera Barat
675240b6,Dr. Eli Waskita,"Psychotherapist, dance movement",Perum Hutapea,Nusa Tenggara Barat
0a0f1450,Tgk. Vanya Rajata,Stage manager,CV Damanik,Jawa Timur
5fdce3d7,"Ir. Farah Wulandari, S.Farm",Hydrographic surveyor,CV Hutagalung,Kalimantan Tengah
0ccbbc30,"R.A. Pia Simanjuntak, S.IP",Neurosurgeon,Perum Wibisono Tbk,Papua
ddb39d1b,Adhiarja Thamrin,Academic librarian,Perum Thamrin Thamrin,Kalimantan Barat
f9dc3918,"Mujur Sinaga, S.Sos",Government social research officer,Perum Lestari Tbk,Kalimantan Tengah
a4e13959,"Tgk. Gabriella Setiawan, M.M.","Designer, interior/spatial",PD Hartati Winarsih,DI Yogyakarta
89fdaf8f,"Ihsan Kusumo, S.H.",Advertising account executive,PT Saefullah (Persero) Tbk,Kalimantan Selatan
1f9da91c,Zulfa Santoso,Ambulance person,PD Hassanah,Kepulauan Bangka Belitung
fbc88965,Dasa Andriani,Music therapist,UD Zulaika Prastuti (Persero) Tbk,Papua Barat
a3234eaf,"T. Hari Suryatmi, S.Pd",Community education officer,Perum Maheswara,Kalimantan Selatan
537cfcf7,Umaya Susanti,Educational psychologist,UD Aryani,Jawa Barat
09ddf33a,Vinsen Anggraini,Geoscientist,PD Manullang Agustina (Persero) Tbk,Kalimantan Utara
c663f594,Cut Amalia Widodo,Public affairs consultant,PT Firmansyah Tbk,Sulawesi Barat
9a7e8ce7,"Daliono Kuswoyo, S.Sos","Investment banker, corporate",UD Padmasari Tbk,DI Yogyakarta
38a22cef,"R. Ghaliyati Nasyidah, M.Pd","Scientist, water quality",PD Siregar Nugroho (Persero) Tbk,Sumatera Selatan
0ffb42e7,Ophelia Sihotang,"Accountant, chartered public finance",UD Hutasoit Haryanti (Persero) Tbk,Sulawesi Barat
1f3cc135,Ir. Ophelia Prastuti,Fast food restaurant manager,Perum Kusmawati Wulandari,Maluku Utara
5e4fe4b7,"Drs. Tami Maulana, M.Pd",Psychiatric nurse,Perum Usada Tbk,Jawa Tengah
776db11f,Restu Suryono,Arboriculturist,Perum Tarihoran,DI Yogyakarta
5fa58929,Tania Yolanda,"Engineer, drilling",Perum Pertiwi Wibowo,Papua
c8ba940e,Bakiadi Dongoran,"Journalist, broadcasting",UD Safitri Tbk,Bali
446afbef,Hani Wijaya,English as a second language teacher,Perum Utama (Persero) Tbk,Sumatera Utara
f8fead6d,"Naradi Wahyuni, S.Psi",Marine scientist,UD Puspita Pradipta Tbk,Lampung
8e972b30,Wahyu Firmansyah,"Research officer, government",CV Widiastuti,DI Yogyakarta
d0bd3555,Drs. Pandu Permadi,Freight forwarder,CV Narpati Hasanah,Riau
fca8f065,Margana Tarihoran,Counsellor,UD Permata,Jawa Tengah
2f669b14,Yance Pradana,"Engineer, building services",PD Najmudin,DI Yogyakarta
c82122df,Hj. Titin Thamrin,Further education lecturer,PD Irawan,Lampung
2fe793a0,Farhunnisa Mayasari,"Investment banker, corporate",PT Astuti Putra Tbk,Sulawesi Selatan
ba044af9,"Hj. Uchita Mansur, S.H.",Television floor manager,Perum Usada Pudjiastuti,Papua
b173e7bb,Dodo Laksmiwati,"Production assistant, television",Perum Maulana,Nusa Tenggara Barat
e9adab83,Puspa Tarihoran,Writer,CV Sinaga,Kalimantan Utara
f745f336,Bella Marbun,"Engineer, materials",CV Thamrin,Papua Barat
2c18f188,"Asirwada Sihombing, M.Farm","Presenter, broadcasting",Perum Rahayu,Kepulauan Riau
ae857d61,Icha Gunarto,"Development worker, international aid",PT Sihotang Tbk,Kalimantan Tengah
6c700672,"Galang Budiyanto, M.M.",Academic librarian,CV Saputra,Sulawesi Selatan
170593d0,Ira Simanjuntak,Press sub,PD Padmasari,Kalimantan Tengah
41fcae9f,Gada Suwarno,Television production assistant,PD Napitupulu Aryani,Sumatera Barat
7b3bd707,Cut Ilsa Wijaya,Warehouse manager,CV Tampubolon (Persero) Tbk,Maluku
5d5339d7,Cager Siregar,"Radiographer, therapeutic",CV Marpaung Dongoran (Persero) Tbk,Bali
cacc805c,Cahyo Maryati,Animator,UD Irawan Rahmawati,Sumatera Selatan
1df11865,Dinda Usada,Film/video editor,UD Pratama Wijayanti Tbk,Bali
6731fe27,Widya Prasetya,"Administrator, education",PT Maryati Rahayu,Kalimantan Barat
2d3ccb54,Ir. Mumpuni Hutagalung,Dentist,CV Zulaika (Persero) Tbk,Jambi
e6aea278,Ika Palastri,Computer games developer,UD Sihombing,Banten
fcc06e9a,Paramita Agustina,Comptroller,UD Hutagalung Anggraini,DI Yogyakarta
501c6383,Usman Usada,Sports development officer,Perum Sirait,Nusa Tenggara Barat
c70869b4,"Raisa Mulyani, M.M.","Editor, commissioning",Perum Anggraini,Sulawesi Tenggara
22648e21,Ella Puspasari,Manufacturing systems engineer,PT Zulaika Dongoran Tbk,Jawa Timur
ebec38e0,"Sutan Yono Pratama, M.Pd",Multimedia programmer,Perum Hardiansyah Sirait (Persero) Tbk,Kalimantan Barat
b68af665,Kusuma Ardianto,"Conservator, furniture",PT Mardhiyah Mustofa Tbk,DKI Jakarta
7c4abecf,Kambali Marbun,Insurance broker,Perum Wijayanti,Sumatera Utara
e0ff3b85,"H. Cahya Oktaviani, M.Farm",Prison officer,PT Thamrin Suartini,Kalimantan Timur
04d46de3,Johan Hardiansyah,Water quality scientist,UD Hardiansyah Maryati,Sulawesi Tengah
1c5a7fae,"Zalindra Wastuti, S.Pd","Designer, multimedia",Perum Kusmawati (Persero) Tbk,Jawa Tengah
c3ce3ce6,Latif Prasetya,"Scientist, forensic",UD Rahmawati Rahmawati Tbk,Sulawesi Tengah
fa52bf93,Cut Ophelia Wijayanti,Paediatric nurse,Perum Sudiati (Persero) Tbk,Nusa Tenggara Barat
4ff80325,"Rika Pangestu, S.H.",Logistics and distribution manager,UD Santoso Nababan,Sulawesi Tengah
e1845822,Ganda Yulianti,Recycling officer,PD Winarsih Samosir,Banten
3ef96f23,"Ir. Umi Irawan, S.Ked","Designer, graphic",CV Situmorang (Persero) Tbk,Kalimantan Barat
5e073d01,Rachel Mandala,Dispensing optician,UD Nugroho Wibowo,Aceh
b6cfb6d5,Ismail Salahudin,Clinical cytogeneticist,Perum Situmorang Tbk,DI Yogyakarta
3b5c0687,Ir. Novi Hidayanto,Data scientist,UD Prastuti Winarsih,Banten
e4783561,Ghaliyati Padmasari,Cabin crew,UD Nababan (Persero) Tbk,Bengkulu
b682c675,Dina Nashiruddin,"Surveyor, land/geomatics",PD Marbun Hutapea Tbk,Sumatera Barat
9367232e,Eluh Santoso,Tree surgeon,CV Natsir Permata (Persero) Tbk,Sulawesi Utara
15dce3e1,Dr. Cici Prabowo,"Production designer, theatre/television/film",Perum Widodo,Sulawesi Barat
d737d588,Banara Sudiati,"Therapist, speech and language",PT Marpaung (Persero) Tbk,Kalimantan Barat
4ad00f82,"Galur Hastuti, M.Kom.",Medical physicist,UD Novitasari (Persero) Tbk,Kalimantan Barat
210ad07f,"Samsul Prastuti, S.H.",Archivist,PD Riyanti Kusumo,Lampung
22110a57,Maria Oktaviani,Call centre manager,Perum Mustofa Damanik,Lampung
7db93b4c,Hendra Sudiati,"Loss adjuster, chartered",PT Haryanti,Jambi
bec2707b,Paris Maryadi,"Therapist, speech and language",CV Wulandari Samosir (Persero) Tbk,Sulawesi Selatan
6f025fb7,Kawaca Prasetya,Dispensing optician,Perum Gunawan Winarno Tbk,Bali
e7b75dba,Balamantri Haryanti,Pension scheme manager,CV Saptono,Jawa Barat
cee6882f,Kenes Januar,Quantity surveyor,PD Mustofa,Jambi
488d4d27,Ade Ardianto,"Psychotherapist, child",CV Ramadan,Sulawesi Barat
41062399,Ella Firmansyah,Training and development officer,PT Dongoran (Persero) Tbk,Kalimantan Tengah
5acccc9d,Cut Ina Yolanda,Personal assistant,CV Saefullah (Persero) Tbk,Lampung
84ef24bd,Baktiono Kuswandari,Probation officer,Perum Lailasari Rajata,Bengkulu
cb968fe1,R.A. Karimah Nugroho,Passenger transport manager,CV Mangunsong Tbk,Sulawesi Utara
dd846203,Tgk. Tina Pranowo,"Psychologist, sport and exercise",Perum Wulandari Anggraini,Jawa Tengah
8ed86b84,Ilsa Wibowo,Plant breeder/geneticist,PD Adriansyah Tbk,DKI Jakarta
369ce39c,"Drs. Saiful Laksmiwati, M.Kom.",Paramedic,UD Lailasari Rajata Tbk,Aceh
40a72ad3,Martaka Sitorus,Facilities manager,PD Adriansyah,Kepulauan Riau
004f7871,"Chelsea Melani, S.H.",Mechanical engineer,Perum Hidayanto Purnawati Tbk,Sumatera Utara
e8f35554,Soleh Mangunsong,Politician's assistant,Perum Damanik,Sulawesi Utara
a336aea2,Gilda Suartini,Copy,PT Maryadi Widiastuti,Kalimantan Selatan
0bc54033,Xanana Lestari,Horticultural consultant,PT Marbun Lailasari,Maluku Utara
c6f99436,"Sabri Sihotang, S.Pd",Geographical information systems officer,CV Kuswandari Sirait (Persero) Tbk,Banten
97a5c47f,Drs. Ghaliyati Lailasari,"Engineer, chemical",Perum Hutasoit (Persero) Tbk,Sulawesi Barat
84c73e0d,Ulva Lazuardi,Research scientist (medical),CV Rajata Pertiwi (Persero) Tbk,Jawa Timur
0023ec79,"dr. Anastasia Budiyanto, S.E.I","Administrator, education",PT Habibi,Sulawesi Selatan
ec032a1c,"Agnes Hardiansyah, S.E.","Engineer, structural",Perum Usamah Tbk,Nusa Tenggara Timur
7c282d7d,Nardi Yuniar,Corporate investment banker,CV Winarsih Tbk,Gorontalo
193df77a,Rosman Lailasari,"Clinical scientist, histocompatibility and immunogenetics",PT Firgantoro Santoso,Papua
438b35ee,Drs. Nurul Irawan,"Therapist, art",PD Hidayat Firgantoro (Persero) Tbk,Jawa Tengah
673a7e12,Emas Yulianti,Microbiologist,Perum Waluyo (Persero) Tbk,Nusa Tenggara Timur
14834ffa,Ayu Kuswandari,Community education officer,UD Samosir,Sulawesi Tengah
dc9650c6,Jarwadi Nuraini,Theatre stage manager,Perum Dongoran Nurdiyanti Tbk,Nusa Tenggara Timur
5163c7b3,Dr. Ismail Nashiruddin,Psychiatrist,Perum Budiman Prasetyo (Persero) Tbk,Gorontalo
c3a261e0,"drg. Devi Yolanda, S.Farm",Private music teacher,CV Nainggolan,Jawa Timur
3e0673cb,Darmana Ardianto,"Engineer, structural",CV Puspita Anggraini,Jawa Timur
4f16a7e3,"drg. Padma Kurniawan, S.Sos",Hydrographic surveyor,UD Mandasari Tbk,Papua Barat
76a05514,"Hamzah Pertiwi, M.Ak",Ergonomist,Perum Nasyiah,Sulawesi Utara
77696f42,"Dt. Drajat Kusmawati, M.M.",Visual merchandiser,CV Simbolon,Kalimantan Selatan
f064b018,"Sakti Hassanah, S.E.I",Barista,CV Halim Wahyuni (Persero) Tbk,DI Yogyakarta
f4eba60e,Tari Hariyah,Art gallery manager,Perum Wulandari Habibi Tbk,Sulawesi Selatan
2e82dbe5,Timbul Mangunsong,Energy engineer,PT Winarno,Kalimantan Selatan
35deb3fd,Prasetyo Januar,"Engineer, manufacturing",UD Situmorang Iswahyudi,Sumatera Utara
13a62fd5,Tgk. Martaka Permadi,Marine scientist,Perum Rahimah Mahendra Tbk,Bengkulu
4a4220f6,Suci Maulana,Wellsite geologist,Perum Suwarno Novitasari,Bengkulu
f56e27de,"R.A. Putri Purwanti, S.Pt",Outdoor activities/education manager,PD Pudjiastuti (Persero) Tbk,Lampung
1f034ec5,Bahuwirya Saputra,Metallurgist,UD Megantara Hakim (Persero) Tbk,Kalimantan Utara
83d45b3c,"Dr. Maimunah Purnawati, S.Pt",Technical sales engineer,UD Mandala Samosir,Lampung
82b3f4bf,"H. Ade Wacana, S.Gz",IT trainer,Perum Mangunsong Suartini,Nusa Tenggara Barat
2e267110,Putri Farida,Community development worker,UD Agustina (Persero) Tbk,Kalimantan Selatan
0f205cc3,"Ir. Gangsar Mardhiyah, S.Ked","Surveyor, mining",PD Utama Tbk,Banten
aac6cfe6,Vera Mahendra,Learning mentor,CV Hasanah Widodo (Persero) Tbk,Nusa Tenggara Barat
7acbafda,R.M. Leo Marpaung,"Psychologist, counselling",PD Marbun Usada (Persero) Tbk,Sulawesi Selatan
0fba6f10,Yuliana Kusmawati,Plant breeder/geneticist,PT Sihotang Utama,Papua
902c7e41,Dr. Jaiman Namaga,"Nurse, children's",PD Puspasari Wijayanti,Jawa Timur
e7998860,"Tina Iswahyudi, S.Gz","Programmer, systems",PD Sihombing (Persero) Tbk,Lampung
84abef7d,Drs. Indra Mulyani,Chartered public finance accountant,UD Habibi (Persero) Tbk,Jawa Barat
e1bddf23,"Ir. Mujur Sihotang, S.T.",Animator,PT Situmorang Pratama (Persero) Tbk,Jawa Tengah
622f7fbf,Jasmani Usada,Broadcast engineer,UD Putra,Sumatera Barat
9a0c5858,Makara Suryono,Clothing/textile technologist,Perum Laksita (Persero) Tbk,Kepulauan Bangka Belitung
b8b33ee3,"Tgk. Tedi Utama, S.H.",Set designer,PD Budiyanto Suryatmi Tbk,Jawa Tengah
f28b7ff0,Puti Titin Wacana,Acupuncturist,CV Agustina,Banten
5e1e3c81,Siska Yolanda,"Designer, ceramics/pottery",CV Prabowo Laksita,Maluku
2536bab3,Salimah Najmudin,Social researcher,PT Wahyuni Kurniawan,Maluku Utara
7cb9c146,Darmanto Prastuti,Adult nurse,UD Sitorus Puspasari (Persero) Tbk,Kalimantan Timur
149a874d,Karya Pudjiastuti,Energy manager,PD Mustofa,Kepulauan Riau
d3cfc114,drg. Zamira Hassanah,Osteopath,PT Irawan (Persero) Tbk,Lampung
3261bca3,Hardi Hardiansyah,"Psychologist, educational",PT Nasyidah Tbk,Papua Barat
cc682290,"Ir. Nurul Aryani, S.Farm",Pharmacologist,CV Lailasari (Persero) Tbk,Jambi
76aa259f,Kezia Tampubolon,Immunologist,CV Saptono Firgantoro,Kalimantan Timur
d1d4067d,"Kasiyah Budiyanto, M.Ak",Clinical biochemist,Perum Pradipta,Sulawesi Utara
a88058ed,"Hj. Ifa Suartini, M.TI.","Physicist, medical",UD Dabukke (Persero) Tbk,Gorontalo
98977a23,R.M. Baktianto Anggraini,Dentist,Perum Wibowo Setiawan Tbk,Kalimantan Barat
1ca9a120,Rahmi Wulandari,Health promotion specialist,PD Manullang,DI Yogyakarta
5b6dc984,"Makuta Kusmawati, S.I.Kom","Psychologist, clinical",PT Wijayanti Tbk,Gorontalo
d13673d4,Budi Suryatmi,"Administrator, sports",Perum Winarno Nurdiyanti,Nusa Tenggara Barat
b71eb8a5,"Ida Hidayat, S.Psi",Advertising account planner,CV Utami (Persero) Tbk,Aceh
229e6383,"Ir. Febi Siregar, S.Pd","Scientist, biomedical",UD Sihombing Hidayat Tbk,Kalimantan Selatan
190ef743,Jayadi Riyanti,Ceramics designer,PD Waluyo Prasasta Tbk,Jawa Timur
804301b2,Anita Putra,Soil scientist,Perum Laksmiwati Latupono,Jambi
b332a15a,Puti Lili Wijaya,Accommodation manager,PT Handayani Setiawan Tbk,Kalimantan Utara
0a4e16db,Ir. Sarah Maulana,"Engineer, automotive",CV Adriansyah (Persero) Tbk,Kalimantan Timur
049d7551,"Dt. Danang Najmudin, S.Pt",Arboriculturist,UD Prasetyo Tbk,Sumatera Selatan
72f03a4f,Cut Rahmi Marpaung,"Designer, television/film set",PT Purnawati Tbk,Bali
5f42a84c,Dalimin Budiman,"Journalist, broadcasting",PT Wibisono Iswahyudi,Gorontalo
a7576d38,"dr. Ika Mardhiyah, M.Kom.",Hotel manager,PD Prayoga Saputra (Persero) Tbk,Bali
bf35fc08,Lukita Mardhiyah,Community arts worker,CV Wacana,Nusa Tenggara Barat
91cac673,"R.M. Warsita Napitupulu, S.Pd","Investment banker, operational",PT Halimah Megantara (Persero) Tbk,Kalimantan Utara
55677f87,dr. Eva Novitasari,Secondary school teacher,UD Kurniawan Damanik,Maluku Utara
34b6977e,Kasusra Fujiati,Optometrist,CV Hardiansyah (Persero) Tbk,Sulawesi Barat
fe8a520f,"Sari Maulana, S.E.I","Surveyor, land/geomatics",PD Sinaga Susanti (Persero) Tbk,Maluku
a3e79d9c,"Sutan Cakrajiya Widodo, S.T.",Youth worker,UD Hassanah Prastuti (Persero) Tbk,Sumatera Barat
e0f91d5f,"Ihsan Mahendra, M.Kom.",Musician,UD Maryati Hidayat,Kalimantan Timur
4c6d074c,Jasmin Mansur,IT consultant,CV Lailasari,Papua Barat
db842630,Ibrani Habibi,Illustrator,CV Nasyiah Tbk,Bengkulu
b3e78e17,Wisnu Prasasta,"Clinical scientist, histocompatibility and immunogenetics",UD Saefullah Widodo,Nusa Tenggara Barat
f129f3c8,"Dimaz Dongoran, S.E.I","Administrator, arts",UD Saputra (Persero) Tbk,Sumatera Selatan
d86b7111,Galang Wibowo,Counsellor,Perum Suryatmi Putra (Persero) Tbk,Sulawesi Tengah
1d5662d8,"Cahya Sinaga, S.Kom","Chemist, analytical",UD Najmudin Samosir Tbk,Maluku Utara
ef5eadb3,Kunthara Winarno,Risk manager,CV Rahmawati Simanjuntak Tbk,DI Yogyakarta
9c5c35b0,"Cut Maimunah Budiyanto, S.Kom","Physicist, medical",UD Saputra (Persero) Tbk,Jawa Tengah
3a46a850,Bagya Purnawati,Sports therapist,CV Hassanah Rahmawati (Persero) Tbk,Jawa Tengah
290f398c,"R. Ellis Haryanti, M.TI.",Ranger/warden,CV Rajata Putra Tbk,Banten
4c1ff7e2,Cawisadi Laksita,Charity officer,UD Laksmiwati,DKI Jakarta
6ead84af,drg. Julia Yuniar,Travel agency manager,Perum Damanik,Aceh
a02e8abe,Tina Wulandari,Investment analyst,UD Purnawati,Sumatera Utara
c73c4f23,Bakiono Suartini,Professor Emeritus,UD Prasetya Hutapea (Persero) Tbk,Bengkulu
5c2e3568,"Farah Yolanda, M.M.","Exhibitions officer, museum/gallery",PD Hutapea Andriani,Kalimantan Tengah
e90c3834,Ir. Silvia Purnawati,Animal nutritionist,PT Wibowo Hutasoit (Persero) Tbk,Maluku Utara
8146c735,Cahya Nainggolan,"Producer, radio",PD Najmudin (Persero) Tbk,Aceh
1e90db05,"Iriana Kuswandari, S.Pt","Psychologist, sport and exercise",CV Latupono Nasyidah Tbk,Kepulauan Bangka Belitung
db66569b,dr. Soleh Mandala,Architect,UD Haryanto Winarno (Persero) Tbk,Riau
82f809f0,Raina Palastri,Medical illustrator,PT Hutasoit Tbk,Sumatera Selatan
1b51156e,Eman Santoso,"Librarian, academic",Perum Tampubolon Prayoga,Gorontalo
9ecb421c,"Hafshah Rahimah, S.Ked",Drilling engineer,Perum Zulkarnain,Kepulauan Riau
53a52aea,Nyana Prasasta,Sports administrator,CV Prasetyo Prasasta,Sumatera Barat
9432b23d,Maria Maulana,Dispensing optician,UD Samosir Tbk,Kalimantan Utara
545cbb07,"Ivan Rajata, S.Farm",Media planner,PT Waluyo Wibowo,Papua
bc02db4a,"drg. Joko Winarsih, S.Pt",Garment/textile technologist,CV Kusmawati Tbk,Jawa Tengah
6d9dc885,Pangeran Pangestu,Veterinary surgeon,CV Maheswara Najmudin (Persero) Tbk,Bengkulu
c4a16903,Tirtayasa Najmudin,Chemical engineer,UD Yuliarti Tbk,Kalimantan Utara
1263737b,Pia Mulyani,"Engineer, broadcasting (operations)",Perum Wijaya Winarno,Jawa Tengah
61560f52,Febi Rahmawati,Structural engineer,PT Rahayu,Kalimantan Timur
0931f447,Puti Maida Suryatmi,Charity fundraiser,Perum Gunarto Maryati (Persero) Tbk,Kalimantan Selatan
4622a62f,"Emas Saefullah, S.E.",Stage manager,CV Hassanah Puspita,Kalimantan Utara
02a42149,Drs. Kania Siregar,Legal executive,CV Andriani Tbk,Jambi
17fdaf1e,Gawati Anggriawan,Civil Service administrator,Perum Zulaika Novitasari,Gorontalo
f54d66fc,Ani Thamrin,Naval architect,PD Suwarno Tbk,Kalimantan Tengah
93b12a55,"Ratna Nasyiah, M.Farm",Chief Strategy Officer,Perum Gunarto Rahayu,Sulawesi Tengah
923871cf,Laksana Setiawan,Sales promotion account executive,PT Padmasari Simbolon,Jawa Tengah
a6b963e0,Jayeng Hutapea,"Engineer, civil (contracting)",CV Wibowo,Kepulauan Bangka Belitung
338eb2a3,Cornelia Rahayu,Art gallery manager,PT Mangunsong (Persero) Tbk,Papua
ab662a9e,Ibrani Halim,Chartered loss adjuster,PD Anggriawan,Sumatera Utara
10db8a26,Nova Manullang,Advertising copywriter,PT Namaga Andriani,Sumatera Utara
9668e374,"drg. Hilda Wibisono, S.T.",Insurance risk surveyor,Perum Rajata Wahyuni,Aceh
e14158e0,Jais Laksita,"Engineer, technical sales",PT Latupono Wacana,Kalimantan Tengah
5616b8e5,Violet Padmasari,"Engineer, production",CV Nashiruddin,Riau
28473c64,Carla Putra,English as a second language teacher,PT Thamrin,Sulawesi Tengah
82792eeb,Viktor Hartati,Clothing/textile technologist,PT Hasanah Mardhiyah,Sumatera Barat
d0e3a420,Gandewa Maulana,Broadcast engineer,Perum Najmudin Siregar Tbk,Aceh
2aae2fbd,Kanda Irawan,Automotive engineer,Perum Dongoran Fujiati,Kalimantan Utara
c6e9c3bb,"R.A. Sari Narpati, M.M.","Pilot, airline",CV Yolanda Mangunsong,Kepulauan Riau
58dea432,"drg. Caturangga Damanik, S.Ked","Therapist, music",PT Uyainah,Kalimantan Timur
84231bb2,Omar Oktaviani,"Doctor, hospital",PD Mardhiyah Tampubolon,Sulawesi Tenggara
5c85ef54,Elvina Winarsih,Retail manager,PT Budiman,Sulawesi Selatan
bbb3bbc9,drg. Hendri Pranowo,"Psychologist, counselling",Perum Mansur,Maluku
ae3ec7db,"R.A. Eva Ardianto, S.Pd",Regulatory affairs officer,Perum Nasyiah Prasetyo Tbk,Nusa Tenggara Barat
75280543,Gading Siregar,"Teacher, music",CV Halimah (Persero) Tbk,Nusa Tenggara Timur
0810b14b,Sutan Hairyanto Yulianti,Local government officer,PD Budiyanto,Kalimantan Selatan
a1d90fd8,R.A. Zelda Saptono,Mental health nurse,Perum Haryanti,Sumatera Selatan
c8187e86,Hj. Ira Wahyudin,Software engineer,CV Najmudin Tbk,Lampung
8f884e0c,drg. Cindy Budiman,Meteorologist,PT Pranowo Pratiwi Tbk,Jawa Tengah
6963c42a,"dr. Jasmin Wibisono, M.Kom.","Librarian, academic",Perum Hidayanto Hakim (Persero) Tbk,Kalimantan Utara
76c6c9f9,Eva Salahudin,Occupational hygienist,Perum Prasasta Hasanah (Persero) Tbk,Kalimantan Barat
52d75d69,"Karma Uyainah, M.Kom.",Games developer,CV Lazuardi,Nusa Tenggara Timur
405f1526,Ikin Safitri,Heritage manager,Perum Purnawati (Persero) Tbk,Kepulauan Riau
7b952db1,Harjasa Susanti,Professor Emeritus,PD Susanti Lazuardi,Sulawesi Tengah
6dec9a7f,Cahyanto Sinaga,Actor,UD Usamah Nuraini,Sulawesi Selatan
1ec9676c,Zahra Sinaga,Diplomatic Services operational officer,UD Natsir (Persero) Tbk,DKI Jakarta
89a59f96,Widya Maulana,Arts development officer,PD Zulaika,Sumatera Barat
b3169575,Tugiman Damanik,Therapeutic radiographer,PT Rahayu Maryadi Tbk,Aceh
22ec094c,Kajen Latupono,Analytical chemist,UD Wulandari (Persero) Tbk,Papua Barat
f5c63ea0,"Dr. Raisa Pratama, M.M.",Mining engineer,UD Siregar Prabowo,Jawa Timur
5251491b,Genta Zulkarnain,Data scientist,PT Purnawati Napitupulu Tbk,Aceh
fcf2222c,Kala Napitupulu,Mudlogger,UD Nuraini Jailani,Jawa Timur
a0b8cc72,drg. Harjo Salahudin,"Administrator, charities/voluntary organisations",Perum Narpati,DI Yogyakarta
c91d9336,"Rina Nuraini, S.Pd","Nurse, mental health",Perum Nurdiyanti Mandala Tbk,DI Yogyakarta
214274eb,"Estiawan Hasanah, S.IP",Commercial art gallery manager,PT Rahmawati (Persero) Tbk,Banten
30806247,"Titin Andriani, S.Sos",Musician,CV Pangestu,Sulawesi Utara
bab902bb,Lanjar Uwais,Community pharmacist,PT Laksita (Persero) Tbk,Sumatera Selatan
d9b3ca40,Cut Zahra Samosir,Radio producer,PT Laksita Halim,Maluku
6227d662,Kariman Usamah,"Runner, broadcasting/film/video",PD Lailasari Suartini,Jawa Barat
334657c3,Aslijan Nurdiyanti,Metallurgist,UD Pranowo Susanti,Riau
93fd5506,Zelaya Januar,"Psychologist, prison and probation services",PT Susanti Tbk,Kalimantan Selatan
36b8e00a,Salimah Yuniar,Press sub,Perum Maulana (Persero) Tbk,DI Yogyakarta
4977e62a,Zelda Novitasari,Mental health nurse,UD Wacana Tbk,Bengkulu
73423707,Kusuma Haryanto,IT technical support officer,Perum Puspita Tbk,Bali
9511d488,"Puti Zamira Pratama, S.Gz",Location manager,CV Santoso,Riau
3d5bab67,Ida Pudjiastuti,Medical secretary,PT Maryadi Firmansyah (Persero) Tbk,Bengkulu
d40f3a2b,"drg. Zulfa Mardhiyah, S.Ked",Production engineer,PD Manullang,Bali
439f05f0,"R.A. Aisyah Samosir, S.Pt","Surveyor, building",PD Rahmawati Damanik (Persero) Tbk,Kalimantan Tengah
18a8fa39,"dr. Elma Pranowo, M.Ak",Consulting civil engineer,UD Kuswoyo,Kepulauan Riau
3fb8c96a,Luthfi Gunarto,Photographer,CV Puspita Tbk,Bengkulu
eca27209,Rizki Irawan,Trading standards officer,UD Zulkarnain (Persero) Tbk,Kalimantan Utara
cd92c7d7,"Novi Januar, S.IP",Media planner,PD Pratiwi (Persero) Tbk,Sulawesi Utara
612d9f07,Farhunnisa Pradipta,Science writer,UD Latupono Nashiruddin Tbk,Sumatera Utara
1ba4e5a8,"Azalea Budiman, S.Farm",Ophthalmologist,PT Mangunsong (Persero) Tbk,Kalimantan Utara
9d1d8b4d,Genta Januar,"Psychologist, occupational",PD Anggraini Tbk,Sulawesi Barat
add87ba3,Ratna Mulyani,Archivist,CV Lestari,Kepulauan Bangka Belitung
45df7010,drg. Lili Dongoran,Community education officer,PD Hasanah Kusmawati,Bengkulu
e616072d,Pranawa Safitri,Equality and diversity officer,CV Mansur Mangunsong (Persero) Tbk,Kalimantan Tengah
0f0617ad,Lintang Rahayu,Insurance account manager,Perum Kusumo Halimah,Lampung
ee074265,"Ophelia Siregar, M.Pd",Broadcast journalist,PD Purwanti Samosir (Persero) Tbk,Maluku
18a7e76e,"Dr. Vera Melani, S.Kom",Waste management officer,CV Firgantoro,Jawa Timur
f3b7f646,Mumpuni Sitompul,Air traffic controller,PD Narpati,Sulawesi Barat
18343fdc,Harsanto Rahayu,Physiological scientist,CV Gunarto Pangestu,Sumatera Selatan
30024e96,"Lantar Nuraini, S.Gz","Engineer, building services",PT Situmorang Samosir,Papua
b5c6d97c,"T. Mulya Budiyanto, S.H.","Therapist, nutritional",UD Lailasari,Sulawesi Barat
253a0e14,Karma Purwanti,Print production planner,PD Suartini Haryanti Tbk,Nusa Tenggara Timur
02ede214,drg. Oliva Mansur,Physiological scientist,CV Palastri,Kalimantan Utara
17a463f7,Chelsea Narpati,"Scientist, audiological",CV Salahudin Suryatmi (Persero) Tbk,Kepulauan Bangka Belitung
a0c9b458,Shakila Riyanti,Community development worker,UD Putra (Persero) Tbk,Bali
19b5589a,Ir. Rini Oktaviani,Engineering geologist,PT Yuliarti Halimah Tbk,Sulawesi Utara
56a292c8,Hj. Devi Rahimah,Prison officer,CV Aryani Natsir Tbk,Kalimantan Selatan
bccecda4,Hamima Pangestu,"Journalist, newspaper",UD Wijaya,Kalimantan Barat
78273c9c,Nova Widiastuti,Advertising account executive,PT Kuswoyo Iswahyudi,Kepulauan Bangka Belitung
c0f8cd70,Johan Ardianto,Product designer,PT Aryani (Persero) Tbk,Nusa Tenggara Barat
d98f65d1,Cengkal Salahudin,Freight forwarder,PD Puspasari Manullang,Bengkulu
0ed0a48e,Kacung Hutagalung,"Conservation officer, historic buildings",PD Padmasari Mayasari Tbk,Jawa Barat
3d03591d,Rafi Dongoran,Records manager,Perum Damanik Suryono (Persero) Tbk,Kalimantan Utara
2294303f,Kani Farida,Chief Technology Officer,PT Firgantoro,Papua Barat
f47503df,Drs. Indah Pertiwi,"Lecturer, further education",UD Hakim Tbk,Banten
8212a42f,"Harja Suartini, M.Farm","Designer, blown glass/stained glass",PD Pudjiastuti Halim,Lampung
41300a48,Paulin Yulianti,Cabin crew,UD Suryono Mansur,Kalimantan Utara
88450662,"Harto Prakasa, M.TI.",Adult nurse,PD Zulaika Nuraini,Sulawesi Selatan
924ff79b,Salsabila Sinaga,Copy,PT Pradipta,Lampung
a139dd5d,drg. Ayu Mandala,Public relations account executive,PT Novitasari Andriani,Sulawesi Selatan
e4c15f4e,"Ir. Restu Agustina, S.I.Kom",Interpreter,CV Suwarno,Sumatera Barat
fe225ffa,Zulfa Utama,Optometrist,CV Putra Natsir Tbk,Bengkulu
0a832a72,"Garan Adriansyah, S.E.",Tour manager,Perum Januar Hassanah Tbk,Nusa Tenggara Timur
c484de9e,Belinda Utami,Contractor,Perum Gunarto Rahimah,Aceh
0f5cc365,Betania Hastuti,Archaeologist,PT Laksita Sitorus,Bali
f47b68d4,Devi Simanjuntak,Air traffic controller,CV Tampubolon Waskita,Maluku Utara
9cc29f12,Anom Mustofa,Sales executive,UD Zulaika (Persero) Tbk,Papua
f9627c2a,Puti Maheswara,Magazine features editor,Perum Firmansyah Tbk,Sulawesi Utara
f6b26508,"Gaiman Wahyudin, S.IP","Exhibitions officer, museum/gallery",PT Maryati Rahimah (Persero) Tbk,Maluku
797fa73d,"Estiawan Maryati, S.Gz","Conservator, museum/gallery",PT Lazuardi,Maluku
2351f4ec,"Tari Halim, S.H.",Proofreader,CV Astuti Iswahyudi Tbk,Kalimantan Tengah
d6ea750a,"KH. Maras Puspita, M.Farm","Civil engineer, consulting",CV Farida Tbk,Gorontalo
c359743a,Zalindra Nashiruddin,"Lecturer, further education",Perum Haryanto Tbk,Bengkulu
262628d1,Oliva Napitupulu,Corporate investment banker,PT Farida,Sulawesi Selatan
2cec764a,Ilsa Zulkarnain,Recruitment consultant,UD Padmasari Hardiansyah (Persero) Tbk,DI Yogyakarta
774288d8,"Lukita Nasyidah, S.Kom",Building surveyor,PD Halim,Lampung
a4b969a6,Kanda Fujiati,"Engineer, maintenance (IT)",PT Tamba Sinaga,Sumatera Selatan
f2840e9c,"Hj. Dina Napitupulu, M.Kom.","Teacher, English as a foreign language",UD Salahudin,Jambi
81307208,Marsito Januar,Records manager,CV Kusumo Nugroho (Persero) Tbk,Sulawesi Barat
fa469720,"Dr. Bella Mardhiyah, S.T.",Estate agent,CV Irawan Gunawan,Kalimantan Timur
daef47b9,Ir. Caturangga Hutasoit,Contracting civil engineer,PT Natsir Mulyani Tbk,Sumatera Utara
a027d7bf,Silvia Iswahyudi,"Geologist, engineering",PD Budiman Tbk,Jawa Barat
2a1ea2fe,Paiman Zulkarnain,"Nurse, adult",Perum Budiman,Kalimantan Barat
d3637b51,"Tantri Natsir, S.Kom",Building control surveyor,CV Sihombing (Persero) Tbk,Papua Barat
a1074cb8,Jasmin Nasyidah,"Sound technician, broadcasting/film/video",PD Purwanti,Kepulauan Bangka Belitung
8ba602ec,Sidiq Wibisono,Petroleum engineer,Perum Prabowo Tbk,Gorontalo
e0eb934f,"drg. Gamanto Kusumo, M.Ak","Education officer, environmental",PT Najmudin,DKI Jakarta
dc6bb532,Empluk Kurniawan,"Engineer, manufacturing systems",PT Natsir (Persero) Tbk,Nusa Tenggara Timur
f48dae05,Dinda Wahyuni,Senior tax professional/tax inspector,CV Prasetya (Persero) Tbk,Kalimantan Utara
4c133d46,Jelita Mandala,Leisure centre manager,CV Palastri (Persero) Tbk,Jawa Timur
ca617cd2,Rahayu Dongoran,Television production assistant,PD Napitupulu,Lampung
a4b74c4a,Gada Pradana,Archivist,PD Yuliarti,Maluku Utara
0ab1f469,Hj. Citra Saragih,"Engineer, electronics",Perum Natsir (Persero) Tbk,Kepulauan Bangka Belitung
17bf28c9,"Puti Karen Novitasari, S.H.","Embryologist, clinical",PD Jailani Nugroho,Sumatera Selatan
8dc675ff,Paramita Usamah,Local government officer,PD Narpati,Maluku
9669c80a,Latif Siregar,Media planner,Perum Budiman Tbk,Banten
37c90f0b,Jamil Lailasari,Race relations officer,PD Hardiansyah Tbk,Sumatera Utara
b6012289,Tgk. Luhung Wibowo,Ophthalmologist,CV Situmorang Tarihoran,Sumatera Barat
daf40954,R.M. Karya Ramadan,Statistician,UD Safitri Mardhiyah Tbk,Riau
484babdd,"Nadia Tamba, S.IP",Horticultural therapist,PD Gunarto Nashiruddin (Persero) Tbk,Riau
39f049f1,"Maimunah Suryono, S.Psi",Planning and development surveyor,Perum Aryani Anggraini (Persero) Tbk,Sulawesi Selatan
5a01a95c,Dr. Rizki Hutagalung,Curator,CV Wijaya Nugroho,Papua Barat
aed34096,Drs. Mursita Maryadi,"Engineer, civil (consulting)",Perum Natsir,Papua Barat
9b647643,Sari Melani,Musician,UD Wahyuni,Gorontalo
fd9067b4,Yuni Mustofa,"Engineer, control and instrumentation",CV Kuswandari (Persero) Tbk,Papua
9706ed22,Humaira Wacana,Legal executive,UD Santoso (Persero) Tbk,Kalimantan Utara
54f49aea,"Raisa Puspita, S.Pd",Electronics engineer,PD Mustofa Pradana Tbk,Papua Barat
d5764879,Dina Hakim,Oncologist,UD Siregar,Kalimantan Barat
90aeef2a,Dirja Sihotang,Environmental education officer,UD Uwais,Sumatera Barat
c3d0c671,"Lili Ardianto, S.E.",Clinical psychologist,PD Megantara Tbk,Sulawesi Selatan
fe71dcab,Anom Palastri,Outdoor activities/education manager,PT Anggriawan (Persero) Tbk,Kalimantan Tengah
422ecb85,Kamila Suartini,Environmental consultant,Perum Zulkarnain Pudjiastuti Tbk,Sulawesi Barat
55182542,Zelda Purnawati,Biomedical scientist,PT Maryati Sitompul,Lampung
3e24d3b5,"Endah Situmorang, M.Kom.",Environmental consultant,PD Prastuti,Papua
0a33f1f2,Kawaya Siregar,Retail merchandiser,PT Yuniar Prayoga,Sumatera Utara
1c431949,Suci Hassanah,"Engineer, production",PD Laksita,Gorontalo
26d2d6a1,R. Kiandra Mulyani,"Psychologist, occupational",PD Usamah Tbk,Lampung
41570a75,Ir. Tina Waskita,"Producer, television/film/video",PD Tampubolon Irawan (Persero) Tbk,Maluku Utara
37f33208,Kani Utama,Statistician,UD Mardhiyah Natsir,Sumatera Barat
ba26e47a,Drs. Naradi Kusmawati,Higher education careers adviser,PD Pradipta (Persero) Tbk,Kalimantan Tengah
f4e7fd8e,Maya Hariyah,Marketing executive,PT Maulana,Kalimantan Utara
b00f20db,"Dr. Gilda Widiastuti, M.Farm",Clinical molecular geneticist,PD Palastri Pradipta,Kalimantan Utara
b840d20d,Lidya Andriani,"Designer, television/film set",Perum Wahyudin Hidayanto (Persero) Tbk,DKI Jakarta
79713059,Siti Yulianti,Geophysical data processor,UD Wulandari Tbk,Nusa Tenggara Timur
e2e25576,Taswir Namaga,"Administrator, sports",PD Hutasoit Tbk,Sumatera Barat
7dcc6aeb,T. Adiarja Januar,Naval architect,PD Wacana Mardhiyah (Persero) Tbk,Jawa Timur
a91e59ee,Cindy Mandasari,Training and development officer,Perum Rahmawati Marpaung (Persero) Tbk,Kalimantan Utara
7a3418e5,"Saiful Haryanto, S.I.Kom",Multimedia programmer,PT Sitorus Winarno Tbk,Jawa Timur
891d644a,Gawati Nasyidah,"Pharmacist, community",UD Hidayat Tbk,Jambi
6c3bd281,Najam Marbun,English as a foreign language teacher,UD Kuswoyo Simanjuntak,Maluku
02340e2b,R. Victoria Hutasoit,Engineering geologist,PD Pudjiastuti Tbk,Sulawesi Tenggara
b42d3081,R. Harimurti Palastri,Leisure centre manager,PT Wibisono,Sumatera Utara
e59bbe52,"Wani Halim, S.Pd",Radio producer,PT Wahyuni Yolanda Tbk,Riau
0ddcdee8,Laswi Suartini,"Production designer, theatre/television/film",Perum Wibisono,DKI Jakarta
25408ec1,"drg. Ifa Hidayat, S.T.",English as a foreign language teacher,PD Mahendra Uwais (Persero) Tbk,Kalimantan Tengah
a3ba53df,"H. Kurnia Zulkarnain, S.T.",Aeronautical engineer,PD Haryanti Winarsih (Persero) Tbk,Lampung
cbbb182b,T. Banawa Hutapea,"Teacher, special educational needs",UD Hutagalung Firgantoro,Kepulauan Bangka Belitung
3b65b92f,Marsito Namaga,Media buyer,PD Suryono Tbk,Kepulauan Riau
ed11d1b9,Okta Yulianti,"Engineer, site",PT Uyainah Uwais,Papua
3333a8f8,Luluh Napitupulu,Set designer,UD Winarno Permata,Nusa Tenggara Barat
6be3d1c1,Najwa Januar,Comptroller,PT Anggraini,DKI Jakarta
b4f31295,Uchita Novitasari,Chief Operating Officer,CV Melani (Persero) Tbk,Papua
f59c7b61,Yusuf Prasetyo,Electrical engineer,PD Hidayat Tbk,Sulawesi Barat
9b4ba835,Cagak Yolanda,Clinical cytogeneticist,CV Ardianto Purnawati,Bengkulu
813a48a6,Ratna Firmansyah,"Administrator, education",UD Prayoga Handayani,Kalimantan Timur
d75d24a6,Bagya Situmorang,Pathologist,Perum Yulianti (Persero) Tbk,Sulawesi Barat
0fb78706,Kezia Yuliarti,Dealer,PD Yuliarti,Jawa Timur
b22838b6,"Dr. Gilang Nasyiah, M.Farm",Interpreter,UD Hakim Tbk,Jawa Tengah
117343ab,"Widya Hidayanto, S.Farm",Automotive engineer,PD Uwais Tbk,Nusa Tenggara Timur
9c445b0e,Drs. Uli Situmorang,"Administrator, local government",PD Kurniawan Halimah,Kepulauan Bangka Belitung
8229a6e4,"Aswani Suryono, M.M.","Optician, dispensing",Perum Nugroho Jailani,Papua
e77db3b8,"Hj. Calista Yuniar, S.Kom",Investment analyst,CV Sitompul Yuliarti,Kalimantan Barat
bee62024,Zizi Habibi,Holiday representative,CV Zulaika Dabukke,Kalimantan Tengah
ce2912aa,Mala Irawan,Waste management officer,PD Andriani,Sulawesi Utara
b4fcd95a,Hj. Cornelia Maryadi,"Designer, industrial/product",PD Natsir Prasetya (Persero) Tbk,Sulawesi Barat
b8f1644a,R.A. Irma Hastuti,Purchasing manager,PT Rahmawati,Kepulauan Riau
6570b7ca,"Tgk. Jagaraga Mulyani, S.E.I","Editor, commissioning",UD Hassanah Tbk,Sumatera Barat
28191bd2,Tgk. Victoria Susanti,Medical secretary,UD Gunarto (Persero) Tbk,Sumatera Barat
209c2ef0,Kamaria Firmansyah,"Engineer, drilling",PD Novitasari Kuswandari,Aceh
d46cc98d,Dt. Cahyanto Riyanti,Farm manager,CV Napitupulu,DI Yogyakarta
a85757ad,"Abyasa Widodo, M.Farm",Sport and exercise psychologist,Perum Hartati Tbk,Kalimantan Tengah
7f1657bd,"Cinthia Nasyidah, M.M.",Health service manager,Perum Usamah Zulaika Tbk,Sumatera Selatan
bf881bda,Darman Sinaga,Building surveyor,PT Oktaviani,Nusa Tenggara Timur
b5702987,"Maida Narpati, M.M.",Financial manager,PD Mandala Tbk,Kalimantan Selatan
0baa16fb,"R.A. Victoria Wibowo, S.Psi",Adult nurse,UD Natsir,Sumatera Barat
93bb3a1a,Gasti Prasasta,"Accountant, chartered management",UD Nashiruddin Tbk,Nusa Tenggara Barat
3fd725f6,Emil Rahimah,"Scientist, audiological",UD Latupono Manullang (Persero) Tbk,Sumatera Selatan
0e8272c2,Aisyah Ardianto,Armed forces logistics/support/administrative officer,Perum Hastuti Tbk,Jawa Barat
7e01640c,Vivi Jailani,Dealer,Perum Nashiruddin,Kalimantan Selatan
bae071e4,dr. Vega Setiawan,Environmental health practitioner,CV Nababan Mulyani Tbk,Sulawesi Tengah
4b8aa24b,Jamil Wahyuni,Community education officer,UD Budiyanto Yolanda,Nusa Tenggara Timur
c57f30e0,"Indra Puspasari, M.Kom.","Engineer, petroleum",PD Laksita,Sumatera Barat
593e15da,Mutia Maulana,Civil Service fast streamer,Perum Saragih Mustofa Tbk,Sumatera Utara
7f8f5283,"Cut Dewi Hasanah, S.Kom",Radio broadcast assistant,CV Prayoga Firmansyah,Kalimantan Utara
647aca19,"Ir. Zamira Waluyo, S.E.","Designer, graphic",UD Prakasa,Sulawesi Selatan
b9ceda11,Padmi Samosir,"Producer, radio",PT Maheswara Tbk,Sumatera Barat
fdbd1547,Rachel Siregar,Media buyer,PT Siregar Jailani,Gorontalo
124661f2,"dr. Alika Santoso, S.IP","Teacher, special educational needs",PD Pangestu,Nusa Tenggara Timur
78866935,"R. Shakila Lestari, S.Gz",Recruitment consultant,PT Ardianto Mahendra (Persero) Tbk,Sumatera Selatan
e8ac3853,Banawa Wibowo,Medical physicist,Perum Mansur Lestari,Aceh
5c568dcc,Kawaya Purnawati,"Designer, multimedia",UD Yolanda Mardhiyah,Sulawesi Tengah
bc3efc1a,Prima Budiman,Lawyer,CV Winarsih Natsir,Papua Barat
ce082997,Maria Irawan,Glass blower/designer,UD Damanik Tbk,Kalimantan Utara
2cf077d5,Puji Purwanti,Jewellery designer,PD Ardianto Suryatmi,Nusa Tenggara Barat
991ef07f,"Zulfa Mayasari, S.I.Kom",Chartered loss adjuster,Perum Nuraini,Sulawesi Tengah
491c8afd,Hairyanto Prasetya,Exhibition designer,PD Situmorang,Sulawesi Selatan
9794e287,Umay Pradipta,Barrister's clerk,UD Wahyuni (Persero) Tbk,Papua
043749b9,"Tgk. Hafshah Halim, S.Gz",Information officer,PT Wasita Sirait (Persero) Tbk,Kalimantan Barat
33cbbb87,Sutan Joko Kurniawan,"Programmer, applications",PT Nasyiah (Persero) Tbk,DI Yogyakarta
c879973e,Ika Puspita,Osteopath,Perum Halimah Waluyo (Persero) Tbk,Sulawesi Tenggara
6ed00ccf,"Pranata Santoso, S.Farm","Administrator, arts",CV Suryatmi,Sulawesi Tengah
64fa0d76,Agus Wahyudin,"Engineer, building services",PT Yolanda Siregar,Kalimantan Tengah
d4acb350,drg. Kayla Pudjiastuti,Set designer,PT Kusmawati,Bali
8aa471d8,"H. Raharja Safitri, S.E.",Careers adviser,PT Widodo (Persero) Tbk,Papua
6899c3f2,"Diana Hariyah, S.Pt",Financial controller,PT Firmansyah Tbk,Lampung
1a9c5874,Putri Haryanti,Air cabin crew,Perum Gunarto (Persero) Tbk,Maluku Utara
a56231ee,"dr. Zizi Mulyani, M.TI.","Optician, dispensing",PT Nugroho Mardhiyah Tbk,Sulawesi Selatan
0fa7459d,Radit Haryanti,"Designer, industrial/product",PT Zulaika Salahudin (Persero) Tbk,Nusa Tenggara Barat
4234d01a,Tgk. Tami Budiman,"Restaurant manager, fast food",CV Hutapea Hutagalung,Kalimantan Tengah
aaf3d0cf,Nadine Prasetya,Product/process development scientist,CV Saptono Puspasari,Aceh
25e6ef4b,Drs. Septi Suartini,Sub,PT Uyainah Pranowo,Lampung
86cdb097,drg. Talia Nuraini,Animator,PD Latupono Tbk,Sulawesi Tenggara
8d558538,Drs. Ellis Kusumo,Operational investment banker,Perum Nasyiah Palastri (Persero) Tbk,Riau
253533b7,Ilsa Siregar,"Accountant, chartered certified",UD Thamrin Damanik,Papua Barat
1a66f5b2,Salsabila Usada,Systems analyst,Perum Prasetyo (Persero) Tbk,Lampung
83f35a29,Almira Pangestu,Lawyer,UD Widodo (Persero) Tbk,DKI Jakarta
90f1573d,Vera Ardianto,"Sales professional, IT",PT Safitri Tbk,Jambi
08aaa137,Tgk. Utama Kurniawan,Financial risk analyst,Perum Lazuardi,Sulawesi Barat
e312e607,Ina Prakasa,Intelligence analyst,PD Natsir,Kalimantan Selatan
49daefec,Natalia Prakasa,"Surveyor, rural practice",PD Jailani Narpati Tbk,Sulawesi Barat
82c1be6d,"Hj. Jamalia Permadi, S.Pd",Plant breeder/geneticist,UD Pertiwi Santoso (Persero) Tbk,Riau
53e1967e,Uchita Agustina,Armed forces operational officer,UD Prabowo Tbk,Banten
3cf65693,R.M. Karsana Mansur,"Sound technician, broadcasting/film/video",Perum Novitasari Irawan,Sulawesi Tenggara
5fcdd53a,Paramita Zulkarnain,Primary school teacher,PD Riyanti Kuswandari (Persero) Tbk,Lampung
dfcbc682,Emil Suryono,Fast food restaurant manager,CV Rahayu (Persero) Tbk,Sulawesi Tengah
6aaa6491,"Saiful Aryani, M.Pd",Lawyer,PT Najmudin Tbk,Sumatera Utara
e47e29f5,"Lili Mustofa, M.TI.",Fashion designer,PT Firgantoro,DKI Jakarta
8806fbba,Hj. Cici Permadi,Cabin crew,PD Pertiwi Tbk,Aceh
76556fcc,Zaenab Putra,Brewing technologist,UD Mahendra Tbk,Kalimantan Barat
065c8792,Irma Situmorang,Architect,Perum Agustina,Maluku
084a94f4,Juli Natsir,Nature conservation officer,UD Hutapea Usada,Sumatera Selatan
37e2610d,Wardaya Permata,Operations geologist,UD Haryanti Hariyah (Persero) Tbk,Sulawesi Tenggara
33216d9f,Kiandra Utami,Waste management officer,UD Novitasari (Persero) Tbk,Jawa Barat
122fbc74,Ida Nashiruddin,Land,UD Haryanto,Bengkulu
0e09d243,"Najwa Riyanti, S.Gz",Outdoor activities/education manager,UD Wahyudin Wasita (Persero) Tbk,Kalimantan Tengah
fe730d40,"Tgk. Clara Waskita, S.Kom",Advertising account executive,PD Laksita Simanjuntak Tbk,Banten
1963904b,Gilda Lestari,Learning disability nurse,CV Hastuti,Riau
a2f0313f,Yuliana Pangestu,Data processing manager,Perum Sirait (Persero) Tbk,Sulawesi Utara
783b3525,drg. Lili Najmudin,"Teacher, music",PD Hardiansyah Utama,Kepulauan Bangka Belitung
3c630ec9,Balidin Palastri,"Research officer, political party",UD Wibowo Napitupulu Tbk,Jambi
2fe40e08,"Warta Farida, S.Kom","Engineer, materials",PD Sudiati,Kalimantan Barat
5b9569e1,"Drs. Paramita Pertiwi, M.Pd",Warden/ranger,UD Kusumo Simbolon (Persero) Tbk,Sumatera Selatan
70e4012e,"Wulan Putra, M.TI.",Tree surgeon,PD Wibisono,Lampung
8bc5d97c,"Kacung Uyainah, S.Pt","Engineer, production",PD Farida,Kepulauan Bangka Belitung
1bc0498d,Prabawa Wahyuni,"Engineer, land",PT Pertiwi Uwais,Bali
15d06aaf,Drs. Agnes Saefullah,Chief Financial Officer,PD Dabukke,Jawa Barat
75af536f,"Padmi Haryanto, S.E.I",Barrister's clerk,UD Mansur Megantara,Maluku
05b3ce04,Devi Mandala,Forest/woodland manager,PD Dabukke Suryatmi Tbk,Papua Barat
1d9d0416,H. Heru Thamrin,"Engineer, civil (consulting)",PT Hidayat,Jambi
3375a19c,dr. Vanesa Kurniawan,Horticultural therapist,CV Widodo Marbun Tbk,Nusa Tenggara Timur
e13f20fd,Vera Thamrin,Oceanographer,Perum Padmasari Tbk,Papua
1debe1d6,"Ismail Nashiruddin, M.Pd",Airline pilot,PD Utami Puspasari,Sumatera Selatan
c1b1b396,Bella Pudjiastuti,"Administrator, education",PD Nugroho Uyainah Tbk,DI Yogyakarta
cab239a3,Rini Saptono,"Radiographer, diagnostic",PD Hardiansyah,Lampung
b81f2d61,Caket Pranowo,Production engineer,CV Pradana Nasyidah,Sulawesi Utara
1ee8d31a,"Paulin Prasetyo, S.T.","Secretary, company",PT Prasetyo Purnawati,Bengkulu
a27f9186,Omar Sirait,Osteopath,CV Wijaya Prabowo Tbk,Sumatera Utara
648c6140,Maras Nababan,Pharmacologist,Perum Napitupulu,Kalimantan Utara
e684c301,Shakila Hardiansyah,Transport planner,PT Hakim Najmudin,Kalimantan Tengah
ab6a694b,Gaiman Hartati,Lawyer,PD Haryanti Waskita (Persero) Tbk,Sumatera Barat
e21e32a2,Sabri Utama,Museum/gallery curator,CV Yuliarti (Persero) Tbk,Sulawesi Tengah
4c28fc44,"Upik Marpaung, S.Psi",Exercise physiologist,PT Laksita Tbk,Sumatera Barat
60dd6cf2,Jagapati Rahimah,Pathologist,PT Suryatmi Usamah,Kalimantan Selatan
d014790b,"Nilam Laksita, S.Pd",Research scientist (maths),Perum Irawan Puspita (Persero) Tbk,Kalimantan Selatan
ffb9afbf,Tgk. Farhunnisa Hidayat,Merchant navy officer,PD Napitupulu Tbk,Sumatera Barat
054bedbd,Ikin Ramadan,Health visitor,PD Puspita Kuswandari,Riau
e639b113,"Irma Situmorang, M.Farm",Research scientist (physical sciences),Perum Jailani Siregar (Persero) Tbk,Jawa Barat
9157d3dc,Kamal Maheswara,"Scientist, research (maths)",UD Tampubolon,Sumatera Barat
0f3b033d,Genta Pratama,Psychiatrist,Perum Zulaika Waskita,Bengkulu
934a0962,Cemani Usamah,English as a second language teacher,PD Thamrin Tbk,Sulawesi Utara
865f0edb,Ir. Imam Rahimah,Engineering geologist,CV Wibisono Maulana,Maluku Utara
0df3bb68,"Langgeng Agustina, M.Kom.","Conservator, museum/gallery",PT Damanik Megantara Tbk,Kalimantan Timur
1814f922,Wadi Dabukke,Lexicographer,CV Susanti,Aceh
4ca9646e,Raden Firgantoro,Leisure centre manager,PD Puspita Pradana,Sulawesi Barat
319093aa,Lutfan Padmasari,Historic buildings inspector/conservation officer,PT Winarno Tbk,DKI Jakarta
49c7c90b,KH. Gandi Simbolon,Chiropodist,PD Laksmiwati Pradana Tbk,Sulawesi Tengah
5c3dc6a4,Tomi Padmasari,"Horticulturist, commercial",Perum Dabukke Tbk,Nusa Tenggara Timur
6aa6d03e,Kenzie Thamrin,Chiropractor,UD Najmudin Dongoran,Sumatera Selatan
0962ce7b,"Ami Narpati, M.Ak",Psychotherapist,Perum Sinaga Yolanda,Sulawesi Tengah
7eb2bfc9,"dr. Carla Palastri, M.Ak",Broadcast engineer,Perum Prabowo (Persero) Tbk,Banten
020e83e4,Ir. Sakura Pradana,Health visitor,PD Pratama Mandala (Persero) Tbk,Jawa Tengah
8fc3775e,"Hj. Mila Hidayat, S.Pd","Civil engineer, consulting",UD Halimah Tampubolon (Persero) Tbk,Sumatera Selatan
2efe0f10,Yosef Oktaviani,Agricultural consultant,UD Wastuti Setiawan (Persero) Tbk,Sumatera Selatan
cd64d4f5,Baktiadi Suryatmi,Radio broadcast assistant,UD Sinaga,Kalimantan Barat
711f2b9c,"Banara Puspasari, S.E.",Landscape architect,PD Rajata Padmasari (Persero) Tbk,Jambi
17a14b98,Carub Yuliarti,Airline pilot,PD Nasyidah,Sumatera Selatan
00c24bc8,Tiara Kurniawan,"Production assistant, television",UD Hutasoit (Persero) Tbk,DKI Jakarta
f3a6ddcc,Ani Haryanto,Speech and language therapist,PD Suryono Oktaviani,Lampung
bbfb2297,Sutan Among Pertiwi,Teaching laboratory technician,CV Najmudin Gunawan Tbk,Maluku Utara
a583979c,Reksa Nasyiah,Marine scientist,CV Fujiati Iswahyudi,Kalimantan Tengah
767e0c78,Indah Wibisono,Oceanographer,PD Pratiwi,DKI Jakarta
8286c608,Ir. Jayadi Wijaya,Medical secretary,PD Prastuti,Sulawesi Selatan
c78c66bc,Kajen Suryono,Industrial buyer,UD Siregar Latupono,Sumatera Barat
e936d280,Putri Pradipta,Medical secretary,Perum Tampubolon (Persero) Tbk,Banten
3ac0aa05,Anom Prasasta,Plant breeder/geneticist,PD Farida (Persero) Tbk,Maluku
e140abec,"drg. Mahdi Hakim, M.TI.",Heritage manager,PD Tarihoran Susanti Tbk,Sulawesi Tengah
8f2e5729,Mariadi Kuswoyo,"Lecturer, higher education",PD Anggraini Pranowo Tbk,Sulawesi Selatan
d8ab9522,Tri Pradana,Ophthalmologist,PD Wahyuni Tbk,Nusa Tenggara Barat
bc541443,Jasmani Kusmawati,Insurance account manager,Perum Suryatmi Narpati,Papua Barat
f58fdbf9,"Sari Marpaung, M.M.","Physicist, medical",Perum Irawan,Kalimantan Utara
52729a2e,Akarsana Mangunsong,"Chemist, analytical",UD Budiyanto Tbk,Kalimantan Barat
6691ecae,Balapati Santoso,"Designer, industrial/product",PT Setiawan Pradana,Sulawesi Utara
a15cccc5,Shania Ardianto,Theatre stage manager,CV Thamrin Latupono (Persero) Tbk,Sumatera Selatan
7d7bb72e,"Drs. Maria Sihotang, S.I.Kom",Forensic scientist,PD Wibisono Tbk,Jambi
e78e83b9,"Erik Kusmawati, S.Gz",Building surveyor,PD Tampubolon (Persero) Tbk,Banten
a7e96832,Sari Pertiwi,Barrister's clerk,CV Laksmiwati,Maluku
21dc9560,Gamblang Mardhiyah,IT consultant,CV Ardianto Saptono,Sulawesi Barat
467a7878,Ir. Cindy Wasita,"Programmer, multimedia",Perum Hidayanto Gunarto Tbk,Sulawesi Tenggara
a10de4eb,Aurora Habibi,Operations geologist,UD Nainggolan,Sumatera Utara
709136e8,Balidin Wulandari,Merchant navy officer,PT Hakim Yulianti,Banten
5ee16ac4,Tami Halimah,"Librarian, public",PD Pratiwi,Sulawesi Tenggara
96d901ca,Kezia Prasetyo,Technical author,Perum Melani,Jawa Tengah
a7e74374,Luis Lailasari,Youth worker,PD Permadi Namaga (Persero) Tbk,Kepulauan Bangka Belitung
6df562e8,Tgk. Sari Lazuardi,Haematologist,PD Mangunsong Namaga,Lampung
669980a1,Cakrawangsa Yulianti,Investment analyst,PD Palastri Tampubolon (Persero) Tbk,Kalimantan Utara
6a932db7,"H. Jinawi Siregar, S.Farm","Engineer, drilling",UD Prasetyo,Kepulauan Bangka Belitung
e451c8bc,"Raina Laksita, M.Pd",Field seismologist,CV Hartati Rahimah Tbk,Sumatera Utara
3a9ca720,Umar Rajata,"Scientist, physiological",PD Astuti,DKI Jakarta
5770191a,Victoria Firgantoro,Health and safety adviser,UD Wibisono Siregar Tbk,Sulawesi Barat
60c1178f,Ir. Sabar Januar,Outdoor activities/education manager,PD Mansur (Persero) Tbk,Sulawesi Tengah
a1e86c30,"Marsito Simbolon, S.Farm",Licensed conveyancer,PD Laksmiwati Wahyuni,Sumatera Barat
8df5acb9,Puti Juli Saragih,Chartered management accountant,UD Rahimah Saptono (Persero) Tbk,Sumatera Utara
0cc3e7b6,Balijan Sihombing,Drilling engineer,CV Mahendra,Sulawesi Tenggara
dbc5c955,"Rina Mardhiyah, S.Pd",Metallurgist,CV Maryadi Ardianto,Maluku
d6b06624,Gatra Lailasari,Electrical engineer,CV Waskita Najmudin (Persero) Tbk,Sulawesi Barat
7a641ce2,R.M. Luwar Utama,Acupuncturist,CV Maheswara Tbk,Maluku Utara
fd7302d2,Wirda Pangestu,"Pharmacist, hospital",CV Wastuti Hastuti Tbk,Sulawesi Tengah
bccb90f4,Farah Nababan,Chartered accountant,CV Wastuti Tbk,Nusa Tenggara Timur
20fcaa41,"Tgk. Kartika Riyanti, S.H.",Advertising account executive,Perum Mardhiyah Damanik Tbk,Jawa Timur
87653a54,"dr. Dacin Putra, S.Pt",Quarry manager,Perum Uwais Hutasoit,Sumatera Selatan
7c633487,Taufik Hassanah,Medical illustrator,PD Kusumo,Bali
b86f5f75,"Tiara Irawan, S.I.Kom","Engineer, aeronautical",Perum Budiyanto,Maluku
390ea204,"Edison Fujiati, S.E.I",Health and safety inspector,PT Tarihoran (Persero) Tbk,DI Yogyakarta
3260dbb0,"Kamidin Pranowo, S.Farm",Medical technical officer,CV Hartati Situmorang,Jawa Timur
5a718b70,"Rini Prakasa, S.Farm",Interior and spatial designer,PD Damanik,Maluku Utara
87be05f2,"Ir. Purwadi Lazuardi, S.Ked",Claims inspector/assessor,PD Latupono (Persero) Tbk,Sulawesi Barat
4efee4c3,Lintang Pangestu,Brewing technologist,Perum Yuniar,Banten
e68e31df,Emil Wacana,"Designer, graphic",PT Saputra Prasetya,Kalimantan Selatan
aed62696,Tira Wibowo,Technical brewer,PD Lestari,Sulawesi Selatan
6ca4e43c,"Tgk. Hana Sudiati, S.I.Kom",Industrial/product designer,Perum Waskita,Nusa Tenggara Barat
843e8dd4,"Dt. Prayogo Saefullah, M.Pd",Product manager,PT Hardiansyah,Nusa Tenggara Barat
6405b20d,"Dr. Kacung Pratama, M.M.",Music therapist,Perum Januar,Aceh
ee55be3d,Ir. Adika Laksmiwati,Rural practice surveyor,PD Putra,Bali
73430b50,Yessi Tarihoran,"Therapist, sports",PD Safitri Sihombing,Jawa Barat
a37cc30c,Nugraha Pertiwi,Environmental manager,PD Narpati Nababan Tbk,Jawa Tengah
4f38d98f,"Cut Dian Kuswoyo, S.H.",Charity fundraiser,PD Simbolon Puspasari (Persero) Tbk,Jawa Tengah
406b8e42,"R.A. Ani Mangunsong, M.Ak",Housing manager/officer,PD Maheswara Tbk,Kalimantan Utara
992de94f,Titi Hutagalung,Education administrator,PT Halimah Prayoga (Persero) Tbk,Maluku Utara
ac81c374,"Okto Pratiwi, S.Psi","Therapist, occupational",PT Situmorang Simbolon,Kalimantan Selatan
1c962657,dr. Paris Mandasari,"Therapist, drama",PD Rajasa (Persero) Tbk,Nusa Tenggara Barat
6d09186b,Aslijan Puspasari,Herbalist,UD Anggriawan Prasasta,Sulawesi Selatan
09daee2c,H. Labuh Wacana,Public relations officer,PT Saptono (Persero) Tbk,Kepulauan Riau
8da305fc,"Dr. Niyaga Budiyanto, S.I.Kom",Photographer,CV Firgantoro (Persero) Tbk,Papua
662fc66f,Makuta Pranowo,Charity fundraiser,UD Winarsih,Lampung
77fb776d,Argono Wijayanti,"Engineer, technical sales",Perum Hakim (Persero) Tbk,Riau
7db07036,"Hj. Najwa Sihotang, S.Sos",Geoscientist,UD Halimah (Persero) Tbk,Jawa Barat
8d9ce2d9,Jessica Mandala,"Education officer, environmental",Perum Wijaya,Jawa Barat
cc6ea5fc,"Vero Siregar, S.I.Kom","Engineer, civil (contracting)",PT Novitasari Hakim,Riau
d633288c,Drs. Nilam Uyainah,"Designer, multimedia",PT Uwais Hartati Tbk,Lampung
d1544fdb,Galar Padmasari,"Engineer, water",Perum Zulkarnain Hardiansyah,Maluku
c7ff30d3,Puti Zulfa Wastuti,Furniture designer,UD Nasyiah Safitri,Kalimantan Utara
efc2d6bc,Aisyah Suryono,Audiological scientist,PT Wacana (Persero) Tbk,DI Yogyakarta
6c7ea7c4,"Hj. Melinda Waluyo, S.Gz",Medical sales representative,CV Maheswara Namaga (Persero) Tbk,Sulawesi Utara
e519b429,drg. Parman Waskita,Local government officer,CV Handayani,DKI Jakarta
ea65fd3d,Intan Usada,"Teacher, primary school",CV Wijaya (Persero) Tbk,DI Yogyakarta
65c66325,Hj. Oni Saptono,Holiday representative,CV Anggriawan Santoso Tbk,Bali
52740c35,Jamalia Sihombing,"Engineer, civil (consulting)",PT Nababan Tbk,DKI Jakarta
16d884e7,Maria Puspasari,"Engineer, building services",CV Hidayat (Persero) Tbk,Sulawesi Utara
5b7f38aa,Lasmanto Januar,Print production planner,PT Uyainah,Maluku Utara
34e112f5,Nurul Tarihoran,Actuary,UD Hidayanto Agustina,Sumatera Utara
70314a05,"Bagiya Hariyah, M.M.",Physiological scientist,PT Simbolon Suartini,Bengkulu
3e98553c,Dr. Samiah Kusmawati,Waste management officer,CV Hidayanto Pertiwi (Persero) Tbk,Jawa Tengah
c872276c,"Drs. Lintang Astuti, S.IP",Quarry manager,PD Maheswara Waluyo,Kalimantan Utara
a6488723,"Almira Januar, S.E.",Financial adviser,UD Agustina Budiyanto,Jawa Tengah
7a738713,"Rahmi Kurniawan, M.Kom.",Quality manager,PD Prasetya,Riau
0d1c27fb,Amalia Maryadi,IT consultant,PD Prasetya (Persero) Tbk,Gorontalo
2e687581,"Tgk. Garda Farida, S.Ked",Film/video editor,CV Rajasa Halim,Papua
e39e84c3,Melinda Lazuardi,"Radiographer, therapeutic",UD Kuswoyo (Persero) Tbk,Gorontalo
cbeb69cf,Diana Sihombing,Emergency planning/management officer,PD Hardiansyah (Persero) Tbk,Nusa Tenggara Barat
978a4dd6,"Hana Mayasari, S.Gz","Designer, furniture",UD Sihotang Tbk,Nusa Tenggara Barat
54386b3d,"KH. Maman Wulandari, M.Kom.",Pension scheme manager,Perum Hakim Namaga,Bali
1b3683df,"Dr. Lidya Siregar, S.Pd",Retail buyer,PT Budiyanto Agustina (Persero) Tbk,Sulawesi Selatan
d1619175,Purwa Latupono,Health promotion specialist,UD Susanti,Jambi
85bf44a8,Lintang Zulkarnain,Museum education officer,UD Hassanah Laksita Tbk,Bali
d4c64db9,Ganjaran Setiawan,"Solicitor, Scotland",Perum Waluyo,Sulawesi Barat
09e78c29,H. Koko Permadi,Paediatric nurse,UD Yolanda (Persero) Tbk,Kalimantan Selatan
115d16ba,Daryani Novitasari,Graphic designer,Perum Hakim Firmansyah (Persero) Tbk,Papua Barat
2138c6b3,Violet Hassanah,Financial trader,PD Sitompul,Jawa Timur
df2e2969,Nova Anggriawan,Operations geologist,CV Permadi Gunawan (Persero) Tbk,Sulawesi Barat
b49e07ea,"Mustofa Ramadan, M.Ak",Haematologist,CV Dongoran (Persero) Tbk,Jambi
4996ffe7,Umi Laksita,"Designer, blown glass/stained glass",UD Wacana Narpati Tbk,Sulawesi Tenggara
8e08bc37,Asirwada Pudjiastuti,Higher education careers adviser,CV Utami (Persero) Tbk,Papua
3150042b,R.M. Hendri Nainggolan,Tax adviser,UD Puspasari (Persero) Tbk,Riau
831e18c8,R. Samsul Wijayanti,Occupational therapist,PT Prabowo Prastuti,Sulawesi Selatan
ed67eb95,"Sutan Vega Kurniawan, M.Ak",Tree surgeon,CV Tarihoran Safitri,Sulawesi Tenggara
576176d9,Bagiya Nasyidah,Computer games developer,PD Fujiati Megantara (Persero) Tbk,Maluku Utara
ac2d779c,Luhung Rajasa,Print production planner,UD Pertiwi,DI Yogyakarta
985c016c,Banara Hariyah,Aid worker,PT Fujiati (Persero) Tbk,Nusa Tenggara Barat
26d5669c,Bagus Marpaung,Insurance underwriter,PT Ramadan Wijayanti (Persero) Tbk,Papua Barat
e7e2867f,Sutan Akarsana Aryani,Music therapist,PT Nuraini Wibowo Tbk,Kalimantan Timur
f17e5099,Harjasa Hassanah,Training and development officer,CV Purnawati,Sulawesi Utara
12aeeda0,Suci Wulandari,"Scientist, clinical (histocompatibility and immunogenetics)",PD Haryanti Prasasta (Persero) Tbk,Kalimantan Selatan
db6721b2,Darmaji Kuswoyo,Arts development officer,CV Prasetyo,Sumatera Selatan
b3e1a8d1,R. Fitriani Nasyiah,Translator,PT Novitasari (Persero) Tbk,DKI Jakarta
1979d2a2,R. Janet Natsir,Curator,PD Andriani Tbk,Aceh
e0dc148d,"R. Wirda Wibowo, S.Kom",Animal nutritionist,PT Rahmawati Prayoga,Sulawesi Tenggara
c3e0284d,"Manah Palastri, S.IP",Field seismologist,CV Andriani,Banten
7a5f404a,"Gawati Puspasari, S.T.","Administrator, Civil Service",Perum Siregar Tbk,DKI Jakarta
140eb6ca,Gangsar Uwais,Information officer,PT Habibi Najmudin,Jawa Barat
4be4319a,"Juli Manullang, M.Kom.",Ranger/warden,UD Wibowo Prasetya,Bali
4db05e4f,Sabar Hariyah,Drilling engineer,UD Setiawan (Persero) Tbk,Papua
1c897584,"Dr. Edi Rajata, S.Gz",Immigration officer,CV Lestari,Sumatera Utara
93611533,"Sutan Yusuf Ramadan, S.Sos",Risk manager,UD Mahendra Narpati,Kalimantan Selatan
76c26960,"Yulia Nasyiah, M.Kom.",Ecologist,PT Namaga Maryadi (Persero) Tbk,Gorontalo
9fce2455,Clara Nababan,"Administrator, arts",UD Nainggolan,Kalimantan Tengah
cfc4108e,Yani Lailasari,Insurance risk surveyor,CV Susanti (Persero) Tbk,Gorontalo
4504e053,Jaswadi Saputra,Financial planner,UD Saputra,Kalimantan Selatan
95f2c08b,"Dr. Iriana Pudjiastuti, S.Ked",Pensions consultant,Perum Handayani,Kepulauan Bangka Belitung
6d1a5d24,"Tri Rahimah, S.Pd",Fish farm manager,PT Laksmiwati Tbk,Sumatera Barat
61353936,Tgk. Maya Hakim,Occupational hygienist,PD Utama Nurdiyanti (Persero) Tbk,Kepulauan Riau
330300f3,"R. Aurora Samosir, S.Pt",Fisheries officer,PT Wacana,Sulawesi Barat
035ac177,Puti Salsabila Simanjuntak,Sales executive,Perum Wibowo Yuliarti Tbk,Maluku
ab51707e,Embuh Sihombing,Print production planner,UD Suryono Tbk,Sumatera Utara
bb020056,"Drs. Lukman Hakim, S.Sos",Health physicist,PD Uyainah,Sulawesi Tenggara
f09c9c57,Zizi Hassanah,Tree surgeon,PD Budiyanto Hidayanto,Maluku
de71648c,Mahdi Pratiwi,"Designer, multimedia",PD Nainggolan,Aceh
ee5fee0f,Garang Saputra,Clinical biochemist,UD Wahyuni (Persero) Tbk,Lampung
ede7a99f,Septi Puspita,"Designer, jewellery",UD Mansur Oktaviani,Kalimantan Selatan
a8a55e9f,Yulia Habibi,Sports therapist,UD Narpati Nasyiah Tbk,Sulawesi Selatan
2ccbb1f0,"Hj. Kezia Zulkarnain, M.Pd",Environmental health practitioner,Perum Habibi (Persero) Tbk,Kepulauan Riau
e1d1ac98,Arsipatra Nashiruddin,"Doctor, hospital",CV Suryatmi Padmasari,Kepulauan Riau
78ffa94a,Mahmud Wibowo,Insurance claims handler,UD Halim Saputra,Kalimantan Barat
937e76de,Hani Kusumo,Retail merchandiser,Perum Saptono Prakasa,Sulawesi Barat
2c717612,Harjasa Yuliarti,"Chemist, analytical",Perum Safitri,Bali
ee020ba6,Puti Lili Iswahyudi,Biomedical engineer,UD Wulandari Tbk,Gorontalo
21b36b1c,Galuh Yulianti,"Restaurant manager, fast food",UD Yulianti Agustina,Papua Barat
4e1fd8c7,Gandi Permata,Engineering geologist,Perum Nurdiyanti Tbk,Kalimantan Barat
c4415046,"Panca Uyainah, S.E.I",Forest/woodland manager,CV Firgantoro (Persero) Tbk,Nusa Tenggara Barat
49ec5412,"Hamima Lestari, M.TI.","Psychologist, sport and exercise",PT Saefullah (Persero) Tbk,Banten
47c2180e,Satya Prasetyo,Electrical engineer,PD Mustofa Mahendra Tbk,Jambi
d44914b4,Yance Megantara,"Development worker, international aid",UD Samosir Hidayat,Maluku Utara
7f32035a,Gangsa Suryatmi,Special effects artist,Perum Purwanti,Papua Barat
0adcf41d,"Vera Samosir, S.IP","Designer, television/film set",PD Nababan,Sumatera Barat
92de5fef,Galih Rajata,Quality manager,CV Permata Tamba,Sumatera Barat
fdfac96d,Maria Uyainah,Landscape architect,CV Adriansyah Ramadan Tbk,Maluku Utara
4b5889c3,Jail Astuti,Ambulance person,CV Puspita,Kalimantan Selatan
4f20315a,"drg. Elma Pertiwi, M.TI.",Banker,UD Megantara (Persero) Tbk,Maluku Utara
2fe1b31e,KH. Irnanto Thamrin,Newspaper journalist,Perum Nurdiyanti (Persero) Tbk,Kalimantan Barat
5e336edf,Syahrini Saputra,Armed forces training and education officer,PT Najmudin Marbun Tbk,Bengkulu
2f2c9b88,"Garan Astuti, M.TI.",Charity fundraiser,PD Lestari Maulana,Kalimantan Tengah
47774ce5,Dina Prasetyo,Sales promotion account executive,PT Mulyani,Sulawesi Barat
6c0a96dd,"Puti Michelle Yuniar, S.Gz","Psychologist, educational",Perum Nainggolan Nugroho Tbk,Papua Barat
e8c2e2c3,Ulya Sitorus,Police officer,UD Gunawan,Sulawesi Selatan
79972156,"Clara Maryadi, M.TI.","Engineer, biomedical",CV Mustofa Tbk,Bengkulu
d50d2b2a,R. Martani Jailani,Food technologist,Perum Natsir Halimah (Persero) Tbk,Sulawesi Tenggara
2f1cc863,Naradi Sinaga,Television/film/video producer,Perum Mustofa Saputra Tbk,Jawa Tengah
1f5a2ede,Oni Hidayanto,"Engineer, electronics",PD Permadi Firgantoro Tbk,DKI Jakarta
2c6788c6,"Fitria Wasita, S.Gz","Editor, magazine features",Perum Yulianti,Sulawesi Barat
cfee2f7b,Pranata Sirait,Arboriculturist,PD Sihombing Simanjuntak (Persero) Tbk,DI Yogyakarta
804e0242,Cakrabirawa Halim,Clothing/textile technologist,Perum Wibisono Mayasari,Sulawesi Barat
cc1d71d5,"Tri Lestari, S.Pd",Psychiatric nurse,UD Utami,Sulawesi Barat
72d16315,Teddy Haryanti,Armed forces technical officer,CV Santoso Prasetya,Bengkulu
eadabab4,Cakrabuana Mandala,"Psychologist, clinical",CV Nasyidah (Persero) Tbk,Sulawesi Tenggara
675cc976,Zaenab Nurdiyanti,Investment analyst,UD Wacana Tbk,Sumatera Barat
974b941e,Oman Widodo,Operations geologist,PD Nainggolan Sudiati,DKI Jakarta
a7d24cf9,Paulin Prasasta,Call centre manager,UD Pratama,Sulawesi Tengah
bf117b5d,Bakiadi Winarno,Barista,CV Wijayanti (Persero) Tbk,Papua Barat
5cd94f1a,Puti Raisa Permadi,Human resources officer,CV Usada Samosir Tbk,Jawa Tengah
e9d6b4f0,Empluk Hartati,"Research officer, government",PT Yulianti,Bali
e353405f,"Gabriella Hutapea, M.Kom.",Social researcher,Perum Sihombing Mustofa,Papua
47ff2aa0,"Tgk. Aslijan Hassanah, S.IP","Social research officer, government",UD Anggraini Tbk,Sulawesi Tenggara
b0bf968e,Upik Pertiwi,Holiday representative,Perum Prasasta Tbk,Papua
15c33690,Raina Zulaika,"Engineer, structural",UD Santoso Kusumo,Riau
db1bd7c7,drg. Arsipatra Nugroho,Newspaper journalist,UD Sihombing Winarsih,Jambi
1616d04a,Dr. Ulva Wastuti,Cabin crew,Perum Wibowo Suryono,Sumatera Selatan
380ecea5,Tami Pradipta,Translator,PD Susanti Lailasari,Kepulauan Bangka Belitung
b3d59134,Ulya Mulyani,Immigration officer,UD Lazuardi Tbk,Maluku Utara
a63221ec,Almira Natsir,"Teacher, primary school",PT Kuswandari,Kalimantan Utara
a6d41ad9,Usyi Uwais,Plant breeder/geneticist,PD Haryanto (Persero) Tbk,Aceh
a1c8836e,Arsipatra Mustofa,Counsellor,CV Ramadan,Jawa Barat
edb2e4ea,Taufan Handayani,"Engineer, aeronautical",PT Yuniar (Persero) Tbk,Sumatera Selatan
912ad9c1,Paramita Ardianto,Furniture designer,PD Hutagalung (Persero) Tbk,Papua Barat
d06f2208,"Hafshah Anggraini, S.Sos","Doctor, general practice",PT Purnawati (Persero) Tbk,Bali
7ee889bf,Maria Maryati,"Doctor, hospital",CV Aryani Namaga Tbk,Jawa Barat
fa415b7d,"Garan Januar, S.IP",Probation officer,CV Hardiansyah,Jawa Tengah
6b4f398f,"Nadine Halim, S.Psi","Engineer, communications",UD Yulianti Marbun Tbk,Kalimantan Utara
186c85ff,Jane Wulandari,"Engineer, civil (consulting)",Perum Wibisono Tarihoran (Persero) Tbk,Maluku Utara
ec31cbd6,"Drs. Uchita Laksita, S.Pt",Lobbyist,Perum Saefullah (Persero) Tbk,Kalimantan Barat
9ca602ca,Edi Hastuti,Accounting technician,PT Manullang Purwanti,Kepulauan Riau
eb7c4b21,Nugraha Ramadan,Television production assistant,PT Dongoran,Kalimantan Utara
19353581,"Tgk. Irwan Utami, M.TI.",Transport planner,Perum Hariyah Purnawati (Persero) Tbk,Sumatera Selatan
b5aa3c0b,Gamblang Kurniawan,"Optician, dispensing",UD Wastuti (Persero) Tbk,Sulawesi Barat
f217e4c8,Surya Halim,Transport planner,UD Rahimah,Sulawesi Barat
e35f1510,Bambang Mandasari,Records manager,UD Lazuardi Kuswoyo,Jawa Barat
95f15d29,Prima Saragih,Quantity surveyor,Perum Hastuti Tbk,Sulawesi Tengah
86397383,"T. Bahuwarna Palastri, S.Gz",Armed forces technical officer,Perum Maryati Maryadi Tbk,Banten
3db877cf,Prayoga Habibi,Education administrator,PT Marpaung,Kalimantan Tengah
2bf0dfd1,"Malika Kurniawan, S.Farm",Pharmacologist,Perum Riyanti Damanik Tbk,Lampung
50709492,Daruna Lazuardi,Call centre manager,Perum Puspasari Prasasta (Persero) Tbk,Sulawesi Utara
0162f778,Dian Sudiati,Advertising account executive,CV Hutapea (Persero) Tbk,Maluku Utara
c8df3d7e,"R.A. Cinthia Maulana, S.Pt",Restaurant manager,UD Saragih Dabukke Tbk,Kalimantan Tengah
811e7de5,Dinda Situmorang,Personal assistant,Perum Wijayanti,Kalimantan Selatan
1f37b612,Ir. Mahdi Farida,Stage manager,PT Pradana (Persero) Tbk,Sulawesi Barat
064c636c,drg. Lala Hutasoit,Corporate investment banker,Perum Hastuti,Sumatera Barat
e65c0166,Eka Puspita,Government social research officer,PT Nainggolan Uyainah Tbk,Banten
477a313f,Winda Lailasari,Sports coach,UD Pudjiastuti (Persero) Tbk,Kepulauan Bangka Belitung
62d933cb,Waluyo Utami,Insurance risk surveyor,Perum Puspita Setiawan,Kalimantan Utara
e1b50791,"Drs. Vanesa Wasita, S.T.","Surveyor, building",UD Santoso,Sulawesi Tenggara
ff8a6465,Endra Maryati,"Accountant, chartered",CV Mandasari Tampubolon (Persero) Tbk,Maluku
d2f4a85b,Paiman Yuniar,Facilities manager,CV Prabowo,Sumatera Utara
297338a9,Tgk. Bakiman Suryono,"Engineer, electrical",UD Pratama (Persero) Tbk,Gorontalo
0ad2ff8c,Prayitna Thamrin,"Psychologist, forensic",Perum Uyainah Tbk,Nusa Tenggara Timur
63a94d6e,Olivia Purnawati,Risk manager,Perum Fujiati,Lampung
9306bfad,"Karja Budiman, M.M.",Facilities manager,CV Gunarto Lailasari,Sumatera Barat
7522658b,Lidya Hartati,Information systems manager,PD Hassanah Nashiruddin (Persero) Tbk,Riau
498f8ecb,H. Bakti Handayani,Telecommunications researcher,CV Andriani Yuliarti Tbk,Jawa Timur
e1a5e970,"Drs. Warsa Widiastuti, M.Pd",Management consultant,PD Wahyudin Prasetya,Sulawesi Tengah
aeccfcf0,Laila Pradana,Theatre manager,UD Lazuardi Gunarto,Sulawesi Tenggara
d16ab756,Kayla Prastuti,Mechanical engineer,PT Yuliarti Riyanti Tbk,Nusa Tenggara Timur
3b30ebee,Muni Prastuti,Civil Service fast streamer,PT Wibisono (Persero) Tbk,Kepulauan Bangka Belitung
d4507035,"Mahfud Adriansyah, M.M.","Production assistant, radio",PD Hassanah Halim Tbk,Maluku Utara
59d6ed3b,"Vanesa Yuniar, S.Sos",Jewellery designer,PD Marpaung Manullang (Persero) Tbk,Aceh
8e984156,"Gamanto Hutagalung, S.I.Kom","Designer, interior/spatial",UD Pratiwi,Kepulauan Riau
a04b1514,"Tgk. Janet Sihombing, M.Ak",Town planner,PD Waluyo Saefullah,Sulawesi Tengah
deab964e,"Hendri Wastuti, S.Sos",Tax adviser,CV Aryani Hutapea Tbk,Kalimantan Barat
556bb338,Zizi Prabowo,Training and development officer,UD Najmudin Mandala,Sulawesi Utara
22e0a53f,Violet Halimah,"Designer, ceramics/pottery",Perum Marbun Mayasari,Aceh
80ba1f0c,Dr. Rina Rajasa,Dispensing optician,PT Mayasari (Persero) Tbk,Kepulauan Riau
cabe4750,Gamblang Susanti,Speech and language therapist,CV Wijaya Tbk,Sulawesi Tengah
2afc6be9,"Cemplunk Pradipta, M.Farm","Engineer, site",Perum Kusmawati Manullang Tbk,Papua
8909bcee,Ir. Chelsea Samosir,Orthoptist,UD Simanjuntak,Papua Barat
a50cd9c1,"dr. Jessica Wahyudin, M.M.","Accountant, chartered certified",Perum Putra Budiman Tbk,Maluku Utara
837412d1,"Oni Yuniar, M.Kom.",TEFL teacher,PT Rajata Halim,Jawa Barat
f5f77e22,drg. Kartika Pudjiastuti,Furniture conservator/restorer,PD Hasanah Saefullah (Persero) Tbk,Kalimantan Barat
cfee24af,"Sutan Maryadi Simanjuntak, S.E.","Development worker, community",PD Winarsih Kurniawan,Papua Barat
ca7218c0,"Tgk. Luwes Hidayanto, M.Kom.",Corporate treasurer,PT Gunarto Suryono Tbk,Sumatera Selatan
c1ccd759,Makuta Wastuti,Archaeologist,PD Ardianto,Jawa Tengah
2b5da21a,Digdaya Gunarto,Accounting technician,Perum Najmudin,Kepulauan Bangka Belitung
1ee57d41,"Tgk. Martana Usamah, S.E.I",Multimedia programmer,PT Farida Tbk,Sumatera Selatan
f9b86011,Elma Rajasa,Print production planner,Perum Megantara Hassanah Tbk,Jambi
b9524d5d,Yuliana Januar,Colour technologist,PT Hidayanto Halimah,Kalimantan Utara
90d3b8d5,"drg. Liman Manullang, S.Sos",Psychiatric nurse,PD Budiman Tbk,Sumatera Barat
e7eeaaff,Drs. Budi Puspasari,Hotel manager,PD Kuswandari Tbk,Lampung
c71367bf,"Drs. Panji Kurniawan, M.Ak",Sports coach,PT Hutasoit,Sumatera Barat
321e08da,Olivia Nashiruddin,Ecologist,Perum Latupono,Jawa Tengah
77326ffb,"Caturangga Gunawan, S.Psi",Music therapist,PT Manullang Tbk,Sulawesi Barat
a72a724a,"Drs. Cinta Napitupulu, M.Farm",Sales executive,UD Kusumo,Nusa Tenggara Barat
3885f195,"R.M. Luis Wacana, M.Ak","Administrator, education",UD Tamba (Persero) Tbk,Kalimantan Utara
28d74a01,"Cahya Puspasari, S.Pd","Psychologist, prison and probation services",PT Wijaya Thamrin Tbk,Jawa Tengah
63ec6723,Ibun Sitorus,Exhibition designer,PD Widiastuti Tbk,Jambi
a404a0c9,"Jaswadi Susanti, M.Kom.",Passenger transport manager,UD Lailasari Tbk,Sulawesi Utara
f7da0d80,R. Silvia Tarihoran,Emergency planning/management officer,PD Wacana Mulyani,Sulawesi Selatan
b821c3f8,Raden Wacana,Visual merchandiser,PT Mangunsong Sudiati Tbk,Kalimantan Utara
b91ce7a8,Eli Hutasoit,Marketing executive,UD Mahendra Maryati,Sumatera Barat
c552919e,"drg. Syahrini Adriansyah, M.Kom.",Research scientist (physical sciences),CV Pratiwi Rahimah,Gorontalo
cf3259f6,Cakrawangsa Prasasta,"Horticulturist, amenity",CV Wasita Winarsih,Jawa Timur
8742c5a0,Tgk. Kezia Yuliarti,Theatre stage manager,PD Pradipta Tbk,Riau
c405b7ad,"Gawati Irawan, S.E.",Higher education careers adviser,PT Habibi Rajata,Jawa Timur
085d396d,Ciaobella Situmorang,"Nurse, adult",PT Suwarno (Persero) Tbk,Sulawesi Tenggara
e7967278,Langgeng Wijayanti,"Geologist, wellsite",Perum Mandasari Rahmawati,DKI Jakarta
a0595642,Laras Wibowo,Set designer,PD Sihotang (Persero) Tbk,Sulawesi Tenggara
2165afb3,"dr. Karma Mayasari, S.Farm",Quality manager,CV Siregar Tbk,Papua Barat
189982ca,Prayogo Pratiwi,Actor,CV Iswahyudi Permadi (Persero) Tbk,Riau
f34e5090,Ilsa Januar,Bookseller,PT Yuliarti,Sumatera Utara
42d6bb83,"Bakti Hassanah, S.Psi","Teacher, music",PD Hariyah Fujiati,Sulawesi Barat
548d809f,"Kania Sitorus, M.Pd",Oncologist,CV Novitasari Tbk,Aceh
e8e5a79b,Balidin Manullang,Sports development officer,UD Tampubolon Sitorus (Persero) Tbk,Kalimantan Tengah
e714b351,Ganjaran Nugroho,Publishing copy,PD Anggraini Hutagalung (Persero) Tbk,Jawa Timur
d803fad1,Bahuwirya Prakasa,Air cabin crew,PD Waluyo Maryadi,Lampung
0d828c83,"Dt. Karsana Hartati, S.E.I",Health promotion specialist,CV Hartati Prasetya,Jawa Barat
da42b1ab,Febi Nasyiah,"Engineer, maintenance (IT)",CV Gunarto Mahendra,Jawa Tengah
bdba0478,"dr. Elvina Usada, S.Kom","Engineer, manufacturing",UD Prasetyo (Persero) Tbk,Maluku Utara
e5218091,Argono Siregar,Economist,UD Melani,Sulawesi Tengah
4feacb2c,Hasna Wibisono,Sports coach,CV Damanik,Sumatera Utara
2097bf1c,Sarah Prakasa,Professor Emeritus,PT Usamah,Kalimantan Tengah
f4f6ce71,Setya Nuraini,Tourism officer,UD Wijayanti Tbk,DI Yogyakarta
2ab76523,Baktiono Putra,Tourist information centre manager,CV Nashiruddin,Sumatera Barat
11f03cea,"Saadat Winarno, M.M.",Radio broadcast assistant,PT Zulkarnain Yuniar Tbk,Sulawesi Selatan
a6745255,"Jaiman Hassanah, S.I.Kom",Glass blower/designer,PT Marbun,Sulawesi Tenggara
1658883f,dr. Ajeng Santoso,Training and development officer,PD Laksita Kusumo Tbk,Maluku Utara
353cc2bd,"Simon Prayoga, S.Pt",Environmental consultant,CV Nababan (Persero) Tbk,Sumatera Selatan
9ef48015,"Mahdi Agustina, M.Kom.",Operations geologist,PD Hariyah Situmorang,Jawa Tengah
245ba32b,Nurul Mustofa,Brewing technologist,UD Ramadan Putra,DKI Jakarta
42e0a417,Yulia Yolanda,Careers adviser,PD Sudiati Maheswara (Persero) Tbk,Papua Barat
50e9276c,Prayoga Saptono,Chief Operating Officer,Perum Zulaika (Persero) Tbk,Sulawesi Selatan
e6a7f40b,Cahyo Wahyuni,Television production assistant,UD Nasyidah,Gorontalo
ff71facd,Yosef Ramadan,Community pharmacist,Perum Pudjiastuti Tbk,Sumatera Selatan
e2871e78,R.M. Raditya Hutapea,Television production assistant,CV Prasasta Tbk,Nusa Tenggara Timur
f946cd16,Hafshah Mayasari,Site engineer,Perum Anggriawan,Jambi
2f4cf0e5,Malika Saefullah,"Engineer, technical sales",UD Saputra Tbk,Sumatera Utara
d6343bbc,Harjasa Saefullah,Production engineer,UD Haryanti Hassanah,Jawa Tengah
78b869d3,Hana Pratiwi,"Administrator, arts",UD Hakim Adriansyah,Jawa Timur
ab70e229,Safina Padmasari,"Surveyor, hydrographic",CV Handayani Permadi Tbk,Banten
ca4c12c4,Mujur Nasyidah,Environmental consultant,UD Mulyani Nababan Tbk,Kepulauan Bangka Belitung
6fdfd469,Dasa Prakasa,"Biochemist, clinical",PD Mahendra,Bali
5b419215,Prima Hassanah,Hydrologist,Perum Kurniawan (Persero) Tbk,Gorontalo
f39212bf,Ir. Murti Prakasa,Barrister's clerk,PT Mahendra Mansur Tbk,Sumatera Utara
5fb5a06b,Mustika Hidayat,Retail banker,Perum Haryanto,Nusa Tenggara Barat
4128c9bc,drg. Cinthia Dongoran,Minerals surveyor,PD Novitasari Tbk,DI Yogyakarta
8b49039c,Kawaca Wulandari,Museum education officer,CV Mardhiyah,Sulawesi Selatan
a5840bd3,"Nurul Prasetya, M.Pd",Research scientist (life sciences),Perum Widiastuti,Gorontalo
e5c4a60e,"Zizi Hartati, S.Sos",Energy engineer,Perum Kusmawati Fujiati Tbk,Sulawesi Tengah
1c04f575,Panca Jailani,"Journalist, newspaper",CV Anggriawan Tbk,Sumatera Utara
ddab474a,R.A. Carla Susanti,Pension scheme manager,PD Rahimah (Persero) Tbk,Gorontalo
c3966922,"Tgk. Damar Utama, S.I.Kom",Publishing rights manager,PD Mandala (Persero) Tbk,Lampung
4383ecc3,Dariati Utama,Immigration officer,PD Mayasari,Kalimantan Barat
e692c4d1,Padma Waluyo,Occupational therapist,CV Tamba Lestari Tbk,Sumatera Selatan
282e5cba,Rahmi Riyanti,Dance movement psychotherapist,PT Zulkarnain Simbolon Tbk,Maluku
ec190de0,Tasnim Utama,"Producer, television/film/video",PD Hakim,Sumatera Selatan
7e6202dc,"dr. Asirwada Suryatmi, M.Kom.",Medical illustrator,PD Saptono Pangestu (Persero) Tbk,Sulawesi Barat
d04de666,Kezia Zulaika,Materials engineer,PD Rajasa Najmudin (Persero) Tbk,Sumatera Barat
03fa2fd8,Maras Marbun,Adult nurse,PD Dabukke,Nusa Tenggara Timur
b8108d3f,"T. Mahfud Hastuti, S.Ked",Barrister's clerk,PT Maryati Wasita Tbk,Kalimantan Barat
b6b8c5ba,"Elisa Pudjiastuti, M.M.",Equities trader,CV Simanjuntak Pangestu,Kepulauan Riau
0b5733d0,Mutia Zulaika,Interpreter,CV Usada Suartini (Persero) Tbk,Maluku
5c54b711,Humaira Megantara,"Geologist, wellsite",Perum Prasetya (Persero) Tbk,Papua Barat
c5e1e785,"R.A. Natalia Padmasari, S.E.I",IT technical support officer,PT Suwarno Maryadi,Jawa Timur
9822e165,"Bahuwirya Dabukke, S.Ked",Geophysical data processor,PD Hakim,Kepulauan Bangka Belitung
bbe2bf08,Intan Susanti,Television camera operator,PD Winarsih Utama Tbk,Gorontalo
1e5f7337,Unjani Wahyuni,"Pharmacist, hospital",CV Marpaung Damanik,Maluku Utara
55286255,Mursinin Mayasari,Air broker,PD Hardiansyah Firmansyah Tbk,Nusa Tenggara Timur
c0aba312,"KH. Panca Hastuti, S.IP",Naval architect,CV Namaga,Gorontalo
b02c9b78,"Jaswadi Megantara, S.Sos",Paediatric nurse,CV Suryatmi Handayani,Kalimantan Barat
5a03b8cd,"R.A. Paulin Saptono, M.M.",Architectural technologist,CV Susanti Tbk,Bengkulu
e5407e85,Rendy Hutasoit,Media buyer,Perum Saputra Kuswandari Tbk,Kalimantan Barat
7a3ea991,Humaira Susanti,Recycling officer,CV Siregar (Persero) Tbk,Kalimantan Barat
4b89848f,"Nyoman Marpaung, S.T.",Media planner,PT Hariyah Tbk,Jawa Barat
789955ba,Kemal Kuswoyo,Energy manager,PT Wahyuni Mandasari,Jambi
b26f78ab,"Nasab Halimah, S.Pd","Optician, dispensing",PT Winarsih Uwais,Kalimantan Barat
b3937e93,dr. Mustofa Suartini,Structural engineer,PD Jailani Suryono,Sulawesi Tengah
a75bfa84,Lanang Hartati,Diagnostic radiographer,Perum Yulianti Yulianti (Persero) Tbk,Jawa Timur
8308ebe3,Cut Dian Uyainah,Catering manager,PD Zulaika Irawan Tbk,Aceh
ec0cd33a,Nilam Mansur,Intelligence analyst,CV Setiawan Sihombing,Sulawesi Tenggara
2e64615c,R. Praba Prasetya,Sports development officer,PT Usamah Usamah,Riau
92459840,"Restu Mardhiyah, S.Kom","Doctor, hospital",CV Pangestu,Kalimantan Selatan
f35c0838,Kala Winarsih,Sports administrator,Perum Haryanto Gunarto,Banten
f15b445c,Yance Megantara,Tourist information centre manager,Perum Marbun Damanik,Lampung
65080c84,Citra Farida,"Research officer, political party",Perum Pradana Tbk,DKI Jakarta
56927f5f,Arta Prasetya,IT technical support officer,Perum Mangunsong Rajasa Tbk,Sulawesi Selatan
04e6320e,Sadina Natsir,Audiological scientist,Perum Hassanah (Persero) Tbk,Papua Barat
8087d4b2,Jessica Firgantoro,"Engineer, chemical",CV Pratama Tbk,Nusa Tenggara Timur
7ccdd7cd,dr. Tina Jailani,Mudlogger,UD Jailani Habibi Tbk,Bali
4cc203e9,Aditya Narpati,Theatre stage manager,CV Napitupulu (Persero) Tbk,Riau
63177e9d,Radit Prakasa,Banker,Perum Suryatmi Narpati (Persero) Tbk,Nusa Tenggara Timur
761c832d,Tirtayasa Dabukke,Television camera operator,PT Pangestu Tbk,Sumatera Selatan
da1f5c63,Ilsa Saefullah,"Pilot, airline",CV Waskita Wibowo (Persero) Tbk,Gorontalo
b13024b5,Atma Mandala,Sports coach,UD Wahyudin Haryanto (Persero) Tbk,Maluku Utara
dbea20d0,Safina Nashiruddin,"Psychologist, educational",PD Susanti Uyainah (Persero) Tbk,Maluku Utara
891b34a1,Langgeng Mardhiyah,Musician,UD Halim (Persero) Tbk,Kalimantan Barat
7970dbe9,Ira Firmansyah,Clinical research associate,UD Riyanti Pudjiastuti,Bengkulu
615b082a,Tania Nuraini,Financial planner,PD Rahimah Wacana (Persero) Tbk,Jambi
ec699330,Elvina Purwanti,Actor,PT Nasyiah,Jambi
786468ba,Jane Hariyah,"Development worker, international aid",UD Siregar,Bengkulu
9a1753ca,Mustofa Natsir,Hydrogeologist,PT Mardhiyah Tbk,Bengkulu
7c6e7772,"Tgk. Margana Anggriawan, S.Kom",Office manager,CV Mahendra Sihombing,Sulawesi Selatan
7f3d449a,Fitriani Puspita,Insurance claims handler,PD Suryatmi Sitompul (Persero) Tbk,Sulawesi Barat
c7230119,Ir. Jaiman Winarsih,Financial manager,PT Safitri Marbun Tbk,Lampung
98ddfa70,Rama Januar,Mining engineer,Perum Sirait Tbk,Jawa Barat
0b0d88c6,Keisha Rajasa,"Designer, multimedia",UD Tarihoran (Persero) Tbk,DKI Jakarta
b529e269,"Puti Ciaobella Firmansyah, S.Pt",Research scientist (maths),UD Thamrin Tbk,Bali
1969c47c,Zulfa Pudjiastuti,Advertising account planner,PT Kuswandari Mulyani (Persero) Tbk,Papua Barat
afb7b1ec,"Hj. Hamima Haryanti, S.H.",Corporate treasurer,Perum Kuswandari,DKI Jakarta
28c343e2,Cahya Hutapea,Jewellery designer,Perum Winarsih,Bali
a88a9155,Samsul Iswahyudi,Tour manager,UD Prabowo Mandala,Gorontalo
c8f32742,"Drs. Michelle Gunarto, S.I.Kom",Holiday representative,UD Palastri,Gorontalo
4e8d6851,Okto Puspasari,Database administrator,PD Simbolon Farida Tbk,Gorontalo
e9ac9454,R. Jarwa Mayasari,Charity fundraiser,Perum Marpaung,Papua
7e8b8da9,"Tgk. Maryadi Kuswandari, M.Farm",Herbalist,CV Habibi,Kalimantan Selatan
6f3cb135,"Tina Yulianti, S.T.",Print production planner,UD Hastuti,Bali
101d3d43,drg. Cecep Nashiruddin,Psychiatrist,PT Hasanah Permadi Tbk,Jawa Barat
a60cba82,"Dian Rajata, S.Ked","Scientist, clinical (histocompatibility and immunogenetics)",PD Mangunsong,Kepulauan Riau
53615a94,Mahdi Wibowo,"Surveyor, hydrographic",CV Dabukke,Kalimantan Selatan
17f6c9e0,Jaswadi Irawan,Bookseller,UD Hidayanto Mangunsong (Persero) Tbk,Sumatera Barat
ac8a59a1,Waluyo Pertiwi,"Doctor, general practice",CV Pradipta,Sumatera Barat
deb0c6e6,drg. Kusuma Suryatmi,Occupational psychologist,CV Mayasari Tbk,Kalimantan Timur
82ab5282,Restu Permata,Analytical chemist,PT Dongoran,Sulawesi Tenggara
a54e62fa,"R.A. Fitria Laksita, S.E.","Secretary, company",UD Halim Hutapea (Persero) Tbk,Maluku
22d11493,Bella Yuniar,Medical secretary,CV Megantara Wasita,Sumatera Barat
2d904d7d,Mutia Waskita,Mental health nurse,PD Laksmiwati,Kalimantan Selatan
ef7bb4de,Tami Hakim,Travel agency manager,PT Manullang Budiyanto,Kalimantan Selatan
eb6c957e,"Ani Simanjuntak, S.Ked",Charity officer,PD Utama Tbk,Kepulauan Bangka Belitung
debdcf88,Ir. Pangeran Saragih,Transport planner,CV Yulianti Melani (Persero) Tbk,DI Yogyakarta
e72a825f,"R. Maria Napitupulu, S.H.",Stage manager,PD Laksita Tbk,Bengkulu
341e627b,"drg. Carla Januar, S.Psi",Clinical embryologist,Perum Rahimah Latupono Tbk,DI Yogyakarta
22fd10e4,dr. Hesti Waluyo,Photographer,Perum Rajasa,Nusa Tenggara Timur
47cd041c,Aurora Iswahyudi,"Surveyor, planning and development",PD Saputra,Jambi
cb02845e,Malik Mandala,Physiotherapist,PD Suryatmi Tbk,Sulawesi Tenggara
66e50139,"Kayun Kusumo, M.M.",IT consultant,PD Padmasari (Persero) Tbk,Jawa Timur
eadba8a5,"Nova Uyainah, M.Ak",Industrial/product designer,PT Simbolon Tbk,Sulawesi Utara
19a121aa,Carub Januar,Television camera operator,CV Maulana Tbk,Jambi
f69a00b1,"R. Carla Pradipta, M.Farm","Engineer, manufacturing",PT Halim,Bengkulu
d9e3a381,Gandi Nasyiah,Dealer,CV Nasyiah Lestari,Papua Barat
81d45c85,"drg. Dalimin Pratiwi, M.Kom.",Medical illustrator,PT Wahyuni Oktaviani,Sumatera Utara
be42b8e6,Drs. Devi Suryatmi,Meteorologist,CV Hartati Mayasari,Kalimantan Utara
63e1e090,Dr. Purwadi Suartini,Building services engineer,Perum Siregar Prasetyo Tbk,Sumatera Selatan
492c2a93,Wahyu Prasetya,Theatre director,PT Rahimah Prastuti Tbk,Sulawesi Tenggara
30a5f694,"Jasmani Tarihoran, S.Gz",Event organiser,UD Nurdiyanti Hutagalung,Jambi
ed20f3f5,Yunita Irawan,Government social research officer,PT Utama Usada (Persero) Tbk,DI Yogyakarta
ec654844,Chelsea Permadi,Editorial assistant,PT Hassanah,Sumatera Utara
a1b64280,dr. Wulan Maheswara,Barrister's clerk,PT Rahayu,Kalimantan Tengah
6df4633e,Hari Prasetyo,Archivist,Perum Hutagalung Putra (Persero) Tbk,Jawa Timur
395287ef,Danuja Sihombing,Glass blower/designer,CV Usamah Lailasari,Bengkulu
b41fae5d,"Laswi Pudjiastuti, M.Farm",Orthoptist,Perum Prasetya Tbk,Sumatera Barat
354f3b31,Jelita Nasyiah,"Surveyor, commercial/residential",PD Fujiati (Persero) Tbk,Sumatera Utara
2ebdf2aa,Teguh Napitupulu,Industrial buyer,CV Sirait Hariyah,DI Yogyakarta
65e19d9e,Baktiono Purwanti,"Psychologist, clinical",CV Kusumo (Persero) Tbk,Kepulauan Riau
03eb882c,Drs. Lulut Hutagalung,"Engineer, automotive",UD Saefullah Mandasari (Persero) Tbk,Jawa Timur
bacab2e4,Naradi Nasyidah,Hospital doctor,UD Wahyuni,Sulawesi Selatan
a28aebd2,"Tgk. Jayadi Prakasa, S.I.Kom","Education officer, community",UD Hardiansyah,Sulawesi Tengah
aff9feab,Balijan Dabukke,"Engineer, petroleum",Perum Sudiati,Kalimantan Tengah
6dbc3880,Mursita Marpaung,Gaffer,PT Manullang Wijayanti (Persero) Tbk,Nusa Tenggara Barat
0da17438,Sutan Kusuma Hardiansyah,"Physicist, medical",PT Yuniar Nasyidah,Banten
ee107d22,Darmanto Gunarto,"Engineer, electronics",CV Gunarto Prabowo Tbk,Jawa Barat
7d924d18,Jati Marpaung,"Education officer, environmental",Perum Simanjuntak Mandasari,Sumatera Utara
423e218c,Michelle Prasetyo,Public affairs consultant,UD Wulandari Prasasta (Persero) Tbk,Sulawesi Tengah
bff30ca9,"Gading Wasita, M.Farm",Air traffic controller,PT Andriani (Persero) Tbk,Kalimantan Timur
562abe5d,Atma Handayani,Warden/ranger,PT Sihombing,DI Yogyakarta
b3dabd10,Drs. Kayla Lestari,Analytical chemist,UD Waluyo Tbk,Kalimantan Tengah
eb967c83,Fathonah Zulaika,Police officer,PD Halim,DKI Jakarta
24461513,Dt. Adikara Gunawan,"Psychologist, educational",UD Prasasta (Persero) Tbk,Kalimantan Selatan
f5f2f647,"Putri Mansur, S.Pt",Best boy,PD Budiyanto,Jawa Tengah
1f430fae,Marsito Yulianti,Social worker,CV Padmasari,Papua
6eaae522,Nugraha Mandala,Sports therapist,PT Gunawan Tbk,Lampung
e568bb2e,Queen Lailasari,Fish farm manager,UD Prabowo Wibowo (Persero) Tbk,Papua Barat
4bcd56b8,Kajen Wulandari,Environmental consultant,CV Manullang (Persero) Tbk,Nusa Tenggara Timur
a56f9499,drg. Cinta Wasita,Fashion designer,Perum Maulana Hastuti (Persero) Tbk,Sulawesi Tenggara
0b0ec46b,Harto Yulianti,Speech and language therapist,PT Wahyuni,Maluku Utara
37f571d5,drg. Cahya Pratiwi,Personal assistant,UD Sihombing Santoso (Persero) Tbk,Papua
a9284a97,"Drs. Yani Pudjiastuti, S.Psi","Lecturer, higher education",PD Nashiruddin (Persero) Tbk,Kepulauan Riau
ceacfd41,"Maryanto Yolanda, M.TI.",Contractor,CV Dabukke Mulyani Tbk,Jawa Tengah
f0723fb7,Laswi Laksmiwati,Training and development officer,Perum Suwarno (Persero) Tbk,Kalimantan Tengah
752c4e26,Edi Prabowo,Chemical engineer,UD Halim,Bali
10eb4691,"Muhammad Aryani, S.Ked",Chief Executive Officer,UD Hutagalung,Aceh
9d90b1df,Bahuraksa Budiman,Museum/gallery curator,CV Mandasari (Persero) Tbk,Nusa Tenggara Timur
1c9466af,"R. Devi Zulaika, S.IP",Surgeon,PT Habibi Tbk,Papua Barat
dd4665d1,Parman Uyainah,Further education lecturer,Perum Mardhiyah Novitasari,Sulawesi Barat
f085905d,R. Banara Winarsih,Social researcher,UD Wijaya,Kalimantan Barat
f6530aea,"Jamalia Yuniar, S.Sos",Television/film/video producer,PD Lestari Thamrin,Sulawesi Tengah
e3240704,"Tantri Agustina, S.H.",English as a second language teacher,UD Suartini Tbk,Jambi
57b39ead,Makuta Palastri,Stage manager,UD Pertiwi,Maluku
4ebf9ac5,Tgk. Eka Yolanda,Community arts worker,UD Prastuti (Persero) Tbk,Kepulauan Riau
cc971525,"Shakila Pangestu, S.Psi",Sports administrator,CV Yolanda (Persero) Tbk,Aceh
dd59830e,Paramita Palastri,Operations geologist,UD Kuswoyo Rahimah,Sulawesi Selatan
57baea0a,Ir. Asirwanda Situmorang,Structural engineer,PD Pradana,Kalimantan Selatan
44c4eefc,Janet Mangunsong,Communications engineer,Perum Halimah Prasetya,Maluku
32566360,Jinawi Kurniawan,Barrister's clerk,Perum Simanjuntak Widodo Tbk,DKI Jakarta
0810db99,Gina Maheswara,Health and safety adviser,PD Hidayat Yolanda (Persero) Tbk,Jambi
c0ef6c61,"Lasmono Wijaya, S.Gz",IT technical support officer,Perum Prakasa Suryatmi,Bali
d04d6c0e,Mariadi Susanti,"Scientist, research (life sciences)",PD Mandasari Tbk,Kalimantan Tengah
7849bb73,Nadine Firmansyah,Control and instrumentation engineer,PT Saragih,Sulawesi Tenggara
cec17a2e,"Zelaya Sitompul, S.IP",Diagnostic radiographer,CV Rajata (Persero) Tbk,Kepulauan Bangka Belitung
8a50d0fe,"R. Faizah Utama, S.IP",Medical laboratory scientific officer,UD Gunawan (Persero) Tbk,Kalimantan Selatan
4802305a,Reksa Saputra,Banker,Perum Puspasari (Persero) Tbk,Sulawesi Tenggara
b3da37ee,Candrakanta Saptono,Optometrist,UD Wibowo,Kalimantan Timur
d337372c,Hj. Febi Nainggolan,Air cabin crew,PD Siregar (Persero) Tbk,Sumatera Selatan
1afdcc0f,Putri Hasanah,Paediatric nurse,Perum Hariyah,Papua
965a71a2,"Hari Puspita, S.Psi",Multimedia specialist,PD Dabukke Tbk,Kalimantan Utara
19966884,Mala Pratama,Film/video editor,PT Padmasari (Persero) Tbk,Sulawesi Utara
a02d7680,Tri Sudiati,"Surveyor, insurance",PT Palastri (Persero) Tbk,DKI Jakarta
ed5e64f1,"Zulfa Siregar, S.T.","Engineer, aeronautical",UD Fujiati Padmasari Tbk,DI Yogyakarta
61ee2800,Purwa Zulkarnain,Trade mark attorney,UD Fujiati Setiawan,Jambi
a4bbecfe,Titin Prastuti,Public relations officer,CV Hidayat,Sulawesi Selatan
653bba1d,Cindy Wulandari,"Surveyor, mining",Perum Widodo Tbk,Sumatera Barat
f23c5805,Yessi Mandala,Building surveyor,CV Ardianto (Persero) Tbk,Riau
7668efe2,Capa Waluyo,Waste management officer,PT Winarsih,Bengkulu
d7ab4214,"H. Asmianto Rahimah, S.Farm","Psychotherapist, child",PD Handayani Prasetya,Kalimantan Timur
7f5518d0,"T. Radit Wibisono, S.E.",Product/process development scientist,PT Hakim,Sumatera Barat
1c2ef4f3,Halima Dabukke,Chief Technology Officer,CV Permata,Papua
73111a54,Mahesa Purwanti,Chief Operating Officer,PD Nasyiah,Bengkulu
d6943a76,"Keisha Situmorang, M.Farm",Ambulance person,Perum Manullang Jailani,Maluku
a06bc2c0,"R. Syahrini Winarno, S.Pt",Broadcast engineer,UD Widiastuti Situmorang,Papua Barat
8169a811,Gadang Yolanda,Public relations officer,PD Lazuardi Sihombing Tbk,Nusa Tenggara Timur
a227c48a,Jasmin Haryanto,"Lecturer, further education",UD Mandasari (Persero) Tbk,Kalimantan Timur
510b1de9,Ajeng Permata,Local government officer,PD Manullang Santoso Tbk,Banten
4d490b2e,Zelda Mustofa,Chartered public finance accountant,UD Padmasari,Aceh
00be726c,Tgk. Ani Sinaga,Advice worker,Perum Winarno,Sulawesi Tengah
0bfcef85,Juli Habibi,Government social research officer,CV Puspasari Tbk,Sumatera Selatan
1306fed0,Salimah Wijayanti,Marine scientist,CV Nugroho Uyainah (Persero) Tbk,Nusa Tenggara Barat
96dec9cb,Pranawa Mahendra,"Programme researcher, broadcasting/film/video",UD Halimah Tbk,Jawa Barat
800c2a15,Mulyono Mandasari,Communications engineer,PT Anggriawan Tbk,Jambi
94f569a5,"Ir. Juli Prabowo, S.Farm",Education administrator,PT Pertiwi Sihotang Tbk,DI Yogyakarta
affc9494,"Dr. Putri Rajata, S.H.","Sales professional, IT",CV Prayoga,DI Yogyakarta
020f5609,Paulin Permata,"Teacher, special educational needs",UD Sudiati Yuliarti,Papua Barat
c8eee1aa,Hendra Gunarto,Restaurant manager,CV Lazuardi,Jawa Timur
b35d4c5e,"dr. Bahuraksa Farida, S.Ked",Psychotherapist,PT Maryadi,Kepulauan Riau
ad5c8469,Ciaobella Saragih,Occupational hygienist,UD Pudjiastuti Laksmiwati,Maluku
fda1ffd0,"Cinta Situmorang, M.Ak","Administrator, Civil Service",UD Widodo Tbk,Gorontalo
f0891ac4,Ajiono Dabukke,Insurance broker,CV Usada Nababan Tbk,Papua Barat
ee3996f5,Hasna Mardhiyah,"Research officer, trade union",UD Usamah Santoso,Sulawesi Tenggara
bd297387,"Cahyanto Wahyuni, M.Pd",Clinical molecular geneticist,PD Thamrin Tbk,Aceh
a6a8f66a,Drs. Gatot Sinaga,"Engineer, electrical",CV Tampubolon Tbk,Kalimantan Timur
728b186a,"Janet Wahyudin, M.TI.",Furniture conservator/restorer,PT Tarihoran,Sulawesi Selatan
be969e20,Cahyadi Najmudin,Publishing rights manager,PT Handayani Wasita (Persero) Tbk,Nusa Tenggara Timur
cd3e5713,"Rahayu Simanjuntak, S.Sos","Designer, blown glass/stained glass",CV Zulkarnain,Maluku Utara
b71acf51,Patricia Pranowo,Energy manager,Perum Setiawan,Bali
0b846155,Eja Riyanti,"Embryologist, clinical",CV Yolanda (Persero) Tbk,DI Yogyakarta
79453d2a,Drs. Narji Wahyudin,"Librarian, public",CV Uwais,Papua Barat
6b235634,"Ir. Melinda Saputra, S.I.Kom",Arts administrator,PD Melani Prakasa (Persero) Tbk,Kalimantan Utara
4f2f1dcc,Mariadi Winarsih,Technical sales engineer,UD Haryanto,Aceh
b8f60f85,Lidya Sudiati,"Production assistant, television",UD Prasetyo,Papua Barat
88415c0f,"Ir. Ajiman Hidayat, M.Pd",Production manager,UD Hutasoit Tbk,DI Yogyakarta
9a7da2df,R.A. Rahayu Nasyidah,Chartered certified accountant,PT Saragih Waskita (Persero) Tbk,Banten
7c43fa80,Dacin Manullang,Financial controller,CV Wibowo Kuswandari,Kalimantan Tengah
06ae89df,Bahuraksa Kuswoyo,Licensed conveyancer,Perum Hidayat Tbk,Gorontalo
ef646e8f,Ir. Jane Wijayanti,"Scientist, marine",UD Haryanto Wibisono Tbk,Nusa Tenggara Timur
f7486d51,"Puti Yessi Palastri, S.Psi","Scientist, forensic",PD Santoso (Persero) Tbk,Aceh
dadd81cb,Abyasa Siregar,"Production assistant, radio",PD Hidayanto,Jawa Barat
31212a0b,"Bella Januar, S.E.I",Food technologist,PD Permadi Yolanda (Persero) Tbk,Aceh
9db5d8f3,Yahya Anggriawan,Health physicist,PD Hutapea (Persero) Tbk,Sumatera Selatan
25852e88,Novi Utami,Copy,PD Nashiruddin (Persero) Tbk,Sumatera Barat
5306101b,Kamila Zulkarnain,"Therapist, drama",Perum Wacana (Persero) Tbk,Kalimantan Timur
8d4edda4,Azalea Pranowo,Press photographer,Perum Mayasari Tbk,Maluku Utara
a536154d,Diah Nainggolan,Economist,Perum Nainggolan,Bengkulu
1fe0c899,Jessica Anggriawan,Personal assistant,CV Prasetya (Persero) Tbk,Lampung
efb3a918,"Rika Prayoga, S.Kom",Counsellor,PD Simanjuntak Nurdiyanti Tbk,Nusa Tenggara Timur
536805ef,Ifa Agustina,Firefighter,Perum Usamah,Papua Barat
c1be23c8,Bagiya Halim,"Lecturer, further education",PD Nuraini Prasasta Tbk,Lampung
9088dd3d,Siska Prasasta,Arboriculturist,UD Putra (Persero) Tbk,Jawa Tengah
8ea28c28,Ismail Natsir,"Conservator, museum/gallery",PT Saputra,Kalimantan Tengah
d1372fa0,Okto Farida,Television camera operator,PD Prabowo Tbk,Kalimantan Barat
167c2b36,Harto Prasetyo,Editorial assistant,PD Situmorang Mulyani,Kalimantan Tengah
07412896,"T. Gading Suryatmi, M.M.",Press sub,PT Saragih (Persero) Tbk,Banten
cec4d4c9,"Maryadi Suartini, M.Ak",Chemical engineer,UD Agustina,Jambi
2b47988c,Cahyono Fujiati,Equities trader,CV Sihotang,Jawa Timur
20309cb5,"Bella Puspasari, M.Pd",Actor,PT Natsir,Papua
e49130f3,T. Artanto Iswahyudi,IT sales professional,PT Wulandari,DKI Jakarta
d487f063,Indra Marbun,Company secretary,UD Hardiansyah Pradipta,Nusa Tenggara Timur
b083d25f,"H. Jarwa Sirait, S.H.","Engineer, building services",UD Pudjiastuti,Jambi
94d6043d,"T. Emong Laksmiwati, S.H.",Dance movement psychotherapist,PD Nasyidah Ardianto Tbk,Kalimantan Selatan
ee5d65b6,"Cut Eka Kurniawan, M.Kom.","Engineer, production",UD Purwanti Novitasari,Jawa Tengah
bf8ce46d,Raina Permadi,"Geneticist, molecular",PD Wulandari (Persero) Tbk,Sumatera Utara
84a99d9c,"KH. Cahyanto Hidayat, S.T.",Jewellery designer,PT Kusumo Siregar (Persero) Tbk,Gorontalo
b4caf21c,Karimah Kusumo,Occupational psychologist,Perum Sinaga Napitupulu (Persero) Tbk,Aceh
c188576d,"Yessi Gunawan, M.Kom.",Restaurant manager,Perum Hartati Halimah,Gorontalo
c63e9dee,Prasetyo Wahyuni,Camera operator,UD Saefullah Permadi Tbk,Maluku
2f1eeb70,Eva Haryanto,Systems analyst,PT Mandala (Persero) Tbk,Kepulauan Bangka Belitung
9cdfbab2,Luhung Wacana,Community development worker,UD Hutagalung Tamba,Sulawesi Utara
74103f78,Sutan Margana Pertiwi,Oncologist,PD Zulkarnain Zulkarnain Tbk,Nusa Tenggara Timur
fe906df3,Fitria Suartini,"Engineer, automotive",CV Nababan Rajasa (Persero) Tbk,Papua
c3fc5b63,Eja Adriansyah,Biomedical engineer,UD Adriansyah Tamba,Kalimantan Tengah
a7e1b8b9,Septi Zulaika,"Psychotherapist, dance movement",UD Marpaung,Banten
bc241a11,Bakti Fujiati,"Surveyor, rural practice",CV Tarihoran Tbk,Maluku Utara
e5cc8083,"Carub Usamah, S.Ked","Engineer, building services",CV Safitri Wahyudin (Persero) Tbk,Sulawesi Utara
c2834092,drg. Dian Budiyanto,Animal nutritionist,UD Natsir Kurniawan Tbk,Sulawesi Selatan
a358af63,Vino Firgantoro,"Presenter, broadcasting",UD Winarsih Tbk,Kepulauan Bangka Belitung
15263ce6,"Hairyanto Permata, S.E.I",Glass blower/designer,PD Nurdiyanti (Persero) Tbk,DI Yogyakarta
8676e85c,Cakrawala Nurdiyanti,"Exhibitions officer, museum/gallery",UD Suryono Nuraini,Sumatera Utara
6d709264,drg. Dian Mardhiyah,Interior and spatial designer,PD Hariyah Laksita,Riau
7aa95399,Yance Permata,Curator,PT Anggriawan (Persero) Tbk,Sulawesi Utara
bcdd92b8,"Dt. Cecep Susanti, S.Ked",Barrister,UD Hassanah Tbk,Kalimantan Selatan
af9abb38,Ella Utami,Musician,PD Haryanto Widodo,Jawa Tengah
6c20f546,"dr. Kasiyah Budiman, S.E.I",Investment analyst,CV Nugroho Halim,Lampung
ccc85af6,Ian Irawan,Applications developer,PD Suartini (Persero) Tbk,DI Yogyakarta
0be60f85,Among Marpaung,Tour manager,Perum Rahayu Puspasari (Persero) Tbk,Gorontalo
a0554a38,"Kezia Gunawan, S.Psi",Child psychotherapist,Perum Tampubolon Mangunsong (Persero) Tbk,Papua
aebad4b5,dr. Alika Ardianto,Geochemist,CV Kurniawan Laksita Tbk,Nusa Tenggara Timur
2b0f77bf,Atma Widodo,Haematologist,PT Sihombing Pradana,Sumatera Utara
2b523f40,"Daniswara Hakim, S.Pd",Contractor,PD Firgantoro Winarno Tbk,Papua
e764701e,Kania Safitri,Waste management officer,UD Widodo Tbk,Jambi
09eed2a6,"Ulya Astuti, S.Pd",Planning and development surveyor,Perum Irawan Yuliarti,Kalimantan Barat
39ea29d3,Mumpuni Dongoran,"Engineer, energy",PT Puspita Ardianto Tbk,Jawa Tengah
a7576e7a,"H. Ozy Pradana, S.IP","Scientist, biomedical",UD Pudjiastuti,Sulawesi Tengah
94d3967d,"R. Rahayu Tampubolon, S.E.","Loss adjuster, chartered",PT Nugroho Tbk,Aceh
2f1b6821,"Nasab Kuswoyo, S.H.",Community development worker,Perum Manullang (Persero) Tbk,Sulawesi Tenggara
b2bf5172,"Galih Sirait, S.Pd",Tourism officer,PD Pratama,Gorontalo
b6dfb2d1,Drs. Wani Hutapea,"Scientist, research (physical sciences)",PT Wastuti Rajasa,Jambi
a4187a3e,Gasti Firgantoro,Barrister's clerk,UD Winarno Tbk,Sulawesi Selatan
f4357e1d,Karen Widodo,Building surveyor,PT Manullang Budiman Tbk,Nusa Tenggara Barat
471eb093,Carla Siregar,Farm manager,PT Saputra Usada (Persero) Tbk,Maluku
da30f130,Tania Iswahyudi,Animator,PT Andriani Habibi,Nusa Tenggara Barat
b8868e0c,Kezia Sirait,Recycling officer,CV Prakasa Gunarto Tbk,Papua Barat
b6b21e63,Akarsana Habibi,"Journalist, newspaper",PT Wibowo Tbk,Kalimantan Utara
11767085,"Maryanto Pradipta, S.IP","Surveyor, quantity",PD Prayoga,Sumatera Selatan
2f15b793,Sutan Kalim Salahudin,Music tutor,PT Pratiwi Tbk,Jawa Tengah
320049b8,"dr. Lasmono Nuraini, S.IP",Farm manager,UD Marpaung Firgantoro (Persero) Tbk,DKI Jakarta
8a4ceccb,"Rahmi Gunarto, S.I.Kom","Designer, blown glass/stained glass",CV Suryatmi,Sulawesi Tenggara
fbdf5189,Lamar Utama,Operational investment banker,PT Natsir (Persero) Tbk,Kalimantan Barat
bc3fd0f8,"Yuliana Kuswoyo, S.E.I","Horticulturist, amenity",PD Tamba,Nusa Tenggara Barat
9000688e,Dina Utami,Psychiatrist,UD Safitri Widiastuti,Kalimantan Utara
26e3f20f,"Rama Haryanto, S.I.Kom","Teacher, special educational needs",UD Uwais Tbk,Sumatera Utara
9597dc9b,Fitria Wasita,"Engineer, manufacturing",CV Farida (Persero) Tbk,Jawa Timur
51ed5fbd,"R.A. Lidya Winarno, S.T.",Agricultural engineer,CV Lestari Samosir Tbk,Sumatera Utara
3a935015,Edison Padmasari,"Pharmacist, hospital",PD Siregar Adriansyah (Persero) Tbk,Papua Barat
ceeb33e2,"Yuni Wahyudin, M.TI.",Financial trader,CV Prayoga Tbk,Maluku Utara
b13820c3,Tgk. Banara Rajata,Drilling engineer,PT Hariyah,Sulawesi Selatan
d2cd39e2,Puti Ulva Wijayanti,Barrister's clerk,PD Hassanah Irawan Tbk,Sulawesi Barat
f87510fa,"dr. Queen Wasita, S.Ked",Chief Executive Officer,Perum Mulyani Najmudin,Kalimantan Barat
38e2d37b,"dr. Azalea Rahmawati, S.H.","Loss adjuster, chartered",Perum Dabukke Tbk,Sulawesi Utara
cd6b6aa9,Zalindra Siregar,Astronomer,PD Yolanda Tampubolon Tbk,Kepulauan Riau
f1ce014e,Hadi Pratiwi,Oncologist,PT Budiman,Sumatera Selatan
2ab2ead0,Ir. Genta Nugroho,Broadcast journalist,UD Melani Tbk,Nusa Tenggara Timur
8cdec989,"Gading Simanjuntak, S.Kom",Health physicist,PT Laksmiwati Tbk,Bali
12dda1c2,"Nadine Nuraini, M.Farm",Community pharmacist,CV Mandala Laksita,Kalimantan Tengah
a8feb91e,Laila Zulaika,"Research officer, political party",PT Zulkarnain (Persero) Tbk,Sumatera Utara
a07b400b,drg. Almira Mandala,Bonds trader,Perum Najmudin,Gorontalo
96b02761,Prayoga Wahyudin,Chiropractor,PT Astuti Rajata,Sumatera Barat
d566c1fc,R. Dono Suryatmi,Advice worker,CV Firgantoro Hidayat Tbk,DI Yogyakarta
7c6aa437,Gawati Wibowo,Medical illustrator,CV Kusmawati Mandala Tbk,Jawa Timur
6072fc6b,Karna Ardianto,"Nurse, children's",UD Najmudin (Persero) Tbk,Banten
989ab50f,Rahmat Widodo,Administrator,PD Anggraini Usamah Tbk,DKI Jakarta
18c5006f,Maryadi Ardianto,Plant breeder/geneticist,PT Dongoran (Persero) Tbk,Sulawesi Selatan
6d5ba4f6,Aisyah Ramadan,Medical laboratory scientific officer,PT Ardianto Tbk,Kepulauan Riau
ccf622be,"Dr. Salman Tarihoran, S.Sos",Immunologist,PT Januar (Persero) Tbk,Gorontalo
594706da,Tania Habibi,"Research officer, trade union",CV Puspita,Sumatera Selatan
53676053,"Puti Maimunah Yolanda, S.T.",Water quality scientist,CV Suwarno Pudjiastuti (Persero) Tbk,Kalimantan Utara
15ac3d86,Reksa Narpati,Wellsite geologist,PT Hutapea (Persero) Tbk,Kalimantan Timur
e38aab68,"Indah Wasita, S.Kom",Environmental manager,CV Yuniar Dongoran,Jawa Barat
9d8eb49e,Wulan Nainggolan,Mechanical engineer,CV Salahudin Pradipta,Kepulauan Riau
f691cfe9,Malik Adriansyah,Housing manager/officer,PT Putra (Persero) Tbk,Papua Barat
04120c68,Empluk Kusmawati,Chartered management accountant,Perum Rajasa Siregar Tbk,Jawa Tengah
ff4a06d5,Qori Anggriawan,Special effects artist,CV Damanik Wahyuni (Persero) Tbk,Lampung
d7b74b19,"Dian Prasetyo, S.Kom",Audiological scientist,CV Lestari Maryati,Banten
21034a03,Gatra Kuswandari,Fine artist,CV Melani,Sumatera Utara
dce36d18,Rini Simbolon,"Nurse, learning disability",PT Tampubolon Megantara,Maluku Utara
560a6773,Sarah Natsir,Best boy,CV Setiawan Wijaya (Persero) Tbk,Sumatera Barat
9f39725f,"Dr. Catur Palastri, S.Farm",Lexicographer,CV Halimah,Kepulauan Riau
41132f80,"KH. Dadi Ardianto, S.Kom",Health promotion specialist,PT Tamba Pratiwi (Persero) Tbk,Kepulauan Riau
ffc1e990,Mala Lailasari,Pharmacologist,Perum Sudiati,Sulawesi Barat
e4c1ebec,Abyasa Saragih,"Clinical scientist, histocompatibility and immunogenetics",CV Situmorang (Persero) Tbk,Sumatera Selatan
0bf68bb6,"drg. Nurul Kusmawati, S.Sos","Lighting technician, broadcasting/film/video",Perum Riyanti Zulkarnain Tbk,Sumatera Selatan
73fb3e16,Imam Mardhiyah,Community pharmacist,CV Anggraini,Sumatera Selatan
79b0d740,Carub Kusmawati,Teaching laboratory technician,UD Utami Tbk,Maluku
dce8a5bb,Gamblang Padmasari,Secretary/administrator,PT Pranowo,Nusa Tenggara Timur
91127cf1,Rahmi Wahyuni,"Programmer, applications",PT Mayasari Tbk,Papua
435b0c8e,Mila Maheswara,"Engineer, energy",CV Nashiruddin Yolanda Tbk,Kalimantan Utara
37240523,Banawi Wastuti,Print production planner,PT Winarno Wahyudin (Persero) Tbk,Nusa Tenggara Timur
d8f7b090,Bakijan Tamba,"Administrator, Civil Service",CV Firgantoro (Persero) Tbk,Sulawesi Utara
bd66e0db,"Gatra Pertiwi, M.M.",Ceramics designer,CV Wasita,Bengkulu
42f32ffc,dr. Marsudi Pangestu,"Horticulturist, commercial",Perum Wibisono Maheswara (Persero) Tbk,Jambi
02d76367,KH. Tirta Winarno,"Journalist, broadcasting",CV Simanjuntak Kusmawati (Persero) Tbk,Sumatera Barat
b7a7f9af,Vanesa Riyanti,Building control surveyor,PD Waluyo Natsir,Sulawesi Barat
93fdc0ba,Cagak Mardhiyah,Equality and diversity officer,Perum Winarno Wulandari,Maluku Utara
51bddcec,"Ganep Purnawati, M.Ak",Psychotherapist,Perum Iswahyudi Uyainah,Sulawesi Tengah
867776a4,Zaenab Rahimah,"Teacher, primary school",Perum Melani (Persero) Tbk,Sumatera Utara
b75517bb,dr. Kania Anggraini,Herbalist,PT Sitorus,Sumatera Selatan
57b475cb,"Sutan Cemplunk Wastuti, S.Kom","Therapist, nutritional",UD Hasanah Ramadan Tbk,Banten
79c50019,Puput Hardiansyah,Paediatric nurse,UD Marpaung Budiman Tbk,Jawa Barat
97774cda,R. Darsirah Rajasa,Emergency planning/management officer,PD Farida,Kalimantan Utara
c99e1f63,"Lasmono Riyanti, M.M.",Barrister,UD Suryatmi,Sulawesi Selatan
513e382c,R.A. Hana Riyanti,Chief Strategy Officer,UD Hutasoit (Persero) Tbk,Sulawesi Selatan
58839401,dr. Cornelia Suwarno,Museum education officer,UD Haryanto Wibowo (Persero) Tbk,Maluku
8f31c198,Kiandra Marbun,"Engineer, civil (consulting)",CV Winarsih,Papua Barat
57d0c362,Dr. Tantri Samosir,"Programmer, applications",CV Usamah Utami (Persero) Tbk,Jambi
25a41be2,"Ajeng Agustina, S.I.Kom",Counselling psychologist,PT Gunarto Firgantoro,Aceh
3bfb45c3,Ella Mayasari,Public librarian,PD Manullang,Jawa Barat
b59ec0da,Olga Tarihoran,Administrator,PD Utami Utama,Jawa Timur
7f737ff3,Luhung Lailasari,Chiropractor,CV Mayasari,Jawa Timur
3ee6897d,dr. Wawan Lestari,Games developer,CV Budiman Habibi,DI Yogyakarta
14cf6d56,Zulfa Simbolon,"Radiographer, diagnostic",PD Uwais Tbk,Sumatera Selatan
34a7b685,Puti Ghaliyati Halimah,Camera operator,PT Tampubolon,Papua
15eb87d3,dr. Yessi Suartini,Patent examiner,UD Sihombing Hutapea (Persero) Tbk,Kalimantan Barat
b9c5ca8e,"Ir. Asmianto Winarsih, S.Sos",Barrister's clerk,Perum Permadi Tbk,Kalimantan Selatan
3ed150ed,Ghani Prakasa,Personal assistant,CV Usamah Prasasta,Banten
409e4534,"Jarwi Situmorang, M.Ak",Retail manager,PD Purnawati Ramadan,Lampung
9ea62951,Faizah Sihombing,"Engineer, manufacturing systems",PD Tampubolon Wasita (Persero) Tbk,Banten
b7f22fd4,Gilda Hutasoit,Intelligence analyst,CV Tamba Latupono (Persero) Tbk,Sumatera Utara
0a25edc3,Caraka Farida,Recycling officer,Perum Setiawan Tbk,Papua
bba95e00,Ade Lailasari,Passenger transport manager,UD Nashiruddin Rahmawati (Persero) Tbk,Maluku
8aabaaaa,"Hardana Prabowo, S.T.","Designer, ceramics/pottery",PT Firgantoro (Persero) Tbk,Sumatera Barat
32686ca5,Kartika Tampubolon,Market researcher,PT Halim Anggraini (Persero) Tbk,Kalimantan Barat
1408ab50,"Titin Namaga, S.Sos",Prison officer,PT Tampubolon Prakasa,Kalimantan Barat
06c51d40,"dr. Dadi Yolanda, S.Ked",Operational researcher,UD Maryadi Tbk,Banten
d93137ab,"drg. Zizi Pratama, S.IP",Photographer,Perum Fujiati Tbk,Maluku
4c94d270,Laksana Lazuardi,"Teacher, primary school",Perum Widiastuti,Kepulauan Riau
1149809c,Diana Latupono,"Editor, film/video",UD Handayani,Maluku
34e0bd0c,T. Budi Suryatmi,Counsellor,Perum Waluyo Zulkarnain,Kalimantan Tengah
d2d1b3f4,Laila Simbolon,"Investment banker, corporate",Perum Yuniar Saptono,Sulawesi Barat
60ce449c,Jumadi Mulyani,Financial planner,CV Budiyanto (Persero) Tbk,Kepulauan Riau
543d4ae1,"KH. Gandewa Pangestu, M.M.",Purchasing manager,Perum Hartati Puspita,Sulawesi Barat
d1f40426,"Ir. Ulva Firmansyah, M.Kom.",Speech and language therapist,UD Suwarno (Persero) Tbk,Gorontalo
9c8ff5a9,Putri Hastuti,Art therapist,PD Hariyah Prasetyo (Persero) Tbk,Gorontalo
b20d69c3,Chelsea Waskita,"Social research officer, government",CV Wulandari Utama,Jawa Timur
0a19936f,"Hj. Sadina Mayasari, S.Ked",Television floor manager,PD Nugroho Tbk,DI Yogyakarta
c0a28cd2,Eka Andriani,"Surveyor, insurance",CV Mayasari Uwais,Jawa Timur
5c2f3440,Paramita Novitasari,"Designer, industrial/product",CV Hutapea Purnawati Tbk,Sulawesi Barat
d90185b0,Hj. Winda Fujiati,Engineering geologist,PD Prastuti,Lampung
908e53da,R. Kayla Nurdiyanti,Optometrist,Perum Ramadan Tbk,Jawa Timur
76850639,Karna Natsir,"Scientist, biomedical",CV Maryadi Mahendra,Nusa Tenggara Timur
b1933bea,"Balapati Budiyanto, S.Ked","Engineer, electrical",UD Prasetya Tbk,Riau
9b452ad2,Ir. Hilda Maryati,Midwife,Perum Utami,Sulawesi Tenggara
408459ca,Artanto Safitri,"Copywriter, advertising",PD Haryanti Uwais Tbk,Gorontalo
7ee623f3,Cakrabuana Waluyo,Arts administrator,PD Yuliarti,Sumatera Selatan
f3ee525f,Halima Jailani,"Conservation officer, historic buildings",Perum Pranowo (Persero) Tbk,Kalimantan Barat
67f03b34,Bella Nasyidah,Freight forwarder,UD Hassanah Kuswoyo (Persero) Tbk,Jawa Timur
3d351701,dr. Bakiman Haryanto,Quality manager,PT Maulana,Kalimantan Utara
0b85a3a9,Karta Uwais,Records manager,PT Yuniar (Persero) Tbk,Sulawesi Selatan
f65b5872,Tina Adriansyah,"Nurse, adult",Perum Najmudin Tbk,Kalimantan Timur
a78afc91,Ratna Susanti,"Research officer, government",UD Prasetyo Nuraini Tbk,Lampung
f8c107dc,"Umi Kuswoyo, M.Kom.","Conservator, furniture",PT Firmansyah Halim (Persero) Tbk,Sumatera Barat
c23a10ed,Jaiman Anggraini,Airline pilot,Perum Yolanda Gunarto (Persero) Tbk,Nusa Tenggara Timur
5ec6e5ab,T. Darman Prayoga,Sports therapist,PT Natsir Laksita Tbk,Sulawesi Tengah
beefda85,Elma Halimah,Systems developer,PT Rahayu Simanjuntak,Sulawesi Tengah
bde62234,Hendra Natsir,Ophthalmologist,Perum Firgantoro Laksita (Persero) Tbk,Kepulauan Riau
cf417380,"Maida Hutagalung, M.M.","Clinical scientist, histocompatibility and immunogenetics",CV Utama Mayasari,Sumatera Selatan
bf0146d8,"Najwa Latupono, S.I.Kom","Surveyor, land/geomatics",Perum Prakasa Tbk,Kalimantan Barat
a631cbc2,Kenzie Pradana,Museum/gallery exhibitions officer,PT Wijaya Anggriawan Tbk,Jambi
7f15cce7,"T. Elon Hartati, S.Gz",International aid/development worker,PT Yuniar Hidayat,Sumatera Barat
7216ff44,Ismail Marpaung,Operational investment banker,Perum Uyainah Lailasari Tbk,Papua
142b8d5f,"Sutan Prabawa Padmasari, S.Sos",Ecologist,PD Maryati,Kepulauan Bangka Belitung
d50e8848,Ir. Karen Nababan,Chief Technology Officer,PD Putra Habibi (Persero) Tbk,Kalimantan Timur
650f1461,Gaduh Rahimah,Hotel manager,PT Lailasari Mardhiyah (Persero) Tbk,Bengkulu
353f3a1c,Ibun Pratiwi,Fish farm manager,PT Siregar,Jawa Tengah
c1bbbf8e,Wakiman Kuswoyo,Copy,PT Siregar Purwanti (Persero) Tbk,Kalimantan Barat
71aaa08a,"Tgk. Sabrina Prayoga, S.Pd",Audiological scientist,Perum Prabowo (Persero) Tbk,Kepulauan Bangka Belitung
4ec4adff,Rahayu Andriani,Risk manager,PT Novitasari (Persero) Tbk,Bengkulu
238fdaee,"drg. Kayla Widodo, S.Pd","Restaurant manager, fast food",UD Mahendra Januar (Persero) Tbk,DKI Jakarta
3305017f,"Rama Manullang, M.Ak","Librarian, academic",Perum Sinaga Haryanto,Sulawesi Selatan
3752b294,Padma Prasasta,Translator,Perum Prasetyo (Persero) Tbk,Papua Barat
05d3bfc4,Ulva Gunarto,Secondary school teacher,UD Kusmawati (Persero) Tbk,Kepulauan Bangka Belitung
c4ca9e4b,"Endah Wijayanti, S.Ked",Technical sales engineer,CV Hakim Pratiwi,Papua
8a9fa8ae,Karsana Lazuardi,Marketing executive,UD Prastuti Maryati Tbk,Papua Barat
adb67349,Galang Prastuti,Community development worker,PD Prastuti Tbk,Jawa Barat
64f77683,Gabriella Gunawan,Neurosurgeon,PT Marpaung Putra,Aceh
2e8f3ba5,Ade Maryati,Systems analyst,PT Sirait Haryanto,Banten
46e13d54,Dipa Najmudin,Applications developer,UD Puspasari Purwanti,Kalimantan Selatan
ac968456,Najwa Agustina,Health promotion specialist,PD Napitupulu,Kalimantan Tengah
e4b1c5e9,Bajragin Adriansyah,"Accountant, chartered management",Perum Mardhiyah Tbk,Sulawesi Tenggara
700d8d1e,Aisyah Latupono,Hydrogeologist,CV Yolanda Tbk,Papua
a9a68faf,Genta Winarno,"Designer, multimedia",Perum Pradana Megantara Tbk,Sulawesi Utara
5da639fd,Nalar Pradipta,"Physicist, medical",PD Kuswandari Tbk,Papua
88b474c0,Lidya Budiyanto,Immigration officer,CV Pangestu Suwarno Tbk,Jawa Timur
694d7539,"R. Febi Sitompul, S.H.","Production assistant, radio",Perum Haryanti Tbk,Kalimantan Tengah
bf1fa550,"Dalima Haryanto, S.IP",IT technical support officer,CV Hardiansyah Gunarto,Sulawesi Utara
7945dcd7,"Cut Keisha Siregar, S.H.",Freight forwarder,PD Winarno Farida (Persero) Tbk,Jawa Tengah
f1e8ca97,Dr. Vivi Wibowo,Charity fundraiser,PT Dabukke,Kalimantan Barat
91c5e094,Marsito Pratiwi,Management consultant,Perum Widiastuti,Kalimantan Timur
01cb2938,"Ir. Kusuma Saefullah, S.H.",Writer,CV Manullang Tbk,Banten
abf7e48a,Fathonah Sudiati,Primary school teacher,PD Maheswara Rahayu,Sumatera Selatan
adc828d7,Bagya Wasita,"Engineer, broadcasting (operations)",PD Thamrin Anggriawan,Gorontalo
2a5fe927,dr. Ida Rahmawati,Geophysicist/field seismologist,Perum Usada (Persero) Tbk,Papua
69c1e942,Balamantri Prakasa,Airline pilot,CV Kuswoyo Ardianto (Persero) Tbk,Sumatera Selatan
bd0f6dc4,Kardi Prasetya,"Development worker, international aid",Perum Maryadi Siregar,Jawa Barat
501f710f,"Ellis Saputra, S.H.",Medical laboratory scientific officer,PT Setiawan Hartati,Sumatera Utara
8a93a599,"Belinda Winarsih, S.Sos",Make,CV Hutasoit (Persero) Tbk,Kalimantan Selatan
81429a4d,"drg. Ophelia Putra, S.H.",Ceramics designer,UD Fujiati,DI Yogyakarta
b18727d1,Karna Pratama,Hospital pharmacist,CV Situmorang Padmasari,Jawa Barat
7320600f,"R.M. Utama Prayoga, S.Sos",Commissioning editor,CV Damanik,Jambi
a3692364,"Putu Rajasa, S.Farm",Risk analyst,PT Zulkarnain Saputra,Kalimantan Timur
89ce9223,Ratna Kurniawan,Biomedical scientist,PD Maulana Winarsih,Kalimantan Utara
a63492ef,Utama Mulyani,Clinical molecular geneticist,PT Siregar Uwais Tbk,Jambi
fdbdc407,Salwa Hidayanto,Medical illustrator,UD Tarihoran Tbk,Jawa Tengah
f55f9448,Ophelia Usada,Company secretary,CV Mahendra (Persero) Tbk,DI Yogyakarta
770f38db,"Drs. Kasusra Handayani, M.Ak",Computer games developer,PT Wastuti,Kalimantan Timur
f18141be,Olga Suryono,"Designer, television/film set",Perum Nugroho Purnawati,Jawa Timur
638aeecb,H. Irfan Prabowo,"Geologist, wellsite",Perum Pratiwi (Persero) Tbk,Sulawesi Selatan
8799c514,"Ir. Jagapati Wastuti, M.Ak","Scientist, water quality",UD Permadi Palastri,Maluku
3beb0a69,Victoria Jailani,"Surveyor, mining",PD Nasyiah,Sumatera Utara
ac954e07,"Kala Tamba, S.Kom",Ambulance person,UD Usamah Pradipta,Sumatera Barat
b144f0e2,Purwadi Hutagalung,Electrical engineer,PD Mandasari,Sulawesi Barat
19c628cc,Jarwadi Anggriawan,Secretary/administrator,PD Yuniar Tbk,Jawa Timur
ab16081b,Jamil Zulkarnain,Trade union research officer,PD Nainggolan Tbk,Maluku
13fbc5ac,"Pranata Mandasari, S.Gz",Archaeologist,UD Lazuardi Situmorang,Bengkulu
908db270,"Sutan Bahuraksa Lazuardi, S.Gz",Visual merchandiser,CV Najmudin,Kalimantan Utara
fede4aac,Dr. Tania Pertiwi,Broadcast presenter,Perum Mandasari Yolanda (Persero) Tbk,Nusa Tenggara Barat
8357b886,"H. Karna Dabukke, M.TI.",Firefighter,PD Oktaviani Januar,Nusa Tenggara Timur
dc8a717f,R.A. Unjani Hasanah,Teaching laboratory technician,CV Nugroho,Bengkulu
ef5cc679,"Salimah Santoso, S.T.",Television/film/video producer,Perum Hidayat (Persero) Tbk,Kalimantan Timur
916823ec,H. Bakiono Maryadi,Patent attorney,PT Hastuti,Bali
c0bc963c,drg. Manah Fujiati,Financial adviser,PD Mardhiyah (Persero) Tbk,Jawa Barat
2e4af423,Tantri Rajata,Chief Strategy Officer,PD Latupono Lazuardi Tbk,Nusa Tenggara Barat
8047857f,"R. Tina Andriani, M.Ak",Civil Service administrator,PT Simanjuntak Natsir (Persero) Tbk,Jawa Timur
136200c1,"Dariati Dabukke, S.Sos",Camera operator,UD Thamrin Mangunsong,Papua Barat
4f7bf995,"Dr. Akarsana Adriansyah, S.T.",Petroleum engineer,Perum Pradipta Prakasa (Persero) Tbk,Banten
848f7d0d,Irma Lailasari,Chartered loss adjuster,PD Kusmawati Safitri (Persero) Tbk,Nusa Tenggara Barat
4e3166c3,Endah Gunarto,"Designer, multimedia",CV Permadi Tbk,Jawa Barat
21aead12,Maria Sinaga,Software engineer,PD Mahendra Handayani,Kalimantan Timur
aa2eb5bd,Oman Lestari,Newspaper journalist,UD Budiyanto Nainggolan (Persero) Tbk,Nusa Tenggara Timur
e6f166bc,Jessica Sihombing,Biomedical engineer,Perum Prasetyo Zulaika (Persero) Tbk,Kalimantan Utara
67cb174d,Putu Rahimah,Astronomer,Perum Sihombing Tbk,Kepulauan Riau
df4007ec,Farah Firgantoro,Information systems manager,Perum Ramadan Maryati (Persero) Tbk,Sulawesi Utara
4a7cf024,Empluk Lestari,Comptroller,UD Budiman,Kalimantan Tengah
fdd109f4,R.A. Yuliana Fujiati,Audiological scientist,CV Pratama Mansur (Persero) Tbk,Lampung
3a50a748,drg. Ayu Aryani,Actor,CV Hartati Wacana (Persero) Tbk,Nusa Tenggara Timur
465f273b,Cakrajiya Hastuti,"Doctor, hospital",PT Mulyani Gunarto Tbk,Jawa Barat
1c899ec3,"R. Wakiman Sirait, S.Kom","Buyer, industrial",PT Irawan (Persero) Tbk,Aceh
18e3b28b,"Tantri Rahayu, S.Kom",Environmental education officer,PT Zulkarnain Palastri (Persero) Tbk,Sulawesi Utara
ef589ed1,R. Jane Wibowo,Immigration officer,CV Mansur Maheswara,Kalimantan Timur
a19eb156,"Aslijan Mangunsong, M.Kom.",Therapeutic radiographer,PD Rahimah (Persero) Tbk,Kepulauan Riau
01f5c94c,Zulaikha Suryatmi,Tourist information centre manager,PD Widodo Mardhiyah (Persero) Tbk,Maluku
0b8b23d5,Titin Maryadi,Engineering geologist,CV Usamah Mahendra (Persero) Tbk,Sulawesi Utara
3ef1469c,Nardi Kusumo,Air cabin crew,CV Siregar (Persero) Tbk,Papua Barat
52d62586,Dacin Mulyani,Early years teacher,PT Usamah Nainggolan,Bali
c1cfd087,Oni Uwais,Psychiatrist,CV Riyanti,Maluku
f1255545,Ira Hasanah,"Accountant, chartered management",PT Farida,Papua
cf7d84fb,Cici Ramadan,"Librarian, public",UD Pudjiastuti Tbk,Nusa Tenggara Timur
818bd11e,"Labuh Sitompul, S.E.I",Statistician,Perum Wasita Tbk,Lampung
f3c8f7da,"Drs. Prima Kuswoyo, S.I.Kom",Interior and spatial designer,PD Habibi,Gorontalo
cb99b1d0,"Tgk. Indah Hardiansyah, S.Psi",Clothing/textile technologist,CV Tarihoran Situmorang,Banten
46011128,Cinthia Setiawan,Company secretary,UD Rahimah,Banten
ed652c62,Hana Uyainah,Administrator,PT Narpati Puspita Tbk,Maluku Utara
b8b86725,Tina Rajata,"Scientist, research (maths)",UD Ramadan Nashiruddin (Persero) Tbk,Jawa Barat
9d4674dd,Imam Andriani,"Engineer, aeronautical",CV Prasetya (Persero) Tbk,Kalimantan Timur
c4aff7a7,Rahmi Wibowo,Armed forces operational officer,UD Pangestu Pranowo,DI Yogyakarta
5a79f78f,Pandu Pratama,"Loss adjuster, chartered",PD Riyanti Hutapea Tbk,Kalimantan Selatan
9568931b,Diah Mayasari,Soil scientist,UD Gunawan (Persero) Tbk,Bengkulu
31ab1f64,"Lantar Oktaviani, S.E.","Scientist, clinical (histocompatibility and immunogenetics)",CV Jailani Melani,Jawa Tengah
dd8057a0,Mahesa Dabukke,Equality and diversity officer,UD Mandasari Jailani Tbk,Jawa Timur
f0d63528,Kiandra Wacana,Catering manager,Perum Tampubolon Nasyiah Tbk,Jawa Timur
9ac26475,Agnes Sudiati,"Engineer, manufacturing",PD Pudjiastuti (Persero) Tbk,Sumatera Selatan
dbe96010,"Diana Zulkarnain, M.Farm","Engineer, manufacturing",UD Yuniar,Kalimantan Tengah
725172df,"Dt. Gatra Sihombing, S.E.","Clinical scientist, histocompatibility and immunogenetics",PT Yulianti,Sulawesi Selatan
61a96c08,"Gandewa Firmansyah, M.Farm","Editor, film/video",CV Wahyudin,Maluku Utara
aa9b9762,Elisa Jailani,Aid worker,PD Widodo (Persero) Tbk,Nusa Tenggara Barat
fc87eb20,"Mahdi Lailasari, S.IP",Intelligence analyst,Perum Permadi Tbk,Gorontalo
a5c000f7,Rahayu Suwarno,"Designer, blown glass/stained glass",PT Wastuti Prakasa (Persero) Tbk,Nusa Tenggara Timur
de5608be,"Dt. Sakti Purwanti, S.Farm",English as a second language teacher,UD Mansur Waskita,Gorontalo
b1a5b129,Cut Lili Santoso,Printmaker,Perum Nuraini,Papua
8a447dad,Janet Yulianti,"Therapist, art",UD Mustofa Wasita,Kalimantan Barat
706906d1,Dt. Artanto Sitorus,Volunteer coordinator,PD Usamah Pertiwi (Persero) Tbk,Sumatera Barat
53bbcbf7,"R. Zaenab Marpaung, S.I.Kom",Tourist information centre manager,UD Farida Oktaviani,Sulawesi Tengah
b24727f9,Zaenab Habibi,Podiatrist,UD Suryono Wacana,Kalimantan Barat
b242b6d3,"R.A. Ghaliyati Laksmiwati, S.I.Kom","Designer, interior/spatial",Perum Wulandari Widodo Tbk,Papua
429af436,"Olivia Kusumo, S.E.I",Soil scientist,UD Megantara (Persero) Tbk,Sulawesi Utara
a1b40cff,Ayu Hutagalung,"Copywriter, advertising",UD Mansur,Aceh
09f64b7d,R.A. Calista Pradipta,Medical laboratory scientific officer,PT Wastuti,Banten
07b45f56,Sabrina Manullang,Environmental education officer,CV Yulianti Latupono Tbk,Sulawesi Utara
583f3617,"Ir. Cemeti Samosir, S.Ked",Claims inspector/assessor,PD Widodo Saptono (Persero) Tbk,Kepulauan Bangka Belitung
1adccf18,Tgk. Gilda Winarno,Learning mentor,UD Wacana Mahendra,Lampung
25dba139,"Kasim Yulianti, S.Gz",Stage manager,CV Iswahyudi,Kalimantan Barat
0924f52f,Gilang Napitupulu,Statistician,UD Hidayanto Simanjuntak,DKI Jakarta
9f0ed1e3,"Martani Laksita, S.Psi",Astronomer,UD Nashiruddin Gunawan (Persero) Tbk,Sumatera Selatan
33c3ebd8,Elisa Oktaviani,Illustrator,Perum Nainggolan,Nusa Tenggara Timur
36a708cb,"Lantar Winarno, S.IP","Production assistant, television",Perum Narpati Prastuti Tbk,Jawa Timur
8032c631,Endra Natsir,Legal secretary,PT Latupono,Jambi
41b5d228,Hartaka Prasasta,"Surveyor, minerals",CV Marpaung (Persero) Tbk,Kalimantan Timur
466ea770,Warji Waluyo,Contracting civil engineer,Perum Hartati,Maluku
f803b978,Heru Sinaga,Insurance underwriter,CV Purnawati,Kalimantan Selatan
be49de4d,Kawaya Prasetya,"Engineer, water",UD Suryono Rajasa Tbk,Maluku
d8f12d5d,"Taufan Wahyuni, S.T.",English as a second language teacher,PD Puspita Utama,Papua Barat
afb756c5,"Gasti Napitupulu, M.Pd",Clinical embryologist,PT Melani Nurdiyanti Tbk,Maluku
f6f80cc6,"Dr. Ratih Wulandari, S.Pt",Agricultural engineer,UD Hutagalung Tbk,Riau
d4715760,Diana Nasyiah,"Journalist, broadcasting",UD Marpaung Salahudin Tbk,Kalimantan Tengah
68ec05e0,Harsana Fujiati,Dancer,PT Mandala (Persero) Tbk,Maluku
c61f5346,"Jessica Laksita, M.TI.","Solicitor, Scotland",PT Rahimah (Persero) Tbk,Aceh
eb8a980e,Uchita Uwais,"Sound technician, broadcasting/film/video",UD Utami Andriani (Persero) Tbk,Sulawesi Tengah
45a7cf26,Jarwi Jailani,Lobbyist,Perum Riyanti Irawan,Aceh
be538cf8,R. Halim Winarsih,Product/process development scientist,CV Saputra Tbk,Jawa Barat
b4b6f604,Ciaobella Rajasa,Immigration officer,PD Natsir,Sulawesi Tengah
30968ad1,Harimurti Mulyani,Broadcast journalist,UD Nuraini,Sulawesi Tenggara
d9662e22,Yani Jailani,Economist,CV Maryati Pangestu,Jawa Tengah
f4750398,Wahyu Tarihoran,Colour technologist,UD Lestari Kuswoyo,Maluku Utara
3058c0b0,Yunita Puspita,"Teacher, special educational needs",PT Sudiati Halimah,Nusa Tenggara Timur
0addb82f,"Devi Pratiwi, M.Ak","Geneticist, molecular",UD Narpati Handayani,Jawa Timur
cab2d64c,Heryanto Pranowo,Accommodation manager,UD Hasanah Puspasari Tbk,Jawa Timur
29753e7d,Nadine Puspita,Electronics engineer,PT Maheswara Tbk,Jambi
a58b2756,Argono Dongoran,Counselling psychologist,PT Pranowo Utami,Maluku Utara
e1126ef8,Puji Laksmiwati,Educational psychologist,Perum Dabukke Pratama,Sumatera Barat
74447214,Tgk. Jelita Suartini,Theme park manager,Perum Zulkarnain,Jawa Tengah
af9d6ac6,Ganjaran Adriansyah,"Scientist, forensic",Perum Usada (Persero) Tbk,Sulawesi Utara
b1dd1f2a,"Zelaya Thamrin, S.Gz",Politician's assistant,UD Rahimah Usamah Tbk,Kepulauan Riau
