ID_Karyawan,Nama_Lengkap,Profesi,Perusahaan,Provinsi
c825011c,Pia Mansur,Museum education officer,CV Budiman,Papua Barat
1eb91050,Gina Putra,Archaeologist,Perum Maryati,Sulawesi Barat
7edb5223,R. Pia Maheswara,Architect,PD Yulianti (Persero) Tbk,Jawa Barat
4ea3e1c9,"Ir. Zelda Aryani, S.Pd","Presenter, broadcasting",PD Napitupulu Tbk,Jawa Timur
e2b18725,Drs. Lintang Mandala,Diagnostic radiographer,PD Saragih Sihotang,Sumatera Selatan
a684fa9a,Hartaka Firgantoro,"Psychologist, prison and probation services",PD Saefullah Aryani,DI Yogyakarta
3b75b5aa,"H. Nugraha Farida, S.Gz",Bookseller,Perum Maulana,Sulawesi Selatan
eb448c81,Tira Melani,Chartered legal executive (England and Wales),CV Maryadi,Kalimantan Utara
fce9582c,Rini Waluyo,Transport planner,PT Wasita (Persero) Tbk,Sulawesi Tengah
68576c6c,Balijan Utami,Plant breeder/geneticist,UD Waskita Maryati Tbk,Bali
377d32e5,Asirwanda Anggraini,Sub,PT Anggriawan (Persero) Tbk,Riau
f9c928ca,Jasmin Rajata,Educational psychologist,UD Mandala Tbk,DI Yogyakarta
81090daa,"Zizi Latupono, M.Pd","Engineer, control and instrumentation",Perum Hardiansyah Hariyah Tbk,Sumatera Utara
b6679ee7,Hj. Amelia Sihotang,"Geologist, engineering",PD Saputra (Persero) Tbk,Sulawesi Tengah
ed45d71b,"Dartono Padmasari, S.Gz",Sport and exercise psychologist,PD Hutagalung Hutasoit,Kalimantan Tengah
066e10f8,"Cut Lidya Setiawan, S.T.",Private music teacher,UD Safitri,Sulawesi Utara
e7ee8dc5,Jatmiko Pranowo,Forensic psychologist,UD Ramadan Tbk,Jawa Barat
948d687d,Fathonah Palastri,Learning disability nurse,UD Marpaung Kusumo,Jawa Tengah
909aebe3,"Cut Lili Wibowo, S.T.",Production engineer,CV Tampubolon Hutagalung,Jawa Barat
9dc754a7,Zamira Tampubolon,Community arts worker,PD Rajasa Puspasari (Persero) Tbk,Kalimantan Selatan
38535af1,"R.M. Gatot Najmudin, S.Gz","Engineer, control and instrumentation",PT Hariyah Winarno,Kalimantan Selatan
2650ff0e,Rika Tampubolon,Police officer,UD Gunarto Wasita Tbk,Sumatera Barat
11b73fa8,"Okto Rahmawati, S.Kom","Sound technician, broadcasting/film/video",PD Yulianti,Jawa Timur
73403297,Gina Yulianti,Scientific laboratory technician,PD Santoso Utami (Persero) Tbk,Kalimantan Selatan
2986fa94,Drs. Icha Riyanti,Chief of Staff,UD Puspasari Sinaga Tbk,Jawa Tengah
97887d29,Ira Rajata,Information officer,CV Safitri Yuliarti (Persero) Tbk,Jawa Timur
7c4a940e,"Hj. Hani Marbun, S.Farm","Engineer, electronics",PD Saputra Yolanda,Papua Barat
06f6b438,Putri Yulianti,"Surveyor, minerals",Perum Susanti (Persero) Tbk,Kalimantan Barat
b34c11b7,"Kalim Siregar, M.Ak",Clinical cytogeneticist,CV Mandasari (Persero) Tbk,Lampung
0eb41751,Melinda Wulandari,Armed forces logistics/support/administrative officer,PD Mangunsong Rahmawati Tbk,Papua
35c96802,"T. Reksa Tamba, M.Ak",Biomedical scientist,PT Mandasari,Kepulauan Bangka Belitung
3ce46e95,drg. Ika Hariyah,Operational researcher,CV Prasasta,Bali
fdda0020,Zahra Wibowo,Brewing technologist,Perum Suryono Napitupulu,Jambi
e8faa4b8,Vinsen Zulaika,Air broker,CV Budiman Namaga Tbk,Sulawesi Utara
85fc3e30,Ulya Yolanda,Naval architect,Perum Maryadi Tbk,Maluku Utara
db199425,Rika Tarihoran,Operational investment banker,Perum Hutapea Marpaung Tbk,Aceh
cc508265,Rudi Suartini,Statistician,PD Hidayat,Sulawesi Selatan
171cade1,"Natalia Saragih, S.Pd","Journalist, magazine",Perum Prasasta Mangunsong (Persero) Tbk,Sumatera Barat
502faa0f,Dian Mangunsong,Health promotion specialist,Perum Widodo Natsir Tbk,Sumatera Barat
7394d890,Syahrini Putra,"Administrator, charities/voluntary organisations",PD Zulkarnain Haryanti,Sumatera Selatan
17ddf0f6,Alambana Pranowo,Airline pilot,UD Yolanda Puspasari,Jawa Tengah
7e1701dc,dr. Estiawan Kusmawati,Public librarian,CV Hasanah Anggraini (Persero) Tbk,Banten
3a14e35e,Intan Putra,Tourist information centre manager,PT Nababan,Jawa Tengah
a0e6779e,Kartika Sihombing,Facilities manager,Perum Wijayanti,Banten
8097e732,"Puti Michelle Rahimah, S.Farm",Information systems manager,CV Nababan,Jawa Timur
83509030,Paulin Jailani,Estate agent,PD Susanti,Bali
c35f4974,Uchita Hartati,Politician's assistant,PT Wijayanti,DI Yogyakarta
fb644642,Cakrajiya Kurniawan,Community education officer,UD Haryanti,Kalimantan Timur
4f73f9a1,Amelia Anggriawan,Music tutor,UD Siregar Tbk,DI Yogyakarta
5209a22f,Winda Melani,Public affairs consultant,PD Budiyanto Tbk,Bali
a8d7ffa7,"Drs. Edison Situmorang, S.Gz",Civil Service fast streamer,UD Widodo Lailasari Tbk,DKI Jakarta
a8201deb,"R. Wulan Tarihoran, M.TI.",Recruitment consultant,PT Adriansyah,Riau
ebaf312b,Emin Permata,Translator,PT Saragih,Kalimantan Utara
a4929084,"Akarsana Puspita, M.Pd",Neurosurgeon,PD Putra Tbk,Sulawesi Tenggara
e5d5a78d,Ophelia Sirait,Naval architect,PT Adriansyah (Persero) Tbk,Sulawesi Selatan
c2a3cf01,Zamira Sihotang,"Surveyor, planning and development",PT Mulyani Rahimah (Persero) Tbk,Sumatera Utara
f9483cfc,"Dagel Mardhiyah, S.Pt",Minerals surveyor,Perum Hassanah,Kalimantan Timur
bc5fac49,Gasti Winarno,IT sales professional,CV Mahendra,Banten
f28d6696,Zelaya Usamah,Risk manager,PT Laksita Jailani,DKI Jakarta
db960c71,"Darimin Lestari, S.Farm",Solicitor,PT Gunarto,Kalimantan Tengah
f574210d,Dalimin Ardianto,Event organiser,PD Iswahyudi Yuniar (Persero) Tbk,Sumatera Barat
e1f8c07a,"Akarsana Habibi, M.Pd","Designer, multimedia",Perum Kusmawati (Persero) Tbk,Sulawesi Selatan
d41376c3,Darimin Situmorang,"Runner, broadcasting/film/video",PT Wulandari,Kalimantan Barat
86f80df9,Drs. Ikhsan Hastuti,Hospital doctor,Perum Ramadan Prakasa,Kalimantan Barat
124f5234,Hj. Salsabila Lestari,"Engineer, communications",CV Anggriawan,Aceh
f03c9413,Tiara Firgantoro,Counselling psychologist,UD Saragih,Sulawesi Barat
57b484d2,Edward Suwarno,Herbalist,Perum Firmansyah Wulandari (Persero) Tbk,Papua
ae432f76,"Drs. Jagapati Mansur, S.Sos",Tourism officer,Perum Hardiansyah (Persero) Tbk,Kepulauan Bangka Belitung
9509a8af,"dr. Endra Suryatmi, S.E.",Personal assistant,UD Winarno Pranowo (Persero) Tbk,Jawa Barat
520703bf,Maya Mahendra,Interior and spatial designer,CV Waskita,Nusa Tenggara Timur
2fbb9445,Jatmiko Riyanti,Waste management officer,PT Wahyudin Sitompul (Persero) Tbk,Maluku Utara
f1d4e649,Tgk. Danang Kusumo,Insurance underwriter,CV Manullang Pradipta Tbk,Sumatera Utara
7fc958ef,Malika Maulana,"Surveyor, building control",PD Oktaviani Mansur (Persero) Tbk,Kalimantan Tengah
eb727c70,"Praba Budiman, M.Ak","Geneticist, molecular",Perum Kuswandari Mansur,Maluku
363dcca7,Zulfa Natsir,"Scientist, water quality",UD Usamah (Persero) Tbk,Sulawesi Utara
41827b00,Elisa Irawan,"Designer, fashion/clothing",Perum Pratama (Persero) Tbk,Jawa Barat
7addab17,"R.A. Victoria Pertiwi, S.H.","Designer, jewellery",UD Wibowo Haryanti (Persero) Tbk,Jambi
18cb13f5,Raden Narpati,"Sales professional, IT",PD Prabowo Tbk,Kalimantan Timur
5175d382,drg. Samiah Permadi,Adult guidance worker,Perum Sinaga,Jambi
846660d3,Ana Purnawati,Tax adviser,UD Nasyidah Pertiwi,Sumatera Utara
a4c9f52c,dr. Cinthia Kurniawan,Adult guidance worker,CV Rahayu,Jawa Timur
04d00521,"T. Elvin Latupono, S.H.",Petroleum engineer,UD Suryono Megantara,Aceh
ebf7ca55,Vivi Uwais,Commercial art gallery manager,PD Nasyiah,Maluku
97cdc990,"Dr. Darsirah Dabukke, S.E.","Pilot, airline",Perum Kuswoyo Tbk,Maluku Utara
fb977954,"Puti Napitupulu, S.E.I",Hotel manager,PD Prasetya Hastuti,Sulawesi Selatan
83bb7024,Emin Hartati,Industrial buyer,CV Yuniar (Persero) Tbk,Maluku Utara
cee14bcf,"Ir. Aisyah Santoso, S.Gz",Art gallery manager,CV Sihotang Mulyani Tbk,Sulawesi Utara
9e456447,Ilsa Rajasa,"Engineer, structural",UD Suryono,Maluku
c1ea480d,"Drs. Kayla Kusmawati, M.TI.",Clinical cytogeneticist,Perum Maulana,DI Yogyakarta
610dc062,Chelsea Gunawan,Structural engineer,CV Utama (Persero) Tbk,Papua
72c0d61c,"Mulyanto Pertiwi, S.Sos","Designer, graphic",UD Astuti Tbk,Lampung
76eb2edd,Zizi Wulandari,"Engineer, civil (contracting)",CV Nuraini Saefullah,DI Yogyakarta
7d71f52a,Siti Yolanda,Archivist,PD Prasasta,Nusa Tenggara Timur
a3d62f30,Rini Maheswara,"Scientist, research (life sciences)",PD Nugroho,Kalimantan Selatan
6acf218e,Maria Zulkarnain,Public relations officer,Perum Farida,Kalimantan Selatan
2862f677,Warsa Budiyanto,Lexicographer,PT Setiawan Zulkarnain,Papua Barat
c22ccfa1,"Sutan Alambana Andriani, S.E.",Telecommunications researcher,CV Melani,Maluku Utara
ccd5d35a,KH. Asmadi Winarsih,Tree surgeon,UD Gunawan (Persero) Tbk,Sumatera Utara
c7e18002,Rahmat Haryanti,Youth worker,UD Lestari Pradana (Persero) Tbk,Kepulauan Bangka Belitung
0d57bb19,Asirwanda Wibowo,Agricultural engineer,CV Prasasta Permadi (Persero) Tbk,Gorontalo
7dc3fd1b,Argono Wahyuni,IT consultant,Perum Purwanti,Sulawesi Selatan
b50824e1,"Kartika Latupono, M.Pd","Engineer, building services",PD Mulyani Tamba,Kepulauan Bangka Belitung
ed9f3740,Ami Dabukke,Clothing/textile technologist,CV Waluyo (Persero) Tbk,Sulawesi Utara
5792d4c2,Nurul Salahudin,"Surveyor, commercial/residential",PT Prasasta Suryono (Persero) Tbk,Bali
cad61899,Candrakanta Pranowo,Company secretary,Perum Setiawan,Sumatera Barat
7c0801ce,Dr. Gading Haryanti,Manufacturing engineer,PD Damanik Nugroho,DI Yogyakarta
4ab5ae81,Mahfud Tamba,Sports development officer,PT Wulandari (Persero) Tbk,Riau
6c492f33,Fathonah Thamrin,Multimedia specialist,PD Prayoga Hidayanto (Persero) Tbk,Aceh
166d88ee,Karya Maryadi,Animator,CV Pratiwi Winarsih (Persero) Tbk,Jawa Timur
2d5395a3,Darmaji Zulaika,Make,PD Prayoga,Jawa Tengah
7bf0b011,"Dr. Mila Widiastuti, S.Pt",Intelligence analyst,PD Ramadan,DI Yogyakarta
4f27682a,H. Dirja Hidayat,Secretary/administrator,UD Ramadan Puspasari,Kalimantan Timur
626e0bd6,Dodo Tarihoran,Broadcast engineer,PD Farida Rajasa Tbk,Nusa Tenggara Barat
18bd7973,Laras Saptono,Town planner,PT Marpaung Usamah (Persero) Tbk,Papua Barat
22ae68ed,"Kamal Mayasari, M.Ak",Financial controller,PD Ardianto Salahudin,Kepulauan Bangka Belitung
70f242b7,"Hesti Najmudin, S.I.Kom",Comptroller,PT Setiawan Prasetya,Riau
3ab07d60,Sutan Eko Hassanah,Veterinary surgeon,CV Marpaung Tbk,Kepulauan Bangka Belitung
4a3a1716,Tari Januar,Colour technologist,Perum Fujiati Tamba,Kalimantan Selatan
c6bee677,"Ilsa Pudjiastuti, S.Pt","Administrator, Civil Service",CV Haryanto,Sulawesi Tengah
4ef0d4b5,Ghaliyati Sitorus,Estate manager/land agent,UD Hidayat Handayani,Aceh
18ce4515,"Karma Simbolon, S.T.","Investment banker, operational",UD Rahimah Wastuti,Nusa Tenggara Barat
b4653483,Eva Yulianti,"Designer, television/film set",Perum Najmudin Tbk,Maluku
ea8fea99,Maria Sihombing,Rural practice surveyor,Perum Kusumo Hartati,Bengkulu
d2b486ff,Dt. Nardi Yolanda,Education administrator,Perum Fujiati,Jawa Tengah
f9725331,Dariati Hassanah,Market researcher,PT Setiawan Firmansyah,Kalimantan Selatan
db956edf,Dr. Kasiyah Budiyanto,Jewellery designer,Perum Nurdiyanti Laksmiwati,Jawa Tengah
89ee30d5,"Cakrabirawa Mangunsong, M.Ak",Financial adviser,CV Budiyanto (Persero) Tbk,Sumatera Utara
2e30c3fc,"Drs. Aisyah Suwarno, S.T.",Quarry manager,UD Situmorang Waluyo Tbk,Gorontalo
82a72276,"Kiandra Sirait, S.Farm",Pensions consultant,PD Mahendra,Jawa Tengah
e1f79c5e,"Utama Agustina, S.H.",Fast food restaurant manager,Perum Winarno Utami Tbk,Nusa Tenggara Timur
abd91f50,"Lidya Prasetyo, S.Pd",Haematologist,CV Gunarto,Sulawesi Tenggara
a564f136,Gina Santoso,Volunteer coordinator,UD Widiastuti Prasetyo Tbk,Sumatera Selatan
89f03c45,Zulfa Permadi,TEFL teacher,CV Puspasari Tbk,Kalimantan Selatan
fa5f2590,Daliono Damanik,Psychiatric nurse,PT Mulyani,Kepulauan Riau
02abf85f,Cornelia Pranowo,Warden/ranger,Perum Nuraini,Jawa Barat
fabfbd50,Gandi Saragih,TEFL teacher,CV Prayoga Astuti,Kepulauan Riau
58a43608,Keisha Uyainah,Photographer,Perum Agustina,Sumatera Barat
4144d22f,Karimah Mardhiyah,Dealer,UD Maryadi Sitompul,Sulawesi Tengah
40770066,Sabrina Wastuti,Systems analyst,CV Yuliarti Tbk,Kalimantan Timur
483496ca,"Dr. Eja Yolanda, M.Ak",Estate manager/land agent,Perum Rajasa Tbk,Papua Barat
bb713685,"Wardaya Yuliarti, S.Pt","Journalist, magazine",CV Mustofa Padmasari,Sumatera Utara
f56ee4e9,"R.M. Adhiarja Nainggolan, M.M.",Arboriculturist,PD Jailani Habibi (Persero) Tbk,Lampung
d9804d7a,Azalea Sihombing,Chartered legal executive (England and Wales),Perum Nasyiah,Sulawesi Utara
d4683a54,Wardi Tampubolon,Radio broadcast assistant,PT Budiman Ramadan Tbk,Maluku Utara
9ec827c1,"Betania Widodo, M.Kom.",Photographer,UD Anggriawan Tbk,Riau
3e70e417,"R. Usyi Novitasari, M.M.","Administrator, arts",UD Wijayanti,Jawa Timur
b2f5fe16,Lanjar Rahmawati,Land/geomatics surveyor,PD Wahyuni (Persero) Tbk,Nusa Tenggara Timur
c01ec29b,"Vera Januar, S.Ked",Call centre manager,CV Pratama,Maluku
8d93b8c6,"Galar Tampubolon, S.Ked",Personnel officer,PD Permadi Maryati,Aceh
df263ccd,"Cut Tina Siregar, S.Ked",Best boy,UD Haryanti Budiyanto,Bengkulu
0c62848c,Nurul Hastuti,"Designer, blown glass/stained glass",PT Sirait Handayani (Persero) Tbk,Riau
f5018aed,Rendy Widiastuti,Transport planner,UD Pradana Puspasari,Kepulauan Riau
806e28e5,Narji Fujiati,"Pharmacist, community",PT Habibi Safitri,Sulawesi Selatan
15af2ecd,Wirda Farida,Public librarian,PD Yuniar,Sumatera Barat
23be67e9,Wadi Hardiansyah,"Engineer, broadcasting (operations)",UD Riyanti Sihotang,Sumatera Barat
2fbc0214,Kiandra Melani,Veterinary surgeon,PT Rahmawati Tbk,Sumatera Barat
ce1e8caa,Halima Melani,"Engineer, structural",CV Lazuardi Pertiwi,Sumatera Utara
f18e84a9,Muni Pudjiastuti,Hydrogeologist,PT Pratiwi (Persero) Tbk,Nusa Tenggara Barat
cb310da9,Nasim Situmorang,"Biochemist, clinical",PD Melani Oktaviani (Persero) Tbk,Lampung
fade60a7,Ophelia Mahendra,Herbalist,CV Mandala Pangestu (Persero) Tbk,Jawa Barat
a3b47cc3,Soleh Simbolon,"Designer, fashion/clothing",UD Habibi (Persero) Tbk,Jawa Tengah
eba31958,Drs. Warsita Nugroho,Museum education officer,UD Rahayu,Sulawesi Selatan
6a77e406,Galih Aryani,Air cabin crew,UD Narpati Simbolon,Jawa Timur
876d7ad6,H. Balapati Mardhiyah,Interior and spatial designer,PT Anggraini Dabukke Tbk,Nusa Tenggara Timur
6920944c,Lembah Thamrin,Learning disability nurse,UD Mangunsong,Sulawesi Tengah
adf8b8d0,Devi Tarihoran,"Engineer, control and instrumentation",UD Waluyo,Bengkulu
06483e56,"Purwanto Prayoga, M.Farm",Careers adviser,PT Wasita Handayani,Maluku Utara
3d00bbcc,Tgk. Latika Palastri,Naval architect,CV Mardhiyah,Jambi
639ee549,Almira Firgantoro,Audiological scientist,UD Rahimah Maulana,Sumatera Selatan
e5f804a9,"Opan Hasanah, M.Ak",Chief Financial Officer,PT Gunawan (Persero) Tbk,Sumatera Utara
bffcb396,"Jasmin Hakim, S.Pt",Publishing rights manager,UD Lazuardi,Lampung
36ab628e,"Karen Astuti, S.Psi","Engineer, aeronautical",UD Pratiwi Tbk,Maluku Utara
225924f7,Hairyanto Winarsih,Risk analyst,Perum Najmudin,DKI Jakarta
2643b30b,Cahyono Mahendra,Forensic psychologist,CV Santoso (Persero) Tbk,Sulawesi Barat
f92f9832,"Ir. Septi Narpati, S.E.","Lecturer, higher education",Perum Firmansyah Uwais,Sumatera Barat
4d9db35a,Jono Wijaya,Media planner,CV Prastuti Prasasta (Persero) Tbk,Nusa Tenggara Timur
1355fb91,"Zizi Tampubolon, S.IP",Health promotion specialist,PT Irawan Nasyiah,Aceh
a283b27c,Ir. Lukman Anggriawan,"Engineer, structural",Perum Dabukke (Persero) Tbk,DKI Jakarta
ab940814,"R.M. Rusman Saptono, S.Ked",Youth worker,UD Wibisono Siregar Tbk,Kalimantan Tengah
8512c485,Sutan Maryanto Aryani,Conference centre manager,PT Rajata Tbk,Riau
8e96f9f3,Eli Megantara,Community education officer,Perum Susanti (Persero) Tbk,Sumatera Utara
5ee83af1,Cut Zizi Wastuti,Animal technologist,Perum Zulkarnain,Kalimantan Barat
d71a2752,"Tgk. Malika Kuswoyo, S.E.",Metallurgist,UD Pradana Hasanah,Sulawesi Selatan
5622f10f,T. Hartana Agustina,Lawyer,Perum Prasasta,Sulawesi Selatan
c942a21b,Asirwada Prakasa,"Surveyor, mining",UD Nashiruddin Permadi (Persero) Tbk,Kalimantan Tengah
74c1aa51,"Drs. Banawi Siregar, S.Gz",Insurance claims handler,Perum Zulaika Nasyiah (Persero) Tbk,Gorontalo
f50a59c5,"R. Siti Mansur, M.Ak",Bonds trader,PD Prasasta Santoso (Persero) Tbk,Aceh
fd132299,Jamalia Maryati,"Teacher, special educational needs",PT Utami Utami Tbk,Sumatera Barat
f28b21ed,Kasusra Laksmiwati,Environmental health practitioner,Perum Usada,Sumatera Utara
65e11d1f,"Puti Nilam Hasanah, M.TI.",Early years teacher,PD Kuswandari (Persero) Tbk,Banten
0a61e01e,"Cut Laila Wahyudin, S.E.",Economist,PD Zulkarnain Ardianto (Persero) Tbk,Nusa Tenggara Timur
0ccb28d0,"Harsana Budiman, S.E.",Recycling officer,PD Aryani Hakim (Persero) Tbk,Kalimantan Selatan
e15ed41d,"dr. Jelita Adriansyah, M.Ak",Animator,UD Handayani (Persero) Tbk,Kalimantan Tengah
8d882ac6,Timbul Wijaya,Illustrator,PD Kurniawan Maryati (Persero) Tbk,Kalimantan Timur
e77b56bb,dr. Labuh Sirait,Financial trader,CV Saragih (Persero) Tbk,Sumatera Utara
23d559c0,Raisa Nainggolan,Medical laboratory scientific officer,PT Prasasta Tbk,Jawa Barat
1f3a421b,Raisa Anggraini,Animal nutritionist,UD Permata (Persero) Tbk,Bali
d4e26d75,Viktor Tamba,Bookseller,CV Prasasta Mansur,Maluku Utara
d3350da1,"Paris Lazuardi, S.Sos","Pilot, airline",Perum Haryanti,Kepulauan Bangka Belitung
3e63f7ff,Kala Laksmiwati,Energy engineer,UD Wijaya Tbk,Nusa Tenggara Timur
810f3ede,Nyana Prasetyo,Chief Marketing Officer,UD Firgantoro,Aceh
c3b54c40,Ika Budiyanto,Government social research officer,UD Purwanti Utama Tbk,Banten
a8eb4617,Drs. Yunita Yuliarti,Production manager,CV Sitorus Sudiati (Persero) Tbk,Sulawesi Tengah
ed5ce438,"Najib Permadi, M.Ak","Engineer, technical sales",PT Prastuti Irawan Tbk,Sulawesi Barat
b8f9b6e1,R.M. Bakda Salahudin,Retail manager,UD Prastuti Marbun,Sulawesi Selatan
0981f6d1,Dr. Aurora Habibi,"Production designer, theatre/television/film",PD Hakim Tampubolon Tbk,Maluku
57d9e719,Yance Prayoga,Publishing copy,CV Riyanti (Persero) Tbk,Sumatera Utara
19f6a480,Cindy Rahayu,Travel agency manager,Perum Pradipta Riyanti,Sumatera Utara
60be6103,"Dt. Garda Nurdiyanti, S.Farm",Company secretary,CV Waluyo Laksita Tbk,Sumatera Utara
3d9e2ce4,"Makuta Purwanti, S.Farm","Presenter, broadcasting",PT Uwais Firgantoro (Persero) Tbk,Sulawesi Tenggara
8e5e5ab6,"drg. Karimah Pangestu, S.H.",Senior tax professional/tax inspector,Perum Namaga Wibowo,Kalimantan Selatan
0c39c07d,"Gangsa Farida, S.E.I",Records manager,CV Fujiati Narpati,Bengkulu
9329493d,Gamblang Astuti,Logistics and distribution manager,PT Prasetyo Tbk,Sulawesi Selatan
38e9c7a9,Maida Wijayanti,Lexicographer,PT Hidayat,Banten
2eb72ab8,"R. Shania Januar, M.Pd","Designer, ceramics/pottery",PD Susanti Winarsih,Nusa Tenggara Timur
b215f7e3,"Balapati Wastuti, S.E.",Energy manager,Perum Dabukke,Kalimantan Utara
f6fe34a7,"R.A. Maya Thamrin, S.I.Kom","Designer, graphic",UD Zulaika,Nusa Tenggara Barat
2fc7266d,Nugraha Napitupulu,Museum/gallery conservator,CV Laksita Wibisono,Kalimantan Tengah
33d450cc,"dr. Vino Rahayu, M.Ak",Private music teacher,PT Putra Tbk,Jawa Timur
0f2cd6f1,"Himawan Riyanti, S.Psi",Lobbyist,PD Prakasa Najmudin (Persero) Tbk,Gorontalo
8d28313b,Adhiarja Safitri,Estate manager/land agent,CV Sinaga Sirait,Lampung
8261addc,Bakiono Sihotang,Patent attorney,PD Haryanti,Kalimantan Utara
c241eb25,"Ida Saragih, M.Farm","Surveyor, planning and development",PT Prasetya,Gorontalo
56caf43f,Setya Yulianti,"Designer, jewellery",CV Budiyanto (Persero) Tbk,Kalimantan Barat
d5a81985,KH. Oskar Hariyah,Press sub,Perum Rahmawati Irawan (Persero) Tbk,Papua Barat
dc045a2b,Yunita Gunarto,Sports coach,Perum Wulandari Kuswoyo (Persero) Tbk,Jawa Tengah
bc09d4cd,Belinda Habibi,Technical author,PD Napitupulu Saputra,Papua
7dcecb9e,"Cut Vanya Mangunsong, S.Farm",Broadcast presenter,Perum Latupono Natsir (Persero) Tbk,Kalimantan Utara
40157a98,Elvina Samosir,Professor Emeritus,Perum Fujiati Utami,Sumatera Barat
d152da47,Drs. Martaka Nuraini,"Civil engineer, consulting",CV Widiastuti,Nusa Tenggara Barat
b0029a36,dr. Ikin Waskita,Commercial/residential surveyor,Perum Thamrin,Bengkulu
97fb7d98,"Kiandra Dabukke, S.I.Kom",Training and development officer,PD Sudiati Namaga,Kepulauan Bangka Belitung
ba72e562,"Ira Nababan, S.Gz",Commercial/residential surveyor,Perum Wahyuni Waskita Tbk,Sumatera Utara
703a7a34,Drs. Samiah Susanti,"Programmer, applications",PD Novitasari Saragih Tbk,Sulawesi Tenggara
0869ae0a,Zaenab Usada,"Scientist, research (life sciences)",CV Nuraini Tbk,Kepulauan Riau
daebbb17,"Dr. Vero Haryanto, S.Gz",Medical technical officer,PD Widodo (Persero) Tbk,Sulawesi Tenggara
9b90387f,Damar Pradana,Recycling officer,UD Budiman,Lampung
76286be8,Amelia Halimah,"Engineer, communications",CV Ramadan (Persero) Tbk,DKI Jakarta
50e482f9,"Gamani Wahyuni, S.Kom",Colour technologist,PT Hutasoit,Kalimantan Selatan
250a3eec,Wardi Uwais,Dispensing optician,PT Simbolon Waluyo,Jawa Barat
f3581e27,Paris Pradana,Health physicist,CV Widodo Maryadi (Persero) Tbk,Banten
4a654e0b,drg. Harjaya Pudjiastuti,Orthoptist,CV Nababan Tbk,Jawa Barat
1f995cd6,"Malika Wacana, S.Pd","Lecturer, further education",Perum Prabowo Dabukke,Sulawesi Selatan
5930b106,Salsabila Prabowo,Trading standards officer,PD Maulana,Aceh
c1288aa3,Dt. Nrima Mangunsong,Insurance claims handler,PT Narpati,Papua Barat
3b8de3aa,Agus Wahyudin,Medical technical officer,Perum Dongoran Sitompul,DI Yogyakarta
2096c3d2,Ajeng Utami,Building surveyor,PT Pertiwi Ardianto (Persero) Tbk,Sumatera Barat
fccea5fd,Violet Fujiati,Secretary/administrator,CV Riyanti,DI Yogyakarta
9e31225c,dr. Natalia Palastri,Marketing executive,PT Januar Pertiwi Tbk,Papua
27639222,"Yani Kusmawati, S.H.",Ophthalmologist,Perum Mayasari Mustofa,Sumatera Utara
c179d0e5,Prasetyo Irawan,Operational investment banker,UD Dongoran Tbk,Kalimantan Tengah
68b000e1,Umar Winarno,Special educational needs teacher,PD Megantara,Jawa Tengah
f7d0fb51,Gandi Mandasari,"Engineer, electronics",UD Thamrin Prasasta Tbk,Gorontalo
872c6ddd,Farhunnisa Yuliarti,Manufacturing systems engineer,CV Rahimah Sinaga,Sumatera Selatan
55ebb362,R. Janet Wijayanti,Warden/ranger,PD Maryadi Utami,Sulawesi Barat
18de23a4,R.A. Lili Saragih,Office manager,CV Dabukke Tbk,Kalimantan Timur
e0fd2f91,"Drs. Melinda Safitri, S.Kom","Surveyor, land/geomatics",PD Agustina Nurdiyanti (Persero) Tbk,Sulawesi Utara
1d985733,Unjani Suryono,"Geologist, wellsite",CV Prasasta Kuswoyo Tbk,Nusa Tenggara Barat
5cfe6c19,Indah Maulana,Environmental education officer,PT Pratama Saragih,Sulawesi Tenggara
59029c4f,"R.M. Caraka Zulaika, S.IP",Patent attorney,UD Mansur Thamrin,DI Yogyakarta
1fb42fd2,Elisa Wacana,Farm manager,CV Winarsih Narpati Tbk,Maluku Utara
0e661d73,Oliva Safitri,Tax adviser,UD Pertiwi Tbk,Kalimantan Tengah
9e32015f,"T. Ghani Waskita, S.T.","Engineer, chemical",Perum Saputra,Jambi
91c17c7b,Jarwi Waluyo,Information systems manager,UD Saragih,Jawa Timur
6c1329c8,"Tirtayasa Lazuardi, S.IP",Tourism officer,PT Natsir Tbk,Sulawesi Barat
f94d42b6,"drg. Ani Samosir, S.Pd",Architectural technologist,PD Utami,Sulawesi Selatan
2fa19223,Empluk Saragih,"Administrator, sports",PT Nuraini Tbk,Aceh
d350276d,"Ajimat Budiman, M.Ak","Production assistant, television",PD Hutasoit Haryanto Tbk,Sumatera Selatan
b082c0cc,Umar Laksita,Podiatrist,PD Dabukke Wijaya Tbk,Maluku Utara
d30882d4,Dt. Garda Lestari,Management consultant,PD Yulianti Rajasa,Aceh
9fb4ed0e,Gaduh Wastuti,Town planner,PD Prabowo Mardhiyah,Banten
10ebbfa5,KH. Gadang Widiastuti,Research scientist (physical sciences),UD Padmasari,Aceh
093413ec,Zalindra Mustofa,Ergonomist,UD Kuswandari Namaga (Persero) Tbk,Sulawesi Selatan
d0986acd,"Yuliana Sinaga, M.Kom.",Garment/textile technologist,Perum Mayasari,DKI Jakarta
5e86a581,"Rizki Manullang, S.E.","Civil engineer, contracting",PT Puspita Suryono,Sulawesi Utara
a52ca9f3,"Lega Thamrin, M.Kom.",Sub,UD Nugroho,Sumatera Selatan
02575140,Garang Haryanto,"Psychologist, forensic",UD Mayasari Tbk,Nusa Tenggara Barat
00811765,"Hj. Hesti Utami, S.Gz",Rural practice surveyor,Perum Mahendra Tbk,Gorontalo
3617294d,R.M. Jaeman Novitasari,Arts administrator,PT Iswahyudi Najmudin,Bali
c69d6570,Darmaji Ardianto,"Engineer, maintenance",UD Anggriawan (Persero) Tbk,Sulawesi Barat
f432d591,Balidin Budiman,Field trials officer,PD Melani Wijayanti,Sulawesi Barat
69d17c84,Endah Hasanah,"Administrator, sports",UD Natsir,Kalimantan Barat
5fb93f55,"Garda Firgantoro, S.Pt",Aid worker,PD Najmudin Utami,Kepulauan Bangka Belitung
dbaed95b,Eli Utama,"Engineer, broadcasting (operations)",Perum Usamah (Persero) Tbk,Maluku Utara
07bb6bb7,Darsirah Simanjuntak,Chief Operating Officer,Perum Purnawati Tbk,Kalimantan Selatan
6cb3e669,"Tgk. Kawaya Sinaga, S.I.Kom",Corporate treasurer,Perum Lailasari Fujiati,Sulawesi Tenggara
0f593cf3,Prayogo Fujiati,Equality and diversity officer,CV Nababan Tbk,Jambi
fbb03691,Uda Suwarno,"Scientist, clinical (histocompatibility and immunogenetics)",PD Sitorus Nurdiyanti,Sumatera Utara
eaf9fbf3,"Hana Kuswandari, M.Kom.","Psychotherapist, dance movement",CV Hutapea Palastri (Persero) Tbk,Aceh
ca26ca6d,"Drs. Bakiono Firgantoro, S.T.",Freight forwarder,PT Wastuti Tbk,Sumatera Selatan
496f5995,Yosef Prasetyo,IT technical support officer,PD Habibi Susanti,Sulawesi Barat
7b4665e1,R. Timbul Yulianti,"Designer, multimedia",PT Farida Maryati Tbk,Papua Barat
b9ae9860,"Karman Hidayanto, S.Pd",Rural practice surveyor,Perum Tarihoran,Jambi
379cb876,Diah Simanjuntak,Land/geomatics surveyor,PD Damanik,Papua Barat
84787c77,Ir. Ellis Saptono,Horticultural therapist,Perum Gunawan Firgantoro (Persero) Tbk,Kalimantan Selatan
095f3d89,Ida Kusumo,"Education officer, museum",Perum Puspasari (Persero) Tbk,Bengkulu
07a45d6e,H. Muni Dongoran,Agricultural consultant,UD Damanik Tamba,Sumatera Selatan
861d6ce7,Cut Zizi Kusumo,"Conservator, museum/gallery",PT Wasita Rahayu,Maluku Utara
a0bd37fa,"Putu Maulana, S.Psi",Sales promotion account executive,UD Hutasoit Kusmawati (Persero) Tbk,Papua
ddf95e5e,"Hj. Patricia Najmudin, S.Psi","Psychotherapist, child",CV Sudiati,Jambi
b86bcff8,Wasis Yolanda,Government social research officer,CV Widodo Simbolon,Kalimantan Tengah
3c0baadd,"Ir. Usyi Sudiati, M.Farm",Hydrologist,PD Hutasoit Firgantoro (Persero) Tbk,Banten
03ba8c52,Cici Tampubolon,"Scientist, forensic",CV Santoso Nuraini,Kalimantan Timur
3c41414e,Kayla Tarihoran,Fish farm manager,PT Habibi,Sulawesi Tengah
1c63a2d3,Hartaka Sihombing,Chief Technology Officer,UD Nuraini,Jawa Tengah
faa5ab97,"Queen Hidayat, S.Kom","Designer, multimedia",UD Mangunsong Samosir Tbk,Kalimantan Timur
e6d1e6fa,R. Uli Susanti,Environmental manager,PT Prayoga (Persero) Tbk,Jambi
f845ee2f,"Cawisadi Wijaya, S.I.Kom","Therapist, music",PD Winarno Rahayu,Nusa Tenggara Barat
092db988,Uli Anggriawan,Surgeon,UD Saptono Tbk,Jawa Timur
ec46fb5b,"Satya Simanjuntak, M.Farm",Company secretary,PT Prasetyo (Persero) Tbk,Maluku
aa548023,Ayu Suwarno,Applications developer,UD Prasetyo,Sumatera Utara
61804501,Irwan Kusmawati,"Engineer, maintenance",PD Fujiati Santoso Tbk,Kalimantan Selatan
3e4ee0d8,"Maida Saragih, S.Pd","Embryologist, clinical",CV Kuswoyo,Gorontalo
17789da9,Bagiya Sudiati,"Therapist, art",PD Sinaga Tbk,Sulawesi Utara
a248922f,Maimunah Prabowo,Legal secretary,PT Yulianti Tbk,Sumatera Barat
d02ba24a,KH. Utama Ardianto,Diplomatic Services operational officer,UD Hidayanto Padmasari,Kepulauan Riau
d3ed91fe,"Kayla Wijayanti, S.IP",Ceramics designer,UD Melani,Bali
601d1a1d,Ika Gunawan,Hotel manager,UD Zulkarnain Haryanto,Gorontalo
23e316da,Irma Rajasa,"Nurse, children's",Perum Sudiati Tbk,Kalimantan Utara
c5958bc8,Ade Sihotang,Energy manager,Perum Riyanti Pranowo Tbk,Maluku
09bac0a3,Caturangga Marbun,"Psychologist, sport and exercise",Perum Gunarto Pudjiastuti,Aceh
7d82ccdd,"Zelda Andriani, S.E.",Solicitor,PD Sudiati (Persero) Tbk,Sumatera Barat
8d68f533,Dt. Mursinin Uwais,Dentist,Perum Hutagalung Padmasari Tbk,Sulawesi Selatan
f7df91b2,Dr. Nabila Putra,Government social research officer,PT Suryono,Sumatera Barat
bf13fbd0,Elvina Uwais,Call centre manager,UD Habibi Tbk,Kalimantan Timur
13aaaff6,"Candra Uwais, S.E.",Phytotherapist,Perum Zulkarnain Najmudin Tbk,DI Yogyakarta
9ea22f9f,Endah Waluyo,Ambulance person,PD Nainggolan (Persero) Tbk,DKI Jakarta
0d1ed7f2,Zulfa Rajata,Volunteer coordinator,PT Lazuardi,Kepulauan Riau
84207148,Panji Zulkarnain,Musician,PT Wulandari Hassanah,Jawa Timur
c7b0bfe0,Puti Kani Marpaung,Agricultural engineer,UD Sihotang Puspita Tbk,Riau
63bdfe5c,Tgk. Bakiman Hutasoit,Medical secretary,CV Oktaviani,Sulawesi Utara
037c5ea7,Genta Fujiati,Artist,Perum Susanti Halim,Jawa Barat
5f20c55d,Balidin Wahyudin,Copy,UD Nuraini,Jawa Timur
f292dfbb,Ajimat Narpati,Seismic interpreter,CV Firgantoro Novitasari Tbk,Sumatera Selatan
60ecbdbf,Sadina Sitompul,Herpetologist,PT Wijaya Sinaga (Persero) Tbk,Jawa Tengah
db0cba4d,Ir. Gamblang Lestari,"Designer, multimedia",CV Thamrin (Persero) Tbk,DKI Jakarta
40f9dc48,"Rahmi Mayasari, M.Ak","Conservation officer, historic buildings",CV Natsir,Aceh
908e1809,Martaka Zulkarnain,Lobbyist,PT Riyanti,Riau
66a3727d,"Cut Lili Novitasari, S.Sos",Financial manager,PD Pudjiastuti Tbk,Sumatera Barat
999ea2d1,Opan Sinaga,Fine artist,PT Utami Simbolon (Persero) Tbk,Jawa Timur
f7160cf3,R.A. Olivia Haryanto,Geophysicist/field seismologist,Perum Puspasari,Sumatera Utara
fd73a5f2,Salimah Wibowo,Mental health nurse,CV Winarno,Kalimantan Selatan
7617977f,Unjani Maulana,"Designer, multimedia",PT Agustina Tbk,Jawa Barat
d3154abe,Jane Wulandari,Facilities manager,UD Palastri (Persero) Tbk,Sumatera Utara
e65fd5f8,Oni Wahyuni,Tax adviser,Perum Mandasari Winarno (Persero) Tbk,Sumatera Utara
c51c6657,Adikara Laksita,Research scientist (physical sciences),Perum Budiman (Persero) Tbk,Sumatera Barat
e0750aa4,Ophelia Astuti,Legal executive,CV Utami Lestari Tbk,Papua Barat
bcf0432f,Galih Yolanda,Human resources officer,UD Januar Nashiruddin,Kepulauan Bangka Belitung
782685e0,R.A. Fitria Najmudin,Optometrist,PD Ardianto (Persero) Tbk,Jawa Tengah
19dfe588,Gamani Saptono,Museum/gallery exhibitions officer,Perum Wacana,Gorontalo
253a506c,Bahuraksa Kuswoyo,"Nurse, mental health",UD Widiastuti Sihombing (Persero) Tbk,Gorontalo
249bdf9f,"Wirda Ramadan, S.Ked",Energy engineer,Perum Saputra Waluyo,Sulawesi Barat
ed32b302,Hj. Syahrini Halimah,"Designer, multimedia",UD Usada,Maluku Utara
acdff76c,Ajimin Wacana,"Surveyor, planning and development",CV Irawan (Persero) Tbk,Aceh
cb313c21,Taswir Hutapea,Applications developer,Perum Rahayu Januar,Kepulauan Riau
31b38e09,Bella Wacana,"Lecturer, higher education",PT Wibisono Tamba,Sulawesi Utara
de68f41c,Ajimin Kuswandari,Mechanical engineer,UD Rahimah Ramadan Tbk,Nusa Tenggara Barat
2aed3759,Juli Wastuti,Pension scheme manager,CV Thamrin Waluyo,Papua
0bbb57d6,Cawisono Winarsih,"Surveyor, building control",PD Firgantoro Lazuardi,Sulawesi Selatan
53290b6c,Puti Cici Susanti,"Investment banker, corporate",CV Mahendra Pradana Tbk,Sulawesi Tenggara
78ea2a42,Hasna Marbun,Podiatrist,UD Maulana Tbk,Bengkulu
66c53e46,"Michelle Yolanda, M.M.",Associate Professor,CV Mustofa Siregar (Persero) Tbk,Sumatera Utara
fb6c1387,"Tgk. Unjani Hakim, M.M.","Teacher, adult education",UD Wibisono Halimah Tbk,Jawa Tengah
91796e03,"Narji Anggriawan, M.TI.",Furniture designer,UD Prasetyo,Sulawesi Selatan
280e4413,Zelda Rajasa,"Pharmacist, community",PT Mangunsong Utama,Maluku
bef819d6,"Hasim Prabowo, S.Psi",Investment analyst,CV Mahendra Rahimah,Kalimantan Selatan
ee893224,Ira Uyainah,"Therapist, drama",UD Kusmawati Mustofa Tbk,DKI Jakarta
74be01ea,Cut Faizah Wacana,Hospital doctor,Perum Dongoran Zulkarnain,DI Yogyakarta
0dc1466b,Tgk. Martani Gunawan,Interpreter,PD Iswahyudi,Kalimantan Timur
7a5ba92c,Karsa Suartini,Warden/ranger,Perum Lazuardi Mandala,Sulawesi Tengah
def91947,Zulaikha Lestari,Retail buyer,CV Habibi,Bali
bad741b6,Kani Mandala,Education administrator,PD Siregar (Persero) Tbk,Papua
943c8154,"Ophelia Hutasoit, S.Farm",Chartered accountant,CV Megantara Haryanto Tbk,Papua
d8f38732,Hamima Sitorus,Brewing technologist,PD Thamrin Sihotang,Banten
69de7fe3,"drg. Cici Mangunsong, M.M.","Engineer, chemical",CV Yolanda Tbk,Riau
a2091896,"R.A. Kani Saptono, S.E.I",Higher education careers adviser,PT Marbun Farida,Maluku Utara
1222ce60,Ira Saragih,"Administrator, education",UD Sihombing Mulyani (Persero) Tbk,Sumatera Utara
d3d5c0c9,Wira Mandasari,Forensic psychologist,PD Usada Astuti Tbk,Kalimantan Barat
0515e83d,"Tania Narpati, S.I.Kom","Designer, furniture",PT Purwanti Tbk,Kalimantan Selatan
c60f71e3,"Hj. Puspa Gunawan, M.Farm",Clinical embryologist,Perum Wulandari,Sulawesi Tenggara
c90710e2,"Dian Kurniawan, S.T.",Television production assistant,CV Sirait Saputra Tbk,Kalimantan Selatan
5d551ceb,Yance Lestari,Chief of Staff,PT Maryati Suartini,Maluku
7719b4d2,Widya Mustofa,Lexicographer,PD Rahayu Lazuardi Tbk,Sulawesi Tengah
f7275b11,"Kayla Hardiansyah, S.Ked",Mental health nurse,Perum Dabukke Manullang (Persero) Tbk,Sumatera Barat
40ae121d,Vivi Utama,Astronomer,UD Andriani Uwais,Gorontalo
95f5bdb8,H. Darijan Hastuti,"Engineer, technical sales",PT Aryani,Sulawesi Tenggara
5bb7d05c,Ilsa Zulkarnain,"Teacher, adult education",CV Mayasari (Persero) Tbk,Riau
a8f199d2,Dariati Ramadan,Colour technologist,Perum Kuswandari (Persero) Tbk,Jawa Timur
5a62d2a7,Dt. Kanda Sitompul,Fish farm manager,CV Nasyidah,Sulawesi Barat
1e476ec6,Respati Lailasari,Local government officer,PT Pratiwi Uwais Tbk,Kepulauan Riau
bd2bdd4e,Kezia Hutasoit,Paediatric nurse,PT Yulianti,Jawa Timur
c5828295,"Hasim Saputra, M.TI.","Surveyor, quantity",PD Oktaviani Putra (Persero) Tbk,Bali
a4195461,Nurul Puspita,Financial manager,CV Saragih Lazuardi,Kalimantan Tengah
a3ea6207,Galak Novitasari,"Research officer, political party",Perum Waskita,Kalimantan Selatan
58da8306,Ellis Usada,Phytotherapist,UD Rahimah Tbk,Sumatera Barat
4ec30e98,Kezia Maryadi,"Surveyor, minerals",UD Waluyo Najmudin (Persero) Tbk,Kepulauan Bangka Belitung
aac3d356,Putri Habibi,"Journalist, newspaper",Perum Puspita,DKI Jakarta
2529f30c,Dina Santoso,Primary school teacher,PT Rahayu,Riau
de30de87,"Yuni Megantara, S.I.Kom",Radio broadcast assistant,Perum Novitasari Tbk,Sulawesi Utara
2f315486,"Ifa Hutasoit, M.Farm","Teacher, secondary school",CV Damanik Lailasari (Persero) Tbk,Kalimantan Utara
cb36bcfb,H. Purwadi Damanik,Research scientist (medical),CV Suryatmi Farida,Kalimantan Timur
7e862f76,"Prabawa Rajasa, S.E.",Primary school teacher,Perum Saptono Astuti,Sulawesi Utara
565d4be8,Legawa Purwanti,Environmental consultant,UD Firgantoro,Lampung
7f57a46a,Aswani Nugroho,"Designer, television/film set",Perum Hardiansyah Melani Tbk,Gorontalo
596a7f97,Hamima Saefullah,"Copywriter, advertising",PT Latupono Tbk,Kalimantan Timur
3825efec,Enteng Wahyudin,"Administrator, charities/voluntary organisations",CV Anggriawan,Sulawesi Tenggara
6b651661,Novi Hakim,Exhibition designer,PD Prastuti,Riau
8ddc7a78,Dewi Hastuti,"Librarian, academic",PD Mansur,Riau
fab45a30,Latif Sihombing,Food technologist,UD Sudiati Tbk,Nusa Tenggara Timur
5cb4e57a,Puti Septi Hutasoit,"Engineer, technical sales",CV Nurdiyanti Tarihoran Tbk,Sumatera Selatan
0f7811d0,"dr. Virman Pudjiastuti, S.Farm",Set designer,CV Hasanah (Persero) Tbk,Papua
ef59cb48,"Maimunah Aryani, S.E.I",Academic librarian,CV Yulianti Lailasari Tbk,Sumatera Barat
ec1ffeed,Nabila Suartini,"Psychologist, counselling",PT Pratama Damanik Tbk,Bali
be2cdbc3,Yance Rahmawati,"Secretary, company",Perum Maulana (Persero) Tbk,Sulawesi Tengah
8169543d,Gaduh Winarno,Film/video editor,PD Yuliarti (Persero) Tbk,Kalimantan Selatan
fb00ddec,Margana Hidayanto,Food technologist,CV Marpaung,Kalimantan Utara
3c101bce,Karen Suwarno,Teaching laboratory technician,PD Sitompul,Jawa Tengah
e83a2f04,Dr. Safina Prasetyo,"Surveyor, hydrographic",Perum Riyanti,Maluku Utara
1d69ca2f,"Dr. Gandewa Najmudin, S.E.","Lighting technician, broadcasting/film/video",CV Suwarno Prakasa Tbk,DI Yogyakarta
6d25eab2,Panji Santoso,Psychiatric nurse,PD Pradipta Mulyani Tbk,Aceh
89c65daa,Janet Maheswara,Insurance risk surveyor,UD Farida (Persero) Tbk,Maluku Utara
0c270f81,Titin Adriansyah,Conference centre manager,PT Nasyidah Usamah,Banten
cd73954f,H. Nasrullah Saefullah,"Civil engineer, contracting",CV Melani Yolanda,Kalimantan Selatan
439a9bc2,Kasim Prasetyo,"Designer, ceramics/pottery",PD Damanik Siregar (Persero) Tbk,Kalimantan Timur
05198bcc,"Dt. Opung Wahyudin, S.T.",Patent examiner,PD Waluyo Wijaya Tbk,Maluku Utara
2c1c8b0d,Artanto Marpaung,Chief Technology Officer,PT Setiawan (Persero) Tbk,Banten
6906935e,Yance Saptono,Dietitian,PD Nuraini Kuswandari,Kepulauan Bangka Belitung
86da9663,"Artanto Riyanti, S.E.",Community pharmacist,PD Astuti Hastuti Tbk,Nusa Tenggara Barat
ba8e224f,Bakianto Fujiati,Call centre manager,UD Kuswoyo Narpati (Persero) Tbk,DI Yogyakarta
3479eb5a,Baktianto Wasita,Production manager,Perum Puspasari Utami (Persero) Tbk,Kalimantan Barat
31566126,Margana Rajasa,Production engineer,CV Handayani Salahudin (Persero) Tbk,Sulawesi Tengah
8d207556,drg. Dalima Kusumo,Health visitor,UD Rajasa (Persero) Tbk,Sumatera Selatan
484ea031,Kadir Namaga,Retail banker,UD Iswahyudi Saragih,Kepulauan Riau
5b3cc949,H. Luluh Ramadan,Printmaker,Perum Permadi Tbk,Bali
55e3de23,"Zelaya Kurniawan, S.Gz",Chief Financial Officer,CV Siregar Uyainah (Persero) Tbk,Kalimantan Timur
0bb78dde,Nyana Safitri,Senior tax professional/tax inspector,PT Halim Waluyo (Persero) Tbk,Sumatera Utara
6145d025,"Irwan Iswahyudi, S.IP","Conservator, furniture",UD Farida,Sulawesi Tengah
fdaa5f44,Nalar Manullang,"Surveyor, hydrographic",Perum Dongoran,Maluku Utara
604590e7,Kasiyah Mustofa,Recycling officer,PT Aryani Sihombing (Persero) Tbk,Sulawesi Barat
93285b4f,Hartaka Rajata,Probation officer,PT Purnawati Hastuti,Jawa Barat
73790d53,"Tgk. Dono Agustina, S.I.Kom",Manufacturing engineer,UD Hutagalung,Maluku Utara
3fe87633,H. Harsana Latupono,"Merchandiser, retail",PT Maheswara Firmansyah Tbk,Jawa Barat
dc6bf030,"Edward Nainggolan, S.Gz","Production assistant, radio",PD Mansur Tbk,Kalimantan Barat
9d9bf8ee,Artawan Santoso,Radio producer,Perum Sitompul Sihombing,Riau
ef22ba35,Danu Simanjuntak,Public librarian,PD Wijayanti Safitri Tbk,Sumatera Utara
fdbd7705,"drg. Kenari Rajasa, S.E.",Contracting civil engineer,UD Wibisono Sitompul Tbk,Gorontalo
77729fbf,Asmianto Ramadan,Chartered legal executive (England and Wales),CV Suryono,Sumatera Selatan
66cf5dff,"Ir. Virman Kuswandari, S.H.",Insurance broker,PD Nuraini Prayoga,Kalimantan Tengah
2876b375,"R. Rama Pudjiastuti, S.Ked",Patent examiner,CV Mustofa Purwanti,Sulawesi Tenggara
774e890f,Jabal Haryanti,"Engineer, automotive",Perum Iswahyudi (Persero) Tbk,Kalimantan Timur
1ef97761,T. Adikara Hartati,Advice worker,PT Yulianti Pratiwi,Sulawesi Tenggara
db460e0b,Reza Suartini,Environmental manager,Perum Laksita Budiman,Gorontalo
c577ba19,Edi Pratiwi,Cartographer,PT Prabowo Wacana (Persero) Tbk,Sulawesi Tengah
29e3ef64,Rika Prasasta,Physiological scientist,UD Yulianti Iswahyudi Tbk,Lampung
3abe937d,"Drs. Salimah Hutasoit, S.Gz","Geologist, engineering",Perum Fujiati (Persero) Tbk,Jawa Timur
76777fef,Asmuni Hardiansyah,Trading standards officer,Perum Rahimah Hariyah Tbk,Sumatera Barat
3c9107fe,Ihsan Aryani,Scientific laboratory technician,PD Zulaika Tbk,Sumatera Utara
219744d0,"R. Leo Yuniar, M.Pd",Charity fundraiser,PD Nugroho Wacana Tbk,Sulawesi Tengah
df7c9270,Tugiman Rahimah,Materials engineer,Perum Widodo Widiastuti Tbk,DI Yogyakarta
4a26d135,Mumpuni Irawan,Geophysical data processor,Perum Purnawati Tbk,Bengkulu
6d4810a5,Hasta Utama,"Biochemist, clinical",Perum Mansur Haryanti (Persero) Tbk,Sumatera Utara
b0e2d602,Oliva Rajasa,Actor,PD Winarsih Tbk,Nusa Tenggara Barat
3d107cf2,Dalima Samosir,Amenity horticulturist,UD Mahendra (Persero) Tbk,Riau
acdd0a00,"Dasa Suryono, S.E.",Advertising art director,UD Yuniar,Bali
98d6369e,Okto Wijaya,"Engineer, site",UD Siregar,Sumatera Utara
1636cbb6,"Raden Prayoga, S.Pt",Diagnostic radiographer,UD Utama Megantara,Bengkulu
731003dc,"Ir. Bella Pradana, S.Gz","Education officer, community",PT Siregar Rajasa,DKI Jakarta
8b471f9e,"Violet Setiawan, S.Sos",Professor Emeritus,CV Astuti (Persero) Tbk,Bali
ac385b0e,Alika Hastuti,Translator,UD Kusumo,Riau
568d72aa,"Sutan Carub Tarihoran, S.Sos","Engineer, water",CV Kusumo Prayoga,Banten
3a3f1484,"Setya Waluyo, S.T.","Therapist, nutritional",Perum Maryati Wacana Tbk,Maluku Utara
88c6c1af,Hasna Winarno,Television camera operator,PD Padmasari,Kalimantan Utara
8d2d47bd,Mala Maryadi,Herbalist,Perum Suartini Prasasta (Persero) Tbk,Kepulauan Riau
9e5fb9c2,Laras Setiawan,"Therapist, nutritional",Perum Simanjuntak Tbk,Papua
35132911,Okto Yulianti,"Scientist, water quality",CV Winarno Hidayat (Persero) Tbk,Jawa Tengah
3a072461,Intan Anggriawan,Public affairs consultant,PT Nasyiah,DI Yogyakarta
579fc167,Vega Jailani,Museum/gallery conservator,UD Mansur Ardianto Tbk,Sulawesi Selatan
4174f2b2,Putri Maulana,Museum education officer,PD Palastri Tbk,Sulawesi Barat
0de155c5,"Ade Kuswandari, S.Pd",Lobbyist,UD Simanjuntak Haryanti,Maluku
84873d9c,Janet Melani,IT technical support officer,UD Natsir Nurdiyanti Tbk,Jawa Tengah
de3b94e6,Eka Prasasta,"Nurse, learning disability",CV Rajata,Aceh
58c604fb,Jarwadi Prayoga,"Engineer, chemical",PT Waluyo,DKI Jakarta
157a29a3,R.A. Unjani Nuraini,"Psychologist, occupational",PT Hidayat,Sumatera Barat
a52dd582,"Drs. Karman Nashiruddin, M.Ak",Careers information officer,Perum Hartati,Bali
2e3c4f79,Wawan Haryanto,Surgeon,Perum Usada Waskita (Persero) Tbk,Jawa Tengah
9e97488b,Mala Utami,Food technologist,PT Budiyanto Wibisono,Jawa Timur
11642a6e,Padma Ardianto,"Accountant, chartered",PD Hartati,Jawa Barat
121b14cb,Dacin Hidayanto,Dance movement psychotherapist,Perum Astuti,Sulawesi Barat
a0b1e0bc,Wage Thamrin,Futures trader,UD Prayoga Tbk,Lampung
79502e78,"Gilang Firgantoro, S.Pd",Orthoptist,Perum Budiman,Kalimantan Selatan
157746ae,Sadina Pradana,Paramedic,PT Hardiansyah Natsir (Persero) Tbk,Aceh
12efbe42,"Elvin Rahimah, S.IP",Public house manager,CV Maryati Tbk,Bali
dee6b8e4,R.M. Dono Mahendra,"Loss adjuster, chartered",Perum Pertiwi,Aceh
c3c13996,"R.A. Silvia Uyainah, S.Farm",Museum/gallery exhibitions officer,PT Pratama Rahmawati,Jawa Timur
067284e9,Cahyo Mardhiyah,Nature conservation officer,PD Mayasari,Sumatera Barat
f8c95c43,"dr. Laras Budiyanto, S.E.I","Designer, television/film set",CV Palastri Tbk,Kalimantan Barat
cacc5cf0,Ina Tamba,Information officer,CV Ardianto Pudjiastuti Tbk,Kepulauan Bangka Belitung
55c1adab,"Yuliana Waluyo, S.Psi","Teacher, music",UD Waluyo,Banten
ade320c2,Samiah Namaga,Health service manager,Perum Utama Tbk,Papua
f3060c39,Drs. Ega Wibisono,Make,CV Astuti,Sumatera Barat
a3b288b9,Yusuf Wijaya,Chartered loss adjuster,Perum Mandasari Ardianto,Sulawesi Utara
4e9863b7,R. Karen Najmudin,Youth worker,UD Zulkarnain Tbk,Nusa Tenggara Timur
6838d19e,"Cut Sarah Uwais, S.E.",Translator,PT Hastuti,Kepulauan Bangka Belitung
f62f20ee,"Rahmi Jailani, S.Sos",Restaurant manager,UD Rahmawati Permata,Kalimantan Tengah
abb558d6,Rangga Prabowo,Higher education careers adviser,CV Jailani Waluyo Tbk,Lampung
cf77e590,Hasim Nasyidah,Research scientist (medical),UD Prasetyo (Persero) Tbk,Jawa Timur
97973a24,Eli Puspasari,Television/film/video producer,PT Prayoga,Gorontalo
efcacff9,Puti Lili Suryono,Production manager,Perum Firgantoro Tbk,Jawa Barat
2685e4bc,Cager Pradipta,Operational investment banker,PD Gunawan (Persero) Tbk,Kalimantan Selatan
c39b82fa,Kamila Waskita,Lexicographer,UD Sitorus Nuraini Tbk,Bali
da846d70,"Keisha Mulyani, S.Sos",Furniture conservator/restorer,PT Mulyani Tbk,Sumatera Selatan
bb613a03,Luluh Utama,Occupational psychologist,UD Riyanti,Kepulauan Bangka Belitung
a174cad4,Lanjar Setiawan,Chartered legal executive (England and Wales),UD Mangunsong (Persero) Tbk,Sulawesi Selatan
03c45b30,drg. Gilang Jailani,Furniture conservator/restorer,PT Nainggolan Salahudin,Sumatera Barat
67e1af14,Bakda Mangunsong,Electrical engineer,CV Nababan,Papua
1187f746,KH. Kemal Utami,"Therapist, horticultural",Perum Santoso (Persero) Tbk,DKI Jakarta
32faf791,Jefri Wahyudin,Fitness centre manager,PD Mandala,Sumatera Selatan
591f56d4,Maryanto Tampubolon,Geoscientist,CV Marbun Waskita,DI Yogyakarta
98c4476b,"Drs. Violet Saputra, S.E.","Engineer, control and instrumentation",UD Rajasa Santoso (Persero) Tbk,Kalimantan Barat
7af7a4dd,Ulya Melani,"Civil engineer, consulting",CV Kuswandari Jailani Tbk,Sulawesi Selatan
a4b29276,Sakti Utama,"Engineer, electrical",CV Santoso (Persero) Tbk,Sulawesi Barat
db547cd3,"Kariman Padmasari, S.IP",Public relations account executive,UD Nababan Zulkarnain Tbk,Sumatera Barat
d8ed8eb7,Sari Prastuti,"Geologist, engineering",PT Prasetya Mandasari Tbk,Aceh
a2f17e16,Safina Waluyo,Call centre manager,CV Marpaung Pradana Tbk,Riau
57b8fb31,Nilam Hassanah,Quantity surveyor,UD Dongoran,Kalimantan Tengah
4d76ca1b,"Tgk. Edi Fujiati, S.Kom",Chief Executive Officer,Perum Januar,Kalimantan Timur
e5618a15,Syahrini Haryanti,Firefighter,UD Prabowo Saptono Tbk,Nusa Tenggara Timur
376bfa0c,Balapati Puspita,Printmaker,CV Zulaika Puspita,Kalimantan Selatan
ae2af519,"dr. Gaiman Rajasa, S.Ked",Product designer,UD Pratama (Persero) Tbk,Jawa Barat
61ac6ff1,Fitria Putra,Scientific laboratory technician,Perum Halim Tbk,Bali
279374f5,Cut Lidya Purwanti,Arts development officer,CV Wijayanti Rajata,Sulawesi Tenggara
7277d84f,Balamantri Saefullah,Trading standards officer,Perum Marpaung Sitompul,Sulawesi Tenggara
04b42160,Gamani Megantara,"Scientist, research (medical)",CV Saputra Suryatmi Tbk,Lampung
04c85e66,"R.A. Siti Permata, M.Pd",Pathologist,CV Lailasari,Papua
89040c7d,Raisa Saefullah,Sports coach,PT Prayoga Tbk,Kalimantan Barat
9c579d3a,"drg. Fitriani Susanti, S.Pt","Radiographer, therapeutic",UD Hardiansyah Tbk,DI Yogyakarta
d336903a,Empluk Saefullah,Public librarian,PD Mayasari Hutagalung,Kalimantan Timur
3e9a8792,"Ani Ardianto, S.Farm",Health promotion specialist,Perum Sirait Winarsih Tbk,Aceh
e1769cac,Gaman Tampubolon,"Librarian, public",PT Halimah Prayoga (Persero) Tbk,Kalimantan Selatan
48e89f04,Bella Susanti,Call centre manager,UD Zulaika Nurdiyanti Tbk,Sumatera Barat
190ecaf1,Edi Kusumo,"Chemist, analytical",CV Nasyiah Widodo,Sumatera Barat
3c5974c5,Asmuni Najmudin,"Programmer, multimedia",Perum Mardhiyah Permata,Papua
95b84983,"Cut Patricia Firmansyah, S.E.I",Community development worker,PT Prayoga Lazuardi Tbk,Sulawesi Barat
b22da223,Ellis Rahayu,Product designer,PD Susanti (Persero) Tbk,Sulawesi Selatan
02fb2af6,Maya Pradana,Operational researcher,CV Prasetyo Ardianto (Persero) Tbk,Sulawesi Selatan
58932aac,Drs. Amalia Hidayat,Astronomer,PT Kusmawati Tbk,Gorontalo
f7a8d284,Rini Mayasari,"Engineer, energy",PT Zulkarnain,Kepulauan Bangka Belitung
dde1284b,"Dt. Luis Sudiati, M.Ak",Barista,CV Siregar Uwais,Sulawesi Barat
efe6317c,Cengkal Maulana,Transport planner,CV Hassanah,Kalimantan Tengah
fa067294,Cawisadi Puspita,Clinical psychologist,PT Nugroho,Kepulauan Bangka Belitung
6d9e70ab,Maman Pangestu,Television floor manager,PD Lestari,Bengkulu
c8867ed7,dr. Winda Laksita,Make,Perum Mahendra,Sumatera Barat
e5657e1c,Julia Waskita,"Librarian, public",PT Natsir,Kepulauan Bangka Belitung
6d6f418f,Rahman Nugroho,Insurance underwriter,PT Riyanti Laksita,Kalimantan Selatan
d9bdade6,"R. Mariadi Gunawan, S.Ked",Administrator,CV Wijaya (Persero) Tbk,Bali
fb7db3f4,"Drs. Ulya Aryani, S.Pd",Theatre stage manager,CV Suwarno Dabukke,Sulawesi Tenggara
40d0e108,Nalar Hidayat,Physiotherapist,PT Uyainah Sihombing,Sulawesi Barat
ba674266,Hafshah Saputra,Museum/gallery conservator,CV Kusmawati Natsir (Persero) Tbk,Sumatera Selatan
5fce2af8,"Ellis Pradana, M.M.",Air broker,PT Januar,Kalimantan Selatan
f7b5aa69,"Drs. Kezia Palastri, S.Pt",Make,CV Simbolon,Lampung
3084895d,Clara Rahmawati,Chemical engineer,PT Kurniawan Gunarto Tbk,DI Yogyakarta
724e577c,Bagiya Wibowo,Landscape architect,Perum Tarihoran Wasita (Persero) Tbk,Lampung
2766a822,"Ir. Victoria Astuti, S.Pt",Community development worker,PT Saragih,Sulawesi Tengah
7eadb09c,Cut Novi Pudjiastuti,Tax inspector,UD Pranowo Wahyudin Tbk,Aceh
a4206d5b,Ratih Tamba,Bookseller,CV Samosir Tbk,Papua Barat
335093ac,Uchita Maryati,Colour technologist,PD Saefullah Mahendra (Persero) Tbk,Bali
251c6c80,Rahayu Lestari,"Presenter, broadcasting",UD Adriansyah (Persero) Tbk,Jawa Barat
aff71a38,"Dina Halim, S.Kom",Investment analyst,PT Gunarto Wulandari Tbk,Jawa Tengah
d454c820,Artanto Suwarno,Marine scientist,UD Marbun,Gorontalo
684eaf11,"Puti Raisa Andriani, S.Farm",Trade union research officer,PT Wijaya,Nusa Tenggara Barat
fb4c194b,Artanto Nuraini,Chartered legal executive (England and Wales),UD Sihombing,Jawa Timur
faa5d296,Rahman Nainggolan,Architect,PD Jailani Damanik,Sulawesi Tenggara
454fdfef,Zizi Wibowo,Architect,CV Hardiansyah Irawan,DI Yogyakarta
681e37a5,Latika Hartati,Mudlogger,PT Tampubolon,Sumatera Barat
1ca0d1a6,"R.A. Wani Winarno, S.Sos",Warehouse manager,PT Tarihoran Riyanti Tbk,Nusa Tenggara Timur
13d4ae18,Sutan Bahuraksa Handayani,Commercial horticulturist,PT Dabukke Nuraini (Persero) Tbk,Maluku Utara
7a208869,Salsabila Nasyidah,Technical sales engineer,PT Usada,Nusa Tenggara Timur
8389d56b,Puji Kurniawan,Environmental consultant,PD Thamrin Zulaika Tbk,Bengkulu
234781d4,Dt. Maman Handayani,Horticultural therapist,UD Manullang Kuswoyo (Persero) Tbk,Sulawesi Utara
8844122f,Ratna Hakim,Pension scheme manager,PT Dabukke (Persero) Tbk,Jawa Barat
981c09f8,"Simon Hutapea, S.Sos",Catering manager,Perum Wastuti,DKI Jakarta
cfb056b6,Lalita Fujiati,"Scientist, product/process development",PT Lestari (Persero) Tbk,Maluku
7a04b271,"T. Kasusra Nainggolan, S.Pd","Designer, blown glass/stained glass",CV Mayasari (Persero) Tbk,Papua
5837a9f9,Cornelia Rahayu,Ceramics designer,Perum Siregar Mandala (Persero) Tbk,Bengkulu
dab4e0c4,"T. Gara Mandala, S.E.I",Banker,UD Wijaya,Sumatera Selatan
644e1355,Opan Tampubolon,Adult nurse,UD Megantara Melani,Jawa Timur
beea5512,"Prayogo Sudiati, S.I.Kom",Statistician,UD Puspita,Jawa Tengah
d84214fb,"T. Pandu Saragih, S.Ked",Police officer,Perum Rahmawati Widodo Tbk,Jawa Timur
e72c4b55,"Drs. Yulia Riyanti, M.M.",Armed forces training and education officer,PD Tampubolon (Persero) Tbk,Sulawesi Tengah
1cc95386,Humaira Mulyani,Chemical engineer,UD Narpati Kurniawan,Nusa Tenggara Barat
9f87b999,T. Eko Suwarno,Museum/gallery exhibitions officer,UD Uyainah Prasetyo,DKI Jakarta
3b90145e,Dt. Cakrajiya Wastuti,Dealer,UD Utama (Persero) Tbk,Sumatera Barat
142c8684,Asirwanda Pradana,Legal executive,Perum Susanti Lailasari,Jambi
820fc3a0,Faizah Suartini,Exhibition designer,Perum Rahayu,Sumatera Barat
7eaa4c59,Ghaliyati Yuliarti,Immunologist,PD Mahendra Prasasta (Persero) Tbk,Papua Barat
226a5804,Hj. Suci Sihombing,Therapeutic radiographer,Perum Aryani Januar,Lampung
52620e88,"Hj. Belinda Budiyanto, S.Pt",Phytotherapist,Perum Tampubolon Sinaga (Persero) Tbk,Gorontalo
65f015cc,Humaira Nugroho,"Therapist, horticultural",PD Yulianti Utama,Sulawesi Barat
44b3231e,Nurul Sitompul,"Social research officer, government",PD Marpaung Tamba,Aceh
a0df14f2,Pardi Mardhiyah,Artist,UD Latupono Natsir Tbk,Sulawesi Tenggara
8a4544d7,Jumadi Yuliarti,"Psychologist, educational",UD Hakim Tbk,Papua
efb6769b,Faizah Pradipta,Osteopath,UD Prakasa (Persero) Tbk,Kalimantan Selatan
d5a91235,Drs. Usyi Hakim,Accommodation manager,PT Sihotang (Persero) Tbk,Papua Barat
3ca54d31,T. Bakianto Uyainah,Video editor,UD Anggraini (Persero) Tbk,Bengkulu
e5b3bb36,"Ibrani Kuswandari, M.TI.",Chief Executive Officer,PD Utami,Sulawesi Tenggara
b383562d,Dr. Hasna Utama,"Engineer, maintenance (IT)",UD Kusumo Mahendra Tbk,Sumatera Selatan
74e0ceaa,Cut Mutia Hakim,Local government officer,CV Rahmawati Tbk,Papua
c41ef3bb,Calista Susanti,Cytogeneticist,PD Narpati,Jawa Tengah
b0a9ceb0,"Dr. Yessi Siregar, M.Kom.",Training and development officer,PD Prastuti,Papua Barat
46f8dbc6,"Yuliana Kurniawan, S.IP",Furniture designer,UD Ramadan Nababan,Sumatera Barat
4c1a425c,Tgk. Atmaja Waskita,Retail banker,CV Mayasari Purnawati (Persero) Tbk,Bengkulu
030cfb03,Laksana Agustina,Theatre manager,PD Setiawan Tbk,Nusa Tenggara Timur
514cc824,Natalia Yulianti,Oceanographer,UD Nainggolan Ramadan Tbk,Jawa Barat
ffe840dd,"Viman Maulana, S.Pt",Geochemist,PD Haryanti Tbk,DI Yogyakarta
d2b124c8,"Laila Firgantoro, S.Ked",Analytical chemist,CV Permadi Wijaya (Persero) Tbk,Kalimantan Utara
43cc4f98,Karja Sitorus,"Engineer, manufacturing",CV Permata Wulandari,Sulawesi Barat
1340d3cd,Martani Firgantoro,Animal technologist,Perum Putra Tbk,Nusa Tenggara Barat
a33047a4,Kambali Saputra,"Scientist, research (medical)",PD Haryanti Uyainah (Persero) Tbk,Sulawesi Selatan
1d8f6f15,Danang Wijaya,"Journalist, magazine",Perum Purnawati,Jawa Tengah
e064b197,"Cut Kiandra Irawan, S.Kom","Production designer, theatre/television/film",PT Padmasari Mulyani (Persero) Tbk,Jawa Barat
b85e1ce7,"Jane Marpaung, M.Ak",Travel agency manager,Perum Palastri Wahyudin (Persero) Tbk,Sumatera Utara
19bd09ca,Hamima Zulaika,"Horticulturist, commercial",Perum Hasanah Tbk,Kepulauan Bangka Belitung
97095856,Malika Firmansyah,Forest/woodland manager,CV Haryanto Winarno,Sulawesi Tengah
a77aad70,Drs. Kiandra Latupono,Arts administrator,PT Sitorus Pudjiastuti,Kalimantan Timur
5c898301,Silvia Pratama,Politician's assistant,Perum Utami Mayasari Tbk,Nusa Tenggara Timur
13ec76d8,R. Jessica Aryani,Art gallery manager,PD Haryanti Latupono (Persero) Tbk,Kalimantan Barat
907543bb,Zalindra Hastuti,Oceanographer,CV Sihotang (Persero) Tbk,Bali
08b41d4d,Dipa Yolanda,"Conservation officer, nature",UD Dabukke Sihotang,Banten
b0387789,Lantar Sihombing,"Engineer, chemical",PD Lestari Tbk,Jawa Tengah
5855db6b,Genta Nugroho,Structural engineer,UD Maheswara,Maluku
c997aa8e,Gabriella Najmudin,Psychiatric nurse,Perum Megantara Lazuardi (Persero) Tbk,Kalimantan Tengah
fe50fd3d,T. Hartana Anggriawan,Systems analyst,Perum Zulaika Hassanah,Riau
1e65177a,Estiawan Nugroho,Geoscientist,CV Wijaya Ramadan (Persero) Tbk,Kalimantan Timur
f1256152,Halima Waluyo,Textile designer,PD Maheswara Nurdiyanti,Papua
ea79dfe5,Najib Tamba,Toxicologist,UD Ardianto Tbk,Lampung
f89a3350,Mila Hartati,Ship broker,PT Suwarno Haryanti,Sulawesi Tenggara
c6a79db7,Lanang Hidayat,Community education officer,PT Dabukke,Sulawesi Barat
3c214099,"Hendri Novitasari, S.Kom",Theatre director,CV Farida Kurniawan,Jawa Barat
c223108a,"Malik Prakasa, M.Farm","Designer, exhibition/display",UD Handayani Prayoga,Nusa Tenggara Timur
91d4c123,Puti Vera Puspasari,Estate agent,UD Zulkarnain Waluyo,Bali
c83bb52a,Hasta Tarihoran,Seismic interpreter,PD Fujiati Saptono Tbk,Sulawesi Utara
b7a8229b,Yani Maheswara,Sub,CV Haryanto Yuliarti Tbk,DKI Jakarta
8d4daad2,Lukita Hutasoit,"Surveyor, commercial/residential",CV Gunawan Sitompul Tbk,Jawa Barat
ca01e302,Kamila Maryati,Teaching laboratory technician,CV Nababan Kusumo,Riau
e5943028,Tiara Wahyudin,"Lighting technician, broadcasting/film/video",UD Nuraini Sudiati (Persero) Tbk,Sulawesi Barat
7871f6d7,Ajeng Gunawan,Exhibition designer,Perum Wacana Utami,Sulawesi Tengah
5b7c2035,Febi Waskita,"Therapist, nutritional",Perum Agustina Mulyani,Sulawesi Barat
f9e37365,Ciaobella Santoso,"Scientist, clinical (histocompatibility and immunogenetics)",PD Firmansyah Tbk,Kepulauan Bangka Belitung
25792f23,Warsa Mandasari,Chief Executive Officer,UD Halimah Hakim Tbk,Bali
e05a85f1,Elvin Suartini,Radio broadcast assistant,PT Gunarto Saefullah Tbk,Kalimantan Selatan
7ac477aa,Gamani Yolanda,Firefighter,Perum Suryono Tbk,Lampung
59eb9a10,"Langgeng Permata, S.T.",Regulatory affairs officer,PD Uwais Puspasari,Aceh
3bf18387,"Safina Haryanti, M.M.",Hospital doctor,PT Rahimah Tbk,Sumatera Selatan
3deeeb68,Jayadi Budiman,Operations geologist,PT Saragih,Papua Barat
59facc05,Sarah Nasyiah,"Engineer, agricultural",UD Rahimah Hidayanto Tbk,DKI Jakarta
e564c8b4,"Ir. Kala Nababan, M.TI.","Therapist, speech and language",CV Rahayu,Bengkulu
687f3f93,"drg. Gamblang Wijaya, S.Sos","Research officer, government",PD Winarsih Kurniawan Tbk,DI Yogyakarta
b4f997cb,Zamira Gunarto,Consulting civil engineer,UD Manullang (Persero) Tbk,Banten
be222cc5,Samsul Suryono,Film/video editor,CV Narpati Dabukke Tbk,Sumatera Utara
b3b09a2b,"Maimunah Permadi, S.Gz",IT trainer,PT Simanjuntak Andriani,DI Yogyakarta
63c1489f,Ella Zulkarnain,Tree surgeon,PD Palastri Saefullah Tbk,Banten
8f6ab6d3,Jagaraga Purnawati,Logistics and distribution manager,Perum Namaga (Persero) Tbk,Maluku
649b5ea4,Intan Nashiruddin,TEFL teacher,PD Pudjiastuti Yuniar (Persero) Tbk,Sulawesi Tenggara
8c6bc58f,"Bagiya Puspasari, S.Pd",IT trainer,Perum Mahendra Yuliarti (Persero) Tbk,Jawa Tengah
42b1bc45,Nilam Wacana,Careers information officer,PD Sirait,Sulawesi Barat
22e149f8,Tgk. Wisnu Samosir,Chief of Staff,Perum Gunawan Tbk,Kalimantan Timur
cea73b20,Kambali Yulianti,Financial controller,Perum Farida Tbk,Sumatera Utara
242e9bed,Jaiman Haryanto,Medical illustrator,UD Sitorus Hutapea Tbk,Gorontalo
5ee9104f,Drs. Prabawa Laksita,Retail banker,PD Widiastuti Prastuti (Persero) Tbk,Kalimantan Tengah
70cf9aa4,T. Jaeman Widiastuti,IT sales professional,PT Rajasa Pudjiastuti,Sulawesi Selatan
dbd15497,Jessica Yolanda,Control and instrumentation engineer,Perum Waluyo Dabukke,Kepulauan Bangka Belitung
2a6e3db4,R.A. Tantri Kusumo,"Scientist, audiological",PT Melani Melani Tbk,Maluku Utara
b5279e9e,Puti Sarah Halimah,"Teacher, English as a foreign language",PD Gunawan Rahimah Tbk,Sumatera Utara
c52d3bd5,Umi Usada,Electronics engineer,PT Nuraini,Bengkulu
61140e9f,Dinda Rahayu,Medical physicist,UD Sihotang Puspasari (Persero) Tbk,Maluku Utara
3bd70d78,"dr. Zaenab Gunarto, S.Farm",Police officer,PT Suryatmi,Kalimantan Barat
fbf1de06,Cengkir Saefullah,"Teacher, English as a foreign language",CV Megantara Hutagalung,Jawa Barat
42adbfd1,R. Ratna Nasyidah,Lexicographer,PD Prakasa Setiawan (Persero) Tbk,Papua
298bcc6f,Winda Gunarto,Solicitor,CV Hassanah Wijayanti (Persero) Tbk,Kalimantan Tengah
80912f60,Jasmin Siregar,Counsellor,CV Laksita Tamba (Persero) Tbk,Papua Barat
bd322d35,"Queen Utami, S.Sos",Trade union research officer,Perum Purwanti Prasetyo (Persero) Tbk,Sulawesi Tenggara
31cfa1e9,"Danuja Mahendra, M.Ak",Research scientist (life sciences),PD Situmorang Prasetyo (Persero) Tbk,Jambi
11995c59,"T. Jarwa Uyainah, M.Kom.",Agricultural engineer,PD Salahudin,Kalimantan Tengah
ad52019d,Atmaja Zulkarnain,Accounting technician,Perum Rajasa Purwanti,Kalimantan Selatan
5f638a0d,"R. Purwadi Purnawati, S.Sos",Accommodation manager,CV Habibi Situmorang (Persero) Tbk,Sumatera Selatan
be943f7e,Cornelia Hastuti,Cytogeneticist,PD Hakim Putra Tbk,Sumatera Utara
aebe851b,Kunthara Kurniawan,Music therapist,PT Salahudin,Papua Barat
6f40dce5,Kamila Pratama,Arboriculturist,PT Nuraini,Kalimantan Selatan
2817dd51,Juli Nainggolan,"Investment banker, operational",UD Budiyanto (Persero) Tbk,Gorontalo
4463b9a8,Drs. Restu Hidayanto,Race relations officer,PD Budiyanto Nurdiyanti Tbk,Maluku
a43fe89f,Among Uwais,Toxicologist,PT Fujiati,Sulawesi Utara
abe043d6,"KH. Indra Haryanto, S.Pt","Engineer, communications",Perum Narpati Saefullah,Jawa Tengah
9352e07b,Omar Pangestu,Energy engineer,Perum Firmansyah Hutapea,Jawa Timur
4643c14c,"dr. Intan Handayani, S.T.",Newspaper journalist,PD Hidayanto Pranowo,Kalimantan Tengah
6027f971,Adhiarja Dabukke,Training and development officer,PT Waskita Tbk,Sulawesi Tenggara
e8f1dead,"Bakianto Sirait, S.Pd",Homeopath,PD Rahayu Firmansyah,Kalimantan Barat
b9ba9778,"dr. Wawan Pratama, S.Gz",Counselling psychologist,UD Mulyani,Kepulauan Bangka Belitung
a9ac3567,Puti Qori Riyanti,Marketing executive,CV Marpaung,Maluku Utara
6b160746,"Drs. Nadia Kusmawati, M.Ak",Cartographer,CV Wahyuni Tbk,Sumatera Utara
aba9e9c4,Natalia Namaga,"Horticulturist, amenity",PT Salahudin Budiman (Persero) Tbk,Sumatera Selatan
de7f3fde,"Cecep Pranowo, M.Ak","Secretary, company",PT Narpati Rahayu,Jawa Timur
1d5d742c,"Dr. Ifa Habibi, M.Kom.",Personnel officer,Perum Wastuti Marbun,Sumatera Barat
273da8e9,Farhunnisa Mardhiyah,Advertising art director,CV Tampubolon,Kepulauan Bangka Belitung
c8937089,drg. Tasdik Damanik,Video editor,CV Santoso,Bengkulu
d36c236d,drg. Daliman Rajata,"Nurse, children's",Perum Riyanti (Persero) Tbk,Kalimantan Barat
65b99c56,Cakrajiya Hutapea,Associate Professor,CV Siregar Laksmiwati (Persero) Tbk,Papua
0b11efa9,Cemplunk Lailasari,Medical laboratory scientific officer,PT Lazuardi Ramadan (Persero) Tbk,Sulawesi Tenggara
6bb6f221,Drs. Jaeman Simanjuntak,Interpreter,PT Gunarto Pratiwi,Nusa Tenggara Barat
8cb4147c,Eva Simanjuntak,Call centre manager,UD Adriansyah,Sumatera Selatan
cded8cfb,"Irwan Putra, M.TI.","Embryologist, clinical",PD Palastri (Persero) Tbk,Sulawesi Tenggara
7e3417bc,"Endah Prayoga, M.Farm",Comptroller,PD Waluyo Maulana (Persero) Tbk,DI Yogyakarta
00ff3dd1,Sakura Mardhiyah,Academic librarian,PD Suwarno,Bali
a56d4eb5,Wadi Nugroho,"Sound technician, broadcasting/film/video",PD Suryono Hidayanto Tbk,Sulawesi Barat
b8ea40f5,"drg. Laswi Marpaung, M.Farm",Agricultural consultant,PD Setiawan Wacana,Kalimantan Utara
e1d185d4,Rahmi Kusmawati,Dance movement psychotherapist,PT Latupono Tbk,Bali
26f7baae,"Sutan Naradi Maulana, M.Ak",English as a foreign language teacher,PT Ardianto (Persero) Tbk,Sulawesi Barat
98071d86,Dr. Maya Palastri,Building control surveyor,PT Uwais Saragih,Bengkulu
dbf3d1e8,Ratna Kuswandari,Physiotherapist,PT Melani Tbk,Papua Barat
b967b99e,Gandewa Simbolon,Financial adviser,PD Pradana Tbk,Riau
a91be709,"Ozy Maheswara, S.Kom",Media planner,Perum Hardiansyah,Sulawesi Tengah
87fbaf88,Salwa Yulianti,Communications engineer,CV Damanik Santoso Tbk,Kepulauan Bangka Belitung
2ad26063,Pangestu Maryati,Archivist,CV Setiawan,Sulawesi Barat
de5314b0,"Sutan Mursinin Utama, S.E.","Scientist, clinical (histocompatibility and immunogenetics)",PT Wastuti Tbk,Sumatera Selatan
b8e1eddf,"Ilsa Halim, S.Kom",Ophthalmologist,PT Haryanti,Gorontalo
d5d88182,Pia Prayoga,Dietitian,CV Handayani (Persero) Tbk,Kalimantan Tengah
ab94da3f,"Tgk. Kajen Maheswara, M.Farm",Quality manager,PT Mandala,Maluku
9d6719fc,Zaenab Simanjuntak,Water quality scientist,CV Wahyudin,DKI Jakarta
9897d4bd,Kamidin Maryati,"Civil engineer, consulting",Perum Lailasari Safitri,Jawa Barat
4a7395ad,Zelda Farida,Airline pilot,PT Laksmiwati Tarihoran,Papua
0c87109d,Kawaca Nainggolan,Garment/textile technologist,PT Utama Tbk,Jawa Tengah
99e3c8a1,Cecep Firgantoro,Licensed conveyancer,UD Samosir (Persero) Tbk,Aceh
7d409370,Gamblang Hasanah,Pensions consultant,Perum Pudjiastuti Sihombing,DI Yogyakarta
1b25da9a,Kamila Najmudin,"Psychotherapist, child",PT Melani Usada,Nusa Tenggara Timur
e7a86beb,"Empluk Budiyanto, S.T.",Catering manager,UD Astuti Uyainah,Kepulauan Bangka Belitung
f99a60cf,Gandi Salahudin,Orthoptist,PT Hariyah Sihotang,Papua
d4335ebe,"Shakila Lazuardi, S.Pd","Conservator, furniture",PT Kusumo,Sulawesi Selatan
0eba9777,Kawaca Sitompul,Garment/textile technologist,PD Pangestu,Kalimantan Selatan
3d0b4b3f,R. Lasmono Budiman,"Librarian, public",CV Yolanda,Sulawesi Utara
e6f2fac9,Cahyadi Najmudin,"Teacher, primary school",PD Pudjiastuti,Jawa Tengah
39f5e60d,Hasna Rahmawati,Proofreader,CV Agustina Usamah Tbk,DKI Jakarta
875ebc36,"Dr. Damar Utami, M.Ak",Psychotherapist,PD Maulana Tbk,Maluku Utara
ca617b0d,Fitria Lestari,Software engineer,PD Maryati Astuti Tbk,Aceh
e5b59cd5,Karimah Utama,Ship broker,CV Dongoran Tbk,Gorontalo
8dff0bbc,Karta Prasetyo,"Teacher, music",CV Melani Hassanah,DI Yogyakarta
09292570,"Victoria Hariyah, S.T.",IT technical support officer,Perum Halim Wibowo (Persero) Tbk,Jawa Barat
cafd3042,"T. Digdaya Sitompul, S.Farm",Magazine features editor,UD Hardiansyah Tamba,Jambi
1b5f20dd,"Dt. Jail Anggriawan, M.Kom.",Environmental health practitioner,CV Prasetyo Napitupulu,Kalimantan Selatan
3bc574de,Kania Riyanti,"Designer, industrial/product",UD Thamrin Novitasari (Persero) Tbk,Papua
e520262e,Ami Hartati,Public relations officer,Perum Adriansyah Dongoran,Sulawesi Tenggara
325c0b7d,"Niyaga Winarsih, S.E.I",Publishing rights manager,Perum Aryani (Persero) Tbk,Sulawesi Tengah
a683ceb6,Sari Purwanti,Marine scientist,CV Hutagalung,DKI Jakarta
0c54680c,"Ophelia Rahmawati, S.Farm",Research scientist (medical),UD Wastuti Tbk,Banten
9a000566,Tasnim Mangunsong,Music tutor,PT Kusmawati,Sulawesi Tenggara
fc977204,Kamaria Tampubolon,"Production assistant, radio",PD Najmudin Sinaga Tbk,Riau
3f0d7960,"R.A. Ika Anggriawan, S.I.Kom",Marine scientist,Perum Saptono (Persero) Tbk,Kalimantan Selatan
ae8490b4,"Balamantri Maulana, S.I.Kom",Conference centre manager,PD Sudiati Manullang (Persero) Tbk,Sulawesi Selatan
38e1505d,"Vicky Iswahyudi, S.Pt","Engineer, drilling",CV Mardhiyah Tbk,Banten
ee2c8d1d,Oliva Situmorang,Actor,UD Rahayu,Aceh
0d156b52,Dinda Pertiwi,"Designer, jewellery",Perum Permata Mayasari (Persero) Tbk,Sulawesi Utara
a6afd6be,Hamima Irawan,"Engineer, chemical",PD Wahyudin (Persero) Tbk,Sumatera Utara
0c1024a5,Lukman Ardianto,"Therapist, occupational",UD Rajata (Persero) Tbk,Sulawesi Utara
a8df8f55,Rudi Iswahyudi,Advertising art director,PD Handayani Saragih,Banten
43e45004,Hj. Nabila Yuniar,"Administrator, arts",CV Maryadi Oktaviani Tbk,Papua
b452a04b,Nasab Kusumo,Outdoor activities/education manager,UD Prastuti (Persero) Tbk,Lampung
5f0f7f6b,"Darman Gunarto, S.Ked",Transport planner,Perum Yolanda (Persero) Tbk,Papua Barat
744e15fa,Salimah Winarsih,Special effects artist,UD Hidayanto (Persero) Tbk,Bengkulu
15407ea0,Jatmiko Marbun,"Restaurant manager, fast food",PD Nurdiyanti (Persero) Tbk,DKI Jakarta
04da0319,Ami Hidayat,Manufacturing systems engineer,CV Pradana Prabowo (Persero) Tbk,DI Yogyakarta
92707b46,Liman Hidayat,Estate agent,PT Purnawati Rajata,Kalimantan Timur
a1e2d4c8,Kacung Wijaya,Regulatory affairs officer,PT Widodo Pratama,Bali
de36b39b,"R.M. Mahdi Uwais, S.Sos","Engineer, technical sales",CV Maryadi Suartini (Persero) Tbk,Jambi
8814e385,"Mila Yuniar, S.H.",Public house manager,PT Hutasoit,Papua
301c3814,"Luwes Maheswara, M.Ak","Education officer, community",PT Pudjiastuti Prasetyo (Persero) Tbk,Bali
aba0b130,Edward Nainggolan,Licensed conveyancer,PT Dabukke Suryono Tbk,Sumatera Utara
abe38d94,"Viman Lailasari, S.Ked",Learning mentor,UD Palastri,DI Yogyakarta
ca5c666a,Gasti Zulaika,Colour technologist,PT Pangestu Pradana,Sumatera Selatan
0a935546,Kasusra Nuraini,Chartered legal executive (England and Wales),CV Wahyudin Firmansyah Tbk,Kalimantan Timur
b58373b3,Icha Kusumo,"Administrator, Civil Service",UD Yuniar Tbk,Maluku
a3b52a34,Bakti Wahyudin,Landscape architect,Perum Budiyanto Manullang,Maluku Utara
47cfebd3,Cindy Nasyidah,Company secretary,Perum Prasetyo Samosir,Kepulauan Riau
f484fa2c,"Tgk. Bagus Prakasa, S.IP",Jewellery designer,CV Pradana Ramadan,Kalimantan Utara
694a4d22,Alika Marpaung,Oceanographer,Perum Wasita Zulkarnain (Persero) Tbk,Papua
024b3d27,Gandewa Tarihoran,Photographer,UD Anggraini Januar,Sumatera Utara
ccbff1bc,Sari Wasita,"Engineer, electrical",CV Nasyidah Ramadan,Jawa Barat
7575cebf,Jarwadi Hardiansyah,Dispensing optician,Perum Usamah,Gorontalo
4b8978b6,drg. Vivi Waluyo,Magazine journalist,CV Sihombing Wahyuni,Kalimantan Utara
60e8711d,Puti Nababan,Ergonomist,PD Wulandari (Persero) Tbk,Sulawesi Tengah
5f6fc996,"Mursita Maryati, M.Pd",Holiday representative,PT Rajata Winarno Tbk,Papua
d3ac3a4e,Jessica Kuswoyo,"Engineer, control and instrumentation",PD Siregar Irawan Tbk,Sumatera Selatan
476bc80a,Ella Zulaika,Local government officer,PT Purnawati Tbk,Sumatera Selatan
e63da9f6,"Panca Haryanti, S.Gz",Energy engineer,PD Hardiansyah Rahmawati (Persero) Tbk,Jawa Tengah
a7b5837f,Umaya Susanti,Retail merchandiser,PD Agustina (Persero) Tbk,Gorontalo
94c2977e,Budi Wacana,Economist,UD Mahendra Mustofa (Persero) Tbk,Aceh
28e05350,"Ajeng Rajasa, M.Pd",Intelligence analyst,Perum Pudjiastuti Kuswandari,Sulawesi Barat
fd7f95e2,Dr. Ika Usamah,Environmental manager,PD Kuswoyo Widodo Tbk,Sumatera Utara
8d86dcdb,"Irsad Maulana, S.Ked",Occupational hygienist,Perum Siregar Tbk,Sulawesi Barat
51c161b2,Karta Dabukke,Animator,PT Situmorang Hartati Tbk,Jawa Tengah
dfdc206c,Oni Permata,"Surveyor, land/geomatics",CV Budiman,Kalimantan Utara
bb99fda4,Eka Uwais,Sub,CV Rahmawati Haryanto (Persero) Tbk,Kalimantan Utara
20693a09,Caket Prasasta,Archivist,UD Riyanti,Kalimantan Utara
8445081e,Dr. Bakidin Hardiansyah,Sports development officer,UD Simanjuntak Tbk,Aceh
790de8ef,Wage Nugroho,Fast food restaurant manager,CV Budiman,Kalimantan Tengah
64af8747,"R.A. Gabriella Ardianto, S.I.Kom","Conservation officer, historic buildings",PD Saefullah,Sulawesi Tengah
e078824f,Rusman Hastuti,Special effects artist,UD Situmorang,Sulawesi Barat
88b39773,Wirda Sinaga,Health and safety inspector,Perum Habibi Rajata Tbk,Sulawesi Tenggara
ed474fb3,"dr. Imam Setiawan, M.M.",Teaching laboratory technician,PD Puspita Damanik Tbk,Lampung
7a43927f,"Hafshah Haryanto, S.Farm",Transport planner,PD Prabowo,Kalimantan Selatan
6f907624,Yuni Andriani,"Scientist, research (life sciences)",CV Uyainah Tbk,DKI Jakarta
3eac403e,drg. Emong Damanik,Magazine journalist,UD Suartini Nugroho (Persero) Tbk,Banten
317bf29d,"dr. Jasmin Siregar, S.H.",Retail merchandiser,Perum Laksmiwati Hastuti (Persero) Tbk,Jawa Tengah
55ab0342,Tiara Prasasta,Health service manager,PD Saputra (Persero) Tbk,Bengkulu
21611374,Drs. Paiman Padmasari,"Production designer, theatre/television/film",UD Rahimah Farida (Persero) Tbk,Kalimantan Timur
687bdfa6,Kezia Nugroho,Translator,CV Mandasari Maheswara,Nusa Tenggara Barat
9d52fbf4,Bala Suartini,Arts development officer,Perum Permadi,Sulawesi Utara
62943969,"Puti Puji Simbolon, M.Pd",Optometrist,PT Lazuardi,Sumatera Utara
6ea6d814,"Jasmani Handayani, M.Farm",Civil Service administrator,PT Safitri Wibowo (Persero) Tbk,Jambi
64e7e5b0,"R.M. Cawisono Susanti, M.Ak",Podiatrist,PD Kusumo,Banten
2295d62a,Maras Pudjiastuti,"Programmer, systems",CV Suryono Tbk,Maluku Utara
8fd35245,Mahdi Zulkarnain,Cytogeneticist,CV Kusmawati (Persero) Tbk,Gorontalo
325053fa,Dipa Pudjiastuti,Forensic scientist,Perum Kusumo,Bengkulu
923e6e07,"R. Erik Sitompul, S.H.",Psychiatrist,UD Setiawan (Persero) Tbk,Kalimantan Selatan
9325f40b,Reksa Prabowo,"Engineer, petroleum",PD Sinaga (Persero) Tbk,Kalimantan Selatan
4a1296d4,Drs. Ophelia Pertiwi,"Therapist, art",PD Sirait Tbk,Riau
bcc5f039,Nasrullah Lailasari,"Surveyor, building",CV Sihombing,Gorontalo
55699838,Yuliana Andriani,Location manager,CV Hutagalung Prayoga,Maluku
2808d42d,Zulaikha Permata,Chiropodist,PD Handayani Andriani,Kalimantan Tengah
8abc79f6,Jaka Mayasari,Newspaper journalist,PT Rahimah Fujiati Tbk,Nusa Tenggara Timur
f5e5e37e,Martaka Sitorus,Adult nurse,UD Usada,Kepulauan Riau
b83b3300,"Tari Suartini, S.I.Kom","Doctor, general practice",PT Napitupulu Nurdiyanti,Sulawesi Tengah
bea58112,Banawa Saptono,"Presenter, broadcasting",CV Sinaga Adriansyah,Sumatera Barat
4690be39,Kadir Uwais,Clinical biochemist,PD Rajata Pradipta,Nusa Tenggara Barat
d45a845d,Lidya Megantara,Environmental consultant,UD Nainggolan (Persero) Tbk,Papua
679a1b42,Gamblang Sinaga,Radiation protection practitioner,UD Maheswara Rahimah (Persero) Tbk,Jambi
8c96fe5b,dr. Simon Pratiwi,"Programme researcher, broadcasting/film/video",CV Samosir,DI Yogyakarta
08e41ecd,"drg. Pranawa Haryanto, M.Kom.",Exhibition designer,CV Mardhiyah,Bengkulu
61765f5d,Iriana Suartini,"Pharmacist, hospital",CV Zulkarnain Tbk,Lampung
baf697af,"Sutan Cakrabuana Setiawan, S.IP",Trade union research officer,PD Usamah Mandasari,Sumatera Selatan
c4a41db1,Widya Kuswandari,Waste management officer,PT Utama Lazuardi (Persero) Tbk,Sumatera Selatan
01e4049c,Asirwada Mansur,"Engineer, maintenance (IT)",PT Gunarto Tbk,Banten
3d6e59bd,"Endah Habibi, S.IP",Visual merchandiser,PD Siregar (Persero) Tbk,Sulawesi Selatan
2f7dbcea,Karma Nugroho,Print production planner,PT Tampubolon,Sumatera Utara
b24fe910,R. Sabrina Wahyuni,Sub,PD Halimah Handayani Tbk,Sumatera Selatan
77a611da,"Dr. Respati Samosir, S.I.Kom","Surveyor, planning and development",PT Iswahyudi Tbk,Aceh
49f31fd4,"H. Samsul Maryadi, S.Gz","Geologist, engineering",UD Mandasari Uyainah (Persero) Tbk,Sulawesi Tengah
a715a596,"Ir. Hani Yolanda, S.Psi","Lecturer, higher education",PT Rahmawati (Persero) Tbk,Bali
eb465e04,H. Balapati Rajasa,Financial planner,PD Kuswoyo Novitasari,Kalimantan Timur
412916eb,Gilda Latupono,Financial manager,CV Prayoga,Sulawesi Utara
7fb33a28,Cengkir Prasetyo,Civil Service administrator,UD Permata Maryati,Nusa Tenggara Barat
25205a2e,Ajeng Yuniar,Financial controller,Perum Rahayu Lazuardi Tbk,Sulawesi Utara
1e15f844,Adikara Wahyuni,Charity fundraiser,CV Aryani Megantara,Sulawesi Utara
a9de4272,Ir. Reza Rajasa,Actor,PD Marpaung Halim,Kepulauan Riau
f6ecff56,Latika Wijaya,Structural engineer,UD Setiawan Tbk,Kalimantan Utara
22964b30,"Drs. Cornelia Hutasoit, M.Farm",Systems developer,CV Yulianti Winarno,Nusa Tenggara Barat
57e1516e,Juli Hidayanto,Community education officer,PD Halim Susanti,Jawa Tengah
6bf1f489,Jarwadi Nababan,Licensed conveyancer,Perum Tarihoran Tbk,Sumatera Utara
8e0530b9,Salimah Siregar,Hospital pharmacist,UD Waskita,Maluku
d1b003e2,Vicky Purwanti,Community pharmacist,Perum Pranowo Hutasoit,Jawa Barat
4b03db01,Olivia Wijayanti,"Therapist, speech and language",Perum Nababan Prasetyo,Sumatera Selatan
43b8c35e,Amalia Widodo,"Accountant, chartered",CV Lazuardi (Persero) Tbk,Kalimantan Barat
de39b5c9,KH. Halim Safitri,"Engineer, water",CV Farida Tbk,Papua Barat
1acd77ff,Iriana Prasetyo,Electrical engineer,CV Puspasari Maryati,Jambi
03bfdcfb,Lidya Widiastuti,IT consultant,PT Uyainah Puspasari,Kepulauan Bangka Belitung
488e91fe,Ophelia Adriansyah,Sub,CV Anggriawan Simbolon,Aceh
919e0153,dr. Gabriella Pangestu,"Nurse, learning disability",UD Utami Maryadi Tbk,Maluku Utara
be652f82,"Tgk. Cinta Puspasari, M.Kom.","Therapist, art",UD Wulandari Purnawati Tbk,Jawa Tengah
020b64b9,KH. Maryadi Sinaga,Fisheries officer,PT Mahendra Uwais,DKI Jakarta
903bde1a,R. Baktiadi Simanjuntak,"Production designer, theatre/television/film",UD Gunarto Napitupulu Tbk,Nusa Tenggara Barat
a0d29953,Jamalia Yuniar,Public relations officer,CV Saputra Haryanto,Gorontalo
a6abb2b8,"KH. Darimin Haryanti, S.E.I","Journalist, broadcasting",Perum Permadi Sitorus,Jawa Barat
ebf0c3a1,dr. Faizah Pranowo,Landscape architect,PT Saptono Mandala,Maluku
c8a1e9bb,Usyi Hastuti,Media planner,PD Siregar Ardianto,Maluku Utara
ea57e122,"Yunita Tampubolon, S.Psi","Chemist, analytical",PT Pertiwi Santoso (Persero) Tbk,Kalimantan Timur
e7363d55,"Warsita Astuti, S.H.",Freight forwarder,UD Zulkarnain (Persero) Tbk,Kalimantan Barat
6cbeaa78,Ir. Umar Melani,"Investment banker, corporate",Perum Prabowo Pangestu (Persero) Tbk,DI Yogyakarta
10ff2057,Cindy Suryono,Pensions consultant,CV Prastuti Farida (Persero) Tbk,Papua
951cb069,Elisa Firmansyah,Dispensing optician,PD Rajasa Tbk,Papua
48059750,Farhunnisa Iswahyudi,Occupational psychologist,UD Sihombing Tbk,Aceh
0b11241d,Ir. Irsad Sihotang,Materials engineer,CV Hassanah Gunawan,Sulawesi Utara
d6073cf2,"Uchita Riyanti, S.Farm","Programmer, systems",CV Farida (Persero) Tbk,Jawa Tengah
ac54cfa8,Sari Nababan,Artist,PD Megantara (Persero) Tbk,Kalimantan Utara
16dc8fb2,Kamal Utami,Chief Strategy Officer,PD Saragih,Banten
3f483a72,Malika Usamah,"Surveyor, mining",PD Suryono (Persero) Tbk,Papua
971aef6b,Qori Sitompul,Systems analyst,UD Ramadan Hassanah,Kalimantan Timur
241f4cb8,Hj. Natalia Usada,Paediatric nurse,UD Yuliarti Manullang,DKI Jakarta
4cd44a88,Paiman Rajata,Agricultural consultant,UD Permata Mahendra,Maluku
61374a14,"KH. Edi Narpati, M.TI.",Furniture conservator/restorer,CV Kusmawati Wahyudin,Kalimantan Barat
69cb33cd,Harjaya Latupono,General practice doctor,PD Farida Yuliarti Tbk,Jawa Tengah
a4d026c2,Dt. Virman Anggraini,Financial manager,UD Irawan Puspita Tbk,DI Yogyakarta
93d0bc20,Galuh Hidayat,Environmental education officer,Perum Kusumo Palastri,Maluku
dfd50bb0,Galang Prasasta,Quantity surveyor,Perum Hassanah Wastuti (Persero) Tbk,Kalimantan Barat
7eb978a8,Umi Thamrin,Data processing manager,Perum Palastri Safitri,Jawa Barat
3a75fda0,Wulan Wasita,Sports development officer,CV Gunarto Suwarno Tbk,Sumatera Barat
2c8383cb,Gawati Aryani,Nature conservation officer,PD Halimah (Persero) Tbk,Papua
55e827d7,Darimin Pratiwi,Tourist information centre manager,PD Yolanda Manullang,Kalimantan Barat
4af0bae9,"Puti Zahra Wahyuni, S.Psi",Film/video editor,PT Anggriawan Tbk,Kalimantan Tengah
83d40781,Kunthara Halim,Haematologist,UD Wulandari,Gorontalo
a41a9084,Sakura Waskita,Patent examiner,PD Pangestu (Persero) Tbk,Jawa Timur
48ec1f1b,"Hj. Nadia Nuraini, M.Farm",Museum/gallery exhibitions officer,CV Anggriawan Haryanti,Bengkulu
98fc0fd9,Wadi Pratama,"Designer, exhibition/display",Perum Hutagalung,DKI Jakarta
cecb3d75,"Drs. Bala Farida, S.Sos",Legal executive,UD Gunawan Tarihoran,Kepulauan Bangka Belitung
3f3dbe94,"Tgk. Nadia Simbolon, S.Pt",Water engineer,UD Farida Dabukke,Kalimantan Barat
0767fbd0,"Ir. Ami Saputra, S.I.Kom",Chartered loss adjuster,CV Napitupulu Aryani Tbk,Maluku Utara
85035a8f,Patricia Winarsih,"Teacher, special educational needs",PT Pradipta Laksmiwati Tbk,Kalimantan Selatan
15db4b1c,Lantar Saragih,Metallurgist,UD Hutapea Tbk,Kalimantan Barat
36d9bf11,Ade Firmansyah,Public relations officer,UD Safitri (Persero) Tbk,Bengkulu
4d38439f,Ir. Usman Wibisono,Sport and exercise psychologist,CV Rajata Tbk,Sumatera Utara
b1860b70,Icha Anggriawan,Freight forwarder,PD Tampubolon,Maluku Utara
8e0eed19,"drg. Ulya Setiawan, S.Sos",Quarry manager,PT Saputra Hariyah Tbk,Sulawesi Tengah
e3226f0d,Tina Wacana,Bookseller,Perum Mansur,Kalimantan Selatan
36f3c8ec,Cengkir Widodo,Clinical cytogeneticist,PT Pratama,Gorontalo
97a0d5a3,"Vera Hutapea, M.TI.",Oncologist,UD Narpati (Persero) Tbk,Maluku Utara
67566dfd,Niyaga Firgantoro,Financial adviser,CV Pranowo Prasetyo,Kalimantan Utara
8d27edf2,Gatra Manullang,Furniture designer,CV Tampubolon Manullang,Maluku Utara
a738eb53,Jane Nurdiyanti,Forest/woodland manager,PT Mulyani Oktaviani,Kalimantan Selatan
4901ffe7,"Martani Waskita, M.TI.","Scientist, marine",Perum Narpati Firgantoro,Banten
8da370ae,H. Jail Hariyah,Local government officer,CV Mayasari Mandasari (Persero) Tbk,Bengkulu
2577f660,"Fitriani Yolanda, S.Pt",Chiropodist,PD Zulaika Irawan Tbk,Riau
31fb1916,Rachel Zulkarnain,Exhibition designer,Perum Hartati,Sumatera Selatan
0352b485,Prasetyo Nainggolan,Building control surveyor,PT Padmasari Permadi (Persero) Tbk,Jawa Tengah
1d9f84a4,Balapati Prabowo,Fitness centre manager,PD Utami Tbk,Sumatera Utara
4c083756,Kamila Hartati,"Therapist, nutritional",UD Pratiwi Tbk,Kalimantan Timur
e75e1b6c,"Setya Rajata, M.TI.",Insurance risk surveyor,UD Novitasari Waskita,Riau
81e0329e,"KH. Ihsan Nashiruddin, S.Farm","Merchandiser, retail",UD Susanti Laksmiwati Tbk,Kalimantan Barat
938bf3f3,"Ir. Laras Tarihoran, M.Ak","Scientist, water quality",PT Maulana Halimah,Kepulauan Bangka Belitung
274d7de8,Bagiya Tampubolon,Leisure centre manager,PT Hutapea,Jawa Barat
a9731576,"Candrakanta Sihombing, S.T.",Printmaker,PT Ramadan Rahmawati,Nusa Tenggara Timur
6bd93750,"Bakiadi Mangunsong, M.M.","Radiographer, diagnostic",PD Gunarto Mustofa,Kalimantan Selatan
e9d4b67f,Ade Jailani,"Psychologist, clinical",CV Puspasari,Jawa Tengah
0c1b58b0,"Tgk. Silvia Astuti, M.Farm","Engineer, land",UD Prasetya Tbk,Jawa Tengah
19f2cf2b,Janet Tarihoran,Manufacturing engineer,CV Simanjuntak Sihotang Tbk,Sulawesi Tengah
c1c8d913,Naradi Waskita,Exhibition designer,UD Purwanti,DI Yogyakarta
ad677de7,Danang Pudjiastuti,Art gallery manager,UD Marpaung,Sulawesi Tengah
ca2f191f,"Hj. Usyi Habibi, S.Farm",Museum/gallery conservator,PT Haryanto (Persero) Tbk,Aceh
6db7130d,"Dagel Tampubolon, S.Ked",Dispensing optician,PD Sinaga Lailasari,Bengkulu
2a10bb31,Uli Kusumo,Information officer,CV Prasetya Mandasari,Sumatera Barat
12029561,Hj. Zelda Hassanah,Metallurgist,UD Sudiati,Jambi
c1dfae16,Marsito Gunarto,Medical technical officer,Perum Wasita Halimah,DI Yogyakarta
18a59de3,Prabawa Wasita,Maintenance engineer,UD Santoso,Sumatera Utara
7406e864,"Dr. Maya Sinaga, M.Ak",Chiropractor,CV Kusumo Riyanti,Sumatera Selatan
47f4ce34,Aisyah Agustina,Herbalist,Perum Prastuti,Jawa Barat
5cf783f2,Asmianto Kusumo,Research scientist (medical),UD Najmudin,Nusa Tenggara Timur
2eba802f,Kala Rahmawati,Arts development officer,PT Widiastuti Tbk,Nusa Tenggara Barat
141b4461,Kayla Maulana,"Conservation officer, historic buildings",CV Hutapea Haryanti,Sulawesi Tenggara
3acc15a5,"Ir. Jamalia Melani, S.Gz",Outdoor activities/education manager,PD Kusumo Tbk,Bengkulu
a3681d35,"Sutan Manah Agustina, S.T.",Higher education careers adviser,UD Jailani Narpati Tbk,Lampung
ac6b9b96,Darmanto Suryono,Diplomatic Services operational officer,PD Dongoran Tbk,Papua Barat
f87a61d1,"Ir. Jane Lailasari, S.H.",Bookseller,CV Pratiwi Tbk,Sulawesi Tengah
4d5a9de4,Dr. Septi Saputra,Colour technologist,UD Sihotang,Sulawesi Barat
904ec503,Raditya Widodo,Herpetologist,Perum Yulianti Tbk,Sulawesi Utara
f35446a0,Laras Halim,Patent examiner,CV Saefullah Susanti (Persero) Tbk,Maluku
ae22dbe9,"Puti Yuni Susanti, S.Psi","Administrator, arts",PT Laksita Zulkarnain,Lampung
3128d35a,Elvin Thamrin,"Engineer, electronics",PT Wahyuni Fujiati (Persero) Tbk,DI Yogyakarta
9497f7e1,Lala Saefullah,Metallurgist,PT Irawan,Sulawesi Barat
58226d9e,R.A. Kasiyah Agustina,"Engineer, technical sales",CV Saragih Hakim,Jambi
15b7ce30,Jaiman Najmudin,Architectural technologist,PT Melani Ardianto,Gorontalo
5680b69a,Garan Sihombing,Farm manager,PT Nababan,Nusa Tenggara Timur
26917907,Yunita Rajata,"Engineer, water",Perum Manullang Saputra,Sumatera Barat
1d24ba7b,"Rizki Pangestu, S.H.",Dispensing optician,CV Laksmiwati (Persero) Tbk,Sumatera Utara
6221fa54,"Dt. Ikhsan Wasita, S.H.","Secretary, company",PT Kuswoyo Tbk,Sumatera Barat
2f0d87dc,Drs. Ella Maheswara,Mental health nurse,PT Maryadi Nashiruddin Tbk,Lampung
881a8ac3,"Luwes Nashiruddin, M.TI.","Engineer, drilling",PT Sinaga Saptono,Papua
041a24c9,Rangga Hutasoit,Publishing copy,CV Najmudin (Persero) Tbk,Riau
be162769,Sakura Mansur,Dietitian,PT Nasyidah,DI Yogyakarta
17b34c42,Mahmud Nasyidah,Dentist,PT Saptono Mandasari,Sulawesi Utara
afb370fe,Dr. Lasmono Jailani,Catering manager,Perum Tarihoran,Sulawesi Tenggara
72ce04d2,Melinda Suartini,"Designer, interior/spatial",CV Hidayat Natsir (Persero) Tbk,Nusa Tenggara Barat
4da20b64,Ir. Budi Nasyiah,"Accountant, chartered management",PT Suryono Yulianti,Sulawesi Tengah
cbaa7f68,T. Pranawa Palastri,"Teacher, special educational needs",Perum Najmudin Hidayanto Tbk,Papua Barat
d91ecbb0,Damar Sirait,"Buyer, retail",Perum Dongoran Yolanda (Persero) Tbk,Banten
a1972ad9,Dasa Handayani,Photographer,CV Sitorus (Persero) Tbk,Lampung
a25e5163,Puti Ana Napitupulu,Copy,PD Hardiansyah Permadi Tbk,Lampung
a4495c18,Opan Budiyanto,"Designer, ceramics/pottery",PD Mangunsong,DI Yogyakarta
920f8cf0,Bagas Agustina,"Teacher, adult education",Perum Situmorang Nainggolan (Persero) Tbk,Sulawesi Utara
29fdd34b,"Surya Situmorang, S.Pd",Electronics engineer,PD Pertiwi,Maluku
3e271ad3,"Tgk. Vega Permata, S.Pt","Pharmacist, community",PD Sihombing Puspita (Persero) Tbk,Nusa Tenggara Barat
70510582,Shania Thamrin,"Designer, furniture",Perum Haryanti Kuswandari,Jawa Timur
50db5f44,"T. Galih Wijayanti, S.Pd","Lighting technician, broadcasting/film/video",Perum Rajata Hartati Tbk,Sulawesi Tengah
a0c23892,Dadi Pratama,"Production assistant, television",PT Hassanah Prabowo Tbk,Sulawesi Tenggara
94fcc9f5,Yulia Wacana,"Nurse, children's",CV Hutasoit Manullang (Persero) Tbk,DI Yogyakarta
9275fa3b,Argono Yuliarti,Ophthalmologist,PD Saragih Handayani (Persero) Tbk,DKI Jakarta
78ad3996,Hesti Kuswandari,Press photographer,PD Nasyiah (Persero) Tbk,Jawa Tengah
55557dce,"dr. Zaenab Thamrin, M.TI.","Doctor, general practice",PT Yuniar Tbk,Nusa Tenggara Barat
a1c7741c,R.A. Gasti Uwais,"Surveyor, rural practice",PD Permata Tbk,Sumatera Selatan
ff684a58,Jaka Situmorang,Computer games developer,PD Haryanti Maryati,Banten
bc750428,Tina Thamrin,Fast food restaurant manager,UD Situmorang Zulkarnain (Persero) Tbk,Jawa Timur
25dcbc9c,Mala Namaga,Chief Strategy Officer,CV Maryadi Tbk,Lampung
74f8b1f2,Hj. Zulaikha Wahyuni,Biomedical scientist,UD Samosir,Nusa Tenggara Barat
049bf687,"dr. Jaka Handayani, S.T.",Landscape architect,PD Sirait (Persero) Tbk,Sumatera Barat
595d09f3,Diana Melani,"Psychologist, clinical",CV Ramadan Wasita (Persero) Tbk,Kalimantan Barat
f8580d14,Hasna Purwanti,IT sales professional,PT Kuswoyo Saputra,Kalimantan Utara
65765d0c,"Tgk. Najib Hardiansyah, S.Ked","Engineer, aeronautical",Perum Pranowo Mustofa (Persero) Tbk,Kalimantan Utara
874c4205,Oni Melani,Industrial/product designer,PT Mayasari Tbk,Jambi
2b51859b,Mustika Dongoran,Civil Service fast streamer,CV Kurniawan (Persero) Tbk,DI Yogyakarta
df50302b,"Ir. Mursinin Prasetya, M.Kom.",Software engineer,CV Halim,Nusa Tenggara Timur
696f1b09,drg. Hilda Damanik,Photographer,PT Yulianti Setiawan,Lampung
f6d59f70,Cut Cinthia Siregar,"Engineer, petroleum",CV Handayani Latupono Tbk,Kalimantan Tengah
1ad3277a,Endra Oktaviani,Educational psychologist,PT Tamba,Riau
fba7f378,Purwadi Padmasari,"Psychologist, sport and exercise",CV Wahyudin Wahyuni (Persero) Tbk,Kepulauan Bangka Belitung
2641ed76,Purwa Puspasari,Product manager,Perum Narpati,Jambi
9b9eae91,"Tgk. Jagapati Halimah, M.Pd",Passenger transport manager,UD Halimah Wibisono,Bengkulu
31360d6a,Laila Pudjiastuti,Secretary/administrator,UD Yuniar Nuraini (Persero) Tbk,Maluku Utara
53cdb83f,Rizki Waskita,Merchant navy officer,CV Sihombing Tbk,Riau
f93a667b,"Sabrina Safitri, S.E.I",Risk manager,PD Maryati,Jawa Timur
652cc6a1,Azalea Natsir,Museum education officer,Perum Pranowo Tbk,Papua Barat
50e60d20,Tgk. Ina Natsir,Sports therapist,UD Saputra Widiastuti,Kalimantan Timur
225c2141,Kania Anggraini,Medical illustrator,CV Sihotang (Persero) Tbk,Gorontalo
7de64726,Chelsea Palastri,Veterinary surgeon,CV Farida,Kalimantan Timur
3fe2ab3f,Hj. Amalia Andriani,"Designer, graphic",PT Hutapea Widiastuti Tbk,Kalimantan Selatan
67a3a403,Ir. Citra Lailasari,"Civil engineer, consulting",CV Kuswoyo Tarihoran (Persero) Tbk,Sulawesi Barat
b9698a6a,Rizki Rahayu,"Engineer, materials",UD Permadi Lestari,Bengkulu
2f3f4fec,"Mulyanto Budiman, S.Ked",Lobbyist,Perum Pradana Wahyudin,Sulawesi Selatan
3b4491f1,Tiara Hartati,Historic buildings inspector/conservation officer,Perum Mulyani,Kalimantan Tengah
a1f7f027,Lidya Siregar,"Development worker, community",UD Pradipta,Aceh
2995865a,Muhammad Pranowo,Environmental manager,Perum Halimah Saefullah (Persero) Tbk,Maluku Utara
9e88753b,Timbul Wibisono,Barrister's clerk,Perum Natsir Tbk,Riau
940d5c47,R.A. Alika Wijaya,Photographer,UD Latupono Pertiwi,Bali
cf05662f,Calista Haryanti,"Chemist, analytical",UD Hasanah,Sulawesi Selatan
5d36414f,Mustika Wibowo,Television/film/video producer,CV Zulaika Wijaya,Jambi
5bbd5caf,"Tari Palastri, S.Gz","Journalist, broadcasting",PD Maryati Najmudin,Bali
a21522e1,Puput Firgantoro,Occupational psychologist,UD Mardhiyah Rahayu (Persero) Tbk,Papua
f428ac47,Zulfa Simanjuntak,"Presenter, broadcasting",Perum Astuti Hutasoit,Kalimantan Barat
091be255,Kemba Padmasari,Scientific laboratory technician,PT Utami,Kepulauan Riau
d4d98556,R.A. Almira Puspita,IT trainer,UD Yolanda Suryatmi,Sumatera Selatan
65c75e14,T. Hasim Pangestu,"Embryologist, clinical",PD Lailasari Setiawan,Papua Barat
5850dfca,"Gandi Aryani, M.Kom.","Runner, broadcasting/film/video",UD Adriansyah Riyanti (Persero) Tbk,Kalimantan Selatan
374ba400,"Cindy Melani, M.Farm",Immunologist,UD Thamrin Tbk,Nusa Tenggara Barat
697de53b,Mala Ardianto,Art gallery manager,PD Pudjiastuti Pratiwi,Nusa Tenggara Timur
3b7e3a52,Tgk. Yani Usada,Ophthalmologist,PD Mandasari (Persero) Tbk,Jawa Timur
bd68938b,"Gandewa Waluyo, S.Ked",Tourism officer,PT Manullang Laksmiwati,Sulawesi Barat
fc1ba6a6,Cici Hidayanto,Retail manager,CV Prakasa Tbk,Sumatera Utara
8c95686a,"Kariman Nababan, S.IP","Conservation officer, nature",PT Sinaga,Jambi
110a1540,Ian Damanik,Proofreader,Perum Hidayat Halim Tbk,Sumatera Selatan
4d3c1f28,Queen Farida,Chartered loss adjuster,UD Pradipta Tbk,Jambi
3a05bd8b,Kacung Wasita,Exercise physiologist,Perum Dabukke Pratama,Jawa Timur
5a96e283,Ellis Sihombing,Lobbyist,Perum Simbolon Sirait Tbk,Sulawesi Tenggara
4e254dc0,Tiara Marpaung,Clinical molecular geneticist,PT Sihotang (Persero) Tbk,Kalimantan Utara
157cf177,Atma Pratiwi,"Surveyor, planning and development",Perum Mulyani Firgantoro,Sulawesi Barat
19d587a4,Gasti Yulianti,Water engineer,PT Maulana Halim Tbk,Riau
61d05331,"R. Himawan Maheswara, M.TI.",Broadcast engineer,PD Prakasa,Kalimantan Tengah
bdbd18e2,Cakrabirawa Firgantoro,Biomedical scientist,CV Prasasta,Maluku Utara
f62204a5,Dadi Astuti,"Designer, interior/spatial",UD Wasita Tbk,Kalimantan Selatan
c16f55b2,Teddy Farida,Futures trader,CV Kusmawati (Persero) Tbk,Sulawesi Barat
7f6fc89f,Puspa Pudjiastuti,"Designer, exhibition/display",PT Prastuti Permata,Jawa Barat
3b893dca,Yance Wastuti,Immunologist,CV Laksita Siregar Tbk,Kalimantan Barat
8358ad0b,"Kuncara Laksita, S.Gz",Physiological scientist,PD Widodo Rahmawati (Persero) Tbk,Maluku
38bc6f58,"Puti Uli Maulana, S.Farm",Pathologist,PD Nasyiah Maryati (Persero) Tbk,Sulawesi Selatan
18d00a12,Anggabaya Anggriawan,Equities trader,PT Wastuti,Sulawesi Utara
7d5fd88c,"Elvin Suryono, S.Sos","Designer, furniture",CV Lestari Rajata,Sumatera Selatan
c44f9de7,dr. Ida Rahayu,Landscape architect,PD Winarno Prastuti Tbk,Gorontalo
133a4844,Raden Zulkarnain,Armed forces operational officer,CV Winarsih,Jawa Timur
1e653082,"R.A. Alika Marpaung, M.Ak","Investment banker, operational",PT Gunarto Tbk,Papua Barat
9e194d65,R. Rina Usamah,Adult nurse,UD Nuraini Fujiati (Persero) Tbk,Sumatera Selatan
2844a958,Harsanto Wibisono,Archaeologist,UD Napitupulu Saptono Tbk,Riau
03051bad,Bakidin Wibowo,"Lighting technician, broadcasting/film/video",Perum Yolanda (Persero) Tbk,Maluku Utara
7663e738,T. Emas Agustina,Operational investment banker,PT Irawan,Jambi
7cb33714,"Humaira Maheswara, S.Psi",Estate manager/land agent,CV Prabowo Halimah Tbk,Maluku
a09aa845,Kenari Prakasa,Legal secretary,PD Sudiati Rahimah,Kalimantan Selatan
d35ed479,"drg. Gading Lailasari, M.Kom.",Office manager,UD Gunawan Firgantoro,Kepulauan Bangka Belitung
c6fa1a5d,Estiono Rahimah,Geophysicist/field seismologist,Perum Anggriawan Tbk,Sulawesi Utara
96ac937c,R.A. Iriana Samosir,"Therapist, horticultural",PD Widiastuti,Sulawesi Tengah
96ca2ff4,Nadia Firgantoro,Product manager,Perum Waluyo Latupono,DI Yogyakarta
dbca3beb,Bahuwarna Farida,Paediatric nurse,UD Hariyah Waluyo Tbk,Sulawesi Barat
f22f68d1,Julia Prayoga,"Scientist, biomedical",PD Suryono Hidayanto,Jawa Tengah
9ccf096a,Hasan Nababan,Cytogeneticist,CV Natsir Latupono Tbk,Jawa Timur
3480313b,Rahmi Nurdiyanti,Fashion designer,PT Firgantoro,Jawa Barat
38a17bd0,Jamalia Maheswara,Volunteer coordinator,PT Astuti Wahyudin,Kalimantan Utara
fcbe5e09,Bella Lailasari,"Secretary, company",CV Hutagalung Farida,Maluku
659c9496,T. Martani Hastuti,Photographer,CV Namaga Astuti,Kalimantan Timur
900803d5,Karya Firgantoro,Equities trader,PD Natsir Maryadi,Nusa Tenggara Barat
d8ae43dc,Ilyas Uyainah,Jewellery designer,CV Puspasari Kuswoyo (Persero) Tbk,Kepulauan Bangka Belitung
96e16354,"Ir. Daru Farida, S.IP","Development worker, international aid",PD Haryanti Maryadi (Persero) Tbk,DKI Jakarta
286e2b87,Ian Saputra,Pensions consultant,PD Simanjuntak Waskita,Sulawesi Barat
82c10b1d,"R.A. Belinda Wasita, M.M.",Freight forwarder,CV Hariyah Siregar,Gorontalo
733f1d9d,Cindy Simbolon,Land/geomatics surveyor,PT Anggriawan Maheswara,Kalimantan Tengah
e2f75a75,Mahmud Mahendra,Multimedia specialist,PD Rajata,Gorontalo
07d9315c,Melinda Purnawati,Probation officer,UD Utami Tbk,Maluku
d1b7fe3c,R. Devi Sinaga,Chartered certified accountant,UD Sihombing (Persero) Tbk,Riau
da31fd0d,R.M. Adikara Suwarno,Translator,UD Rahimah Tbk,Sumatera Barat
63dbb727,Sutan Emil Damanik,Aeronautical engineer,PD Saptono (Persero) Tbk,Maluku Utara
6e256ad2,"Silvia Damanik, M.TI.",Occupational psychologist,UD Prasasta Purnawati,Jawa Tengah
29673e6c,Banara Nainggolan,"Scientist, audiological",CV Napitupulu,Gorontalo
02658fea,"Hj. Ajeng Aryani, S.I.Kom","Investment banker, corporate",UD Samosir Oktaviani,Sumatera Barat
c97c3481,"Dr. Ciaobella Damanik, S.Psi",Osteopath,CV Hasanah Zulkarnain,Sulawesi Tengah
bf2cc724,Carub Hidayanto,Herpetologist,UD Yolanda Tbk,Kalimantan Timur
575539cb,drg. Silvia Kusumo,"Teacher, early years/pre",CV Sirait,Bengkulu
22f43db3,Nabila Uwais,Armed forces training and education officer,Perum Latupono Namaga,Sulawesi Selatan
1be865f2,KH. Warta Adriansyah,Environmental consultant,PT Kuswandari,Sulawesi Tengah
67aae38d,Aurora Halimah,Technical sales engineer,Perum Kuswandari Wahyuni,Jawa Barat
460f8ef9,Legawa Anggraini,Veterinary surgeon,UD Rahimah,Papua
e7ff2107,Dono Winarsih,"Engineer, drilling",PD Suwarno Nurdiyanti,Nusa Tenggara Barat
30d231dd,"Tedi Pratama, S.I.Kom",Wellsite geologist,Perum Melani Pradana,Gorontalo
c07b715c,Heryanto Dabukke,"Chemist, analytical",PD Wijayanti Simanjuntak (Persero) Tbk,Sulawesi Tenggara
54bb1005,"R.A. Wani Laksmiwati, M.Pd",Special effects artist,PT Pradana,Kalimantan Selatan
9409b4f0,"Jaka Suryatmi, M.Farm",Accommodation manager,CV Iswahyudi (Persero) Tbk,Sumatera Barat
71c93003,"Dr. Zizi Jailani, S.E.I","Scientist, physiological",Perum Hastuti,Kalimantan Barat
3895767f,"Reza Siregar, S.I.Kom","Pilot, airline",Perum Wibisono Hakim (Persero) Tbk,Nusa Tenggara Barat
0c38c5d0,Dt. Garang Sihombing,Advertising account executive,CV Zulaika (Persero) Tbk,Bali
03e49691,Dr. Kiandra Napitupulu,Radio producer,Perum Melani Widiastuti (Persero) Tbk,Sulawesi Tengah
f8401a7c,Juli Wasita,Quantity surveyor,UD Mangunsong,Maluku Utara
c8debda3,Patricia Yuniar,Amenity horticulturist,UD Pudjiastuti,Nusa Tenggara Barat
0759d31c,Chelsea Wibisono,Gaffer,PT Tampubolon Tbk,Bali
53e81375,Eva Wulandari,Dentist,PD Jailani,Kalimantan Selatan
c71e45b9,"Rina Wastuti, S.Sos",Tour manager,UD Wijaya Tbk,Kepulauan Bangka Belitung
317542d0,Lalita Prayoga,Primary school teacher,CV Narpati Maryati Tbk,Aceh
ea707b45,R. Jane Rahimah,Advice worker,CV Mandasari Anggraini Tbk,Jawa Timur
aaf3d385,"Ira Laksita, M.M.",Facilities manager,UD Rahimah,Kepulauan Riau
8a23207f,Febi Anggraini,Training and development officer,PD Setiawan Hariyah (Persero) Tbk,Kalimantan Barat
825ce44e,Cindy Nasyiah,Archaeologist,Perum Situmorang,Kepulauan Riau
6ccd78b9,"Wawan Sitompul, S.Ked",Marine scientist,PD Hutasoit (Persero) Tbk,Sulawesi Tengah
60295635,Vicky Usada,Automotive engineer,CV Yuniar (Persero) Tbk,Kalimantan Barat
d3688e6e,Vero Hasanah,"Engineer, civil (consulting)",PD Yolanda Saputra,DI Yogyakarta
15843927,Paulin Hariyah,"Radiographer, diagnostic",PT Natsir Lestari,Aceh
4ba77f35,Karja Puspita,Freight forwarder,UD Maulana Nasyiah (Persero) Tbk,Banten
35320b2a,"R.A. Cindy Rajata, S.E.",Chief Executive Officer,UD Prasetya Astuti,Riau
9f05118d,dr. Lega Tarihoran,Sports coach,Perum Prakasa Maulana,Sulawesi Utara
9c3d3aa4,Cengkir Mangunsong,Therapeutic radiographer,PD Sitorus (Persero) Tbk,Jawa Timur
2d1ee6af,Padma Sitompul,Retail buyer,CV Mandala Haryanto Tbk,Kalimantan Timur
e4a3eeeb,R. Septi Santoso,Curator,PT Nurdiyanti,Kalimantan Selatan
fc61e1d5,Oni Rajasa,Town planner,UD Hartati Tbk,Jambi
190847b3,Uli Suryatmi,Armed forces technical officer,Perum Purwanti Sudiati Tbk,Nusa Tenggara Timur
e3b39622,"Ir. Tania Pertiwi, S.Gz",Multimedia specialist,PT Hastuti Andriani Tbk,Banten
a11cfa30,"Farhunnisa Saptono, S.Kom",Wellsite geologist,PT Yuliarti,Kalimantan Timur
73287614,Zulaikha Kurniawan,Town planner,Perum Tarihoran,Nusa Tenggara Barat
2ae9a11e,Hasta Gunarto,Fine artist,Perum Salahudin Pratiwi Tbk,Lampung
bc32360a,drg. Sakura Wasita,Public house manager,Perum Pratiwi Wahyudin,Kalimantan Timur
ebcc59b8,Ajiman Anggraini,"Scientist, audiological",UD Oktaviani,Sulawesi Tenggara
5219446c,Chandra Simanjuntak,"Scientist, marine",PD Hartati Suryono,Sulawesi Barat
a6a8dc97,Mala Oktaviani,Information systems manager,Perum Melani Kurniawan Tbk,Banten
19742875,Unjani Permata,"Producer, television/film/video",UD Utami Tamba Tbk,Sulawesi Barat
5df320b1,Safina Agustina,Occupational psychologist,PD Saragih Marpaung (Persero) Tbk,Bengkulu
a6b62cf2,"drg. Ganda Siregar, S.Psi",Financial trader,CV Prakasa,Sulawesi Barat
62bd4dc1,Estiawan Iswahyudi,Naval architect,PD Anggriawan,Nusa Tenggara Timur
4e9d4a60,Ajiman Usamah,Chartered public finance accountant,CV Waskita Astuti,Kepulauan Bangka Belitung
df96fe49,"Prayoga Suartini, S.E.",Restaurant manager,Perum Wijaya Zulaika,Kalimantan Barat
98c3dd74,Abyasa Maheswara,Field trials officer,CV Anggraini Megantara,Maluku Utara
7597832e,Reksa Prabowo,Heritage manager,CV Wijaya Wijaya,Sulawesi Tengah
becdd5be,"Rahayu Prabowo, S.T.","Designer, multimedia",Perum Widodo,Sulawesi Tengah
a9636b80,Darmanto Winarsih,"Teacher, early years/pre",CV Simanjuntak Budiyanto,Papua
a7064e51,Tgk. Faizah Prasetya,Tourism officer,CV Situmorang,Jawa Timur
7fa44582,"Hj. Rini Santoso, M.TI.",Higher education lecturer,UD Sinaga,DI Yogyakarta
26de0dc4,Ir. Bahuraksa Mangunsong,Clinical biochemist,PD Putra Laksita,Lampung
9e253e50,Zahra Fujiati,"Accountant, chartered",PT Gunarto Marpaung,Bali
a914e3fd,"drg. Mahmud Ardianto, S.Farm",Graphic designer,UD Uyainah,Sumatera Barat
ee83ca5b,"Vivi Pranowo, M.Pd",Television camera operator,Perum Widodo Palastri (Persero) Tbk,Sulawesi Selatan
ccc65380,Gilda Sinaga,"Designer, ceramics/pottery",UD Fujiati,Sulawesi Selatan
c5c7fa48,Daryani Santoso,Government social research officer,PD Permata Purwanti,Jawa Barat
dd5bcd66,"Paramita Laksmiwati, M.TI.","Presenter, broadcasting",PD Mangunsong (Persero) Tbk,Kepulauan Riau
8f48754a,Respati Yulianti,"Designer, textile",UD Fujiati Saptono Tbk,Aceh
3f9ae3cf,Calista Sihotang,"Investment banker, corporate",PD Widiastuti (Persero) Tbk,Banten
43e2e9ed,Maman Santoso,Seismic interpreter,CV Kusmawati Nasyidah,Jawa Barat
77f11b7b,Dr. Nabila Mandala,Academic librarian,CV Susanti Wastuti Tbk,Sumatera Barat
71fe864a,Hamima Hariyah,Housing manager/officer,PT Nurdiyanti Saputra Tbk,Lampung
bd90da3c,Digdaya Halimah,"Psychologist, prison and probation services",UD Astuti Nababan,Bengkulu
3f3815cd,"H. Jasmani Halimah, M.Ak","Lecturer, further education",UD Hakim Tbk,DKI Jakarta
993bac24,Paramita Mayasari,Location manager,PT Budiyanto Wijayanti,Jawa Tengah
7238a9ad,Betania Sudiati,Quantity surveyor,PD Adriansyah,Nusa Tenggara Timur
bcde7f16,"Nasrullah Utami, M.Kom.",Special educational needs teacher,PT Astuti Budiman,Lampung
7383b10e,Nova Dabukke,"Surveyor, building",PD Pradipta,Maluku
b5c8b90b,Wadi Pangestu,Land,PT Firgantoro Prasetyo (Persero) Tbk,Papua
9c77f2bf,drg. Devi Rajata,Musician,PT Kusmawati (Persero) Tbk,Nusa Tenggara Barat
edea67d1,Yono Rajasa,Ambulance person,CV Nababan Santoso Tbk,Gorontalo
1d7e3248,"Dr. Darimin Suartini, M.Ak",Geographical information systems officer,PT Mansur (Persero) Tbk,Sumatera Barat
23918f6f,Hamima Winarsih,Geochemist,UD Rahimah Utami,DI Yogyakarta
db6ae549,Purwadi Pudjiastuti,"Therapist, nutritional",Perum Salahudin,Sumatera Utara
6e97537b,Drs. Emas Mansur,Ergonomist,Perum Maulana (Persero) Tbk,Papua
6273f154,Daliman Agustina,"Conservation officer, nature",CV Kusumo Rahayu,Jawa Barat
2471581c,"Aslijan Wacana, S.Psi",Counsellor,PT Zulkarnain (Persero) Tbk,Nusa Tenggara Timur
6fa493da,"Dr. Padma Rajata, M.Ak",Volunteer coordinator,UD Hardiansyah,Kalimantan Utara
7178a76d,Almira Pranowo,"Engineer, automotive",PD Pudjiastuti Tbk,Jambi
632f01b6,Hasan Nugroho,Television production assistant,Perum Fujiati,Aceh
93fc5aab,drg. Langgeng Siregar,"Engineer, communications",PD Saefullah Utami,Sulawesi Tenggara
ee10150b,"Tirta Usada, M.Pd",Chief Strategy Officer,Perum Gunawan Firmansyah (Persero) Tbk,Jambi
077d211d,Lili Pradipta,Quality manager,CV Kurniawan Sitorus (Persero) Tbk,Kalimantan Tengah
0d1e134c,Purwa Rahmawati,Trade mark attorney,UD Irawan Anggriawan (Persero) Tbk,Papua
134a174d,Jarwi Purnawati,Dispensing optician,UD Napitupulu Mahendra,Lampung
2d62bc61,"H. Embuh Setiawan, M.Kom.",Armed forces technical officer,CV Saputra Hastuti (Persero) Tbk,Jambi
f4157179,"dr. Janet Wijaya, S.Kom",Armed forces training and education officer,PT Wahyuni,Sulawesi Utara
9005df9c,Kamidin Simanjuntak,Clinical biochemist,Perum Salahudin,Jawa Timur
e178f745,"dr. Uchita Winarsih, S.Psi",Financial manager,PD Napitupulu Tamba (Persero) Tbk,Sumatera Barat
78bb32b6,Drs. Ulva Nuraini,Restaurant manager,PD Uyainah Januar (Persero) Tbk,Kalimantan Utara
55dd976d,Galuh Zulkarnain,"Surveyor, building",PD Prakasa Marpaung,DKI Jakarta
2882ffd9,Indah Prabowo,Psychiatrist,UD Natsir Permata Tbk,Sulawesi Tengah
6fe8fc18,Artawan Puspasari,Web designer,PD Suwarno Pradana,Kepulauan Riau
4382a2ed,drg. Darmana Winarno,"Engineer, water",Perum Purnawati Siregar (Persero) Tbk,Kalimantan Barat
a45a19af,Jabal Prasetya,Warden/ranger,CV Yolanda Kusmawati,Banten
4b7286f0,T. Reksa Wastuti,"Doctor, general practice",PT Widiastuti,Jawa Tengah
38578d7d,Raharja Agustina,"Engineer, manufacturing systems",PD Simbolon Hartati (Persero) Tbk,Maluku Utara
3ec56842,Oliva Thamrin,"Optician, dispensing",CV Yolanda Tbk,Riau
3ce7876f,Dr. Restu Wibowo,Site engineer,PD Nashiruddin (Persero) Tbk,Kalimantan Utara
f63f5f50,"Ir. Kajen Manullang, S.Pd",Field trials officer,Perum Simbolon Pratama,Sulawesi Tenggara
31b72993,Kunthara Pranowo,"Therapist, music",PD Wibowo Maulana,DKI Jakarta
fa106bbb,"Victoria Najmudin, M.Ak",Sub,CV Wahyuni Novitasari (Persero) Tbk,Kalimantan Selatan
2a2e0ac0,Michelle Wahyuni,Psychiatric nurse,PT Siregar Namaga Tbk,Nusa Tenggara Barat
9e2f28ee,Prasetya Pratiwi,"Engineer, production",Perum Laksmiwati Megantara Tbk,Kalimantan Tengah
8e8be6f8,"Lamar Marpaung, S.T.",Administrator,Perum Januar (Persero) Tbk,Bengkulu
f15660c7,"Mahmud Wastuti, S.Kom",Glass blower/designer,CV Wulandari Laksita (Persero) Tbk,Bengkulu
d1fc3df7,"Cawisono Gunarto, M.Ak",Civil Service fast streamer,Perum Zulaika (Persero) Tbk,Papua
b127b034,"Bagas Puspita, S.I.Kom",Electrical engineer,Perum Nashiruddin Nuraini (Persero) Tbk,Nusa Tenggara Barat
75a159e6,Panji Astuti,Building services engineer,PD Sitorus,Nusa Tenggara Timur
b9d8fc0f,"Adikara Wijaya, M.Farm",Environmental education officer,CV Putra (Persero) Tbk,Nusa Tenggara Barat
92666a09,Taufik Fujiati,Physiotherapist,CV Sitompul Habibi (Persero) Tbk,Sulawesi Barat
db91cd0c,"Dt. Balamantri Rajata, S.IP",Paramedic,UD Sudiati,Sumatera Selatan
68eac046,"Puti Latika Mahendra, S.Farm",Actor,UD Nainggolan Tbk,Sulawesi Barat
e97d9c3b,"Uli Melani, M.Ak","Editor, magazine features",PT Permata Handayani,Kepulauan Bangka Belitung
02f307a4,KH. Artanto Kuswoyo,Health promotion specialist,UD Waluyo Tbk,Sumatera Barat
1541df0a,"Drs. Iriana Suryono, S.E.","Horticulturist, commercial",CV Namaga,Kepulauan Riau
c7ea381e,Belinda Hutagalung,"Radiographer, diagnostic",PT Halimah (Persero) Tbk,Riau
b8e0e841,Karja Nurdiyanti,Counsellor,PD Farida,Papua
1e6f0bb6,Tania Budiyanto,Production engineer,PD Putra Gunarto (Persero) Tbk,Bengkulu
ea1d433d,Emong Sitompul,Dietitian,Perum Rajasa,Aceh
d6df51ab,Gangsa Hardiansyah,Fashion designer,PT Damanik Tbk,Sulawesi Selatan
066a81f5,"Nasim Napitupulu, M.Ak",Sub,CV Hutapea (Persero) Tbk,Sulawesi Tengah
869378ec,Leo Puspita,"Surveyor, mining",PD Marpaung Rahayu (Persero) Tbk,Sulawesi Selatan
33986964,Sakura Uwais,Microbiologist,UD Napitupulu Natsir,Maluku Utara
3aa1732d,Almira Tamba,Clinical embryologist,PT Riyanti Tbk,Kalimantan Tengah
f99a350d,Kemba Waluyo,Quarry manager,Perum Suartini Budiyanto Tbk,Papua
b71bf2a1,Sabrina Usamah,"Scientist, research (medical)",CV Gunawan,Bali
71792232,"Paris Tarihoran, M.Farm",Petroleum engineer,CV Suartini,Jawa Tengah
568e335e,Mutia Usamah,Brewing technologist,CV Jailani,Kalimantan Timur
19d9abd7,"dr. Kamila Kuswoyo, M.Kom.","Scientist, research (physical sciences)",CV Melani Tbk,Kalimantan Selatan
62874192,Nova Hidayanto,"Therapist, music",Perum Puspita Iswahyudi,Kalimantan Barat
5f0b8713,Raina Mardhiyah,"Administrator, arts",Perum Sitompul Tbk,Jawa Timur
73e8042a,"Kasim Mustofa, S.Farm","Development worker, community",Perum Maryadi Suryono Tbk,Jambi
ef76391d,Gandi Prasetyo,Quality manager,Perum Suryono,Bali
552b8d55,"Tgk. Ian Nuraini, S.Pt",Early years teacher,UD Wacana Maryadi,Sulawesi Barat
f721c99e,"Kartika Natsir, M.Ak",Drilling engineer,PT Hardiansyah,Kalimantan Barat
cbb2e309,Patricia Natsir,Clinical research associate,UD Hutasoit,Gorontalo
ef63e650,Warta Wahyuni,Chief Financial Officer,Perum Natsir Tbk,Banten
25ddcda3,Lala Winarno,Quantity surveyor,CV Setiawan,Jambi
f8915fed,Yuni Gunawan,Building control surveyor,Perum Suryatmi Hartati,Sulawesi Tenggara
f95d36d4,"Humaira Lestari, M.Farm",Archivist,Perum Wijayanti (Persero) Tbk,Jawa Barat
d90ee461,Hendri Pranowo,Product manager,PD Siregar (Persero) Tbk,Sulawesi Utara
61a9c5f8,"Dr. Kasiyah Rajasa, M.TI.",Data processing manager,PD Zulkarnain Zulaika,Jawa Barat
135fd8cc,Olivia Rajasa,Ergonomist,PT Santoso Mayasari Tbk,Bali
e51bd8c5,"dr. Asirwada Saragih, S.H.",Clothing/textile technologist,UD Wibisono (Persero) Tbk,Jawa Tengah
74b637ab,T. Adikara Wacana,"Surveyor, insurance",PT Hariyah Kusmawati,Maluku Utara
5eec8ccd,Ika Maryadi,Tax adviser,PD Firmansyah Purnawati (Persero) Tbk,Gorontalo
10b173dd,"dr. Janet Wahyuni, S.E.",Scientific laboratory technician,UD Agustina,Sulawesi Selatan
ab85e685,Bakijan Anggraini,Hospital doctor,PD Maulana,Jambi
f01ca96f,Nova Hardiansyah,Early years teacher,PT Zulaika (Persero) Tbk,DI Yogyakarta
e02693b4,"Lantar Mandasari, S.I.Kom","Conservator, museum/gallery",UD Wijaya (Persero) Tbk,Sumatera Barat
f03df534,Dagel Hassanah,Quantity surveyor,PT Riyanti Hidayat Tbk,Sumatera Selatan
58321061,Bahuwirya Suwarno,Chief Financial Officer,PD Tamba Tbk,Nusa Tenggara Timur
d661335a,Bagus Lazuardi,Aid worker,PT Andriani Tbk,Sulawesi Utara
97b41811,Mahmud Gunarto,"Geologist, wellsite",UD Palastri Nashiruddin (Persero) Tbk,Kalimantan Selatan
2d5f7d6d,Citra Sihombing,Insurance claims handler,CV Astuti (Persero) Tbk,Jawa Barat
1d0e5945,"Nadine Sirait, S.Gz","Engineer, civil (contracting)",CV Dongoran Tbk,DI Yogyakarta
c8f1241a,Ciaobella Dabukke,Adult nurse,PT Namaga (Persero) Tbk,Kalimantan Selatan
6516d627,Martaka Marbun,"Journalist, magazine",CV Sihotang Thamrin,Kalimantan Barat
2887f8d0,R.A. Cici Wulandari,Speech and language therapist,CV Siregar Wacana,Banten
a911785e,"Manah Nuraini, S.Kom",Further education lecturer,PT Wahyudin,Papua Barat
e9e82a57,"Karimah Hariyah, M.Pd",Aid worker,CV Waluyo Andriani Tbk,Jawa Timur
ee038513,Slamet Hastuti,Chief Strategy Officer,UD Dabukke Sudiati Tbk,DKI Jakarta
b8692eaf,Karsana Pradana,Furniture conservator/restorer,PD Megantara Dongoran Tbk,Kalimantan Barat
f93843d6,Kasiyah Utami,"Surveyor, commercial/residential",Perum Mustofa Prabowo (Persero) Tbk,Kalimantan Barat
69feb613,"Cawisono Prabowo, M.Pd",Chemical engineer,PD Utami Usada,Jawa Barat
3e4a0e2c,"Gandewa Pudjiastuti, S.Gz",Economist,PD Jailani Pangestu,DI Yogyakarta
037d615a,"Wahyu Wastuti, S.T.",Estate manager/land agent,UD Winarsih Hasanah,Sumatera Utara
4b6f3159,Okta Suryono,Counselling psychologist,UD Permata,Maluku
09060707,"dr. Iriana Maryati, S.I.Kom",Product/process development scientist,PD Mandala (Persero) Tbk,Banten
af406ab7,Ivan Mahendra,Aeronautical engineer,CV Astuti (Persero) Tbk,Kepulauan Bangka Belitung
0e5d6619,Ida Puspita,Lawyer,PD Mustofa Pertiwi (Persero) Tbk,Sumatera Selatan
9f5ea522,Drs. Cengkir Suartini,Illustrator,CV Permadi,Kalimantan Utara
95020f78,Bakiadi Maryadi,"Buyer, retail",PT Hardiansyah,Papua Barat
ddc2cb31,Martana Mayasari,"Surveyor, minerals",Perum Winarno,Kepulauan Riau
455bae66,Jelita Latupono,Advertising art director,PT Maryati (Persero) Tbk,Sulawesi Tengah
4238ac10,Sutan Nardi Pradipta,Office manager,PD Mangunsong Nurdiyanti Tbk,Maluku Utara
68994847,Rusman Permata,Broadcast presenter,PD Wastuti,Sulawesi Selatan
fcdfda43,Heryanto Prasetya,"Teacher, adult education",PD Nurdiyanti Tbk,Nusa Tenggara Timur
d5a6a283,"Jail Lazuardi, S.Gz","Engineer, technical sales",PT Prastuti Situmorang,Sulawesi Tengah
0e821908,Usman Wijayanti,"Programmer, applications",CV Iswahyudi Widiastuti,Maluku Utara
692317b2,"Budi Tampubolon, M.Farm",Animal technologist,PD Rahimah,Papua Barat
39e0ace7,T. Cayadi Sihombing,Environmental manager,CV Santoso Agustina (Persero) Tbk,Sulawesi Utara
398d7ad3,drg. Dasa Najmudin,Police officer,PD Utama Gunarto,Kalimantan Selatan
04e2fd76,"KH. Hendri Winarsih, S.E.I",Sport and exercise psychologist,UD Anggriawan (Persero) Tbk,Sumatera Selatan
8e5eb228,Hj. Ani Puspasari,Psychiatric nurse,CV Marbun Hariyah,Maluku Utara
ab87c6ef,"Dr. Mursinin Hasanah, M.TI.","Runner, broadcasting/film/video",CV Rahmawati Wastuti,Bali
2b7a63b0,"Galur Laksita, S.Psi",Control and instrumentation engineer,UD Habibi Santoso,Banten
83b10195,"Ir. Yani Pangestu, S.Farm","Therapist, occupational",CV Nainggolan Hakim Tbk,Maluku
99ab1fef,drg. Hasan Hidayat,Advertising copywriter,PD Pertiwi Tbk,Kalimantan Selatan
5a510148,Puti Sadina Manullang,Advertising account planner,CV Ramadan Zulkarnain,Bengkulu
5a2e7449,dr. Sabar Hutagalung,Fashion designer,CV Hassanah (Persero) Tbk,Sulawesi Tenggara
803b912d,"Hj. Elma Firmansyah, S.Pd",Biomedical engineer,PT Marpaung Saragih,Banten
1952637e,Cawisono Waskita,General practice doctor,CV Sirait,Sumatera Barat
a924acec,Icha Novitasari,Cytogeneticist,Perum Simbolon Hutapea Tbk,Papua
b2950f3a,Kayla Marbun,Regulatory affairs officer,PT Suartini Tbk,Nusa Tenggara Barat
c10478e7,Lidya Hidayat,Firefighter,PT Pratama Dabukke,Jawa Barat
063e63fd,Titin Irawan,Ophthalmologist,UD Zulkarnain,Gorontalo
f78f7fe3,"Drs. Dimaz Nurdiyanti, S.T.",Hydrogeologist,UD Dabukke,Banten
9b2b0fe2,Shania Jailani,Early years teacher,PD Sudiati,Lampung
125e265e,Kemal Rahayu,"Engineer, broadcasting (operations)",Perum Sudiati Uyainah,Sumatera Barat
f9a5d38b,"Harjasa Megantara, S.Pt",Medical technical officer,UD Padmasari Hidayat (Persero) Tbk,Riau
5eab1627,Fathonah Gunawan,"Designer, fashion/clothing",Perum Setiawan Rahayu (Persero) Tbk,Sumatera Barat
3149259b,"Elvina Prastuti, S.Pt",Purchasing manager,CV Hidayat Tbk,Kalimantan Selatan
af264ed8,Intan Prabowo,"Civil engineer, contracting",CV Nugroho Siregar,Riau
f837da26,Kamaria Palastri,Newspaper journalist,PT Wacana,DKI Jakarta
c70ee833,Sutan Jefri Hutagalung,Hydrologist,CV Utami Waluyo Tbk,Sulawesi Barat
71f6a87e,dr. Yunita Laksmiwati,"Conservator, furniture",PD Prasasta Tbk,DKI Jakarta
1cdc4ce9,Tgk. Padmi Wijayanti,Barrister,PD Marpaung Winarsih,DI Yogyakarta
11e2bbc5,Taswir Marpaung,Museum/gallery conservator,UD Sihombing Tbk,Lampung
a0d96ba1,Salsabila Adriansyah,Location manager,UD Saragih,Sulawesi Tenggara
55f943de,"Tgk. Baktiadi Zulkarnain, M.M.",Paramedic,Perum Hidayanto,DI Yogyakarta
a06baa6e,dr. Olivia Saputra,Special effects artist,PD Utami,Kalimantan Utara
a67ba676,Prakosa Iswahyudi,Financial adviser,Perum Susanti Maulana (Persero) Tbk,Papua
b6ce3384,"Pia Mardhiyah, S.Sos","Engineer, materials",PT Gunawan Tbk,Kalimantan Tengah
6f9e740f,Jono Wasita,Commercial horticulturist,UD Situmorang (Persero) Tbk,Jawa Tengah
e10b5e39,Najwa Gunarto,Marine scientist,PT Prayoga Purwanti Tbk,Gorontalo
67947f13,"Ian Tampubolon, M.Farm",Public librarian,PT Maheswara Firgantoro Tbk,Kalimantan Tengah
02e7dfcb,Cut Cornelia Halim,"Administrator, charities/voluntary organisations",CV Budiman Suartini,Sulawesi Tenggara
48c8a469,Rachel Saputra,"Teacher, primary school",Perum Wahyudin (Persero) Tbk,Kalimantan Selatan
fe7e0c62,Caturangga Marbun,Electrical engineer,PD Pertiwi,Kalimantan Timur
9c4aff34,Vanya Haryanti,Airline pilot,PT Kusumo Dabukke (Persero) Tbk,Banten
540b1716,Lulut Mandasari,"Accountant, chartered public finance",PD Sinaga,Sumatera Barat
94f7be4e,"Tiara Zulaika, M.Farm",Accommodation manager,Perum Mansur Tbk,Nusa Tenggara Timur
b64a5f94,KH. Paiman Hassanah,Patent attorney,CV Siregar,Bali
a296cf29,Ratih Samosir,Minerals surveyor,PD Fujiati (Persero) Tbk,Kalimantan Selatan
52a520bc,Septi Tarihoran,Aeronautical engineer,UD Prayoga Halim Tbk,Bali
594c108b,Labuh Winarno,Air traffic controller,PT Nashiruddin Wacana,Sumatera Selatan
8634f231,Drs. Yani Gunarto,Leisure centre manager,Perum Mahendra Nugroho,DI Yogyakarta
7239a3ca,dr. Labuh Maryati,Cytogeneticist,UD Susanti,Kalimantan Barat
472768c3,"Dt. Bahuraksa Firmansyah, S.Farm",Holiday representative,Perum Pertiwi,Kalimantan Barat
87e6d0d5,Salwa Wulandari,"Pilot, airline",PD Maryadi Aryani (Persero) Tbk,Kalimantan Timur
889eeaa3,Halima Yuliarti,"Lighting technician, broadcasting/film/video",PT Wibowo Wasita Tbk,Kalimantan Selatan
18cb8bc6,Bakijan Nurdiyanti,Community development worker,Perum Novitasari Tbk,Sumatera Selatan
3f79ef77,Harsanto Saefullah,"Surveyor, minerals",PD Ramadan (Persero) Tbk,Jambi
6ab89e07,Kambali Puspita,Location manager,CV Lestari,Nusa Tenggara Timur
4e21efe4,Atma Prabowo,Fine artist,PD Sitorus Putra,Sulawesi Barat
0d96eab3,"Qori Lazuardi, M.M.","Education officer, environmental",CV Hidayat Tbk,Maluku
fb296a18,Anastasia Mardhiyah,Dentist,PD Utama,Aceh
97d9b194,Baktiadi Wijaya,Corporate treasurer,PD Budiman,Kepulauan Bangka Belitung
8d95e49c,Lidya Nugroho,Textile designer,UD Wacana Kuswandari Tbk,Papua
7f4e6e8c,Jagapati Aryani,Hospital pharmacist,CV Gunarto Waluyo Tbk,Jawa Barat
2e79e748,Drs. Karman Wastuti,Magazine features editor,PT Prasetya Tbk,Aceh
64a80e03,"R.M. Praba Maryati, S.I.Kom",Public librarian,CV Prasetyo Laksita Tbk,Jawa Tengah
fb274f38,"R. Violet Dongoran, M.Farm",Dispensing optician,PT Rahmawati Saefullah (Persero) Tbk,Kalimantan Timur
02110998,Martaka Prasetya,Economist,PT Sihotang,Sumatera Barat
b7ed95c3,Jamil Pratiwi,Theatre director,PT Rahimah,Jawa Tengah
2669eb0d,R.M. Viman Halim,Cytogeneticist,UD Rahimah Hidayanto,Sumatera Utara
a3c22ad4,"Cut Elisa Simanjuntak, M.Ak",Town planner,PD Hidayanto Tbk,Maluku
58e863d6,"Gantar Novitasari, S.Pt","Optician, dispensing",PT Laksmiwati Mayasari (Persero) Tbk,Sulawesi Tenggara
a14d481a,"Damar Wijayanti, S.Ked",Fine artist,PD Hutapea,Jawa Timur
aedb6b4c,Hana Hakim,Public house manager,Perum Palastri Tbk,Maluku Utara
97689995,"Catur Permadi, S.Pd","Civil engineer, consulting",CV Usamah,Riau
275074bb,Vicky Situmorang,Heritage manager,PD Wulandari Kuswandari,Sulawesi Tengah
d0c2e506,Sabrina Hutasoit,Video editor,CV Napitupulu Ramadan Tbk,Sumatera Selatan
f7b44a77,"Dr. Bambang Susanti, S.Kom",Chartered public finance accountant,CV Rahayu,Sumatera Selatan
c6df3345,Aurora Nababan,"Librarian, public",PD Purnawati,Jambi
a60d20fa,Atmaja Nurdiyanti,Fisheries officer,UD Sudiati Natsir,Papua
d26963c7,Patricia Novitasari,Print production planner,PD Hartati Maheswara,Nusa Tenggara Barat
2c6bc394,"Pardi Iswahyudi, M.Ak",Physiological scientist,CV Safitri Wibisono,Kalimantan Utara
a7814e47,dr. Zamira Mardhiyah,Estate manager/land agent,PD Marpaung,Papua
a3353c7d,Galuh Wasita,Community pharmacist,PD Pranowo Palastri,Kepulauan Bangka Belitung
066fd8d6,Irma Rahayu,"Scientist, marine",CV Susanti Andriani,Papua
b860d961,Galih Ardianto,"Engineer, chemical",CV Putra,Sumatera Utara
a33e96a0,"Dr. Nova Purwanti, S.Gz","Nurse, mental health",PD Handayani,Jawa Tengah
4b023724,"Makuta Maryati, S.Gz",Counselling psychologist,UD Siregar Tbk,Kepulauan Riau
19af3546,"Dt. Opung Rahimah, S.Pt",Television floor manager,PD Hutasoit (Persero) Tbk,Jawa Tengah
f04fdf9f,Hj. Padmi Uwais,"Surveyor, land/geomatics",PD Ardianto Astuti Tbk,Sulawesi Utara
4c56c43c,"Warji Haryanti, M.M.",Land/geomatics surveyor,UD Pratama Namaga,Kalimantan Selatan
43caf301,Alika Mandasari,Landscape architect,UD Susanti Hidayat,DI Yogyakarta
4da5a80a,Nadia Prabowo,Petroleum engineer,Perum Sihombing Tbk,Banten
02091b66,Shakila Yuliarti,Graphic designer,PD Safitri,Sulawesi Barat
c4f85dc0,Ade Pradana,Chiropodist,CV Novitasari,DI Yogyakarta
84e634e2,"Fitria Simbolon, M.TI.","Biochemist, clinical",PD Ramadan Zulkarnain Tbk,Kalimantan Selatan
351ccea5,Eli Novitasari,"Surveyor, planning and development",UD Pradipta Tarihoran (Persero) Tbk,Sulawesi Barat
62ae53a0,Dasa Mansur,Trade union research officer,PT Firmansyah Permata,Kalimantan Barat
cef1404b,Janet Astuti,"Exhibitions officer, museum/gallery",CV Saputra Pradipta,Kalimantan Barat
dfebec2d,Darmanto Wijayanti,Medical sales representative,PT Mayasari (Persero) Tbk,Sumatera Selatan
fe657e6e,Paris Tampubolon,Equities trader,Perum Saragih Tbk,Papua
011a440b,"Candrakanta Mandasari, M.Ak",Research scientist (physical sciences),PD Lazuardi,Bengkulu
ad52f003,"Hairyanto Siregar, S.E.I",Dispensing optician,PD Mustofa Anggraini Tbk,Sulawesi Utara
893375f0,Drs. Lalita Laksmiwati,Actor,PD Samosir Padmasari Tbk,Maluku
45e47079,Paiman Situmorang,"Scientist, physiological",UD Sinaga Tbk,Kalimantan Utara
bb9abac7,Winda Mandasari,Newspaper journalist,UD Suwarno Tbk,Nusa Tenggara Barat
de6a890e,Jumari Widiastuti,"Surveyor, building control",CV Situmorang,Bengkulu
aa4e5a64,Uli Nasyiah,Software engineer,PT Suryatmi (Persero) Tbk,Kalimantan Tengah
eceb366c,Puput Yolanda,English as a foreign language teacher,UD Irawan,Kalimantan Barat
8f6e2017,"Lasmanto Hidayat, S.IP",Camera operator,UD Pradana,Kalimantan Utara
4a79cd90,Zizi Saefullah,Special effects artist,CV Firgantoro,Kalimantan Selatan
74b11dc6,"Tgk. Vivi Usamah, S.E.I","Nurse, adult",CV Haryanto Maryati,Kepulauan Riau
ec03177a,Emil Januar,Occupational psychologist,Perum Siregar Rahimah (Persero) Tbk,Sumatera Utara
59bdc770,Saiful Fujiati,Telecommunications researcher,PD Ramadan Sitorus,Sumatera Barat
bd725d08,Jessica Palastri,Astronomer,Perum Puspasari,Riau
bb42e18a,Cecep Hidayanto,Holiday representative,CV Agustina Putra (Persero) Tbk,Jawa Tengah
cb29fb60,Bahuraksa Uwais,Pensions consultant,Perum Saptono Prakasa,Jawa Tengah
9ed4ffae,Ilyas Mayasari,"Production assistant, television",PD Yuniar,Aceh
8aaeaf6a,Cut Yuni Wulandari,Merchant navy officer,CV Padmasari Winarsih (Persero) Tbk,Kalimantan Barat
0e3ca0c3,Yono Budiman,"Radiographer, diagnostic",PD Prayoga,Kepulauan Bangka Belitung
cc874137,Asman Sinaga,"Chemist, analytical",UD Sitorus,Banten
8d6658eb,Dalima Wibowo,Charity officer,UD Permata,Maluku Utara
46e6dd7a,Suci Hutasoit,Landscape architect,PT Situmorang Riyanti,Maluku
66ba08dd,Kala Sitorus,"Buyer, industrial",CV Hidayat Halimah Tbk,Jambi
1feff860,Gada Tampubolon,Mudlogger,UD Hakim Safitri,Kalimantan Tengah
dc7ee35e,Sabrina Situmorang,Seismic interpreter,PD Oktaviani Widiastuti,Bali
4dd55ad7,Cahyanto Permadi,Counsellor,CV Marbun (Persero) Tbk,Kalimantan Timur
3d229922,Hasna Pangestu,Graphic designer,PT Wacana Uwais,Nusa Tenggara Barat
c715c9ad,"Dr. Bakda Prabowo, S.H.",Chief Technology Officer,PT Nainggolan,Riau
d128ecb8,Usman Usada,"Engineer, drilling",UD Megantara,Kepulauan Riau
e69c1589,Hasan Anggraini,Probation officer,PT Maulana Lazuardi,Riau
b2fea2b3,Sutan Hendra Purwanti,Glass blower/designer,UD Siregar Halim Tbk,Banten
32f0e7ee,Fitria Suryono,Oceanographer,CV Pranowo,Kalimantan Timur
8f50c445,Tiara Nasyidah,Nature conservation officer,PD Kurniawan (Persero) Tbk,Riau
110890a7,Natalia Prabowo,Catering manager,Perum Tamba (Persero) Tbk,Jawa Tengah
52287733,Sutan Warta Tampubolon,Hydrologist,UD Megantara Narpati Tbk,Sumatera Utara
02af929c,Drs. Kalim Nasyidah,Heritage manager,PT Nurdiyanti Maulana,Papua
e79fa700,Balangga Permadi,Personnel officer,PT Nababan Tbk,Sulawesi Barat
9a59d7b3,Dr. Rahmi Hassanah,Oncologist,PD Megantara,Kalimantan Barat
7c8c74d2,R.A. Tami Aryani,Dancer,PT Halim Mandasari,Kalimantan Selatan
05f0edc8,Nugraha Gunarto,Architect,CV Saragih (Persero) Tbk,Sumatera Barat
2087ddf0,Drajat Nababan,Bookseller,PT Setiawan Zulkarnain (Persero) Tbk,Jawa Barat
4405cfc3,"Genta Purwanti, S.Kom","Sound technician, broadcasting/film/video",Perum Prayoga Waskita (Persero) Tbk,DI Yogyakarta
dfb9206e,Patricia Rahimah,Music tutor,UD Kurniawan,Papua
97e67e8e,Dr. Putri Yuliarti,Government social research officer,PT Usamah Safitri (Persero) Tbk,Banten
3f07b936,Maida Mandasari,Furniture conservator/restorer,UD Permata (Persero) Tbk,Jawa Tengah
b9f6ffaa,Sutan Kuncara Prasetya,Production engineer,PT Kusmawati (Persero) Tbk,Aceh
f3294e4b,"dr. Karen Hassanah, M.Farm",Higher education lecturer,CV Sitompul (Persero) Tbk,Sumatera Utara
c32473b6,Genta Dabukke,Jewellery designer,PD Wastuti Saputra (Persero) Tbk,Sulawesi Selatan
bebb02db,Radit Padmasari,Biomedical scientist,Perum Hidayanto Tbk,Kalimantan Barat
5cfb207a,Zelaya Dabukke,Psychotherapist,UD Uwais,Gorontalo
40541ce8,Sakti Sudiati,"Engineer, electrical",PD Andriani (Persero) Tbk,Kepulauan Riau
90f82f71,Gangsa Budiyanto,Licensed conveyancer,PT Palastri (Persero) Tbk,Kalimantan Selatan
eec9add0,"dr. Aisyah Lestari, S.IP","Producer, radio",PT Dabukke Hidayat Tbk,Jawa Barat
760d041e,Lasmono Hutasoit,Mechanical engineer,Perum Kuswandari Tbk,Jawa Timur
d259ef91,Margana Sitompul,Marine scientist,PT Hartati (Persero) Tbk,Nusa Tenggara Timur
1986d31c,Puti Ina Laksita,Hydrographic surveyor,Perum Gunawan (Persero) Tbk,Kepulauan Bangka Belitung
40b7db2f,Ulva Prastuti,"Editor, commissioning",Perum Gunarto Tbk,DKI Jakarta
1424309c,Samiah Hardiansyah,"Engineer, manufacturing",CV Namaga Najmudin Tbk,DKI Jakarta
8a4511f4,"Dr. Karen Winarno, S.Sos",Print production planner,PD Wijaya Tbk,Bengkulu
392dae51,Balidin Firmansyah,Diagnostic radiographer,UD Megantara Budiman,Kalimantan Tengah
921f9eb6,dr. Anastasia Susanti,"Surveyor, insurance",UD Utami Pradipta,Nusa Tenggara Barat
61eb9cbb,"Hadi Nababan, S.Psi","Accountant, chartered certified",UD Prayoga Tbk,Sulawesi Tengah
d3e673bd,Nadia Saputra,"Loss adjuster, chartered",PT Yulianti Putra Tbk,Kalimantan Selatan
21f361c9,Amelia Kusmawati,Tourism officer,PD Pudjiastuti Wijaya,Nusa Tenggara Barat
3aeff95a,Sutan Uda Budiman,"Optician, dispensing",PT Mandasari Putra,Kalimantan Selatan
a2102b5d,Dodo Nuraini,Futures trader,CV Uwais,Bengkulu
d3a7c94a,R.M. Purwanto Hardiansyah,Nutritional therapist,Perum Siregar,Sulawesi Tengah
bcf81da4,R.A. Olivia Permata,Insurance claims handler,CV Marbun Tbk,Sumatera Barat
e0de2084,dr. Lega Kusmawati,"Programme researcher, broadcasting/film/video",UD Ramadan Samosir,Aceh
c974167c,Dipa Nasyidah,"Teacher, English as a foreign language",UD Pradipta Kuswandari (Persero) Tbk,Nusa Tenggara Barat
4c6ecbab,Kairav Kusmawati,"Engineer, civil (contracting)",PT Maheswara Prasetya Tbk,Jambi
c3449713,Ir. Agnes Purnawati,International aid/development worker,PT Rahayu Latupono,Gorontalo
cae00cef,"Cut Hamima Puspasari, M.M.",Public house manager,PT Puspita (Persero) Tbk,Nusa Tenggara Barat
61d32f93,Latif Pradana,Make,PT Sirait Yuniar Tbk,Kepulauan Riau
a11a944a,"Prabu Mandasari, M.TI.",Photographer,PT Prastuti Puspasari,Kepulauan Riau
3b31510a,"Juli Hasanah, M.M.",Building services engineer,CV Mandala (Persero) Tbk,Maluku Utara
fbbfefdc,Darijan Nashiruddin,Police officer,CV Suwarno,Banten
907725fb,Anita Hastuti,Environmental health practitioner,CV Laksita Permata,Sumatera Utara
5a17ab46,Jaeman Adriansyah,Garment/textile technologist,PD Irawan,Aceh
01a7ba44,Dina Suryatmi,Community education officer,PT Damanik Rajata Tbk,Gorontalo
e2f7c5ae,Ghaliyati Jailani,Claims inspector/assessor,UD Kusumo Tbk,Jawa Barat
6645d2a1,KH. Mariadi Astuti,Ergonomist,CV Pradipta Novitasari,Sumatera Utara
ad9f2a44,"Yusuf Rajasa, S.Psi",Solicitor,PD Maulana,Papua
8efb568f,Ajiono Novitasari,Local government officer,PT Dabukke (Persero) Tbk,Sulawesi Tengah
420d9706,"Queen Pratama, S.IP",Recruitment consultant,PD Putra Hutagalung (Persero) Tbk,Lampung
5e3e8ac0,"T. Lembah Winarsih, M.TI.",Patent attorney,PT Wijayanti Purwanti,Jambi
da28e73a,"Hj. Winda Lazuardi, M.Ak",Illustrator,UD Purwanti Oktaviani,Gorontalo
1d071fac,Atma Suwarno,Corporate investment banker,PD Prayoga Puspasari,Sumatera Barat
f95686c2,"dr. Jagapati Wibowo, M.M.",Tour manager,Perum Rahimah Tbk,Sulawesi Tengah
fa9cdea4,Ulya Yuniar,"Psychologist, clinical",UD Setiawan Ramadan (Persero) Tbk,Sulawesi Tenggara
7e9e4149,dr. Yance Putra,Newspaper journalist,CV Budiyanto Pradana Tbk,Jawa Barat
e9256eb6,"R.A. Cornelia Rajata, S.Farm",Media planner,CV Saputra Utama (Persero) Tbk,DKI Jakarta
4f968b4e,Himawan Widodo,Furniture conservator/restorer,PT Napitupulu Wijayanti,Sulawesi Selatan
34e038db,Aisyah Pudjiastuti,Sports coach,Perum Rahimah,Aceh
482530c8,"Wahyu Winarsih, M.Ak",Risk manager,PT Nugroho Nugroho,DKI Jakarta
6c867af7,"Puspa Hidayat, S.Farm",Site engineer,UD Hassanah,Sumatera Selatan
f63f7d06,Cornelia Aryani,Fitness centre manager,CV Lazuardi Lailasari,Papua
0fbe3ec4,Luluh Yulianti,Field seismologist,Perum Suwarno,Nusa Tenggara Barat
34215b9c,"Sakura Farida, M.Kom.","Scientist, biomedical",UD Haryanto (Persero) Tbk,Sumatera Utara
e85d607b,Dr. Prayoga Mayasari,"Embryologist, clinical",PD Wahyuni,Papua Barat
ea18596f,Gangsar Handayani,Arboriculturist,Perum Mandala (Persero) Tbk,Kalimantan Timur
6e7d5998,Dian Utama,"Sound technician, broadcasting/film/video",UD Rajata Pratama Tbk,Jawa Barat
350f5608,Rahman Tamba,Child psychotherapist,Perum Suryono Wahyudin,Banten
4d3ccaed,"Citra Halimah, M.Kom.",Interior and spatial designer,UD Widiastuti Tbk,Papua Barat
7df6a05e,Emong Winarno,Television/film/video producer,CV Waluyo Mansur (Persero) Tbk,Bengkulu
0c4e0860,Vera Salahudin,Sports administrator,PD Simanjuntak Anggriawan (Persero) Tbk,Sulawesi Tenggara
59c36598,Ihsan Namaga,Cartographer,Perum Andriani,DKI Jakarta
60889dc2,Uchita Lazuardi,"Administrator, local government",Perum Fujiati Tbk,Jawa Tengah
d425891d,Vero Uwais,Facilities manager,Perum Santoso Tbk,Kepulauan Bangka Belitung
d63a52fa,Darman Utama,Health promotion specialist,CV Yuniar Farida (Persero) Tbk,Banten
5ab4e9d7,Ilyas Nugroho,"Designer, fashion/clothing",CV Marpaung Purwanti (Persero) Tbk,DI Yogyakarta
b35751af,"R. Tania Budiyanto, S.E.I","Restaurant manager, fast food",CV Irawan,Kepulauan Riau
35cc3496,"Carla Sitorus, S.Gz",Tourism officer,PD Pertiwi Anggraini,DKI Jakarta
8299c72f,Karma Purwanti,Museum/gallery curator,CV Wahyudin Tbk,Sulawesi Selatan
b4044590,Jamalia Najmudin,"Scientist, water quality",CV Hasanah (Persero) Tbk,Papua Barat
3a07cfd0,"Tgk. Ira Agustina, M.Ak",Commercial horticulturist,Perum Utama Tbk,Sumatera Barat
b9c5505b,"Lanjar Usada, S.Pd",Logistics and distribution manager,Perum Narpati Wulandari (Persero) Tbk,Sulawesi Tengah
8db9733c,"Tgk. Ella Sudiati, S.T.",Secretary/administrator,UD Megantara Tbk,Sumatera Selatan
9aa96e7f,"Dina Wasita, S.Pt",Speech and language therapist,CV Widodo,Kepulauan Riau
76d208b7,Ulya Pradipta,Make,Perum Adriansyah,Kepulauan Riau
b05d3f4c,T. Mahesa Widodo,Fashion designer,Perum Suwarno (Persero) Tbk,Papua Barat
b79d29fb,Wasis Puspita,Holiday representative,CV Rahimah Hutasoit Tbk,Sulawesi Tengah
76975271,Gadang Nashiruddin,"Journalist, magazine",UD Namaga Rajata,DI Yogyakarta
97467abc,Zamira Nashiruddin,Further education lecturer,UD Puspasari Farida,Maluku Utara
fa6e4d49,Betania Padmasari,Medical laboratory scientific officer,CV Andriani,Jawa Timur
0be48b28,Edison Hutagalung,Futures trader,PD Tarihoran,Jawa Tengah
d29ed405,Ir. Dalima Megantara,Sports development officer,PT Farida,DI Yogyakarta
7aff002b,Mutia Rajasa,Recycling officer,PD Hutapea Melani,Kalimantan Utara
a048f877,"Restu Nugroho, M.Pd","Doctor, hospital",CV Sitompul Tbk,Papua Barat
1e4909ec,"Jaeman Pradana, S.Kom",Press photographer,PD Sirait Prasasta,Sulawesi Utara
ab32c979,Nalar Anggraini,"Designer, interior/spatial",UD Simanjuntak Suartini Tbk,DI Yogyakarta
ea4cf47a,"Tgk. Dian Laksmiwati, M.TI.",Web designer,PT Fujiati (Persero) Tbk,Maluku Utara
d2c8257d,Banawa Hutapea,Theatre manager,UD Mahendra Tbk,Kalimantan Selatan
c0e794f9,Nrima Usamah,Counsellor,UD Adriansyah Mayasari (Persero) Tbk,Jawa Tengah
9963fdce,Ir. Irma Nuraini,Chief Strategy Officer,Perum Suwarno,Kalimantan Timur
dfe6e506,"Dr. Ellis Sitorus, M.Ak",Retail banker,UD Wastuti,Jawa Tengah
9dfaaaa8,Cecep Kusmawati,"Administrator, arts",Perum Wibisono Tbk,Sumatera Selatan
af44d273,Ir. Tiara Dongoran,"Lecturer, further education",CV Nugroho (Persero) Tbk,Sulawesi Selatan
e022a10b,"Ir. Amalia Jailani, S.Pd",Translator,CV Tampubolon Puspasari,Maluku Utara
09496ac6,Gilda Dongoran,Information officer,PT Prabowo (Persero) Tbk,DI Yogyakarta
98580550,Wadi Safitri,Copy,PT Hutagalung,Kalimantan Timur
10c9d551,Mustofa Tamba,Archaeologist,Perum Uwais Prakasa (Persero) Tbk,DI Yogyakarta
c6a052d7,Anita Wahyuni,"Conservator, museum/gallery",Perum Nainggolan,Banten
82de4d77,Estiono Utami,"Designer, graphic",PT Uwais Tbk,Banten
c3f51d57,"Titi Hidayanto, S.Pt",Optometrist,PT Irawan (Persero) Tbk,Kalimantan Tengah
1bf2d3c9,Kani Prasetya,Medical secretary,Perum Prastuti,Papua
c04802fc,Gada Mangunsong,"Physicist, medical",PT Saefullah Iswahyudi,Kalimantan Tengah
5641b0c2,drg. Tira Hidayat,"Engineer, technical sales",CV Natsir,Kalimantan Tengah
453d2383,"Ridwan Mahendra, S.Pt",Environmental consultant,PT Mangunsong,Banten
76e8bd16,"Puti Puput Budiman, S.Farm","Chemist, analytical",CV Najmudin Utami,Jawa Barat
1c1ae43d,Bagas Kusumo,Logistics and distribution manager,CV Waskita Nashiruddin (Persero) Tbk,Sulawesi Tenggara
2034ef6b,"drg. Dalimin Mansur, S.I.Kom",Patent attorney,PT Simbolon Nasyidah,Sulawesi Selatan
af390b45,"Cut Jasmin Kusmawati, M.M.",Dealer,UD Budiyanto Tbk,Bali
7fbfb4ec,R.A. Ulva Yolanda,Pension scheme manager,UD Utama Wahyuni,Bengkulu
b61e42f8,"Drs. Gasti Hidayanto, S.H.",Facilities manager,PD Iswahyudi Tbk,Kalimantan Timur
c361985a,Tiara Yolanda,Purchasing manager,PT Suwarno Januar Tbk,Kalimantan Selatan
79540c37,Okta Latupono,Licensed conveyancer,PD Marbun Samosir (Persero) Tbk,Jawa Timur
23d96c32,drg. Syahrini Siregar,"Secretary, company",PT Santoso Mulyani,Jawa Tengah
bff001e3,Eko Wijaya,Training and development officer,PD Lazuardi Maryadi Tbk,Sumatera Barat
64f74e49,"Karna Mardhiyah, S.Kom",Clinical research associate,PT Yolanda Halimah,Sulawesi Tengah
7cc33444,Ivan Widodo,Counsellor,Perum Rajasa Tbk,Jawa Timur
89d0e960,dr. Lala Siregar,Merchant navy officer,Perum Namaga Putra,Jawa Timur
622b10a4,Tgk. Gatot Pranowo,Diagnostic radiographer,UD Marpaung Setiawan Tbk,Nusa Tenggara Barat
922f279b,"Damu Halim, S.Kom","Designer, textile",UD Mahendra (Persero) Tbk,Nusa Tenggara Timur
94887a22,Dalimin Nainggolan,Therapeutic radiographer,CV Jailani (Persero) Tbk,Kepulauan Bangka Belitung
1874521f,"Ir. Chelsea Santoso, M.Kom.","Secretary, company",CV Mardhiyah (Persero) Tbk,Riau
783536db,Najwa Pertiwi,"Engineer, building services",UD Sirait,Bengkulu
e76c7ced,Lanjar Prasetyo,Systems developer,PT Novitasari Kuswandari,Jawa Tengah
df85f3de,"Putri Mardhiyah, S.E.",Ceramics designer,Perum Gunarto (Persero) Tbk,Gorontalo
aecfd783,Carla Pratiwi,Politician's assistant,PD Zulaika (Persero) Tbk,DI Yogyakarta
920bc4fa,Ajiono Kusmawati,"Librarian, public",CV Sitorus,Kalimantan Timur
70fab3e9,Gina Pradana,"Therapist, drama",CV Hakim Kuswandari,Sulawesi Selatan
de13e5a9,Naradi Yolanda,"Production assistant, radio",UD Lestari Widodo (Persero) Tbk,Riau
7aea6a19,Aurora Siregar,"Investment banker, operational",PT Nainggolan (Persero) Tbk,Bengkulu
e1e8de96,"Agus Pradipta, S.T.",Musician,UD Lazuardi Kurniawan Tbk,Kalimantan Utara
a9bd5925,Mala Saefullah,Hospital doctor,PD Haryanti Tbk,Sulawesi Tenggara
0457076d,Drs. Harjasa Hastuti,Medical sales representative,Perum Megantara,Kalimantan Selatan
a13b0122,Kezia Hutagalung,"Psychologist, clinical",Perum Zulkarnain Tbk,Kalimantan Utara
098bcbaa,Rosman Hidayanto,Structural engineer,CV Uwais Samosir (Persero) Tbk,Sumatera Selatan
eacfc8b9,Ira Nainggolan,Speech and language therapist,UD Mardhiyah,Papua Barat
b0109ee5,Surya Zulkarnain,Social worker,PD Nurdiyanti Pradipta (Persero) Tbk,Kepulauan Riau
71d953f8,Jaka Marpaung,Equality and diversity officer,PD Anggraini (Persero) Tbk,Kalimantan Timur
87ceb961,"H. Prima Mustofa, M.Pd",Primary school teacher,CV Hasanah Simanjuntak (Persero) Tbk,Papua
01db7b2d,Hj. Uchita Handayani,Recruitment consultant,CV Wacana Najmudin,Kepulauan Bangka Belitung
0abf0afa,Cornelia Yuliarti,Advertising copywriter,PD Situmorang Tbk,Kalimantan Barat
95922139,Prasetya Firmansyah,Charity officer,PD Permata,Nusa Tenggara Timur
e8f89535,"Padmi Megantara, S.Farm",Freight forwarder,PT Namaga Wastuti Tbk,Riau
c1db1c6f,Lasmanto Habibi,Public house manager,Perum Mayasari Jailani (Persero) Tbk,Jawa Tengah
6204265f,Talia Damanik,Learning mentor,Perum Rahmawati Tarihoran Tbk,Sulawesi Tenggara
24aa0b0e,Lala Usada,Manufacturing systems engineer,UD Hariyah Mardhiyah (Persero) Tbk,Sumatera Utara
07f0eac1,Jarwi Santoso,"Nurse, mental health",PT Putra Saragih (Persero) Tbk,Bengkulu
73fc4e41,Muhammad Palastri,Ophthalmologist,Perum Sihombing (Persero) Tbk,Maluku Utara
188e71f2,"Chandra Handayani, S.H.",Patent attorney,PT Nasyidah Saputra Tbk,Sulawesi Selatan
5e63db98,Tgk. Rangga Winarno,"Journalist, magazine",CV Halim (Persero) Tbk,Maluku Utara
344f42d1,"Hj. Kania Lazuardi, S.T.","Programme researcher, broadcasting/film/video",PT Astuti Usada Tbk,Jawa Barat
b03be183,Restu Kusumo,Seismic interpreter,PD Utami Saragih (Persero) Tbk,Kalimantan Barat
a707d8f8,Yuni Nababan,Warehouse manager,CV Novitasari Tbk,Kalimantan Timur
4fca8135,Sabri Wibisono,Farm manager,UD Lestari Maryadi,Papua
f0ed592f,Kezia Mangunsong,Biomedical engineer,UD Pradipta Tarihoran,Nusa Tenggara Barat
2e36029a,"Jefri Nuraini, S.E.I","Research officer, trade union",CV Mardhiyah Kurniawan,Kalimantan Selatan
602eae4c,"Hani Hassanah, S.E.","Conservator, furniture",UD Lailasari Wacana,Riau
3eae057c,"Drs. Paris Sitompul, S.E.I","Editor, commissioning",PD Waskita,Jambi
2c1bcb41,Tina Saptono,Retail merchandiser,PD Puspasari (Persero) Tbk,Maluku
ce3c41bd,"Prakosa Prayoga, M.Ak",Community development worker,CV Tamba,Kepulauan Bangka Belitung
d83a397c,Harjasa Mansur,Financial manager,PT Farida (Persero) Tbk,Sumatera Selatan
4068b7af,Dirja Widiastuti,Occupational therapist,PT Pratiwi (Persero) Tbk,Kepulauan Riau
54b3db6c,Puspa Latupono,Visual merchandiser,CV Hutapea,Sumatera Selatan
9c7f76ba,Puti Betania Pratama,Company secretary,UD Suryatmi,Kalimantan Barat
b1f1c774,Gilda Susanti,Pensions consultant,PT Simanjuntak Palastri Tbk,Maluku Utara
d3cb682c,Nurul Mayasari,Gaffer,Perum Haryanto,Sulawesi Barat
5cfbd695,Tgk. Calista Nurdiyanti,"Designer, graphic",PT Suryono Anggraini Tbk,Sulawesi Tenggara
1570df05,Budi Zulkarnain,Seismic interpreter,PD Laksmiwati,Kalimantan Tengah
8fdbdaea,Marwata Mulyani,"Engineer, communications",PT Tampubolon (Persero) Tbk,Sulawesi Tengah
610e3972,Sabrina Oktaviani,Communications engineer,PD Maryadi Pratiwi,Sulawesi Tenggara
266bce86,"R. Jarwi Dongoran, S.H.","Conservator, furniture",PD Palastri Wahyudin (Persero) Tbk,Papua
34fc1abe,Zulaikha Wulandari,"Scientist, marine",PT Nashiruddin Budiman (Persero) Tbk,Lampung
a88610a8,"Dr. Puspa Hastuti, S.Farm",Technical brewer,Perum Suryatmi,Kepulauan Riau
b51a8a6f,"Sari Najmudin, S.Ked","Surveyor, mining",Perum Purwanti (Persero) Tbk,DKI Jakarta
64534785,Dt. Ihsan Utami,"Civil engineer, contracting",PD Marpaung,DKI Jakarta
2c42079c,"R.A. Calista Hutapea, S.T.","Surveyor, insurance",PT Mardhiyah (Persero) Tbk,Kepulauan Riau
1821a613,Tirta Suwarno,Architect,PT Tampubolon (Persero) Tbk,Kalimantan Utara
83b74efb,Akarsana Hasanah,"Designer, industrial/product",Perum Hutapea Jailani,Sulawesi Tenggara
99f5e599,"T. Irsad Novitasari, S.Psi",Sports coach,PD Firmansyah Dabukke (Persero) Tbk,Jawa Barat
3ff74314,"KH. Asman Tampubolon, S.E.I",Ophthalmologist,Perum Sitompul Tbk,Papua
f8f4f078,Lembah Hassanah,Broadcast engineer,PD Zulaika Widiastuti,Kalimantan Barat
5cd6180a,Atma Pudjiastuti,Nature conservation officer,PD Kuswandari Rahayu (Persero) Tbk,Lampung
9573103a,Zaenab Melani,Mining engineer,CV Hutagalung Januar (Persero) Tbk,Kalimantan Selatan
3ff92bbb,Kasusra Hidayanto,Gaffer,UD Hariyah (Persero) Tbk,Maluku Utara
fab77e27,"Tedi Saptono, S.E.I",Counselling psychologist,PD Astuti (Persero) Tbk,Sulawesi Tenggara
a83756bc,Lintang Hassanah,Clinical research associate,PD Saragih Haryanto Tbk,Kepulauan Bangka Belitung
3a9760cb,Bahuraksa Prayoga,"Buyer, industrial",UD Maryati,Gorontalo
c7732b46,Dimaz Budiyanto,Sport and exercise psychologist,PD Budiyanto Tbk,DI Yogyakarta
27134944,"Aurora Prasasta, M.Ak",Telecommunications researcher,PT Nasyidah,Bengkulu
e9747d35,"Estiono Astuti, M.M.","Engineer, chemical",UD Hutapea,Aceh
6868873a,"Dr. Taswir Widiastuti, M.Pd",Toxicologist,PD Prakasa Prayoga,Bengkulu
dbdaa2c2,"dr. Bakiadi Hidayat, S.Pt",Web designer,PD Wasita (Persero) Tbk,Bengkulu
2b66c2ab,Hasan Suartini,"Editor, film/video",PT Hutasoit,Nusa Tenggara Timur
5ac2a09e,"Dr. Rina Hariyah, S.IP",Bonds trader,Perum Lailasari Tbk,Kalimantan Timur
4037ad81,Garda Budiman,"Horticulturist, amenity",UD Melani Maulana,Papua Barat
29de9fe6,Dian Purnawati,Museum education officer,Perum Saragih Wijayanti (Persero) Tbk,DKI Jakarta
bbc290b2,Jagapati Hariyah,Mudlogger,CV Hutapea Firmansyah Tbk,Jawa Timur
4b759d67,Nilam Manullang,Conference centre manager,PT Kuswandari,Kalimantan Barat
9b9aaa99,Jaiman Simbolon,Mining engineer,PD Uwais,Gorontalo
000229ec,Rudi Riyanti,Television floor manager,CV Anggraini,Kalimantan Selatan
be35c5ea,Rina Kuswoyo,Chief Executive Officer,CV Yulianti,Sulawesi Tengah
b7b30e62,Nadia Astuti,General practice doctor,UD Purnawati Tbk,Sulawesi Tengah
642ed7f8,Samiah Megantara,Social researcher,PD Anggriawan Tamba Tbk,Kepulauan Riau
784d6e8b,"Tgk. Keisha Prakasa, S.E.I","Geologist, wellsite",PD Astuti,Maluku
ec605eff,"R.A. Farhunnisa Prastuti, M.TI.","Engineer, technical sales",PD Najmudin (Persero) Tbk,Kalimantan Timur
813b0913,"Silvia Nasyiah, S.Sos","Librarian, academic",PT Fujiati Tbk,Nusa Tenggara Barat
b4bc1757,Violet Rahmawati,"Loss adjuster, chartered",CV Rahimah Tbk,Sumatera Utara
e33cde09,"Septi Pratama, S.Kom",Personal assistant,Perum Damanik,Kepulauan Riau
33e08428,Elon Wulandari,Quarry manager,PD Mandala Sitompul (Persero) Tbk,Bali
0a6dd997,Cemani Waskita,Building control surveyor,CV Suryono,Sumatera Selatan
9d8e61d0,Karma Safitri,"Designer, television/film set",PT Wahyudin Agustina,Jawa Timur
4469f136,Keisha Sihotang,Lexicographer,PT Aryani Wijayanti (Persero) Tbk,Sulawesi Selatan
01192d3a,Farhunnisa Putra,Armed forces logistics/support/administrative officer,PD Riyanti Tbk,Jambi
eb3decbe,Dr. Vanesa Hutasoit,"Doctor, hospital",CV Purnawati Widodo,Kalimantan Selatan
73504aa0,Yani Utama,Cartographer,UD Sinaga Prasetya,Maluku
2fc0d5f6,Dewi Riyanti,Futures trader,PD Halimah Nasyidah,Kalimantan Tengah
77e7eb74,"Asirwanda Suryatmi, S.IP","Programmer, multimedia",CV Lailasari (Persero) Tbk,Aceh
902bbbff,"dr. Wani Maulana, M.Ak",Tax inspector,UD Maulana,Banten
5c219fc5,Dimaz Siregar,Publishing rights manager,UD Prasetya Kurniawan,Sumatera Utara
d3fae994,"Ghaliyati Wahyudin, S.Psi",Physiological scientist,PD Pudjiastuti Firmansyah (Persero) Tbk,Nusa Tenggara Timur
6f210aba,"Ajimin Anggriawan, S.Ked",Warehouse manager,CV Namaga,Papua
7e88e6fc,"R.M. Kenes Purwanti, S.Gz",Forensic scientist,PD Iswahyudi,Maluku
3bbca543,Karya Pudjiastuti,Production manager,PT Tamba Thamrin,Maluku
5cb3db49,Jati Haryanto,Corporate treasurer,Perum Ramadan Mandala,Sumatera Utara
a01c5d6f,Manah Saragih,Chartered certified accountant,PT Adriansyah Tbk,Aceh
45571e74,Mumpuni Kuswandari,Sports development officer,PT Usada Suartini,Bali
a4243bda,Ilyas Wacana,Surgeon,PT Puspasari,Sulawesi Tengah
4c7eaeb4,R.M. Dariati Yolanda,Hospital pharmacist,PD Yulianti,DI Yogyakarta
04312012,Drs. Julia Budiyanto,"Scientist, research (physical sciences)",CV Latupono Melani (Persero) Tbk,Kepulauan Bangka Belitung
3735d1fd,"Sidiq Kuswandari, M.Farm",Research scientist (physical sciences),PT Kuswandari Tbk,Kalimantan Utara
2dd5e171,Shakila Sitorus,Statistician,Perum Usamah Tbk,Sumatera Utara
fad9bd27,"H. Bakda Anggriawan, S.Pd",Materials engineer,PT Siregar Tbk,Papua
bbea129e,Jati Lestari,Pharmacologist,PD Nashiruddin,Sulawesi Utara
c0e1b350,Ajiono Suryatmi,Associate Professor,PD Kuswandari Mangunsong,Kalimantan Barat
4be022ce,"Dt. Dacin Saragih, M.M.","Psychologist, occupational",PD Uwais,Kepulauan Riau
feb1f457,"Ir. Harimurti Pratama, S.H.",Rural practice surveyor,UD Oktaviani Utama,Bali
b00cf76b,Daryani Maheswara,Banker,UD Zulaika (Persero) Tbk,Sulawesi Selatan
c77984b7,"Martana Haryanto, S.Sos","Therapist, music",Perum Nasyiah Tbk,Sulawesi Barat
619ed743,Kamila Hariyah,"Pharmacist, hospital",CV Yuliarti Natsir (Persero) Tbk,Sulawesi Barat
a2048996,"drg. Daru Iswahyudi, M.Pd",Hydrographic surveyor,Perum Firgantoro Tbk,Kalimantan Tengah
a2860c8e,Dipa Halimah,Glass blower/designer,CV Mardhiyah Nababan (Persero) Tbk,Kepulauan Riau
6c6f1066,"Mitra Haryanti, S.Pd","Therapist, occupational",PT Prakasa Sitorus Tbk,Kalimantan Tengah
42dd1b35,dr. Halim Safitri,Barista,PT Mandasari Manullang,Bengkulu
a880f4da,Siti Nababan,Tax adviser,Perum Sitorus Tbk,Banten
353d0814,"Aris Permadi, M.M.","Secretary, company",UD Simbolon (Persero) Tbk,Kalimantan Tengah
de757851,Puti Zelda Saputra,Intelligence analyst,PD Prastuti,Sulawesi Barat
2ed30d08,Dr. Kanda Wibisono,Marine scientist,CV Puspita Mansur Tbk,Kalimantan Timur
a622efb5,Adhiarja Suryatmi,"Sales professional, IT",Perum Purwanti Prasetyo (Persero) Tbk,Gorontalo
c47a9a50,Gada Anggraini,Firefighter,Perum Latupono Tbk,Sumatera Utara
1af0a74f,"Ir. Ajeng Laksita, S.E.I",Management consultant,PD Astuti Tbk,Kalimantan Selatan
da18771c,Jabal Permata,Homeopath,CV Sirait Tbk,Bengkulu
5859e1cf,Jagaraga Firmansyah,Advertising art director,PT Padmasari Tbk,Sumatera Selatan
f07f838a,Cengkir Sinaga,Nutritional therapist,CV Halim,Banten
37767673,Gangsar Rahayu,Health promotion specialist,Perum Wibisono Tbk,Kalimantan Utara
77d64851,Zalindra Adriansyah,Forensic psychologist,PD Wibisono,Nusa Tenggara Timur
12bcb1b4,Kani Pratama,"Programmer, systems",Perum Budiyanto,Kepulauan Bangka Belitung
f32c8a10,Wulan Pradipta,"Engineer, automotive",CV Natsir Utama Tbk,Bengkulu
14e58192,Tgk. Virman Utama,"Research officer, government",UD Kuswoyo Hardiansyah,Kalimantan Selatan
43485fcf,"Juli Saptono, S.Pt",Illustrator,PD Halim Wahyudin (Persero) Tbk,Sulawesi Barat
47d06adc,Putri Rahimah,"Sales professional, IT",PT Nurdiyanti (Persero) Tbk,Jawa Barat
0bb75bae,Amalia Pradipta,Copy,UD Mustofa Pratiwi (Persero) Tbk,Kalimantan Selatan
c8ae7e65,Anastasia Mustofa,Air traffic controller,Perum Dongoran Irawan,Kalimantan Tengah
75dae210,Umar Andriani,Health physicist,Perum Hakim Napitupulu,Kalimantan Tengah
a83283fa,dr. Daniswara Agustina,Private music teacher,PD Mustofa,DKI Jakarta
f94cd247,"Sutan Danang Waluyo, S.H.",Licensed conveyancer,Perum Uyainah Tbk,Sumatera Barat
d123db54,Endah Hassanah,Information officer,CV Manullang (Persero) Tbk,Nusa Tenggara Timur
39393799,Zizi Pudjiastuti,Geophysicist/field seismologist,Perum Saefullah Tamba Tbk,Kalimantan Tengah
27159561,dr. Sakti Hariyah,Dancer,PD Hidayanto,Papua
58cadcdb,Mulya Sihombing,Charity officer,PD Salahudin Tbk,Sulawesi Barat
e34c2a71,Candrakanta Prastuti,Immunologist,UD Wijaya,Banten
871a2170,Nalar Budiman,"Engineer, communications",PD Wulandari Mahendra (Persero) Tbk,Kalimantan Utara
c2534993,Suci Winarsih,Consulting civil engineer,PT Oktaviani Thamrin,Nusa Tenggara Barat
b5f7e521,Yance Nugroho,Music therapist,Perum Hakim Maryati (Persero) Tbk,Sulawesi Barat
0fbfb174,"Drs. Raina Sihombing, S.Farm",Air cabin crew,UD Rahimah,Nusa Tenggara Barat
7c3b28d3,Atma Rajasa,Textile designer,UD Mustofa Hariyah Tbk,Bali
120c4df3,KH. Jaeman Sihombing,"Education officer, museum",Perum Prasasta Sihotang (Persero) Tbk,Sulawesi Tenggara
579e0512,Ellis Pudjiastuti,Armed forces training and education officer,PD Rajata (Persero) Tbk,Sulawesi Selatan
1e139f58,Jumadi Prayoga,Television/film/video producer,UD Budiyanto Gunarto (Persero) Tbk,Papua Barat
c0ebd2a3,"Paiman Hastuti, S.IP",Tax inspector,PT Prasetya Suartini (Persero) Tbk,Sumatera Selatan
505ccbce,Sakura Safitri,"Engineer, maintenance (IT)",Perum Maryadi (Persero) Tbk,Sulawesi Utara
f1f5f688,dr. Rahmi Kusumo,"Education officer, community",PT Safitri Tbk,Jawa Barat
8f637093,Dian Usamah,Architectural technologist,PD Aryani Winarsih Tbk,Kalimantan Selatan
506ce39c,"Reksa Mangunsong, M.Farm",Estate agent,PT Purnawati,Sumatera Barat
cbb10e5a,R.M. Ganep Tampubolon,Quality manager,CV Mustofa Farida,Lampung
5c8626ba,"Maimunah Hutasoit, M.Ak",Chief Executive Officer,PT Utama Sudiati,DKI Jakarta
5c722747,Dr. Murti Novitasari,Translator,CV Hutasoit Yulianti (Persero) Tbk,Aceh
6d608026,Aisyah Laksita,Market researcher,PT Kuswandari Tbk,Kalimantan Tengah
3d38772c,Ophelia Pradipta,Ergonomist,UD Nasyidah Puspasari (Persero) Tbk,Nusa Tenggara Barat
146fbfe4,"drg. Gangsar Wasita, S.T.",Immunologist,Perum Pertiwi Yulianti,Bengkulu
a67aa33e,Waluyo Najmudin,"Restaurant manager, fast food",Perum Safitri Kusmawati,DI Yogyakarta
fd189b09,Nurul Maulana,"Engineer, maintenance",UD Zulaika (Persero) Tbk,Bali
2e22fb35,Humaira Prasasta,Diagnostic radiographer,PD Situmorang Tbk,Sulawesi Utara
6f924a9b,"R. Michelle Jailani, S.E.",Clinical research associate,PD Utama (Persero) Tbk,Sulawesi Barat
6a82ca29,Halima Salahudin,Dance movement psychotherapist,Perum Budiman Prasetya,Jawa Tengah
b35c93e6,Yono Salahudin,Osteopath,PT Pradana Nurdiyanti,Bengkulu
03a186f1,"Ir. Febi Mangunsong, S.H.",Seismic interpreter,PD Maryati (Persero) Tbk,Aceh
b580aae2,Mutia Sinaga,"Teacher, early years/pre",UD Susanti,Jawa Barat
81d7f6d6,Devi Mardhiyah,Museum education officer,PT Nasyidah (Persero) Tbk,Gorontalo
3243416a,"drg. Ghani Wasita, S.H.","Clinical scientist, histocompatibility and immunogenetics",Perum Hartati,Riau
bff12f8f,Karta Saptono,Rural practice surveyor,CV Simbolon Rahimah Tbk,Sulawesi Utara
e41c9964,Dr. Violet Pradana,Financial manager,UD Wahyudin Astuti,Jambi
56f3703d,R.A. Samiah Winarno,Customer service manager,Perum Usada Mayasari (Persero) Tbk,Kalimantan Utara
b8656885,"Dr. Surya Mustofa, M.Ak","Engineer, energy",PT Lazuardi Maryati,Jawa Tengah
1c5b51f1,Tgk. Purwa Permadi,"Runner, broadcasting/film/video",PD Mustofa (Persero) Tbk,Maluku
520f2e54,Dr. Jumadi Marbun,Meteorologist,PD Marbun Hariyah (Persero) Tbk,Papua
99b37660,Rina Wahyuni,Make,UD Wijaya Yulianti,Kalimantan Utara
3bfda29a,Limar Sirait,"Administrator, arts",Perum Dabukke (Persero) Tbk,Kalimantan Timur
3ef5589a,Umar Hutagalung,"Conservation officer, historic buildings",PT Anggriawan Tbk,Sumatera Utara
72a2797e,Viman Haryanti,Horticultural consultant,CV Haryanti Tbk,Jawa Timur
0016d5e9,Dwi Adriansyah,Chartered public finance accountant,CV Tamba Tbk,Maluku
4669ecbb,Zulfa Wahyuni,Product/process development scientist,CV Usamah Uwais,Papua
d89c2568,Ade Maulana,"Scientist, water quality",UD Purnawati Maheswara (Persero) Tbk,Sulawesi Barat
04b1e08f,"Sutan Cecep Pradana, M.Farm",Financial adviser,UD Mulyani,Bengkulu
f104ca12,"Irfan Widiastuti, S.H.","Engineer, maintenance",CV Samosir Tbk,Kepulauan Riau
f4378a6a,drg. Jaga Napitupulu,Tree surgeon,PD Laksmiwati (Persero) Tbk,DKI Jakarta
cd88f7f0,Akarsana Halim,Metallurgist,Perum Winarno Rahmawati (Persero) Tbk,Papua
04638a07,Ega Palastri,Research scientist (maths),Perum Adriansyah,Banten
ff8b6aac,Zalindra Haryanti,Architect,UD Latupono Nababan,Riau
972b43bd,Tania Haryanti,Bookseller,CV Saragih (Persero) Tbk,Sumatera Barat
83463875,Taufan Novitasari,"Designer, textile",Perum Nasyidah Tbk,Banten
55f0c848,"Devi Wijayanti, S.Pt",Midwife,CV Pradipta Zulkarnain,Papua
18cb70c5,"Jasmin Prasetyo, S.E.I",Control and instrumentation engineer,PD Rajasa,Jawa Tengah
2292dc0b,Pranawa Dabukke,Secretary/administrator,UD Yolanda Nurdiyanti (Persero) Tbk,Sumatera Selatan
9c0f09da,Gabriella Hassanah,Pensions consultant,Perum Santoso Maheswara (Persero) Tbk,Jawa Barat
6e6df1ec,"KH. Mitra Marbun, S.Farm","Teacher, adult education",PT Kusumo Tbk,Sulawesi Barat
26752d53,drg. Anastasia Pradana,Soil scientist,UD Permata,Gorontalo
c650eab4,"Dt. Artanto Januar, S.IP",Higher education lecturer,PD Habibi Haryanti,Kalimantan Barat
857a8836,Tiara Nurdiyanti,"Conservation officer, nature",PT Prayoga Usamah,Sumatera Selatan
29955fc4,Victoria Hidayat,Research scientist (medical),PD Lailasari (Persero) Tbk,Lampung
64163b66,Reza Siregar,Economist,UD Wijayanti Purwanti,DI Yogyakarta
9f36dc50,Karsana Nababan,Illustrator,PT Hidayat,Kalimantan Tengah
101a3a5a,"Prasetya Setiawan, S.IP",Operational investment banker,PD Wahyudin,DI Yogyakarta
3ec24cad,Nyana Mustofa,"Therapist, occupational",PT Widodo Suryono,Kalimantan Selatan
782f5201,"Almira Puspasari, S.T.",Facilities manager,UD Widodo Tbk,Kalimantan Selatan
717d913f,Rika Irawan,"Psychotherapist, dance movement",PD Wasita Nasyidah,Jawa Barat
428f4890,Gawati Gunawan,Banker,PT Dabukke Kurniawan,Papua Barat
cbb0dbb6,KH. Banawi Palastri,Estate manager/land agent,UD Mulyani,Banten
5166f4c9,Sakura Prasetyo,"Research officer, political party",Perum Ardianto Narpati,Kalimantan Utara
68fc834a,"Purwanto Pranowo, S.Gz","Nurse, mental health",PD Adriansyah Tbk,Kepulauan Riau
73c51ed3,R.A. Halima Mandasari,"Administrator, Civil Service",Perum Damanik Manullang,Kalimantan Tengah
380699c7,"R. Lintang Uyainah, S.Pt",Chief Operating Officer,PD Winarsih,Maluku
d8f61310,"Puti Eva Nashiruddin, S.E.","Pharmacist, hospital",CV Marbun Widodo (Persero) Tbk,Bengkulu
fbedd157,Ivan Palastri,Museum/gallery exhibitions officer,UD Winarsih (Persero) Tbk,DKI Jakarta
e61e51ef,Cici Siregar,Mudlogger,Perum Yulianti Hasanah (Persero) Tbk,Gorontalo
ad785ed2,Jumadi Ramadan,"Programmer, applications",CV Agustina Hastuti,DKI Jakarta
ece64317,Halim Wijayanti,Health promotion specialist,UD Andriani Prasetyo,Jawa Tengah
899d970f,Kardi Nuraini,Video editor,CV Kurniawan Habibi (Persero) Tbk,Kalimantan Selatan
3f358c04,dr. Alika Ramadan,"Producer, radio",CV Widiastuti Tbk,Sulawesi Tengah
26618bfc,Natalia Hastuti,Patent examiner,PD Anggraini,Sumatera Barat
70c28cc3,Bella Iswahyudi,"Editor, film/video",CV Kuswandari,Aceh
ff41f741,"Jayeng Astuti, M.TI.",Agricultural engineer,CV Widodo (Persero) Tbk,Sulawesi Selatan
0af76ccc,Murti Marpaung,Retail manager,CV Widodo Tbk,DKI Jakarta
90aa2634,"Tira Pertiwi, S.E.",Financial controller,CV Purwanti (Persero) Tbk,Kalimantan Tengah
6a4be84b,Aurora Nasyidah,Tax adviser,PT Narpati,Papua Barat
9b7a598a,dr. Darimin Rahayu,IT trainer,PD Hakim Tbk,Maluku Utara
731ddaae,Cinta Nurdiyanti,Animator,Perum Wibisono Tbk,Kalimantan Timur
e42e3adf,Vanya Aryani,Chief Strategy Officer,Perum Suartini,Jambi
63953a0d,"Dr. Zelaya Widodo, S.Kom",Quarry manager,PD Winarno Mandala (Persero) Tbk,Kalimantan Barat
0d2fcf8a,"Pia Nashiruddin, S.IP",Computer games developer,PT Hassanah Damanik,Kalimantan Barat
b3189af0,Puput Wibowo,Advice worker,PD Haryanti (Persero) Tbk,DKI Jakarta
f0e5dbb7,Tgk. Kasiyah Hidayat,Social worker,PT Saragih Palastri,Jawa Timur
29a3143a,Lili Sinaga,"Designer, jewellery",Perum Uwais Damanik (Persero) Tbk,Riau
95ccaa47,Maya Pradipta,Acupuncturist,UD Suryono Padmasari Tbk,Jawa Timur
9a008001,"Raisa Uwais, M.M.",Graphic designer,PT Fujiati (Persero) Tbk,Bengkulu
fdcc6481,Ajeng Sitompul,"Therapist, horticultural",Perum Mangunsong Siregar,Kalimantan Selatan
6b196f30,Eluh Hartati,Structural engineer,Perum Purwanti,Nusa Tenggara Barat
925c6607,Dr. Carla Lailasari,Youth worker,UD Sihombing Samosir,Kalimantan Selatan
3f9471ea,Heryanto Kusumo,Podiatrist,PD Budiman Nasyiah,Bali
740018d7,"Usyi Pertiwi, S.Kom",Interior and spatial designer,PT Najmudin,DI Yogyakarta
69dfd256,Rachel Purwanti,Chief Strategy Officer,Perum Wastuti,Kalimantan Utara
5b90451a,Septi Mayasari,Multimedia specialist,CV Mangunsong Nainggolan Tbk,Bengkulu
da5b8184,Zahra Hutagalung,Fine artist,UD Susanti Mandala Tbk,Jawa Barat
8c533930,KH. Budi Januar,Medical sales representative,UD Haryanto Safitri,Sumatera Selatan
33620a42,Perkasa Dongoran,Charity officer,CV Utama (Persero) Tbk,Sulawesi Utara
dcdbd215,Uchita Putra,Primary school teacher,PD Susanti Anggriawan,Sulawesi Selatan
cc6c6e39,Dewi Saragih,Financial planner,PD Gunarto Habibi (Persero) Tbk,Maluku
d7f98943,Natalia Putra,"Engineer, energy",PD Hidayanto Samosir,Sumatera Selatan
855ceb4d,Vicky Iswahyudi,Environmental manager,CV Zulkarnain Nugroho Tbk,Sulawesi Tengah
a5559adf,Padmi Kuswandari,"Pharmacist, community",CV Tampubolon Tarihoran,Kalimantan Barat
c3abfd23,Restu Santoso,"Surveyor, building",PT Rahimah Saragih (Persero) Tbk,Papua Barat
7c82dcb3,Ir. Dodo Hasanah,Building surveyor,PT Halimah,Sulawesi Tenggara
73e7e0a6,"Tira Mandala, S.Farm",Community pharmacist,CV Megantara,Papua Barat
7319fbab,"Dr. Usyi Wijaya, M.M.","Engineer, automotive",PT Astuti Yulianti,Papua
7f2ce8c9,"Drs. Yuni Prasasta, S.Pt",Event organiser,CV Januar,Gorontalo
a0334dab,Maria Winarsih,Television production assistant,PD Megantara (Persero) Tbk,Papua Barat
f4b24ddb,Septi Anggraini,Higher education careers adviser,PD Marbun Natsir Tbk,DI Yogyakarta
6601f4fd,Cut Novi Agustina,Advertising art director,PD Zulaika Tbk,Lampung
d9afe63f,Putu Pratama,Sub,Perum Sitorus Habibi (Persero) Tbk,Kepulauan Bangka Belitung
3b65ade3,R. Dimas Putra,Education administrator,UD Firmansyah (Persero) Tbk,Banten
0f010ae2,"R.A. Ratih Suryatmi, S.Sos",Public house manager,Perum Tampubolon Yuniar Tbk,Maluku Utara
c4fb39d1,Prakosa Napitupulu,Operational researcher,Perum Palastri (Persero) Tbk,Sulawesi Tenggara
05979067,"Emin Wastuti, S.Ked","Therapist, occupational",PT Maheswara Santoso,DKI Jakarta
ab60340f,"Halima Simbolon, S.H.",Hospital pharmacist,UD Agustina,Papua
3bad6f22,"Bella Maryadi, S.IP",Intelligence analyst,PD Suartini,Lampung
fcd7a416,Dian Lazuardi,Metallurgist,PT Budiman,Aceh
4b783c4e,"Najwa Nugroho, S.Ked",Insurance underwriter,Perum Nashiruddin,Kalimantan Timur
f6b4128a,dr. Anom Pertiwi,Applications developer,PT Saragih Hidayat,Nusa Tenggara Barat
e164c54b,Kasusra Nuraini,Toxicologist,PT Nuraini Tbk,Sumatera Utara
de47131d,Elma Mandala,Health and safety adviser,Perum Wijaya Sitompul (Persero) Tbk,Nusa Tenggara Timur
0f1d6e56,Hj. Icha Wasita,Armed forces operational officer,UD Yuliarti (Persero) Tbk,Sumatera Barat
b76b048d,Kuncara Hasanah,Chartered management accountant,PT Damanik Damanik Tbk,DI Yogyakarta
ae86466d,"R. Reza Marbun, S.Ked","Scientist, physiological",UD Puspasari,Sulawesi Utara
deaeafa3,"Bagas Novitasari, S.Farm","Programmer, applications",CV Kuswoyo (Persero) Tbk,DI Yogyakarta
d8a953d2,Cengkir Sitorus,Hydrogeologist,PD Prayoga Suwarno (Persero) Tbk,Papua
c7e59a5a,"Teguh Putra, S.Farm","Psychologist, occupational",Perum Anggraini Farida,Sumatera Selatan
d381625a,"Dr. Julia Namaga, S.E.I",Art gallery manager,PT Wulandari,Banten
4ce0a741,"Ayu Mandasari, S.IP",Actor,PT Novitasari (Persero) Tbk,Maluku
1e33cf07,Kurnia Anggriawan,Hydrologist,PD Lestari Pudjiastuti Tbk,Sumatera Utara
e9981483,"Tgk. Irnanto Hutasoit, S.E.I","Research officer, trade union",Perum Maryadi,Riau
f00b655c,R. Ella Pradipta,Data processing manager,PD Sirait Aryani (Persero) Tbk,Kepulauan Riau
369d4f2f,Kardi Yuniar,Research scientist (maths),Perum Mandala (Persero) Tbk,Kalimantan Utara
00ecc3c8,Nabila Suryono,Information systems manager,UD Uyainah Pangestu,Banten
9cd47d66,Sutan Vero Napitupulu,"Surveyor, hydrographic",CV Kusmawati Mansur (Persero) Tbk,Jawa Barat
3689677d,Carla Rajata,Maintenance engineer,PD Sirait Kusumo,Maluku Utara
9429c5df,"KH. Kajen Suryono, S.Psi",Fashion designer,CV Rajasa (Persero) Tbk,Maluku Utara
bee021e1,Okto Saragih,Airline pilot,PT Hutagalung Suryono Tbk,Maluku
2bf4f405,Ulya Manullang,Multimedia programmer,CV Kusumo,Jawa Tengah
dece63d1,Nyoman Namaga,Human resources officer,CV Tarihoran (Persero) Tbk,Nusa Tenggara Timur
bb8cd303,"R. Indah Mansur, S.E.I",Analytical chemist,PT Gunawan (Persero) Tbk,Bali
b435e1f7,Ana Wulandari,"Conservator, furniture",PT Suwarno Hutasoit,Sumatera Selatan
cf433c7c,Drs. Puput Hutasoit,Public relations officer,PT Simanjuntak Tbk,Kalimantan Utara
30ab3084,"Nrima Hutasoit, S.Pt",Art gallery manager,PD Setiawan Tbk,Aceh
6020f5d1,Eli Nashiruddin,Archivist,CV Latupono Riyanti,Gorontalo
dffc8116,"Dr. Endra Kusumo, M.Pd",Retail manager,PD Hartati Hakim Tbk,Kepulauan Riau
576108d7,"Puti Kayla Simanjuntak, S.Pd",Medical secretary,PD Widiastuti,Nusa Tenggara Timur
43c0ecb4,Ciaobella Rahmawati,Volunteer coordinator,PD Santoso,Sulawesi Tenggara
e0a3b469,Dr. Galuh Setiawan,"Conservation officer, historic buildings",CV Permata,Sulawesi Tengah
b1ffab59,"Nurul Prasasta, S.Pt",Public relations officer,PT Astuti (Persero) Tbk,DI Yogyakarta
17ca1fef,Umi Haryanti,Airline pilot,CV Lailasari Tbk,Kepulauan Bangka Belitung
89fdb2d7,Rangga Haryanti,"Teacher, primary school",PT Agustina Tbk,Lampung
8c7bce33,Malik Palastri,Energy manager,PT Suryatmi Pratama,Bengkulu
1b926eb6,Embuh Pudjiastuti,Animal technologist,Perum Maryadi Hasanah,Aceh
cd1f242c,"Tgk. Rahman Lazuardi, S.I.Kom",Chief Marketing Officer,PT Zulaika Natsir,Sumatera Utara
47c6be1e,Ikin Yolanda,Government social research officer,CV Nasyiah Damanik,Kalimantan Timur
9338a472,"Pia Nainggolan, S.H.",Archivist,PD Hassanah,Bali
a1113693,Wakiman Situmorang,"Radiographer, therapeutic",PT Wahyudin Tbk,Sumatera Selatan
46406d9b,"R.A. Amelia Rajata, M.Kom.",Arts administrator,PT Nuraini,Sulawesi Selatan
acf61bb1,Vanya Damanik,Art therapist,PT Pertiwi Usada Tbk,Papua Barat
8fde1a42,"Yuni Yuliarti, S.Gz",Meteorologist,Perum Pratama,Bali
ece314d4,Ajiono Santoso,Research scientist (life sciences),CV Sihombing,Nusa Tenggara Barat
51170885,Hadi Pratama,English as a foreign language teacher,Perum Rahmawati,Kepulauan Bangka Belitung
8f6ae07e,"Jane Hidayat, M.Ak",Horticultural therapist,PD Laksmiwati Maryadi,Kalimantan Utara
f8a031d1,Taswir Latupono,"Producer, radio",UD Hutapea,Nusa Tenggara Barat
45987f9f,"Nrima Salahudin, S.Farm",Public relations account executive,PT Yulianti Wulandari Tbk,Aceh
42b4570b,Tedi Budiyanto,Health visitor,CV Hutagalung Pradana,Kalimantan Tengah
55efbb80,"Muni Simbolon, S.Ked",Medical illustrator,PT Andriani,Bali
841d8df1,Darmana Sudiati,Fast food restaurant manager,CV Iswahyudi Maulana (Persero) Tbk,Gorontalo
325c31af,"Samiah Prasetya, S.Farm","Engineer, technical sales",UD Andriani,Lampung
46742c47,Luwes Hutapea,Equities trader,PD Wijaya,Kalimantan Selatan
cc0450f0,"R. Danang Wijaya, S.Psi",Dietitian,CV Farida,DI Yogyakarta
cc4fcb73,Jane Firgantoro,IT trainer,PD Rahayu Pratama Tbk,Maluku
460d6838,"KH. Balapati Winarno, M.Pd",Microbiologist,PD Hakim,Jawa Tengah
c4a3b274,Vega Nainggolan,Cabin crew,UD Suartini Haryanti (Persero) Tbk,DKI Jakarta
8c58492f,Ilsa Anggraini,Multimedia programmer,PD Sinaga (Persero) Tbk,Papua Barat
a8cba010,Atma Prasetyo,Rural practice surveyor,Perum Pranowo Prasetya,DI Yogyakarta
f14f6aa0,Ir. Syahrini Riyanti,Applications developer,Perum Palastri,Kepulauan Riau
cc37b6c3,Dt. Hasim Nashiruddin,Microbiologist,CV Prastuti,Maluku Utara
54302b4a,Najib Puspita,Writer,PT Prayoga Sitorus Tbk,Sulawesi Selatan
89f3ae9c,"Ajimat Tamba, S.E.I",Claims inspector/assessor,PT Sudiati,Sumatera Utara
33d6351a,Kardi Iswahyudi,Risk manager,CV Nugroho Nasyidah Tbk,Kepulauan Bangka Belitung
31da25e5,Hj. Sabrina Napitupulu,Production engineer,PT Damanik Melani,Sumatera Selatan
bf199c61,Alika Wijaya,"Buyer, retail",Perum Sitompul (Persero) Tbk,Sulawesi Selatan
9ddbf950,Arta Wastuti,Merchant navy officer,Perum Firmansyah,Jawa Tengah
c13dc5b4,Zalindra Kusumo,"Administrator, sports",PT Lailasari Tbk,Nusa Tenggara Timur
ed2d37de,Tgk. Ophelia Thamrin,Ranger/warden,CV Hartati Kusmawati,Kalimantan Tengah
7b7b6c9b,Vino Aryani,Transport planner,PD Riyanti Setiawan Tbk,Papua
0c435a03,"Siti Anggraini, M.Farm",Engineering geologist,PD Winarno Pratama Tbk,Kalimantan Selatan
347e7375,Nabila Kusmawati,Landscape architect,CV Maryati (Persero) Tbk,Maluku Utara
c90251d8,Warsita Nababan,Recruitment consultant,PD Saefullah Natsir Tbk,Aceh
da2832b3,Widya Kusmawati,Hydrogeologist,Perum Susanti,Jambi
e17c32d9,"Pangeran Namaga, S.E.I","Scientist, biomedical",PD Adriansyah Hariyah,DKI Jakarta
dc07ff95,Martani Saputra,Site engineer,UD Pradana Hariyah (Persero) Tbk,Kalimantan Utara
51f55513,Jessica Kuswoyo,"Biochemist, clinical",Perum Maulana Wibowo (Persero) Tbk,DI Yogyakarta
e05bbf53,Sari Wastuti,Medical technical officer,PT Agustina,Bengkulu
8db7e2f2,Gandi Suryatmi,Investment analyst,CV Wijaya,Kepulauan Bangka Belitung
708e54b9,Hj. Sari Maryadi,Marine scientist,PD Hakim (Persero) Tbk,Papua Barat
67ed351c,Panca Tarihoran,Animal technologist,PT Sihombing,Riau
b071ba08,Dr. Marwata Pratiwi,Contractor,CV Budiyanto Pradipta,Papua Barat
32820e54,Wira Narpati,Estate manager/land agent,CV Padmasari (Persero) Tbk,Jawa Barat
99daf326,Lidya Rajasa,Market researcher,PT Siregar Pertiwi,Sulawesi Tengah
8249f5cc,"drg. Kajen Simanjuntak, S.Pt","Scientist, research (life sciences)",CV Najmudin (Persero) Tbk,Kalimantan Tengah
102d578d,"T. Cawisadi Simanjuntak, S.E.","Programmer, systems",Perum Rahmawati,Nusa Tenggara Barat
43ad3620,"Salsabila Wahyuni, M.Kom.","Scientist, physiological",CV Wijayanti,Nusa Tenggara Barat
d8230ccd,"Tgk. Pranawa Usamah, S.Farm",Patent attorney,Perum Gunawan (Persero) Tbk,Sulawesi Tenggara
1bfd8e7e,"Tgk. Carla Jailani, S.Pd",Gaffer,Perum Simbolon Hidayanto Tbk,Kalimantan Utara
dd19c85b,Cager Novitasari,Tour manager,PT Natsir Puspasari,Sumatera Utara
1429975d,"Ir. Yoga Rajata, S.IP",Location manager,CV Dabukke Waluyo,Maluku
e324395b,Parman Maryadi,English as a second language teacher,Perum Pertiwi,Sulawesi Barat
d16f033a,Drs. Prayogo Pradipta,Geochemist,UD Maulana,Kalimantan Timur
c9cc557a,Hafshah Sudiati,Software engineer,PT Hastuti,Kalimantan Tengah
16c3015c,Ajiono Uyainah,Leisure centre manager,PT Samosir Thamrin (Persero) Tbk,Kepulauan Riau
eb998464,"Anastasia Pradipta, M.Ak",Fisheries officer,PD Santoso (Persero) Tbk,Maluku
b2f2d683,Vega Wahyuni,Textile designer,Perum Hastuti Tarihoran,Kalimantan Barat
7475fa73,Hasta Padmasari,Early years teacher,PD Riyanti Napitupulu (Persero) Tbk,Banten
40c67850,R. Nasrullah Sihombing,Health and safety inspector,UD Irawan Santoso Tbk,Jambi
d3f1ef6c,"Arsipatra Tamba, S.Kom",Operational investment banker,UD Rahimah (Persero) Tbk,Sulawesi Selatan
57ec84d1,"Qori Irawan, M.Kom.",Clothing/textile technologist,CV Purnawati Rajasa Tbk,Sulawesi Tengah
39f3cd2a,Yunita Wacana,Naval architect,UD Rajata Haryanti Tbk,Kalimantan Barat
ec17b61b,Ellis Waluyo,Glass blower/designer,UD Purwanti Nurdiyanti,Jawa Barat
806a29df,Gawati Suwarno,Chief Operating Officer,UD Budiyanto (Persero) Tbk,Sumatera Selatan
e0cfe7de,"Ir. Taswir Tamba, S.I.Kom","Teacher, special educational needs",PD Maryadi Sihotang (Persero) Tbk,Bali
68726123,Okto Tamba,"Surveyor, commercial/residential",Perum Iswahyudi,Maluku
df9f0ee7,"Cindy Susanti, S.Sos",Fisheries officer,CV Kuswandari Waskita Tbk,Sulawesi Barat
67254323,R. Ika Salahudin,"Engineer, energy",UD Siregar Utama Tbk,Jawa Barat
653eb322,Mala Habibi,Music therapist,Perum Wulandari Tbk,Papua Barat
21d5563e,"Ilyas Sihombing, S.Gz",Field trials officer,PD Sirait Samosir (Persero) Tbk,Banten
2db52ae1,Tgk. Purwadi Lestari,Tax inspector,PT Samosir Tbk,Nusa Tenggara Timur
250f0054,Yulia Maryati,Materials engineer,PT Hutagalung Nasyiah,Banten
10ca6400,Garan Laksita,Banker,CV Sihombing Wahyuni,DKI Jakarta
f1722a70,"Unggul Astuti, M.M.",Sports administrator,CV Widodo Sihombing Tbk,Sulawesi Selatan
52e98294,"Drs. Setya Yolanda, S.I.Kom","Teacher, adult education",UD Anggriawan Kurniawan,Aceh
06cd5a79,Elvina Najmudin,Ranger/warden,UD Prayoga,Sumatera Barat
9ea26088,Baktianto Usada,"Engineer, technical sales",CV Waluyo Sihombing,Sumatera Selatan
3dbc762c,"Tgk. Langgeng Adriansyah, M.M.",Maintenance engineer,CV Putra,Jambi
c7f22357,"Suci Melani, M.M.",Hydrologist,CV Tampubolon Agustina (Persero) Tbk,Sulawesi Utara
50052956,"Salwa Hariyah, S.E.",Minerals surveyor,CV Halim,Kepulauan Riau
2dc4da7b,"Cut Laras Ardianto, M.Pd",Ranger/warden,UD Pangestu Hastuti,Jawa Tengah
e310697f,"Malik Kuswoyo, S.IP","Engineer, civil (consulting)",CV Latupono (Persero) Tbk,Kepulauan Riau
9101ffc7,"Tgk. Gabriella Haryanto, S.Pt",Clothing/textile technologist,CV Adriansyah Halim,Kalimantan Selatan
701111b5,Gamanto Sihombing,Advertising account planner,UD Sinaga Saputra (Persero) Tbk,Sulawesi Barat
ed85957e,Tgk. Virman Mayasari,Financial planner,PT Pangestu Zulkarnain Tbk,Papua
9b9508ef,"Taufan Hutapea, S.Psi","Surveyor, quantity",UD Lazuardi Natsir,Kalimantan Selatan
3de26489,"Drs. Alika Hutagalung, S.Pd",Television production assistant,CV Sitorus,Jawa Timur
d4ae716b,Intan Andriani,Youth worker,Perum Uwais Tbk,Maluku Utara
c0d50399,Azalea Purwanti,"Surveyor, rural practice",PD Hutapea,Kalimantan Timur
9961967b,"Wirda Mustofa, M.Ak",Estate manager/land agent,PD Fujiati,DKI Jakarta
2117d76d,Wadi Siregar,Writer,PT Hutasoit,Sulawesi Tengah
e5c1efc8,Salwa Irawan,Ranger/warden,PT Hardiansyah Tbk,Kepulauan Bangka Belitung
fa011e95,Ratih Puspita,Counselling psychologist,PT Gunawan (Persero) Tbk,Maluku Utara
4a549678,"R. Yance Mansur, S.E.",Sales executive,PD Budiyanto Puspita,Bengkulu
bf8871b5,Malika Nasyiah,Astronomer,CV Hutagalung,Aceh
df64b088,Raditya Rahayu,Private music teacher,CV Widiastuti,Kepulauan Bangka Belitung
5957b1dd,Dimas Rahimah,Industrial/product designer,PT Suwarno Sinaga,Sulawesi Utara
b7db1213,Tgk. Fitria Budiyanto,"Pharmacist, community",PD Wahyuni (Persero) Tbk,Sulawesi Barat
c2ed3f6a,"Tgk. Violet Puspasari, S.Farm",Armed forces logistics/support/administrative officer,PT Mandala Dongoran,Jawa Barat
14905e86,Yance Utami,Recycling officer,CV Prayoga Hastuti,Sumatera Barat
d8fc24f8,Tira Saputra,"Production assistant, radio",CV Andriani,Sulawesi Barat
1bfcce15,"Irnanto Situmorang, S.T.",Museum education officer,UD Maryati (Persero) Tbk,Kepulauan Riau
a4a53c93,Atmaja Lazuardi,"Journalist, magazine",PT Prastuti,Aceh
98af411e,Paris Mustofa,Legal executive,PD Padmasari Marpaung Tbk,Sumatera Selatan
636567d6,Gabriella Simbolon,Press sub,CV Halim Nashiruddin (Persero) Tbk,Maluku Utara
f98f4042,"Cengkir Saragih, S.H.","Geologist, wellsite",PT Hakim (Persero) Tbk,Jawa Barat
062db0b8,Asirwanda Yuniar,"Conservator, museum/gallery",UD Prasetya Habibi,Kalimantan Tengah
acc33f4d,Harja Handayani,Public relations account executive,PD Kusumo Pratiwi,Aceh
456de6d2,Teguh Yulianti,Visual merchandiser,PT Hassanah Uwais (Persero) Tbk,Sulawesi Tengah
bc2b0547,Betania Winarno,Copy,PD Yulianti (Persero) Tbk,Jawa Tengah
66229eb5,Ir. Prasetya Pudjiastuti,Contractor,PD Sihombing Mansur,Maluku
a7473f4c,Gasti Rahimah,Public relations officer,PT Gunarto Melani Tbk,Kalimantan Selatan
0039071b,"Perkasa Puspita, S.E.",English as a foreign language teacher,PT Samosir,Lampung
15d8905e,Malik Waskita,"Therapist, music",PT Utami Hakim Tbk,Papua
e007724b,Margana Permadi,Occupational therapist,PT Pradana Pudjiastuti Tbk,Kalimantan Timur
f16de5c5,"Erik Suartini, S.E.",Environmental consultant,Perum Kusumo,Nusa Tenggara Timur
62607308,"Drs. Kezia Wibisono, S.E.",Herpetologist,Perum Hutagalung Tbk,Jawa Barat
44e8e9aa,"Kartika Halimah, M.Ak",Office manager,CV Hardiansyah (Persero) Tbk,Sumatera Selatan
e63b6eac,Ulva Prayoga,"Nurse, adult",Perum Jailani (Persero) Tbk,Jawa Timur
badcd88f,Gatot Puspita,TEFL teacher,PT Yulianti,Kepulauan Bangka Belitung
57660a4b,"Dr. Tami Susanti, M.Farm",Geographical information systems officer,CV Yulianti Wahyudin Tbk,Sulawesi Selatan
d383e563,Marwata Prasetya,Conference centre manager,Perum Palastri Pratiwi,Sulawesi Barat
745bc42e,Tgk. Gada Siregar,Building control surveyor,PT Simanjuntak (Persero) Tbk,Jawa Tengah
5cc1a585,Rusman Nababan,"Surveyor, land/geomatics",PT Widiastuti Situmorang,Banten
621e9943,Kamila Jailani,English as a foreign language teacher,PT Laksita Tbk,Banten
6fcfb5b5,"Aurora Maulana, S.Sos","Doctor, general practice",UD Budiman Sitorus Tbk,Bali
74dab723,"Sutan Nrima Dabukke, S.Pt",Applications developer,PT Suartini Tbk,Kepulauan Bangka Belitung
b6a36bef,Karya Hidayat,Optometrist,PD Hidayanto Jailani,Papua
2b893527,"KH. Danang Safitri, M.TI.",Human resources officer,PT Oktaviani Ramadan Tbk,Gorontalo
1ea304d0,Sutan Bakti Tampubolon,Health visitor,CV Puspita Mangunsong,DKI Jakarta
106cba28,"Sutan Warji Wastuti, S.I.Kom",Haematologist,PD Yolanda Lazuardi Tbk,Lampung
2d8e234c,Vanya Natsir,Barrister,PT Prasetyo,Kalimantan Selatan
eed21bec,"Dr. Ihsan Hardiansyah, S.Ked",Furniture conservator/restorer,PT Sitompul Sirait,Sumatera Utara
867abd15,"Ganjaran Hartati, S.H.",Estate agent,Perum Wahyuni Uwais Tbk,Nusa Tenggara Barat
a3ecaf69,"Dono Napitupulu, S.Psi",Cytogeneticist,PD Hidayanto,Sumatera Barat
23d0f2e9,"R. Gina Wulandari, S.I.Kom","Therapist, speech and language",Perum Wulandari Kusmawati (Persero) Tbk,Lampung
3a754869,Ayu Prasetya,Claims inspector/assessor,PT Hasanah Tbk,Kalimantan Barat
82d75b29,Eva Suartini,Government social research officer,PT Napitupulu Mansur,Sumatera Barat
c457b92b,Gambira Hidayanto,Fine artist,CV Nurdiyanti Rahmawati Tbk,Sulawesi Tenggara
55086fae,"Drs. Rahayu Saragih, S.Sos","Editor, magazine features",UD Putra,Jawa Tengah
406e04a6,Parman Prastuti,Network engineer,Perum Hutasoit Jailani Tbk,Sulawesi Barat
a99019cc,R. Kartika Hidayat,Psychotherapist,CV Siregar Pranowo,Sumatera Utara
6fd6e786,Luis Sirait,Agricultural engineer,PT Safitri Tbk,Banten
1bfff83c,Lutfan Jailani,Research scientist (maths),CV Mandala,Sulawesi Barat
27f640ad,Radika Pradipta,"Scientist, audiological",CV Dongoran (Persero) Tbk,Sulawesi Selatan
2b4e9d10,"Salsabila Pangestu, M.Kom.",Printmaker,PT Firgantoro Melani,Bali
c4844c8a,Warsa Utami,"Accountant, chartered certified",Perum Kusumo Tbk,Sulawesi Barat
f3467016,Cahyanto Sitorus,Animator,PT Mardhiyah,Sulawesi Selatan
59d628a0,Dr. Dadi Napitupulu,Environmental consultant,UD Lazuardi Puspasari Tbk,Sulawesi Selatan
33ecf772,"Tgk. Artanto Dongoran, S.T.","Sales professional, IT",UD Maulana Tbk,Kalimantan Tengah
deeb05ea,Mahesa Pradipta,Radio broadcast assistant,PT Kuswandari (Persero) Tbk,Sulawesi Utara
830a0fb8,Opung Dabukke,"Engineer, land",Perum Aryani Tbk,Sulawesi Tengah
efc233cc,Alika Hardiansyah,Data scientist,UD Hakim Tbk,Maluku
ea0b68db,R.M. Gatot Nababan,"Teacher, music",PT Wahyudin,Sumatera Selatan
b9580d47,Genta Wijaya,Advice worker,Perum Winarno Sinaga Tbk,Kalimantan Utara
ba45716e,Sidiq Gunarto,Heritage manager,PT Hassanah,Sulawesi Tenggara
b0f42a74,Mulya Wahyuni,Land,Perum Wijayanti Purnawati,Kalimantan Barat
705fa5b0,Cornelia Safitri,Academic librarian,Perum Dongoran,Sulawesi Utara
7b55f192,Paiman Wahyuni,"Psychologist, educational",Perum Agustina,Gorontalo
48600c9b,"Tomi Prastuti, S.Gz",Financial adviser,UD Putra Prayoga Tbk,Riau
83dac255,"Ajimat Rahayu, S.Pd",Conference centre manager,Perum Maulana Mayasari,Banten
885e9775,Lasmono Andriani,"Scientist, research (physical sciences)",CV Fujiati,Aceh
ac9e5bfe,dr. Simon Rajata,Building surveyor,Perum Melani Tbk,Lampung
f32e8f03,Gawati Hakim,Printmaker,PT Mandasari Tbk,Kepulauan Bangka Belitung
bd91e4f3,"Drs. Tasdik Pradipta, S.Kom","Presenter, broadcasting",Perum Irawan,Sulawesi Tenggara
74e76eac,Kasiran Widodo,Further education lecturer,UD Megantara,DI Yogyakarta
f5a1cd0a,Dr. Ihsan Mangunsong,Database administrator,PT Samosir Ramadan,Gorontalo
28e85b7e,R.M. Cengkal Usada,"Engineer, mining",UD Nasyiah (Persero) Tbk,Jawa Timur
cebeafd7,"Ella Tampubolon, S.Ked",Ranger/warden,PT Rajasa Purwanti,Sulawesi Utara
e1a041c5,Darijan Sihombing,Arboriculturist,CV Permadi Mansur Tbk,Maluku
0a7fbc5e,"Agus Maulana, M.M.","Production designer, theatre/television/film",CV Prabowo Pradipta Tbk,Gorontalo
571fec8d,Simon Mulyani,Hydrologist,UD Dabukke Nugroho,Banten
69898945,"Lalita Wacana, S.E.","Journalist, broadcasting",CV Sitorus,Jawa Tengah
063f993a,Caket Hidayanto,"Engineer, agricultural",UD Halimah,Aceh
ae32ad61,Cakrawala Narpati,Best boy,CV Saputra,Nusa Tenggara Barat
18ad17cd,Kayla Gunawan,Midwife,UD Jailani Tbk,Lampung
44d3daa2,Garang Wijaya,"Editor, magazine features",Perum Simbolon Uwais (Persero) Tbk,Sulawesi Tenggara
8111ce13,Limar Waluyo,Pensions consultant,PD Pranowo (Persero) Tbk,Jawa Timur
d7e26b03,Ulya Rajata,Housing manager/officer,PD Saefullah,Bali
59751c71,Kamila Suryatmi,Acupuncturist,CV Mahendra (Persero) Tbk,Jawa Timur
395c0ae1,Tira Nasyidah,"Therapist, music",CV Wijaya (Persero) Tbk,Lampung
f68c43da,R.A. Ade Pradana,Further education lecturer,CV Kusumo (Persero) Tbk,DKI Jakarta
cf042e23,Syahrini Nainggolan,"Surveyor, mining",UD Pratama Tbk,Bali
2e2fb588,Ibun Wijaya,Charity fundraiser,PT Nuraini (Persero) Tbk,Sulawesi Barat
16fab13a,Hasna Oktaviani,"Production assistant, television",Perum Sirait (Persero) Tbk,Sulawesi Selatan
8edc1b42,"Paramita Hakim, S.Farm",Tourism officer,UD Kuswandari Tbk,Bali
a404e643,Garan Januar,Dancer,UD Utami (Persero) Tbk,Nusa Tenggara Barat
7317c15e,"R.M. Nyana Hariyah, S.Pt",Communications engineer,Perum Purnawati Kusumo,Sumatera Barat
91d62e73,Dr. Jaeman Nasyidah,Chief Technology Officer,Perum Prasetya (Persero) Tbk,Gorontalo
e6544001,"Dr. Cahya Siregar, M.Pd","Teacher, primary school",CV Kuswoyo,Papua
4b06c094,"Wardi Yulianti, S.IP",Make,Perum Napitupulu,Bengkulu
71767fc6,Raisa Wastuti,"Conservator, furniture",PD Ramadan Utama,Lampung
d0babe01,"Bajragin Saragih, S.Ked","Engineer, control and instrumentation",PT Marpaung (Persero) Tbk,Aceh
e99e45fe,Zelaya Saputra,Arboriculturist,CV Uyainah (Persero) Tbk,DI Yogyakarta
acac9853,"Maryanto Mardhiyah, M.Kom.",Control and instrumentation engineer,PT Hutasoit Zulaika Tbk,Papua
3a798423,"Tgk. Jaya Gunarto, M.Kom.","Therapist, speech and language",UD Yuniar,Riau
306d8b42,"Jelita Budiman, M.Ak",Systems developer,Perum Santoso,Sulawesi Barat
1a94a39c,Belinda Lazuardi,Intelligence analyst,PD Januar (Persero) Tbk,Sumatera Barat
84cfb272,Adika Susanti,Government social research officer,PT Safitri (Persero) Tbk,Sumatera Barat
02221826,Ir. Purwadi Astuti,Museum/gallery curator,PT Putra (Persero) Tbk,Nusa Tenggara Timur
e6febd65,Nova Haryanto,Brewing technologist,PT Lestari Jailani Tbk,Nusa Tenggara Timur
42ffbd35,Paiman Ardianto,Sales executive,PT Halim Tbk,Sulawesi Tenggara
0369e258,Yulia Yulianti,"Embryologist, clinical",UD Prasetya (Persero) Tbk,DKI Jakarta
3ca5d706,Harsanto Purnawati,Engineering geologist,PD Prasasta Wacana Tbk,Nusa Tenggara Barat
12eb1cef,Hesti Haryanti,Magazine features editor,PT Halim Tbk,DI Yogyakarta
bfe104d8,"Tedi Anggraini, S.H.",Legal executive,UD Nuraini,Sumatera Selatan
67618fa0,Gabriella Yuliarti,"Doctor, general practice",CV Haryanti,Bali
4bb867a0,"Laras Prasetyo, S.Sos","Production assistant, radio",PD Tarihoran,Aceh
b94f7c5a,Bambang Maulana,"Lecturer, higher education",CV Januar Januar,Kalimantan Utara
33cbe312,"Kalim Suartini, S.T.",Illustrator,PD Fujiati (Persero) Tbk,Gorontalo
6d9bfb49,Mustika Rajata,Fish farm manager,PT Anggriawan Salahudin,DI Yogyakarta
d70c8a80,Safina Mahendra,"Buyer, retail",PD Waluyo Mandala Tbk,Jawa Barat
94ef427c,"Damu Riyanti, M.TI.","Production assistant, television",PT Prasasta Mahendra (Persero) Tbk,Sulawesi Barat
2db83512,"Gandewa Safitri, S.Pt",Musician,UD Najmudin (Persero) Tbk,Riau
cb836093,Gawati Mahendra,Mining engineer,PD Pradipta Simbolon,Sumatera Barat
fd915792,Silvia Astuti,"Therapist, music",PD Wibowo Sihombing (Persero) Tbk,Sulawesi Barat
49158aa0,R. Karimah Saputra,"Accountant, chartered management",PD Wulandari,Kalimantan Selatan
ffbfc488,"Hj. Yulia Nasyiah, S.Farm",Town planner,PD Wahyuni,Jawa Tengah
11f505bc,"Marwata Mardhiyah, S.Psi",Accommodation manager,PD Riyanti Kurniawan,Riau
0fe469bf,"Salimah Utama, S.I.Kom",Science writer,UD Prasetyo Winarno,Sulawesi Tenggara
f2ccb400,Titi Saputra,Professor Emeritus,PT Budiyanto,Kalimantan Tengah
816169eb,"drg. Latif Kurniawan, S.H.",Office manager,Perum Susanti Tbk,Sulawesi Tengah
9b165ac7,"R.A. Paris Safitri, S.E.I",Chartered public finance accountant,PD Halim Yuniar Tbk,Kepulauan Bangka Belitung
e777388a,"dr. Vanesa Haryanti, S.E.I",Marketing executive,PD Mandala (Persero) Tbk,Aceh
c76296f3,Amalia Hakim,Social worker,PD Suryatmi Tbk,Lampung
300f681d,Tami Suryono,Chemical engineer,Perum Maulana (Persero) Tbk,Kalimantan Barat
adc6af28,Gangsa Saefullah,"Designer, jewellery",PD Winarsih Tarihoran Tbk,DI Yogyakarta
95eb122d,R. Pia Pratama,Music tutor,Perum Hardiansyah Lailasari (Persero) Tbk,Nusa Tenggara Timur
f8dddc0f,"Ir. Cawisadi Gunarto, S.H.","Journalist, newspaper",Perum Palastri Hastuti,Maluku
074ce679,Cakrawangsa Pangestu,"Designer, jewellery",Perum Siregar Fujiati (Persero) Tbk,Sumatera Barat
524860db,"Amelia Mayasari, S.Kom",Community pharmacist,UD Farida (Persero) Tbk,Jawa Tengah
04a38d1c,"Dr. Janet Siregar, S.E.I","Nurse, learning disability",PD Latupono (Persero) Tbk,Kalimantan Timur
8a77cad7,"Drs. Betania Padmasari, S.Kom",Hospital pharmacist,CV Farida Suartini (Persero) Tbk,Gorontalo
70519a7f,Puput Habibi,Special educational needs teacher,CV Santoso (Persero) Tbk,Maluku
8f487d2c,"Cawisadi Anggraini, S.H.",Arboriculturist,UD Hidayat Tbk,Sumatera Utara
f38de022,Ikin Mardhiyah,"Surveyor, building",PT Hidayanto Tbk,Nusa Tenggara Barat
4c6b3faf,Rini Rajasa,Financial manager,PT Budiman,Sulawesi Barat
df315713,Ikin Nuraini,Systems developer,PD Pertiwi Anggraini (Persero) Tbk,Sulawesi Barat
0d91a5ca,Waluyo Mulyani,Magazine journalist,CV Halimah Iswahyudi Tbk,Sumatera Barat
fb12e841,Kasusra Natsir,Dentist,Perum Zulkarnain Megantara,Kalimantan Utara
cc2987b2,Reksa Pratama,"Engineer, communications",UD Sudiati Pradipta Tbk,Kepulauan Bangka Belitung
8f9d6a64,Kunthara Maryati,Automotive engineer,PD Riyanti (Persero) Tbk,Sulawesi Barat
92465781,Almira Rahmawati,Metallurgist,PT Sirait Puspita,Sulawesi Barat
a457947e,Kacung Pangestu,Forensic scientist,UD Marbun Pratama,Sulawesi Barat
0ca7c497,Rina Mardhiyah,Recycling officer,PD Nainggolan,Lampung
aee0d3bd,Nyoman Damanik,Further education lecturer,CV Prasetya Firmansyah,Sulawesi Selatan
cff2b7e4,Almira Yolanda,"Conservation officer, nature",PT Hidayanto,Gorontalo
fb69882b,Suci Utama,"Accountant, chartered management",PD Dongoran,Sumatera Selatan
208fef70,"Drs. Gawati Lestari, S.Gz","Designer, interior/spatial",PT Purnawati Tbk,Jawa Tengah
e0117796,Drs. Malik Sihotang,Counselling psychologist,CV Suryono,Kalimantan Barat
d79e7c6d,"Eka Maryati, S.Sos",Training and development officer,UD Iswahyudi,Gorontalo
df5bec11,"Balapati Hutasoit, S.Pt",Teaching laboratory technician,Perum Maryati Tbk,Sulawesi Selatan
93599350,Dr. Hasna Maulana,Building surveyor,PT Sirait Kuswoyo,Sulawesi Utara
5ece2c67,"dr. Jaka Santoso, M.M.",Sales executive,Perum Sihombing,Kalimantan Timur
c7c4a705,Janet Hidayanto,Proofreader,CV Pradipta Padmasari (Persero) Tbk,Bali
a9919168,Galih Rahimah,Chiropodist,CV Pertiwi Nasyiah,Bengkulu
80f2bf13,"T. Luwar Suwarno, S.Farm",Sports development officer,PT Prasetyo Tbk,Sulawesi Barat
fbf42633,Novi Melani,Health service manager,PT Halim Marpaung,Sumatera Selatan
ca5c2b55,"Puti Yance Permadi, S.I.Kom",Public house manager,Perum Widiastuti Prabowo,Bali
3e4ba3ea,"Rahmat Hidayanto, S.Sos",Logistics and distribution manager,UD Sudiati Waluyo (Persero) Tbk,DI Yogyakarta
51152113,"Endah Wijaya, S.T.","Engineer, production",Perum Kuswandari (Persero) Tbk,Aceh
454e5042,Hesti Winarno,"Teacher, English as a foreign language",PT Gunarto Pangestu,Sumatera Utara
31284ddb,"drg. Yance Simanjuntak, S.Kom",Information officer,UD Iswahyudi,Sulawesi Selatan
2ba11f03,Drs. Gantar Nashiruddin,Copy,PD Saefullah,Banten
23b1cbcc,Zamira Waskita,Research scientist (maths),UD Budiyanto Mandasari,Kalimantan Selatan
663ea9a0,"Bahuraksa Maryati, M.Kom.",Quality manager,PD Kuswoyo Pangestu,Kalimantan Selatan
16fed8b3,Gamblang Susanti,Chartered loss adjuster,PD Samosir Marpaung,Papua Barat
c4b13191,Heryanto Pradana,Armed forces training and education officer,CV Pradana Rahayu,Kalimantan Timur
e341fb50,"Sidiq Hardiansyah, M.M.","Geneticist, molecular",PT Mardhiyah (Persero) Tbk,Kepulauan Riau
3af2f9d3,R.M. Ganda Saptono,Information officer,PD Lazuardi Lestari Tbk,Kalimantan Barat
d496dc82,"Zaenab Nasyidah, S.T.","Psychologist, occupational",PT Utama Ardianto Tbk,Sulawesi Utara
b3fa7358,Mariadi Simbolon,Sales promotion account executive,PD Maryadi Tbk,Bali
8e6daf3a,"Saadat Handayani, S.Gz","Sound technician, broadcasting/film/video",Perum Nashiruddin Aryani,Banten
0e20f82f,Mala Lailasari,"Editor, commissioning",UD Nugroho Tbk,Bali
03f337df,"Ir. Hilda Nashiruddin, S.IP","Doctor, hospital",PT Astuti Setiawan,Sulawesi Tenggara
a0d2e927,"KH. Harjaya Halimah, S.T.",Acupuncturist,UD Yuniar (Persero) Tbk,Kalimantan Selatan
0efa9759,Pranata Permadi,Analytical chemist,PT Marpaung,Papua
68e0e44e,Anita Wibisono,Field trials officer,CV Adriansyah,Jawa Tengah
11c59927,Danu Lailasari,Chief Operating Officer,Perum Dabukke,Bali
7d8ea9f7,Kanda Prakasa,"Nurse, learning disability",UD Gunarto Tbk,Sulawesi Selatan
1bf5c9fd,"Dr. Darman Tarihoran, S.H.",Education administrator,CV Napitupulu Santoso,Sulawesi Tenggara
c37fc482,"Hj. Nadia Latupono, S.E.I",Chiropractor,UD Zulkarnain Tbk,Jawa Barat
63250f9a,Bambang Hidayat,Accounting technician,PD Utami Riyanti,Kalimantan Utara
f6f5ff73,Sidiq Yuniar,"Geologist, wellsite",Perum Saefullah Waskita,Kepulauan Riau
f8d8c690,Dasa Sitompul,Visual merchandiser,PD Namaga,Kalimantan Selatan
060d0cb0,"Saiful Adriansyah, S.E.I",Mudlogger,PD Rahayu,Lampung
5cf6bb20,"Damar Damanik, S.Pt",Chartered public finance accountant,PT Tarihoran (Persero) Tbk,Kalimantan Timur
9186fafc,"Ir. Karimah Sirait, S.Gz",Holiday representative,UD Firmansyah Tbk,Aceh
72c35417,Tgk. Kardi Rajasa,Insurance risk surveyor,CV Lestari Namaga Tbk,Sulawesi Tenggara
4da82528,Garang Irawan,Operational investment banker,PD Andriani Halimah,Jambi
5e147cd9,Puti Yance Lazuardi,Health promotion specialist,Perum Laksmiwati,Banten
bd70d5ba,Drs. Yuliana Sihombing,IT trainer,Perum Rajata Setiawan,Jawa Tengah
150776ce,Hj. Ida Haryanti,"Research officer, political party",CV Padmasari,Nusa Tenggara Barat
b4291c9a,Puti Cindy Purwanti,Art gallery manager,Perum Pudjiastuti Astuti,Aceh
1b44b64c,"T. Tirta Suryono, S.I.Kom",Mining engineer,PD Rajasa,Aceh
0c4d6678,Gina Maryadi,Corporate treasurer,UD Habibi Manullang Tbk,Kepulauan Riau
456661e7,Emil Yuliarti,Corporate investment banker,PT Haryanto Utama Tbk,Jawa Barat
131017c8,Emin Mangunsong,"Sound technician, broadcasting/film/video",PT Wahyuni Putra,Bali
e08d7779,Oskar Rahimah,Farm manager,CV Zulaika,Sulawesi Utara
d97fc378,Ihsan Puspita,"Editor, commissioning",CV Suryono Hidayat (Persero) Tbk,Gorontalo
abe51daf,Bakti Dongoran,Public affairs consultant,PD Rajasa (Persero) Tbk,Banten
cb013d83,Jayadi Wahyuni,Illustrator,CV Januar,Jawa Timur
9ab79cf1,Betania Laksmiwati,"Engineer, petroleum",UD Yuniar Tbk,Sulawesi Tengah
4a14c1ed,"Wasis Susanti, S.Psi",Child psychotherapist,PT Wacana Lailasari (Persero) Tbk,DKI Jakarta
bc4dba80,KH. Marsito Siregar,"Scientist, research (life sciences)",PT Siregar (Persero) Tbk,Nusa Tenggara Barat
00b5fd6a,Pranata Mandasari,Mechanical engineer,UD Yulianti (Persero) Tbk,Jawa Timur
196ac6bd,Maryanto Usada,"Engineer, electrical",Perum Firgantoro,Bengkulu
456861b6,"R.M. Bakda Wacana, S.Farm","Civil engineer, consulting",UD Wacana Wibowo (Persero) Tbk,DI Yogyakarta
dacded6b,"Padmi Hakim, M.Farm",Bookseller,Perum Damanik (Persero) Tbk,Papua
288cfb47,R. Sakura Yuliarti,Health and safety inspector,PT Hakim Tbk,Kepulauan Riau
adfa8474,"Gaduh Prasasta, S.E.I",Mudlogger,PT Yuliarti Hastuti,Jawa Barat
83b1a61e,"Tgk. Jarwadi Rajata, S.Gz",Tax adviser,Perum Prakasa Uyainah,Sulawesi Selatan
9efdf630,"T. Jail Pertiwi, S.Psi",Hydrographic surveyor,CV Widodo Wulandari Tbk,Nusa Tenggara Timur
65eb9f2d,"Nurul Nugroho, M.Kom.",Chief Operating Officer,Perum Zulaika Zulkarnain (Persero) Tbk,Riau
aea7548a,Kayla Hariyah,Theatre director,PT Hidayat Farida Tbk,Sulawesi Tengah
8bf36201,Puspa Winarno,Phytotherapist,CV Nashiruddin,Sulawesi Utara
58f807aa,"Violet Handayani, S.Gz",Freight forwarder,PD Suwarno Tarihoran,Sulawesi Utara
e335852d,Tami Rajata,Building control surveyor,CV Megantara Tbk,Sulawesi Utara
04f59c33,Suci Natsir,Multimedia specialist,PD Suwarno Latupono,Papua Barat
0d093c5c,"Dagel Novitasari, M.Kom.",Retail banker,Perum Mahendra,DKI Jakarta
67fc08a7,Umar Hutasoit,Fisheries officer,CV Rajata (Persero) Tbk,Aceh
e4200041,Raisa Wahyudin,Financial adviser,PT Prastuti,Papua Barat
3932bb96,"Joko Sihotang, M.Farm","Therapist, sports",UD Susanti Saefullah Tbk,Kepulauan Riau
193b64e8,Kasusra Habibi,"Administrator, Civil Service",CV Januar Yuniar (Persero) Tbk,Kalimantan Timur
9031a916,Najwa Kurniawan,Physiological scientist,Perum Suryono Tbk,Lampung
881fc95e,Ir. Kani Anggraini,Chartered legal executive (England and Wales),PD Prakasa Nainggolan,Jambi
be1e4985,Argono Dongoran,Control and instrumentation engineer,PT Firgantoro,Kalimantan Selatan
38b78d8d,drg. Nadine Maryati,Arts administrator,UD Ardianto Thamrin Tbk,Gorontalo
c4652c68,Ganda Gunarto,"Lighting technician, broadcasting/film/video",Perum Budiyanto Tbk,Lampung
9fb621f2,Laswi Hasanah,"Production designer, theatre/television/film",PD Sitompul Gunarto (Persero) Tbk,Jawa Tengah
c699a3d2,"Zaenab Laksmiwati, S.Kom",Engineering geologist,Perum Irawan (Persero) Tbk,Kalimantan Selatan
d47f9af8,Panca Sudiati,"Scientist, research (life sciences)",PT Mayasari,Sumatera Barat
f04b692e,Sidiq Sirait,Management consultant,PD Iswahyudi Puspasari,Kepulauan Bangka Belitung
e55d3a57,Hari Sihombing,Company secretary,UD Wacana,Papua
27343bff,Karimah Siregar,"Designer, industrial/product",PT Pratama Budiyanto Tbk,Kalimantan Timur
a6b104c4,H. Ega Wahyudin,"Engineer, energy",CV Thamrin Situmorang,DKI Jakarta
f8d9376e,Dt. Daliono Saragih,Commissioning editor,PD Wastuti Pranowo,Jawa Barat
4fac49af,Fitria Irawan,Technical brewer,PT Marpaung,Jawa Barat
fa0a86f2,Anastasia Namaga,IT consultant,PT Tampubolon Lazuardi (Persero) Tbk,Jawa Tengah
0c0090a4,Jumadi Halimah,Land/geomatics surveyor,CV Handayani Tbk,Maluku
27ac5521,Ina Natsir,"Engineer, chemical",PT Najmudin Damanik (Persero) Tbk,DKI Jakarta
8e2be77a,"Drs. Diana Maryati, S.I.Kom",Operational researcher,UD Megantara Santoso,Jawa Timur
16b57f78,Tami Damanik,"Scientist, research (physical sciences)",PD Sudiati Kusmawati Tbk,Kepulauan Riau
67a0ad71,"Limar Rahayu, M.Pd",Paediatric nurse,PT Maheswara,Jawa Barat
0d7f71f7,"Ajiono Sitorus, S.Ked",Curator,Perum Palastri Hassanah,Sulawesi Tenggara
9dfeb3ad,Ade Mangunsong,Art therapist,PD Usada (Persero) Tbk,Sumatera Barat
13fae8db,Rika Pradana,Medical sales representative,Perum Kusumo Mulyani,Kalimantan Selatan
e9abf3c1,"dr. Maida Yuliarti, M.M.","Journalist, broadcasting",PT Jailani Marpaung,Kepulauan Riau
16d1fa07,R.M. Cahyo Kusmawati,"Clinical scientist, histocompatibility and immunogenetics",PT Oktaviani Prasasta (Persero) Tbk,Lampung
e701cdc6,Hana Hakim,Museum/gallery curator,PT Winarno (Persero) Tbk,Bengkulu
83e1fb1e,"Drs. Sarah Suryatmi, S.Ked",Financial risk analyst,Perum Agustina,Lampung
c68ffd9a,"Gasti Samosir, M.Kom.",Radio broadcast assistant,Perum Simanjuntak Budiman Tbk,Maluku Utara
c74ad8a3,Tari Sitorus,"Journalist, magazine",PT Hidayanto Hariyah,Kepulauan Riau
3eae66b3,Hamima Hutasoit,Research scientist (life sciences),Perum Hutapea Tamba (Persero) Tbk,Bali
57ad3763,Tania Mustofa,"Designer, ceramics/pottery",PD Hartati,Sumatera Utara
67b7a19f,Mariadi Januar,Travel agency manager,Perum Tarihoran Tbk,Papua
8d84145f,"R.A. Natalia Handayani, S.Pd",Accommodation manager,Perum Utama (Persero) Tbk,Riau
52979eb1,Chelsea Marpaung,Photographer,CV Hidayanto Damanik,Bali
e67af31b,"Sari Firgantoro, M.Farm",Pensions consultant,UD Hakim Utami,Sumatera Selatan
da711463,Lulut Rajasa,Sport and exercise psychologist,PD Utama,Kalimantan Barat
bac4488b,Latika Simbolon,Hotel manager,PT Latupono Rahimah,Papua Barat
f95ca9f3,"Umi Mustofa, S.E.I",Psychiatrist,PT Siregar (Persero) Tbk,Sumatera Selatan
8658160e,Michelle Utami,Early years teacher,Perum Wasita Tbk,Jawa Tengah
70ffa3fb,Hani Sihotang,Fashion designer,PT Wijayanti,Sulawesi Barat
ba851706,drg. Cager Sihombing,"Civil engineer, consulting",CV Napitupulu,Sulawesi Selatan
5b86480e,Hendri Aryani,"Surveyor, rural practice",PD Pangestu (Persero) Tbk,Bengkulu
55477376,"Leo Habibi, M.Pd",TEFL teacher,CV Aryani,Kalimantan Utara
4a8599cf,"drg. Samiah Hartati, M.Ak","Therapist, music",CV Pradipta Simanjuntak,Sulawesi Selatan
6c8a3ac7,dr. Galar Yolanda,"Therapist, music",PD Prakasa Prasetyo (Persero) Tbk,Jawa Tengah
d8809b83,"Dina Namaga, S.Sos",Midwife,CV Riyanti Mandala,Sulawesi Selatan
d5db9103,Hasna Firmansyah,Tour manager,Perum Purnawati Adriansyah (Persero) Tbk,Nusa Tenggara Timur
05545c37,drg. Tari Tampubolon,Research scientist (life sciences),PD Farida Prasetyo,Sulawesi Tenggara
73b8d7c8,Jelita Firgantoro,"Programmer, multimedia",PT Ardianto Nasyiah,Sulawesi Utara
41e501e5,Nyoman Tarihoran,Social researcher,PT Nasyidah Mansur Tbk,Jawa Timur
45383894,Laras Saptono,Control and instrumentation engineer,Perum Lestari,Jambi
3f539e21,"Karna Sitorus, S.Pt",Race relations officer,PT Permata,Maluku
25844adb,Danuja Tarihoran,Clinical psychologist,UD Putra Yuniar,Bengkulu
df011c6c,Drs. Purwa Namaga,Historic buildings inspector/conservation officer,UD Hakim Tbk,Sulawesi Utara
4d695346,"Farah Setiawan, S.I.Kom","Geologist, wellsite",Perum Fujiati (Persero) Tbk,Nusa Tenggara Timur
22a63338,Ajiono Wahyudin,"Research officer, political party",PT Nuraini Hariyah,Bali
730a0c76,Rika Nasyiah,Press sub,Perum Suryono Wijayanti,Kalimantan Barat
c03b8df4,"Drs. Oni Nashiruddin, S.E.","Editor, magazine features",Perum Nainggolan Irawan,Nusa Tenggara Timur
40332fa7,Ir. Anastasia Siregar,"Teacher, English as a foreign language",CV Rajasa,Sulawesi Utara
3e42f063,Jinawi Usada,Farm manager,Perum Latupono (Persero) Tbk,Maluku Utara
dec63fcc,Banawa Lazuardi,Data scientist,Perum Agustina Wahyudin,Sulawesi Barat
31b3aa76,drg. Edi Sihombing,Armed forces operational officer,UD Wahyuni Hidayat,Aceh
da5e6a16,Hendri Maryadi,"Sales professional, IT",UD Yolanda,DKI Jakarta
18e3c2e7,Ika Sinaga,Product manager,CV Mandala,Sulawesi Barat
9832f883,"Emong Hassanah, S.Pt",Customer service manager,CV Narpati Situmorang (Persero) Tbk,Kalimantan Tengah
86247dd6,dr. Cahyadi Putra,Youth worker,PT Astuti,Lampung
889282aa,Ir. Ciaobella Oktaviani,Trade union research officer,CV Marpaung,Gorontalo
5812435b,Jefri Astuti,Politician's assistant,CV Anggriawan,Bengkulu
a7fbbf6e,Uchita Nurdiyanti,Seismic interpreter,UD Rajasa Laksita,Kalimantan Utara
58f844c5,Kayla Prakasa,Psychotherapist,PT Kuswandari Wahyudin (Persero) Tbk,Sumatera Barat
3ea81365,Puti Shakila Widiastuti,Magazine journalist,PT Yuniar (Persero) Tbk,Nusa Tenggara Timur
243afb5a,Mulyanto Hakim,Dancer,PD Sitompul Halim,DI Yogyakarta
d68f2ec0,"Ayu Sitompul, S.Psi",Quantity surveyor,UD Haryanto,Sulawesi Tenggara
96c8931d,Puspa Utama,Town planner,PD Simanjuntak Nugroho Tbk,Bali
e29ca61c,Ir. Amelia Sirait,Community education officer,Perum Rahayu,Banten
0104382e,Dewi Kusmawati,Contracting civil engineer,CV Laksmiwati,Sumatera Selatan
1c0b0840,Ade Safitri,Warden/ranger,PD Laksmiwati Palastri,Sulawesi Tengah
78c7aacf,Harsana Saputra,"Horticulturist, amenity",PT Natsir Puspasari Tbk,Maluku
704f085e,Latika Puspita,Jewellery designer,Perum Dabukke Tbk,Maluku
4e71da3c,Gasti Permadi,"Optician, dispensing",UD Wulandari Tbk,Sumatera Barat
759bfe27,"Tri Situmorang, M.Pd","Buyer, industrial",UD Samosir,Maluku Utara
60e57d44,Janet Pradana,"Administrator, local government",PT Mahendra Sihombing,Papua
d9f2d75f,Hasna Mandasari,"Conservation officer, historic buildings",CV Suryatmi Prayoga Tbk,Sumatera Selatan
5e6f2e4a,"Ikin Uwais, S.T.",Petroleum engineer,Perum Permata Budiyanto,DKI Jakarta
f920fccb,Kania Pranowo,Pensions consultant,UD Marbun Damanik,Banten
c71b104b,Raisa Kurniawan,"Nurse, mental health",UD Nuraini Suryatmi Tbk,Jawa Barat
1dc949fb,"Cut Faizah Maryati, S.Sos",Environmental manager,PT Mardhiyah,Sulawesi Selatan
44f1c9a1,Kemba Siregar,Television floor manager,CV Prayoga,Jawa Barat
e94f3976,KH. Abyasa Wacana,"Surveyor, rural practice",UD Rahayu (Persero) Tbk,Sumatera Selatan
5d4efe1b,Titi Uyainah,"Surveyor, quantity",PD Rajasa Tbk,Kalimantan Timur
9480fdae,Kayla Narpati,Customer service manager,Perum Nuraini,Sumatera Utara
55d0a20a,Lidya Wasita,"Embryologist, clinical",CV Irawan Thamrin,Nusa Tenggara Barat
0cc0be3a,"Amalia Mustofa, S.T.",Chief Operating Officer,UD Narpati Novitasari (Persero) Tbk,Kepulauan Bangka Belitung
5ae72153,Samiah Kusumo,Astronomer,CV Prasasta (Persero) Tbk,Nusa Tenggara Timur
81c95e38,Siska Wacana,Public relations account executive,UD Wijayanti Sudiati Tbk,Maluku Utara
6f6f8f10,"Dt. Wardi Thamrin, S.E.",Higher education lecturer,CV Andriani Andriani Tbk,Maluku Utara
5ae7f863,Drs. Cindy Sudiati,"Engineer, energy",PD Kusmawati Hassanah,Sulawesi Selatan
337f259e,Virman Prastuti,Geophysicist/field seismologist,Perum Suryatmi,Kalimantan Timur
d53a4649,Hana Anggriawan,"Engineer, manufacturing",PD Latupono,Jambi
b0ef198d,Prakosa Hartati,Armed forces operational officer,PD Astuti Samosir,Sulawesi Utara
5460c5bf,"Drs. Daliono Thamrin, M.M.",Secondary school teacher,UD Pranowo Januar Tbk,Banten
a0559b81,"H. Nugraha Yolanda, S.Kom",Building control surveyor,UD Tampubolon Mulyani,Bengkulu
f9706f89,"Aurora Narpati, S.Ked",Volunteer coordinator,PD Rajata,Nusa Tenggara Barat
d5410612,"Edison Putra, S.E.",Tree surgeon,PT Aryani,Sumatera Utara
1dc965ff,Hardi Kusumo,Social worker,Perum Wijayanti Mansur,Sulawesi Barat
c214d99d,Radit Yuniar,"Scientist, clinical (histocompatibility and immunogenetics)",UD Tampubolon (Persero) Tbk,Sulawesi Utara
319c937b,Luthfi Mangunsong,Actuary,PT Pranowo Prakasa,Lampung
f3464244,Siska Wahyudin,"Therapist, drama",Perum Widiastuti,Sumatera Barat
494a885f,"Lanjar Putra, S.Pd","Scientist, marine",PD Nasyiah Thamrin Tbk,Sumatera Barat
8f527582,"Dewi Fujiati, S.T.",Applications developer,Perum Sihombing Santoso,Riau
a713158d,Raditya Sihotang,Games developer,CV Uwais Mansur,Sulawesi Tenggara
c4e3bf84,"dr. Zahra Mustofa, M.Pd",Careers adviser,PD Ardianto Wibisono,Kalimantan Utara
c622b46e,"Harjasa Hartati, S.H.",Community arts worker,PT Hutagalung Pangestu Tbk,Aceh
af262118,Wasis Hardiansyah,Records manager,PT Irawan Firmansyah,Nusa Tenggara Timur
dc5f3d1b,"T. Mursita Rahayu, S.H.",Ceramics designer,CV Prasasta Jailani,Jambi
83c37697,"Zahra Irawan, S.Sos","Designer, furniture",CV Saragih (Persero) Tbk,Gorontalo
dbd68168,Lili Budiyanto,"Therapist, drama",PT Palastri (Persero) Tbk,Jawa Timur
18a88b0c,"Zalindra Simbolon, S.Sos",Orthoptist,Perum Sudiati,Gorontalo
ab262af3,"Tgk. Tina Kuswandari, S.H.",Psychiatrist,PT Hutapea Hutasoit,Sulawesi Tengah
40828177,Drs. Rahayu Budiman,Adult guidance worker,PT Hakim Tbk,Kalimantan Barat
1f22d4b3,Tantri Tarihoran,"Embryologist, clinical",UD Firmansyah Kuswandari Tbk,Sumatera Barat
c0078859,Maya Gunawan,"Investment banker, corporate",Perum Kurniawan Tbk,Sulawesi Selatan
ee3f1464,Sakura Hardiansyah,Optometrist,CV Mandala,Bali
2c44588d,"Tgk. Salimah Laksita, S.T.","Designer, graphic",PD Nababan,Jawa Barat
83e2c3d0,Eva Sihombing,Agricultural consultant,PT Lestari,Kepulauan Riau
a6516d93,"Atma Padmasari, M.Pd",Tax adviser,UD Situmorang Pratama Tbk,Nusa Tenggara Barat
4efd4593,dr. Uli Marbun,Clinical embryologist,Perum Waluyo Nugroho (Persero) Tbk,Bali
46f914b2,Yance Rajata,Licensed conveyancer,PT Laksmiwati (Persero) Tbk,Kalimantan Selatan
4e058e40,Ellis Laksmiwati,Animal technologist,PD Yolanda Hakim,Papua
29878e91,Ida Uyainah,English as a second language teacher,Perum Dongoran,Aceh
d2ba0079,Makuta Zulkarnain,"Merchandiser, retail",PT Gunarto Padmasari,Jawa Timur
9af9fc1d,Vinsen Suryatmi,Hospital pharmacist,CV Suwarno,Jawa Tengah
8aa3e739,Nyana Purwanti,"Investment banker, corporate",UD Purnawati Mulyani (Persero) Tbk,Jawa Barat
7db7fbd4,"Jayadi Prasetyo, S.Sos","Engineer, civil (consulting)",Perum Nasyiah Winarno,Kalimantan Timur
dbb270e1,"Akarsana Mustofa, S.Ked",Sales executive,PD Prakasa Setiawan,Lampung
d7f3cf5d,"Queen Wibowo, S.H.",Sports coach,CV Sitorus Budiman,Sulawesi Selatan
225ba4f2,Paiman Nashiruddin,Radio producer,PD Pradana (Persero) Tbk,Sulawesi Barat
1384f18e,Humaira Hastuti,"Surveyor, planning and development",PT Prastuti Sitorus,Kepulauan Bangka Belitung
11b3e151,Iriana Hutapea,Holiday representative,Perum Wahyudin Safitri (Persero) Tbk,Kepulauan Riau
fdb62cc6,Umi Pranowo,Company secretary,PT Sihotang Hastuti Tbk,Papua
2808a3ea,Dr. Nova Wijaya,"Engineer, maintenance",PD Pudjiastuti Tbk,Maluku Utara
ecde7ea7,"drg. Ratih Pradipta, S.H.",Set designer,CV Wahyudin Kuswandari,Jambi
9f126f65,"Gilang Permadi, S.Kom",Dramatherapist,UD Lailasari Sirait,Gorontalo
833f712d,Umay Yolanda,Chartered legal executive (England and Wales),PT Sihombing Tbk,Jawa Timur
0f50d2ae,"Ir. Jono Rajata, S.I.Kom",Archivist,Perum Winarsih Latupono (Persero) Tbk,Sulawesi Tenggara
f1c1f69a,R.A. Yunita Kuswandari,Visual merchandiser,Perum Natsir Rahimah (Persero) Tbk,Jambi
5755aec6,Maimunah Wijaya,"Production assistant, television",Perum Kusmawati Fujiati (Persero) Tbk,Maluku Utara
1c372c84,"dr. Mursinin Handayani, M.Farm",Applications developer,PD Mahendra (Persero) Tbk,DI Yogyakarta
b8767288,"Unjani Jailani, S.E.","Scientist, research (medical)",Perum Hartati Hartati (Persero) Tbk,Riau
71875b0e,Dina Pertiwi,"Administrator, Civil Service",CV Mayasari,Maluku Utara
0f6facac,Fitria Kurniawan,Artist,PT Nugroho Wahyuni (Persero) Tbk,Sumatera Barat
44e2145d,Cahyono Siregar,"Teacher, music",CV Hutasoit,Kalimantan Tengah
ef72d4c7,Carub Rahayu,Diplomatic Services operational officer,Perum Pertiwi Thamrin,Lampung
10445d9a,Ulya Maheswara,"Engineer, maintenance",PT Winarsih,Sulawesi Tenggara
c9468d77,"Daliman Najmudin, S.Ked",Agricultural consultant,CV Pradana Permadi,Bengkulu
7b6d526c,Prasetyo Mayasari,"Librarian, public",PT Zulkarnain (Persero) Tbk,Papua
8ff680a4,Jati Winarno,Petroleum engineer,PD Aryani Tbk,Maluku Utara
5ba2d946,Oni Winarsih,IT consultant,PT Sirait Natsir,DKI Jakarta
d484564c,"Uchita Iswahyudi, S.E.",Geographical information systems officer,PT Nainggolan Uwais Tbk,DI Yogyakarta
80683ce6,Safina Hidayanto,Aid worker,Perum Pradipta Yolanda Tbk,Papua Barat
525124a1,Tgk. Warsita Puspita,Geophysical data processor,PT Maulana Suartini (Persero) Tbk,Maluku Utara
1ecd9667,Nurul Mayasari,"Engineer, site",UD Nasyidah Wacana,Gorontalo
52bfeee7,"Raina Handayani, M.Pd",Advice worker,UD Thamrin Hutasoit (Persero) Tbk,Kalimantan Utara
8c4ecddd,"Paiman Winarno, S.IP",Hydrologist,CV Damanik Marbun (Persero) Tbk,Kalimantan Timur
2b03349a,Yani Ardianto,Recruitment consultant,UD Budiman Melani,Gorontalo
9678e68f,"R.M. Aswani Simbolon, S.I.Kom",Tour manager,PD Yuliarti,Papua
a74746e6,Hendra Laksita,Textile designer,UD Prasetya Suartini Tbk,Jambi
dd065cc3,Maras Pertiwi,"Surveyor, mining",Perum Purnawati,DKI Jakarta
0a452bef,Tri Riyanti,"Designer, fashion/clothing",Perum Mandala (Persero) Tbk,Jawa Tengah
7d95ae8e,Usman Uwais,Counsellor,PD Gunawan Permata (Persero) Tbk,Kalimantan Barat
b82eda75,R.A. Ida Lestari,Chartered loss adjuster,PT Maryadi Suwarno (Persero) Tbk,Sulawesi Tengah
0db2c0cb,Panca Waluyo,Financial trader,CV Kuswoyo Rahmawati Tbk,Gorontalo
383740b3,Dr. Mustofa Waskita,Dentist,PT Aryani Tbk,Sumatera Barat
4777e797,Halima Lestari,"Surveyor, rural practice",PD Hutapea Mandala Tbk,Jawa Barat
d952a0a3,Salsabila Safitri,"Buyer, retail",CV Dongoran Tbk,Maluku Utara
21376fbb,"R. Cemplunk Suryatmi, M.M.","Pharmacist, community",CV Sitorus Tbk,Kepulauan Riau
21f745a1,"Drs. Gada Prabowo, S.H.",Colour technologist,Perum Hardiansyah,DKI Jakarta
d2fbb060,Icha Dongoran,"Scientist, research (life sciences)",CV Hartati,Kalimantan Utara
e1248e49,Ellis Safitri,Careers information officer,UD Tamba,Maluku Utara
2f59ca7d,Tina Halimah,Personnel officer,UD Irawan (Persero) Tbk,Aceh
f90fe5f6,"Gamanto Tampubolon, S.Pd",Trading standards officer,Perum Saefullah Winarsih,Sumatera Selatan
3b443625,R. Kania Pranowo,Hydrogeologist,CV Mansur Tbk,Gorontalo
47bd2a31,Taufik Usada,Retail manager,PT Rahimah Tbk,Jawa Barat
1f53ca55,Cecep Nugroho,Contracting civil engineer,PT Latupono Usamah,Papua Barat
dc3cc14c,"H. Ikin Ardianto, S.Pt","Engineer, broadcasting (operations)",Perum Sudiati Pertiwi,Banten
311715e7,Raisa Iswahyudi,"Surveyor, mining",PT Rajata (Persero) Tbk,Sumatera Selatan
511a217a,"drg. Zelaya Laksmiwati, M.TI.",Prison officer,PT Maryati Tbk,Sumatera Utara
2b977df0,"drg. Dewi Palastri, M.Farm",Paramedic,PT Hutagalung,Sumatera Utara
dc161252,Siti Mansur,Physiological scientist,PT Usada,Gorontalo
8d94c30a,Ajiman Tampubolon,Environmental manager,PD Wahyudin Wijayanti (Persero) Tbk,Sumatera Barat
4dca57a5,T. Reksa Nababan,Community development worker,UD Saptono Puspasari,Jawa Tengah
0a6ab1b8,"Puti Cindy Halim, S.I.Kom",Exercise physiologist,PD Dabukke,Jambi
dce7c864,"Ellis Gunawan, S.Sos",Accounting technician,CV Widiastuti (Persero) Tbk,Kepulauan Bangka Belitung
aef1dcd3,Dian Napitupulu,Theatre director,PT Santoso Hutapea (Persero) Tbk,Sulawesi Utara
e4f42e72,"T. Halim Utama, M.Pd",Equality and diversity officer,Perum Manullang Mulyani Tbk,Kalimantan Tengah
b7fdae2a,Vanesa Thamrin,Physiological scientist,PD Lestari,Sumatera Utara
07e74822,"drg. Febi Tampubolon, M.Ak",Trade mark attorney,PT Hastuti Aryani,Banten
07a9be26,Karen Agustina,Research scientist (maths),CV Pudjiastuti,DKI Jakarta
fca44ff3,Dr. Tasdik Astuti,Ranger/warden,UD Nurdiyanti,Sulawesi Selatan
bfa65479,Balangga Rajata,Learning disability nurse,CV Sitorus,Lampung
5e47a0a3,Yulia Hakim,"Surveyor, mining",PD Sihombing Pertiwi (Persero) Tbk,Kalimantan Utara
9c94f79c,Hamima Sinaga,Building control surveyor,CV Permadi Tbk,Sulawesi Tenggara
5869a1a6,Nasab Maulana,Sports development officer,PD Hidayanto,DI Yogyakarta
0b5aa992,Widya Putra,Armed forces logistics/support/administrative officer,UD Hariyah Hidayat,Sulawesi Tenggara
834e8f82,Damar Pranowo,"Editor, commissioning",PT Tampubolon,Aceh
d8c90912,dr. Tasdik Dongoran,Building services engineer,Perum Fujiati Hutagalung (Persero) Tbk,Sumatera Selatan
f164874a,Putri Zulaika,Estate manager/land agent,UD Sihombing Marbun Tbk,Jawa Tengah
98b2225e,Ajeng Waskita,Human resources officer,CV Pratama Tbk,Sulawesi Tenggara
3170b669,Viktor Hutasoit,Soil scientist,PT Susanti Waluyo Tbk,Sulawesi Selatan
a159aa2f,Citra Padmasari,Soil scientist,PT Narpati Pudjiastuti (Persero) Tbk,Maluku
fd6bb094,Yessi Novitasari,Public house manager,PD Uwais Marbun,DI Yogyakarta
efce5a5d,"Utama Fujiati, S.Sos","Designer, fashion/clothing",Perum Rajata Zulkarnain,Sumatera Barat
9e751a01,Siska Wastuti,"Buyer, industrial",CV Sudiati Setiawan,Sumatera Barat
f56a7028,Sutan Harto Haryanto,Building surveyor,PT Tampubolon Laksita (Persero) Tbk,Jambi
7317081c,"Salimah Nurdiyanti, M.Kom.",Insurance account manager,PT Agustina Tampubolon,Kalimantan Selatan
2f367cbd,"Dr. Dian Mandala, S.E.","Development worker, international aid",PD Kuswoyo,Sumatera Selatan
04eb8acc,Dr. Hartaka Mandala,"Production designer, theatre/television/film",PT Rajata,DI Yogyakarta
e9bd36ef,Winda Marbun,Copy,Perum Mardhiyah Santoso (Persero) Tbk,Maluku
78c3646a,Caket Nasyidah,Bookseller,PT Suryono,Papua
d61ae651,Cut Widya Yuliarti,Planning and development surveyor,PD Sihombing (Persero) Tbk,Papua
f42cc87d,"Sutan Artawan Utami, S.Pd",Audiological scientist,UD Siregar Tbk,Papua Barat
cd363bef,"Cut Gasti Nuraini, S.E.I","Administrator, sports",CV Wijaya Prabowo Tbk,DI Yogyakarta
26b43d5e,Silvia Siregar,"Therapist, occupational",CV Kuswandari (Persero) Tbk,Sulawesi Tenggara
2d45797f,"Nabila Riyanti, S.E.","Producer, radio",PT Pertiwi Lestari,Kalimantan Tengah
2834ab16,Padmi Budiyanto,Immunologist,Perum Rahimah Rahayu Tbk,Kalimantan Timur
0b402e5b,"R. Jessica Zulaika, S.Psi",Homeopath,PD Widodo Sitorus,Papua
7d4a7688,"R.M. Mariadi Mulyani, S.E.I","Nurse, mental health",CV Hidayat,Sulawesi Tenggara
0bb4ad94,Tgk. Dodo Wasita,Chief Strategy Officer,PD Agustina Prasetya,Jambi
9091be51,Gara Sirait,"Surveyor, quantity",UD Suryono Irawan,Maluku
28f5c8d6,R. Luhung Haryanti,Theatre director,UD Dongoran Anggraini (Persero) Tbk,Gorontalo
0e302cc9,Padmi Yuniar,Materials engineer,PD Wulandari Saputra,Sumatera Barat
bf4cb635,"Janet Prasasta, S.I.Kom",Astronomer,UD Lestari,Sulawesi Utara
64343a7c,Daniswara Prasetyo,Contracting civil engineer,PT Dabukke (Persero) Tbk,Maluku Utara
7b5685d6,Cut Wirda Hutapea,Chartered legal executive (England and Wales),CV Sinaga,Maluku
49af73f2,Ir. Najwa Wahyuni,Translator,CV Permata Tbk,Kalimantan Timur
0c6304e1,Emin Halimah,Armed forces operational officer,CV Pratiwi,DKI Jakarta
a428c53e,Queen Lailasari,Marine scientist,PT Habibi,Riau
290fa15c,Eka Wijayanti,Equality and diversity officer,PT Prasetyo (Persero) Tbk,Jawa Timur
aedfc3d2,Emas Napitupulu,Commercial horticulturist,PD Astuti Najmudin,Nusa Tenggara Timur
b53537d2,"Marsudi Yuliarti, M.M.","Production assistant, radio",PT Kurniawan,Sulawesi Tengah
15f893ff,Salsabila Pranowo,Medical secretary,PT Pangestu Prasetya,Kepulauan Bangka Belitung
4180fa4e,Ratna Suwarno,Office manager,PD Sitorus Tbk,Bengkulu
c4234261,"R.A. Fitria Wahyudin, M.TI.",Jewellery designer,UD Mandala,Bengkulu
9f225785,"Puti Budiman, S.Gz",Equities trader,PT Wahyuni,Kepulauan Riau
46611e7b,Rahmi Nashiruddin,Maintenance engineer,PD Prakasa,Jawa Timur
a89a7ae3,Dr. Aisyah Firgantoro,Broadcast journalist,PT Uyainah (Persero) Tbk,Kalimantan Tengah
1a22c329,Melinda Lazuardi,Financial risk analyst,Perum Uyainah (Persero) Tbk,DI Yogyakarta
075896a5,Dr. Najib Zulaika,Energy manager,Perum Winarno Wibisono (Persero) Tbk,Gorontalo
221b4158,Hj. Putri Setiawan,Furniture designer,CV Saragih,Jawa Tengah
8e6acc64,Mumpuni Wasita,Camera operator,CV Wulandari,Gorontalo
0a57e7d1,"drg. Titi Palastri, S.Sos",Catering manager,UD Narpati,Sulawesi Tengah
6569ff40,Ivan Widiastuti,"Presenter, broadcasting",PT Iswahyudi Tbk,Sulawesi Barat
45584a4a,Sutan Balamantri Utama,Secretary/administrator,Perum Hidayat Putra Tbk,Sumatera Selatan
2615c57c,"H. Argono Sitompul, S.Gz","Surveyor, building control",CV Zulaika,Maluku
cc7e0fe3,"dr. Teguh Maulana, M.Ak",Travel agency manager,Perum Hariyah,DI Yogyakarta
91227e45,"Nugraha Mandala, S.Pd",Claims inspector/assessor,Perum Yuniar Jailani Tbk,Riau
fad80b4f,Dr. Zizi Nainggolan,Community development worker,Perum Simbolon Tbk,Bengkulu
b20d7291,Mahmud Pradana,Amenity horticulturist,Perum Zulkarnain Pertiwi Tbk,Nusa Tenggara Barat
180a92ae,Dina Prayoga,Colour technologist,PT Suryatmi (Persero) Tbk,Sulawesi Selatan
f5ee8bd8,Keisha Gunarto,Lexicographer,UD Fujiati Gunawan,DKI Jakarta
f0ef5450,Ira Pratiwi,Podiatrist,PD Yuniar Thamrin Tbk,Maluku Utara
65e7e6aa,Cut Umi Sirait,Holiday representative,CV Prasetyo Kusumo,Sulawesi Tengah
dd5e167f,Mitra Wijaya,Animator,Perum Mustofa (Persero) Tbk,Sumatera Utara
fdaa2390,"Ratna Dabukke, S.I.Kom",Medical laboratory scientific officer,UD Laksita (Persero) Tbk,Jawa Timur
4ef270ae,Salsabila Utama,Tax inspector,CV Padmasari Anggraini (Persero) Tbk,Papua Barat
b5bf042f,R. Elisa Narpati,Art therapist,CV Sihotang Hutagalung (Persero) Tbk,DI Yogyakarta
30e61025,Tgk. Narji Kusmawati,"Restaurant manager, fast food",Perum Prasetya,Jawa Barat
6ff2b160,dr. Adiarja Yuliarti,Legal secretary,CV Sihombing,Kalimantan Timur
91078381,Jumari Hutasoit,Medical illustrator,Perum Maryadi (Persero) Tbk,Sulawesi Utara
80164a59,Latif Putra,"Engineer, water",PT Waskita Tbk,Kalimantan Tengah
5af0353a,Heryanto Yuniar,Hospital doctor,CV Wacana Sihombing,Kalimantan Utara
d7f76f75,"Padma Namaga, M.Kom.",Diagnostic radiographer,PT Puspita (Persero) Tbk,Papua
8a6b6b7f,Tri Saragih,Senior tax professional/tax inspector,UD Yolanda Usamah,Lampung
1f712d00,Drs. Diana Mardhiyah,Furniture designer,PD Sirait,Aceh
5fe2f222,Margana Tamba,"Embryologist, clinical",Perum Haryanto Wahyuni Tbk,Papua Barat
80a08e4b,"Umaya Prasetyo, M.Farm","Engineer, electrical",CV Susanti (Persero) Tbk,Sulawesi Tenggara
7df83611,Kasiran Utami,Chartered legal executive (England and Wales),PD Waskita (Persero) Tbk,Kalimantan Utara
c77345da,Anom Wacana,"Physicist, medical",PD Nugroho,Riau
58b767a4,"Mumpuni Wijayanti, M.Pd",Race relations officer,UD Hakim,Kalimantan Selatan
b356e846,Tgk. Kasusra Mahendra,Exercise physiologist,UD Nainggolan Wacana Tbk,Sulawesi Barat
b2c7b4be,Ir. Pranawa Putra,Astronomer,UD Pradipta (Persero) Tbk,Nusa Tenggara Timur
ecd2f502,Hartana Jailani,"Lecturer, higher education",PT Hutasoit Hastuti,Nusa Tenggara Barat
d8540b73,Tgk. Zahra Hutasoit,Pensions consultant,PD Prabowo Maulana,Bali
dae5b535,R.A. Icha Rahimah,Equality and diversity officer,Perum Sihombing Sudiati,DI Yogyakarta
fa990d41,"dr. Zelda Anggriawan, S.T.",Geoscientist,CV Prayoga (Persero) Tbk,Riau
c90d19d4,"Ir. Gawati Setiawan, M.Kom.",Oncologist,PT Samosir,DI Yogyakarta
f9373be3,Kamidin Prastuti,Sports coach,UD Yulianti Budiman Tbk,Kepulauan Bangka Belitung
8258e27e,Reza Damanik,Professor Emeritus,PD Mangunsong,Sumatera Barat
f3d5b9d6,"R. Lasmanto Mahendra, S.Farm","Scientist, marine",PT Simbolon (Persero) Tbk,Jawa Barat
6ff96490,Ganep Wasita,Clinical cytogeneticist,PT Hassanah,Sulawesi Utara
883bcde2,Kani Kusmawati,Soil scientist,PT Anggriawan Wibowo,Banten
7c0ac5c6,Bakiman Pangestu,"Producer, radio",PT Haryanto Nababan Tbk,Jawa Tengah
7bbc5311,Hesti Nasyidah,Volunteer coordinator,PT Permata Fujiati,Gorontalo
9727304d,"Tira Riyanti, S.Psi",Newspaper journalist,PD Mardhiyah Tbk,Kalimantan Timur
e8d64cd3,Betania Mulyani,Naval architect,Perum Mansur,Kalimantan Tengah
1ad70150,Saiful Sihotang,"Engineer, manufacturing",PT Zulaika Mangunsong,Papua
3ac1cdd2,"Raisa Puspita, S.Kom","Production designer, theatre/television/film",PD Wasita Tbk,Kalimantan Tengah
ec8d8cbd,"Cut Widya Hidayat, S.Ked",Research scientist (medical),CV Ardianto Kuswoyo,Jawa Timur
16cfc330,"Drs. Alika Samosir, S.Farm",Medical sales representative,Perum Hutasoit Napitupulu,Aceh
add2e558,Setya Hutapea,Quarry manager,CV Rajata Nababan (Persero) Tbk,Nusa Tenggara Timur
9ae56ce7,Ina Dabukke,Risk analyst,Perum Hutapea Thamrin,Kalimantan Timur
c731ac82,Salwa Hasanah,Chief Operating Officer,PD Mandasari Nababan,Sulawesi Utara
31eda7f7,Halim Gunarto,Sport and exercise psychologist,CV Nurdiyanti Tbk,Kalimantan Barat
68692c0a,Fathonah Hartati,Television camera operator,UD Manullang,Jawa Tengah
1a46a999,Bakiman Sinaga,Textile designer,UD Ramadan Maheswara (Persero) Tbk,Sulawesi Utara
2b59c472,Hj. Rina Setiawan,Graphic designer,Perum Damanik,Sulawesi Utara
2b1034ae,Yessi Widodo,"Accountant, chartered public finance",PD Waskita,Kepulauan Riau
ceebc671,Samiah Prabowo,Paediatric nurse,PT Santoso Santoso (Persero) Tbk,Bengkulu
ada82dc6,"Tgk. Diana Prayoga, M.Ak",Equities trader,PT Kuswandari Tbk,Sumatera Selatan
633b0e3f,Cakrawala Salahudin,Architectural technologist,UD Napitupulu,Jambi
bb06887a,Dr. Samiah Padmasari,Tree surgeon,UD Melani Farida,DKI Jakarta
36af5000,Nalar Sihombing,International aid/development worker,PT Sinaga Laksita,DKI Jakarta
d9473400,Viman Prastuti,Immunologist,PT Yulianti Simanjuntak (Persero) Tbk,Kalimantan Timur
dec8789e,Drs. Prabowo Farida,"Surveyor, hydrographic",UD Irawan Lailasari Tbk,Sulawesi Barat
f29f7cdc,"Dr. Yulia Wibisono, S.Sos",Operational investment banker,PD Pranowo Mansur,Maluku
40474c9c,Cut Qori Puspita,Psychiatrist,PT Prayoga Tbk,DI Yogyakarta
774813f8,"drg. Latika Susanti, S.H.",Call centre manager,PD Purwanti Uwais,Jawa Timur
34c7763f,Zelaya Widiastuti,"Exhibitions officer, museum/gallery",Perum Marpaung,Sulawesi Utara
5b48af77,Tami Ramadan,Records manager,CV Oktaviani (Persero) Tbk,Sulawesi Selatan
d94190af,"Hasta Hidayanto, S.Pd",Make,Perum Natsir Prastuti,Jambi
79be4aee,Ir. Karimah Dabukke,Economist,CV Safitri Tbk,Kalimantan Barat
4b739304,Asirwada Rajata,"Psychologist, clinical",Perum Saptono,Kepulauan Riau
e1e1bacf,Hamima Kuswoyo,Information systems manager,Perum Purwanti Tbk,Kalimantan Tengah
d54128cb,Tgk. Salman Gunawan,"Clinical scientist, histocompatibility and immunogenetics",CV Maryadi,Sumatera Barat
13d27387,Dr. Tari Siregar,Retail buyer,UD Nainggolan (Persero) Tbk,Jambi
75338d98,Bella Prasetyo,Orthoptist,CV Laksita,Kepulauan Bangka Belitung
426d3869,"Tgk. Cawisono Anggriawan, S.T.","Investment banker, operational",UD Januar (Persero) Tbk,Kepulauan Riau
9ad7af72,Prabowo Nasyiah,Environmental manager,Perum Hassanah Tbk,Kalimantan Utara
99721828,"KH. Cemplunk Lestari, S.Pt",Technical author,PD Wibowo,Sumatera Barat
61ad024d,"Pangeran Namaga, S.Kom",Advertising account planner,PD Kuswandari Lazuardi Tbk,Sulawesi Tengah
0914daf8,Alika Putra,English as a second language teacher,UD Usada Tbk,Jawa Timur
d8098d75,Rahmi Rajasa,Health promotion specialist,PD Dongoran (Persero) Tbk,Kalimantan Tengah
ae795617,Martaka Yuniar,Chief of Staff,UD Sirait Wacana,Riau
618fc108,Daniswara Suryatmi,Travel agency manager,CV Wibowo,Bengkulu
60a2601c,Febi Januar,"Designer, exhibition/display",UD Saptono Riyanti Tbk,Sulawesi Tenggara
7099cbc4,Titin Salahudin,Legal secretary,PT Maryadi Haryanto (Persero) Tbk,Gorontalo
d4fe70c1,"Zaenab Oktaviani, S.Ked",Make,CV Mandala (Persero) Tbk,Lampung
8861f53d,Harto Nainggolan,Holiday representative,CV Kurniawan,Jambi
726c4ef2,R.A. Ajeng Dongoran,Ranger/warden,PD Puspita Damanik,Riau
67f19151,Indah Nasyidah,Clothing/textile technologist,PT Utama,Kalimantan Tengah
ce320897,Ir. Kemba Hakim,"Producer, radio",CV Melani (Persero) Tbk,Sumatera Selatan
93d693cf,Caturangga Wibisono,Firefighter,UD Saefullah,Sulawesi Barat
7e0e7769,Martani Wulandari,Illustrator,Perum Zulkarnain Prakasa (Persero) Tbk,Sumatera Utara
9e9e5dcc,Embuh Wastuti,Accommodation manager,UD Widodo,Sumatera Selatan
f1cbddf7,"Dt. Indra Salahudin, S.E.I","Designer, television/film set",CV Permadi Salahudin Tbk,Kalimantan Tengah
d5a6a013,Koko Nashiruddin,Magazine journalist,PD Saptono Najmudin,DI Yogyakarta
225ef36d,"Tgk. Usyi Salahudin, S.Kom","Engineer, communications",Perum Narpati Tbk,Gorontalo
3621dec0,Olga Waskita,Automotive engineer,PT Puspasari,Kalimantan Barat
3bb1bc0f,"Ir. Pangeran Pradipta, S.Kom","Education officer, environmental",CV Putra,Kalimantan Utara
97481195,Drs. Dadap Anggriawan,Print production planner,UD Tarihoran,Sulawesi Utara
4ac90db6,Sutan Rusman Halimah,Community arts worker,PD Hutapea,Riau
723f7c31,R. Kemal Pertiwi,Insurance claims handler,PD Melani Fujiati,Kalimantan Selatan
aebeff55,"KH. Hasim Laksmiwati, M.TI.",Environmental consultant,PD Hassanah,Jawa Timur
d3bbf917,Paiman Napitupulu,Herpetologist,Perum Prayoga Sudiati,Sumatera Utara
e294aeb8,Jelita Najmudin,Cartographer,PT Nashiruddin Usamah Tbk,Kalimantan Selatan
d14a3692,R.A. Carla Sitorus,Administrator,Perum Nuraini,Banten
00515363,"Ir. Lintang Sihotang, M.M.",Sports development officer,UD Wastuti Anggraini,Bengkulu
8f5dfa4c,Rahayu Wasita,Patent attorney,Perum Mandala,Jawa Timur
c49a907c,"Sutan Bala Simbolon, M.M.","Therapist, sports",UD Gunawan Tbk,Gorontalo
f9785605,Estiawan Zulaika,Phytotherapist,PD Sitompul Tbk,Gorontalo
67ec33c5,"Ilyas Hutapea, M.TI.",Learning disability nurse,PD Namaga Habibi Tbk,Nusa Tenggara Barat
7c75adea,Nurul Lazuardi,Chartered legal executive (England and Wales),UD Wulandari Wacana (Persero) Tbk,Sulawesi Barat
68d59dd7,Ir. Panca Hassanah,Control and instrumentation engineer,PT Permadi Prasasta Tbk,Banten
9e0ed9af,Murti Nainggolan,"Designer, television/film set",Perum Utami Rahmawati,Sulawesi Tenggara
94c1a785,dr. Mutia Marbun,Trade mark attorney,UD Pratama Uwais,Sulawesi Selatan
7e3c4934,Usman Samosir,Child psychotherapist,UD Wulandari (Persero) Tbk,Sulawesi Tengah
605407bc,Shania Januar,Special effects artist,PT Nasyiah (Persero) Tbk,Kalimantan Selatan
5ea5acc4,"R. Unjani Maryati, S.H.","Nurse, learning disability",CV Purnawati,Jambi
126b6690,Galang Utama,"Surveyor, hydrographic",UD Nurdiyanti,Kalimantan Tengah
e838f221,Prabu Samosir,Telecommunications researcher,UD Yuniar,Sulawesi Barat
fa08f204,Drs. Ida Winarsih,Public house manager,UD Halimah,Sulawesi Utara
0d90f707,Galar Haryanto,"Engineer, electrical",CV Riyanti (Persero) Tbk,Riau
d4cac826,"Paiman Sitompul, S.T.",Energy engineer,UD Maheswara,Jawa Barat
f97f73d5,Shania Anggriawan,Personal assistant,CV Fujiati (Persero) Tbk,DKI Jakarta
c7dd28ba,Vivi Hartati,Translator,PT Utami,Papua Barat
bb5a3635,Cawisadi Manullang,"Presenter, broadcasting",Perum Oktaviani (Persero) Tbk,Aceh
714fbc19,Umaya Thamrin,"Engineer, control and instrumentation",PT Handayani Suartini (Persero) Tbk,Kalimantan Tengah
c5647abf,"Ratna Lazuardi, M.M.",Illustrator,PT Sirait,Sulawesi Selatan
2d2a4343,Dr. Sabar Sinaga,"Engineer, drilling",PT Gunarto Suryono (Persero) Tbk,Maluku Utara
329fbfa4,Maria Irawan,"Pharmacist, hospital",PT Rajasa Tbk,DI Yogyakarta
e929bd56,drg. Kamaria Ramadan,"Lighting technician, broadcasting/film/video",PD Pratiwi,Jambi
01a8c800,Eka Saefullah,Clinical psychologist,CV Prasetyo Hakim,Lampung
28fecc34,"dr. Manah Marbun, S.Psi",Aid worker,Perum Halimah Gunawan,Sulawesi Utara
b2ca8878,Dina Puspita,"Psychotherapist, child",CV Latupono Mahendra (Persero) Tbk,Aceh
3137343d,"R. Irma Pertiwi, S.Kom",Financial trader,PD Winarsih,Kalimantan Timur
a2940999,Bakiadi Purnawati,Education administrator,PD Ramadan Hassanah Tbk,Sulawesi Tenggara
0232537e,Drs. Wawan Riyanti,Cartographer,PT Kuswandari Irawan,Jawa Timur
c3c06331,"Drajat Laksita, M.M.","Journalist, broadcasting",CV Mahendra (Persero) Tbk,DKI Jakarta
a2fa3a48,"drg. Zulaikha Marbun, S.Pd",Actor,PT Anggriawan Nashiruddin Tbk,Bali
3af44f6e,Ratna Siregar,Restaurant manager,CV Handayani Saragih,Jambi
c8a5c311,"Ibun Agustina, M.M.",Geophysical data processor,PD Nasyiah Tbk,Sulawesi Selatan
857a9756,R. Syahrini Narpati,Prison officer,PT Prakasa Pratiwi (Persero) Tbk,Lampung
495f63d1,Gabriella Hasanah,"Psychologist, clinical",CV Handayani Hakim Tbk,Sumatera Barat
493ec491,Cut Cinta Laksmiwati,Nature conservation officer,UD Rahmawati Tbk,Sulawesi Selatan
903b1f90,Zahra Sitompul,Further education lecturer,Perum Simbolon Laksmiwati Tbk,Papua
e0a74336,"Banawa Mansur, S.E.",Outdoor activities/education manager,PT Prasetya Nasyidah,Kalimantan Timur
dd8fdbfd,Jati Utama,Emergency planning/management officer,PT Anggriawan (Persero) Tbk,Riau
c8549164,"R. Tirtayasa Hakim, S.E.I","Therapist, nutritional",UD Namaga Habibi Tbk,Aceh
4d799c04,Victoria Utami,Conference centre manager,PD Halim,Sulawesi Selatan
3069fe7a,Dt. Artawan Manullang,"Nurse, mental health",CV Lazuardi,Jambi
ef0d4871,Hj. Paramita Prasetyo,Translator,PD Firgantoro Suryono,Sulawesi Tengah
4f4cf0cd,Salimah Wasita,Financial risk analyst,PD Pudjiastuti Tbk,Papua Barat
f84230a9,Samiah Winarno,"Radiographer, therapeutic",Perum Nababan Sitorus,Kepulauan Bangka Belitung
6b05d7d2,H. Darman Mahendra,Engineering geologist,Perum Sitorus Tampubolon,Maluku
edbfc929,Ida Kusmawati,Communications engineer,PT Firmansyah,Kalimantan Barat
664e67a9,Rini Siregar,Textile designer,Perum Rahmawati,Kalimantan Barat
be0d735f,Kacung Hastuti,Armed forces technical officer,UD Sudiati Tbk,Jawa Barat
06a7b8a9,Ayu Purnawati,"Administrator, education",Perum Saputra Tbk,Gorontalo
08246444,Cawuk Sudiati,Community development worker,UD Handayani Tbk,Aceh
4a4eac8c,Daniswara Kurniawan,Communications engineer,PT Pranowo Hastuti,Sumatera Barat
4c696bca,"Padmi Maheswara, S.Pd","Designer, ceramics/pottery",PD Salahudin Sihombing (Persero) Tbk,Kepulauan Bangka Belitung
419a96d0,Ana Pradipta,Radio producer,UD Prasasta Winarno (Persero) Tbk,DKI Jakarta
10128298,Laila Nugroho,Gaffer,Perum Sitompul Gunawan Tbk,Maluku Utara
ac995475,Maman Adriansyah,Speech and language therapist,Perum Widiastuti Tbk,Bengkulu
e7e1b394,Putri Hidayanto,Production engineer,PD Waluyo Dongoran,Sulawesi Utara
edd4e297,"Ir. Sadina Maulana, S.T.",Barrister,UD Wastuti,Kepulauan Riau
87561cbc,Vino Marbun,"Production designer, theatre/television/film",CV Waluyo Tbk,Nusa Tenggara Timur
e7cade64,"R.A. Paramita Mulyani, S.Gz",Ship broker,PD Mandasari,Kepulauan Bangka Belitung
e36af1b5,"Ifa Namaga, S.T.",Sports therapist,UD Hastuti Purwanti,Nusa Tenggara Barat
58588f8a,Cemplunk Prastuti,Tax adviser,CV Nainggolan,Sulawesi Selatan
be7b2419,"Aris Hidayanto, S.Sos",Video editor,Perum Saptono,Jawa Tengah
eb08501f,Kayla Jailani,Health and safety inspector,Perum Pertiwi Palastri Tbk,Sulawesi Selatan
647c4568,Drs. Faizah Sudiati,Marketing executive,Perum Manullang Tbk,Jambi
59f185b2,Elvina Tarihoran,"Engineer, technical sales",CV Pranowo Maryati,Kalimantan Tengah
9a15ca5b,"drg. Rahmi Wijaya, S.Pd",Chiropractor,PD Uwais Prastuti (Persero) Tbk,Sulawesi Utara
93ff956b,Kayla Simanjuntak,Herbalist,UD Siregar Saptono,Sumatera Utara
ab58573a,"Lidya Wacana, S.I.Kom",Computer games developer,PT Hasanah Adriansyah (Persero) Tbk,Aceh
163a9b8b,Raditya Napitupulu,Museum/gallery conservator,PD Prabowo,Aceh
41abbe74,"Hana Ramadan, M.Pd",Armed forces training and education officer,UD Yuniar Permadi,Kalimantan Barat
befa2079,"Lidya Dabukke, S.Pd",Podiatrist,UD Adriansyah Tbk,DKI Jakarta
bc5d81a4,Ulva Mustofa,Barrister's clerk,CV Situmorang Wahyuni,Riau
39930a11,"R.A. Yuliana Uwais, S.E.I",Ecologist,Perum Rahmawati Prasasta,Bengkulu
53b1272e,"Warta Sihombing, S.H.","Scientist, forensic",PD Nasyiah Usamah (Persero) Tbk,Jambi
7a14d151,"Dt. Daruna Mayasari, S.T.","Administrator, arts",UD Prastuti Tbk,Sulawesi Selatan
af6bd235,Okta Iswahyudi,Commissioning editor,CV Mangunsong Tbk,Jawa Barat
a9298960,Bakti Nasyiah,Financial trader,PT Hakim Tbk,Maluku Utara
007e9cd4,Gaman Prakasa,Corporate investment banker,PT Pratama,Kalimantan Selatan
4dde7acb,Usman Maryati,"Lecturer, further education",CV Yolanda,Gorontalo
cbec26c4,"dr. Tantri Oktaviani, M.Farm",Barista,Perum Jailani (Persero) Tbk,Jawa Timur
fcc48773,Calista Megantara,"Surveyor, minerals",CV Habibi Melani,Sulawesi Tengah
e6a2b9ae,Jasmin Gunarto,Newspaper journalist,PD Mandala Tbk,Jawa Timur
05f5036e,"Sari Utama, S.Gz","Engineer, maintenance",UD Melani (Persero) Tbk,Papua Barat
b59f75cc,"Dt. Danuja Usamah, S.Ked",Advertising account planner,UD Damanik (Persero) Tbk,Sumatera Selatan
e1598ad7,Hairyanto Hasanah,"Psychologist, prison and probation services",PT Iswahyudi Widiastuti Tbk,Aceh
c1d2b617,Cut Usyi Fujiati,Sports administrator,Perum Marbun Tbk,Sulawesi Tengah
a20d8f55,"Dr. Eva Wahyudin, S.Ked",Audiological scientist,CV Aryani Usamah (Persero) Tbk,Aceh
438c866c,Adika Padmasari,"Designer, textile",PD Aryani (Persero) Tbk,Kalimantan Selatan
604b59f1,Jelita Rahayu,Rural practice surveyor,CV Riyanti Prasetyo Tbk,Kalimantan Timur
9695e57c,"Diana Prasetyo, S.Gz",Magazine journalist,CV Yolanda (Persero) Tbk,Aceh
ccc2fd98,Puti Citra Hutasoit,Agricultural consultant,PT Prasetya Sinaga Tbk,Kalimantan Barat
476cb55c,"Samiah Purwanti, S.Gz",Research scientist (physical sciences),PT Puspita Haryanto (Persero) Tbk,Papua Barat
537df9c7,Galar Tampubolon,Advertising account planner,UD Manullang Pradana Tbk,Gorontalo
fc9bd9de,"Widya Marpaung, S.I.Kom","Surveyor, planning and development",PT Sudiati Tbk,Sulawesi Tengah
0e9992d3,"Hj. Lintang Hassanah, S.T.","Conservation officer, nature",Perum Suwarno Wacana Tbk,Jambi
c7b49aa5,"H. Bahuwarna Riyanti, S.IP",Data processing manager,PD Zulaika Pertiwi Tbk,Lampung
9b7a659a,Sakura Mansur,Emergency planning/management officer,CV Kuswoyo,Bali
f452452b,"Dt. Irwan Wibisono, S.I.Kom","Social research officer, government",Perum Safitri Napitupulu,Maluku
22fa3941,Cengkal Pudjiastuti,"Lecturer, higher education",PD Suryatmi Marpaung Tbk,Kalimantan Utara
6f9e666f,Tira Padmasari,Gaffer,CV Rahayu Rajata,Jambi
9d131994,Kamila Zulkarnain,"Engineer, manufacturing systems",CV Uyainah Tbk,Sulawesi Selatan
7a7131ed,Jamalia Budiyanto,"Therapist, drama",CV Sitompul (Persero) Tbk,Lampung
f6a780c8,Puput Prakasa,Estate agent,PT Hutagalung Zulkarnain,Sumatera Selatan
fcc29156,Tgk. Cahyono Andriani,Armed forces technical officer,CV Permadi,Sulawesi Selatan
e3f3bcd0,Dadap Maheswara,Acupuncturist,Perum Hartati Prakasa Tbk,Sulawesi Tenggara
a8e77beb,Hendra Sirait,Magazine journalist,Perum Purnawati Yuniar (Persero) Tbk,Jawa Tengah
35631394,Anom Hutapea,Energy engineer,CV Gunawan (Persero) Tbk,Lampung
0fbf655a,Dono Zulaika,Financial planner,PT Halim Lestari,Maluku Utara
a72f8ec8,Tgk. Calista Natsir,Logistics and distribution manager,CV Suwarno Namaga,Lampung
0ae21b5e,R. Harjaya Lestari,"Geologist, wellsite",PD Nababan,Bali
275f5fbd,"dr. Caraka Firgantoro, S.Pd","Pilot, airline",PD Maheswara Megantara (Persero) Tbk,Kalimantan Tengah
85d94144,Nurul Handayani,Lexicographer,PD Saptono (Persero) Tbk,Sulawesi Selatan
1a941514,Maya Rahmawati,Tour manager,CV Winarno Pratiwi (Persero) Tbk,Aceh
7de8ae35,Unjani Lazuardi,Curator,UD Purnawati Haryanti,Maluku Utara
2a2913e2,"Julia Suwarno, S.Sos","Teacher, English as a foreign language",Perum Oktaviani,Jawa Tengah
3b581f01,Jefri Pertiwi,Senior tax professional/tax inspector,PD Laksita (Persero) Tbk,Bengkulu
d8893998,Ami Narpati,"Loss adjuster, chartered",Perum Hakim Mustofa,Sumatera Barat
026cb9e3,Syahrini Budiman,Community development worker,Perum Wibisono Lailasari,Kepulauan Riau
13c26208,"H. Harjasa Hakim, S.E.",Secondary school teacher,Perum Prasetya,Sumatera Selatan
c999cc28,Elvin Hardiansyah,English as a second language teacher,PT Nainggolan Tbk,Jawa Timur
3525dedb,Cinthia Prakasa,"Therapist, horticultural",UD Halim Manullang,Sulawesi Utara
d2e8bdb8,"Laras Manullang, S.E.I",Commercial art gallery manager,PT Mandasari,Jawa Tengah
daa52ec0,Lala Puspasari,Bookseller,UD Haryanti (Persero) Tbk,Sulawesi Tengah
751d5f77,"Sari Zulaika, M.Pd",Further education lecturer,Perum Palastri,Kepulauan Riau
d52ba0cf,"Nova Sudiati, S.Sos","Designer, jewellery",PD Haryanti (Persero) Tbk,Kalimantan Utara
8d7d2103,R. Tirta Najmudin,"Designer, furniture",Perum Pradana Prasasta (Persero) Tbk,DKI Jakarta
71b29df0,Yuni Astuti,Lexicographer,Perum Ardianto,Papua Barat
a84e79d8,Dina Hutasoit,Environmental manager,UD Zulkarnain Yulianti,Nusa Tenggara Timur
a01d8e81,"Ir. Timbul Sudiati, S.Farm","Exhibitions officer, museum/gallery",PT Prasasta Tbk,Aceh
82154f04,Drajat Hartati,Diplomatic Services operational officer,UD Santoso,Aceh
17e4eb32,"H. Estiawan Rahmawati, S.H.",Conference centre manager,CV Halimah,Aceh
1e8141fe,Cemani Laksmiwati,Games developer,UD Hidayanto Rahayu,Papua
bd08365e,Dr. Nardi Mangunsong,Financial trader,CV Maryadi Budiyanto (Persero) Tbk,Kepulauan Bangka Belitung
7d663fae,Tami Hidayanto,Telecommunications researcher,PT Haryanto,Sulawesi Tengah
f93e77d6,Soleh Tamba,Ranger/warden,PT Rahmawati Prastuti Tbk,Jambi
d2eb75f9,"Zulfa Permata, S.E.",Tax inspector,CV Permadi Wijayanti,Kalimantan Utara
32efbc0c,"Ir. Jasmin Oktaviani, M.Ak",Commercial art gallery manager,PT Prastuti Permadi (Persero) Tbk,Jawa Tengah
8f64ab21,Lulut Tamba,Chief Strategy Officer,UD Dabukke Januar,Kepulauan Bangka Belitung
5c5cd714,"Rahman Rajata, S.T.","Engineer, aeronautical",CV Saptono,Jawa Barat
b5d0972d,Zamira Tarihoran,Animal technologist,PT Hidayanto Tbk,Sulawesi Tengah
2030b8d6,Tgk. Eko Pratama,"Surveyor, quantity",CV Mayasari Tbk,Aceh
62f8ebda,Harimurti Hastuti,Freight forwarder,PT Budiyanto Latupono Tbk,Bali
1856c331,R.M. Ganda Puspita,Television camera operator,PD Winarno,Aceh
01b48fdb,Legawa Mansur,"Surveyor, quantity",UD Prastuti,Banten
3394e50e,"Karsa Mardhiyah, S.Psi","Geologist, wellsite",CV Siregar Rahayu Tbk,DI Yogyakarta
bbe6243c,dr. Adiarja Yolanda,Police officer,UD Simbolon,Kalimantan Tengah
0b6b2aac,Malika Saptono,Press sub,UD Namaga Narpati,Kepulauan Bangka Belitung
e8b468c9,Mitra Firmansyah,"Engineer, production",UD Astuti Suryono,Jawa Barat
8d3d093d,"Wage Thamrin, S.Kom",Animator,Perum Utama Hidayat,DI Yogyakarta
3e917ca1,Agnes Pradana,Magazine features editor,Perum Pradana (Persero) Tbk,Jawa Timur
c6c6c987,Puti Paris Nuraini,"Programmer, systems",PD Prabowo Natsir,Kepulauan Bangka Belitung
c19a5118,Praba Hasanah,Clothing/textile technologist,Perum Anggriawan,Jawa Timur
6ea68f50,Kayla Suartini,Amenity horticulturist,UD Gunarto Tbk,Banten
e92bfec3,R.A. Usyi Hariyah,Astronomer,UD Tampubolon Tbk,Sulawesi Selatan
e5bc254b,Bahuwarna Sirait,"Engineer, agricultural",PD Fujiati Tbk,Kepulauan Bangka Belitung
4df5a7f6,Waluyo Lazuardi,Interpreter,PT Hidayat (Persero) Tbk,Sulawesi Selatan
76a1ebbc,drg. Hasim Hutapea,Herpetologist,CV Halimah,Nusa Tenggara Timur
14a60e64,Kamila Winarsih,"Biochemist, clinical",PT Nugroho Maheswara (Persero) Tbk,Nusa Tenggara Timur
199fdec3,Devi Purnawati,Art therapist,CV Utama,Nusa Tenggara Barat
2609968e,Kanda Novitasari,"Buyer, retail",PD Wulandari Puspita,Gorontalo
e0e7e988,Nabila Usamah,Arts administrator,UD Saragih (Persero) Tbk,Kalimantan Utara
2a0a1b8d,Nabila Haryanto,Civil Service administrator,CV Pranowo,Kalimantan Selatan
372801f1,"Dr. Jatmiko Yuniar, M.Pd","Programmer, systems",PT Uwais Hakim,Nusa Tenggara Timur
ec67d23f,Tami Kusumo,"Embryologist, clinical",PT Nuraini Tbk,Banten
3e72edd9,Zulfa Suwarno,Charity fundraiser,UD Anggriawan Agustina (Persero) Tbk,Sulawesi Barat
76e08668,"dr. Farhunnisa Situmorang, M.M.",Armed forces logistics/support/administrative officer,UD Palastri Hakim,Maluku
d7542b4d,"Adinata Astuti, S.IP",Counselling psychologist,PT Rajata,Kalimantan Timur
6ae71431,Garan Mustofa,Geophysicist/field seismologist,PD Prakasa,Sulawesi Barat
87d4942a,"Dr. Purwanto Rahimah, S.Pt",Field seismologist,UD Pertiwi Wahyuni,Sumatera Utara
39c77208,Sutan Tasnim Hutasoit,"Engineer, land",Perum Thamrin Wasita,Kepulauan Riau
73bd8263,Tgk. Ika Suartini,Chief Marketing Officer,PT Farida Melani Tbk,Sulawesi Utara
48f16738,Lalita Situmorang,Financial risk analyst,CV Sihombing Susanti Tbk,Papua
5793fc3f,Nurul Gunarto,Tourism officer,CV Hutapea (Persero) Tbk,Kepulauan Riau
25e7b980,Nova Siregar,Armed forces logistics/support/administrative officer,Perum Palastri Hutasoit,Riau
ee1ec8bb,Mala Saputra,Network engineer,UD Kusumo Riyanti Tbk,Banten
41b1e99f,"Irfan Safitri, S.IP","Administrator, sports",PD Sitorus Tbk,Kepulauan Bangka Belitung
29b29a2b,"Amalia Siregar, S.Pd",Planning and development surveyor,PD Hidayat Tbk,Jambi
2ed0090c,"Simon Aryani, M.TI.",Sales executive,UD Tampubolon (Persero) Tbk,Sulawesi Tengah
577abc8e,Aswani Agustina,Exercise physiologist,PD Lestari (Persero) Tbk,Papua Barat
254f27f4,Dr. Bakianto Palastri,Passenger transport manager,Perum Mardhiyah Prasetya Tbk,Kalimantan Tengah
460d2bcf,"Ida Sirait, S.Sos",Logistics and distribution manager,UD Rahayu Usamah,Jawa Barat
7948673a,Ajiman Namaga,Acupuncturist,PD Riyanti,Jambi
6bd9a443,Emas Yuniar,Higher education careers adviser,PD Utama Budiyanto (Persero) Tbk,Kepulauan Riau
c41b43f0,Kala Prasetya,Records manager,Perum Melani Saputra (Persero) Tbk,Papua
e8ea65cc,Gandi Pangestu,Set designer,PD Handayani Namaga,Kepulauan Bangka Belitung
1df924ad,Drs. Amelia Sitompul,Soil scientist,CV Haryanto Fujiati Tbk,Kalimantan Barat
9ec1649a,Yahya Sihombing,Fisheries officer,Perum Prasetya Waluyo,Nusa Tenggara Timur
72deca13,Manah Permadi,Occupational therapist,CV Sitorus (Persero) Tbk,Jawa Barat
6003b021,Prakosa Aryani,Personnel officer,PT Namaga Tbk,Kalimantan Selatan
3dad431f,Harsana Kusumo,Civil Service administrator,Perum Sudiati,Papua Barat
acb2c36e,Jamil Yuniar,Seismic interpreter,CV Saputra Yolanda,Riau
928da9e9,Putu Sihombing,Accounting technician,UD Simbolon Maheswara (Persero) Tbk,Sumatera Selatan
1772ab73,Puti Novi Zulaika,Social worker,UD Prastuti,Papua
f178dd09,Garan Kuswoyo,Telecommunications researcher,PD Laksita,Sulawesi Utara
cbf3689b,"Yessi Prayoga, S.Gz","Accountant, chartered",UD Fujiati,Jambi
3d021e6f,Harjo Mangunsong,"Engineer, water",CV Marbun (Persero) Tbk,Nusa Tenggara Timur
4f97bed8,Dr. Intan Novitasari,"Engineer, land",PT Andriani (Persero) Tbk,Jawa Tengah
d89d90c8,Maya Nasyidah,Lexicographer,CV Najmudin Tbk,Jambi
942d2558,"R. Rahmi Sudiati, S.Gz",Probation officer,PD Siregar (Persero) Tbk,Kalimantan Utara
60ad6f21,"Cut Chelsea Hassanah, M.Farm","Engineer, structural",CV Haryanti Firmansyah,DI Yogyakarta
083edd13,Zamira Nurdiyanti,Leisure centre manager,Perum Tamba,Maluku
5b11ba85,"Dt. Maryanto Adriansyah, S.I.Kom",Media planner,PT Wacana,Sumatera Utara
ed9f3f71,Drs. Bancar Rahayu,"Doctor, hospital",PD Prakasa Tbk,Sulawesi Tengah
3360adb2,Zelaya Nainggolan,Bookseller,Perum Maryadi,Jawa Timur
8c7db8e2,Padma Kusumo,"Designer, graphic",PD Najmudin (Persero) Tbk,Papua
db2aac0a,Bakti Pradana,Pensions consultant,CV Mansur Utami,Jawa Tengah
18c38e95,Saiful Habibi,Private music teacher,Perum Wibowo,Aceh
8c0cd010,Siska Winarno,Pensions consultant,PT Prayoga,Banten
ca3d2667,Panca Rajata,Health visitor,PD Mahendra Tbk,Kepulauan Bangka Belitung
5ef0835b,Cawuk Rajasa,"Restaurant manager, fast food",UD Simanjuntak Nugroho (Persero) Tbk,Sumatera Barat
abd44daf,Gawati Wacana,Information officer,CV Kusmawati,Jawa Barat
c0b73a01,Elvina Simbolon,Higher education lecturer,Perum Waluyo Winarno (Persero) Tbk,Jawa Tengah
edd5c3e6,Zulfa Prasasta,Health promotion specialist,CV Mustofa Usada,Jawa Tengah
80ce20e3,Among Jailani,Electrical engineer,UD Prabowo Nasyiah,Gorontalo
541ecc3b,"T. Tugiman Usada, S.E.I",Interpreter,PD Prasasta,Jawa Tengah
9f14aac3,Ajeng Ardianto,Armed forces operational officer,UD Mulyani Hidayat,Sulawesi Barat
38f996d5,Laras Pratiwi,Building services engineer,PD Riyanti Kuswandari,Jawa Barat
c8c10c91,Agnes Saefullah,Clinical molecular geneticist,CV Permadi Wacana Tbk,Kepulauan Riau
d50d4284,"Murti Kusmawati, S.Psi",Ambulance person,PD Wahyudin (Persero) Tbk,Kalimantan Utara
803f7035,Purwa Wahyuni,Editorial assistant,Perum Usada,Papua
82d97f3d,"R. Mala Dabukke, M.TI.",Insurance account manager,PD Ramadan,Sumatera Selatan
c8f2f327,Ulya Marbun,Technical brewer,PT Marbun Tamba (Persero) Tbk,Kalimantan Timur
ed5b84d3,Diah Uwais,Volunteer coordinator,PD Astuti Pradipta,Sumatera Utara
03c1332c,"H. Warsa Hidayat, M.Kom.",Chief Strategy Officer,Perum Mandala,DI Yogyakarta
68095b79,Jumadi Hardiansyah,Herbalist,Perum Hasanah Tbk,Kepulauan Bangka Belitung
4d21497d,R.A. Karimah Saptono,"Editor, commissioning",PD Purwanti Haryanto Tbk,Kepulauan Bangka Belitung
39b59089,Cakrajiya Saefullah,Bookseller,CV Widodo,Kepulauan Riau
ca052ebd,Rina Napitupulu,Ecologist,UD Prasetya Firgantoro (Persero) Tbk,Bengkulu
c2be4bed,"Kardi Yulianti, S.Sos",TEFL teacher,PT Budiman Rajasa,DKI Jakarta
bd335fda,"Puti Melinda Gunarto, S.IP",Minerals surveyor,PD Novitasari,Sumatera Utara
d4545a5b,Martani Latupono,Event organiser,Perum Nababan Halim,Jambi
5e53e823,Puspa Safitri,Building control surveyor,UD Winarsih,Sumatera Selatan
3bf16d42,Zamira Handayani,Financial trader,CV Halim (Persero) Tbk,Lampung
f583a839,Jessica Wasita,Applications developer,PT Samosir (Persero) Tbk,Jawa Timur
2194ea30,Ayu Damanik,Social researcher,PD Najmudin (Persero) Tbk,Gorontalo
05c06a9e,Dirja Wastuti,"Investment banker, operational",CV Wasita Pratama,Banten
3fb63322,"R. Daliono Marbun, S.T.",Financial manager,Perum Lestari Tbk,Sumatera Selatan
398bf2f7,"Winda Utami, M.Kom.","Lecturer, higher education",CV Maheswara Tbk,Bengkulu
aa3de6d2,Soleh Putra,Commercial/residential surveyor,PT Nurdiyanti (Persero) Tbk,Maluku Utara
988d6f03,H. Daruna Jailani,Artist,PD Prayoga Suwarno Tbk,Jambi
2b71de8c,"Drs. Eman Tampubolon, S.Pt","Engineer, structural",CV Mahendra Tbk,Sumatera Selatan
95f668ba,Agnes Padmasari,Television camera operator,UD Nashiruddin (Persero) Tbk,Kepulauan Bangka Belitung
d7dfbd68,"Clara Permadi, M.Kom.",Academic librarian,PD Astuti Hutapea,Nusa Tenggara Barat
a00d8d8e,"Jelita Gunarto, M.TI.",Merchant navy officer,UD Saptono Tbk,Papua Barat
452b6257,Irma Suryono,Environmental health practitioner,CV Pudjiastuti Tbk,Jawa Timur
c1fb30a6,Cengkir Haryanto,Operations geologist,CV Pratama Permata,Kalimantan Tengah
442cb0af,"Sutan Kawaya Nugroho, S.Sos","Editor, magazine features",Perum Wasita Firmansyah,Kalimantan Timur
df9dc2da,"Latika Kuswandari, S.Farm","Engineer, civil (consulting)",CV Mayasari Lazuardi Tbk,Nusa Tenggara Timur
4edc38a6,"Dr. Fitriani Laksmiwati, M.Ak",Psychiatric nurse,UD Budiman,Kepulauan Bangka Belitung
2f10f0f9,Gamblang Sudiati,Video editor,PD Mahendra Hariyah (Persero) Tbk,Maluku
0cea469b,Aris Narpati,"Geologist, engineering",UD Usamah,Kalimantan Timur
10f443df,Timbul Mustofa,Risk analyst,PD Nasyidah Natsir Tbk,Jawa Timur
71057091,"Dr. Hardana Prabowo, M.Kom.",Outdoor activities/education manager,PD Sirait,Lampung
56e78f36,Vicky Handayani,Chartered management accountant,CV Halim Tbk,Kepulauan Riau
f07c230d,Cut Zelaya Irawan,Financial trader,Perum Irawan Rajasa,Sumatera Selatan
e0a33cb2,Suci Wastuti,Catering manager,Perum Tarihoran Prakasa (Persero) Tbk,Jambi
574008ad,Rina Hutasoit,Statistician,CV Lestari Jailani (Persero) Tbk,Sulawesi Utara
50b4745c,"H. Bagya Maryati, S.Pt",Community arts worker,Perum Pangestu Habibi (Persero) Tbk,Bengkulu
8913b8c9,"Nadia Namaga, M.Kom.",Technical author,UD Ramadan Tbk,Aceh
4ade638d,Aurora Yuliarti,Facilities manager,UD Utama Sitorus,Nusa Tenggara Barat
b248c041,Lurhur Zulkarnain,Social researcher,CV Prasetyo Tarihoran Tbk,Riau
12f03d97,Gaiman Siregar,Investment analyst,UD Yolanda Wasita Tbk,Nusa Tenggara Barat
60a9741e,"Ade Firgantoro, S.Pd",Health service manager,PT Setiawan Kurniawan,Sulawesi Utara
db53e535,Padmi Suwarno,Multimedia programmer,Perum Sihombing,Nusa Tenggara Barat
527aa0de,Kamila Halim,Jewellery designer,CV Pradana,Lampung
73bfeafd,Drs. Adikara Utami,Oceanographer,UD Tampubolon,Sulawesi Barat
d6398f64,"Indah Melani, M.Ak",Oceanographer,PD Pratiwi (Persero) Tbk,Sulawesi Selatan
7ca1cf44,Raina Haryanti,"Psychologist, sport and exercise",CV Suartini,Sulawesi Tenggara
ac0c42c2,drg. Kani Mayasari,Restaurant manager,UD Saefullah (Persero) Tbk,Lampung
e796bf81,"Ian Jailani, M.TI.",Best boy,Perum Thamrin,DI Yogyakarta
fd3e3f23,Jaga Pranowo,"Chemist, analytical",PD Saptono Tbk,Riau
8b4eede0,Cut Nova Hassanah,Tourism officer,PT Samosir,Kalimantan Selatan
52edd0a0,"dr. Jaga Wijayanti, S.E.I","Surveyor, hydrographic",PT Nainggolan (Persero) Tbk,Kepulauan Bangka Belitung
2c20c877,"R. Arsipatra Yuniar, M.Pd",Operations geologist,Perum Hastuti (Persero) Tbk,Riau
ee7e35e3,Mustika Manullang,Advertising account planner,PT Hastuti Oktaviani Tbk,Aceh
4aac20ca,Melinda Purwanti,Trade union research officer,UD Mangunsong (Persero) Tbk,Jambi
67fc407a,Dt. Elon Lazuardi,Barrister,CV Firmansyah Tarihoran,Bengkulu
5b3060b2,Clara Halimah,Writer,UD Anggriawan Laksmiwati (Persero) Tbk,Jawa Barat
7835bc99,Agnes Adriansyah,Heritage manager,UD Lestari (Persero) Tbk,Bali
db3a807e,Marsito Rajata,Commercial horticulturist,UD Rajasa Yulianti,Sulawesi Barat
1bf8a70e,Nasab Rajasa,Museum/gallery curator,PD Prasasta Setiawan (Persero) Tbk,Jambi
4afd2475,Raisa Sitorus,"Radiographer, therapeutic",Perum Yuliarti,Sulawesi Utara
be4f2f22,"Sutan Estiawan Lazuardi, S.Pd",Research scientist (maths),CV Wastuti Kurniawan,Nusa Tenggara Barat
45b7f3ca,Najib Prakasa,Quality manager,PD Firgantoro Nasyidah (Persero) Tbk,Sulawesi Selatan
5a31c2a1,Lala Waskita,Telecommunications researcher,UD Winarsih,Kalimantan Tengah
2d1441cd,Icha Mandasari,Hydrogeologist,PT Situmorang Iswahyudi (Persero) Tbk,Sulawesi Selatan
6df63867,Ifa Puspasari,Midwife,Perum Rahmawati,Sulawesi Tenggara
99d38e6f,Wulan Simanjuntak,"Engineer, structural",PD Prayoga Usamah,Gorontalo
d4ea79f6,dr. Ridwan Uwais,Land/geomatics surveyor,CV Halimah Astuti,Maluku Utara
bfaf1103,Mutia Simanjuntak,Fine artist,PD Nugroho Suryono Tbk,DI Yogyakarta
11f41edc,Yuliana Wacana,Local government officer,UD Suryono Budiyanto Tbk,Aceh
7a08e949,Zizi Namaga,Sports administrator,UD Manullang,Kalimantan Timur
e544b729,Clara Zulaika,Hospital pharmacist,Perum Wijayanti Hastuti Tbk,Bengkulu
7754fd4f,Ina Utami,Software engineer,UD Wulandari Tbk,Jawa Timur
8fbbe26b,Hj. Agnes Usada,Diplomatic Services operational officer,CV Hassanah Tbk,Kalimantan Selatan
c1e130db,Puti Mala Utami,"Buyer, retail",UD Habibi Kuswandari,Banten
3b5f5eea,Erik Winarsih,"Teacher, adult education",PT Manullang (Persero) Tbk,Kepulauan Bangka Belitung
806018a6,Dr. Uli Simbolon,Heritage manager,PD Dabukke Laksita Tbk,Sulawesi Utara
b061bc4d,Dt. Pardi Nasyiah,"Engineer, manufacturing systems",PD Putra Prakasa,Nusa Tenggara Barat
c32f4c7b,Jane Samosir,Risk analyst,PT Pratama,Kalimantan Utara
847b3539,"Jais Hakim, S.T.",Charity officer,PT Fujiati Habibi Tbk,Sulawesi Tenggara
3dec7ff8,R.A. Belinda Suwarno,Medical technical officer,CV Samosir (Persero) Tbk,Lampung
3357cc9d,Among Prayoga,"Production designer, theatre/television/film",Perum Wahyudin Melani,Papua
ef50e438,"Bagya Sihombing, S.Ked",Careers adviser,Perum Saragih,Bali
7283975b,Upik Mahendra,"Therapist, occupational",PT Novitasari,Kalimantan Selatan
7864cdbe,Balijan Novitasari,"Engineer, aeronautical",UD Agustina Kusmawati Tbk,Bengkulu
3f5819c4,Intan Marbun,Database administrator,Perum Pranowo,Kalimantan Tengah
16f0694c,Umi Halimah,Insurance account manager,PD Wibisono Nasyiah,DI Yogyakarta
60fafc19,Unjani Sihotang,Tax inspector,Perum Mardhiyah Hakim,Banten
39a1ce31,"R.M. Warji Marbun, M.Ak",Manufacturing systems engineer,UD Hartati (Persero) Tbk,Kalimantan Utara
b2bec128,"Wakiman Puspita, S.Ked",Orthoptist,PD Siregar Tbk,Maluku Utara
95098482,Irwan Kurniawan,Homeopath,PD Hartati (Persero) Tbk,Gorontalo
d9602266,Lala Uwais,Warehouse manager,PD Wastuti Tbk,Kalimantan Utara
525bd3bb,Bella Gunarto,Camera operator,PD Uwais Saragih,Jawa Barat
f082ebf3,T. Darijan Salahudin,Oceanographer,Perum Hidayanto Suartini Tbk,Jawa Barat
2d50abfc,Hani Fujiati,"Conservation officer, nature",CV Haryanto,Sumatera Barat
7e5d3d34,Carla Yuniar,Dentist,PT Saefullah Hardiansyah,Lampung
0131ed5e,"Hj. Maida Hartati, S.I.Kom","Teacher, English as a foreign language",PD Hasanah Thamrin,Sumatera Utara
06ad537d,Cakrawala Nababan,"Surveyor, commercial/residential",CV Thamrin,Aceh
aac56e47,Hendra Mulyani,Proofreader,PD Permata,Jambi
3a6b37ba,T. Asmadi Purnawati,Chartered legal executive (England and Wales),PT Suryono Tbk,Sulawesi Selatan
f2504a2f,Mulyanto Usada,Minerals surveyor,PD Maryati Puspasari Tbk,Sumatera Barat
81337078,Nabila Usamah,"Teacher, early years/pre",Perum Simbolon (Persero) Tbk,Kepulauan Riau
99eb9e48,"Ghani Megantara, S.I.Kom",Radiation protection practitioner,UD Simanjuntak Waluyo,Kalimantan Tengah
0e44d211,Endra Yuliarti,"Programmer, applications",PT Melani Yuniar Tbk,Jawa Barat
cee16044,Gilda Kusumo,"Therapist, sports",CV Wahyudin Napitupulu,Bali
618a6bf1,Harjaya Rajata,Audiological scientist,CV Wibowo Usada (Persero) Tbk,Kalimantan Timur
aa01d24d,Bala Budiyanto,Corporate treasurer,Perum Aryani,DI Yogyakarta
acc9f674,Eka Usada,Accounting technician,CV Hidayat Yulianti Tbk,DKI Jakarta
26b8f4dd,Legawa Wasita,Forest/woodland manager,Perum Pratama Safitri,Maluku
64efce8d,Jayeng Maryadi,"Surveyor, hydrographic",Perum Mustofa,Bengkulu
9a36d8ae,"Paramita Budiman, M.Pd",Claims inspector/assessor,CV Sirait (Persero) Tbk,Papua Barat
c895feba,Hendra Saragih,Fine artist,PD Dongoran Tbk,Kalimantan Barat
fce530b1,"Cut Malika Wijaya, M.Kom.","Nurse, adult",PD Mandasari Wasita,Sulawesi Utara
e760fd86,"KH. Kasiran Novitasari, S.Kom",Restaurant manager,UD Maryati Nasyiah,Banten
c123506a,Harjaya Pertiwi,Office manager,Perum Anggraini Tbk,Jambi
e2c42be6,Dr. Maida Rahayu,Further education lecturer,UD Mangunsong Tbk,Riau
b6b1cd23,Halim Wasita,Recruitment consultant,Perum Sihombing (Persero) Tbk,Riau
948e775f,Salsabila Putra,"Scientist, biomedical",Perum Wijaya (Persero) Tbk,Maluku
9e199206,Jelita Purwanti,Marketing executive,UD Gunarto Simanjuntak (Persero) Tbk,Jawa Tengah
6ba07aa4,R.A. Salimah Pratiwi,Haematologist,Perum Rajata Tbk,Aceh
88aee475,"R. Natalia Hakim, S.Pt","Designer, multimedia",UD Melani,Sulawesi Utara
c1e5b4f3,"Ir. Rosman Mandala, M.TI.","Therapist, speech and language",PD Pratiwi Tbk,Sulawesi Barat
74f7b829,Amalia Nainggolan,Ambulance person,Perum Safitri Iswahyudi (Persero) Tbk,Kalimantan Selatan
8f6b6c09,"R. Slamet Mandasari, S.E.","Journalist, broadcasting",PD Wacana Sitompul (Persero) Tbk,Gorontalo
87cae946,"Estiawan Prabowo, M.Kom.",Chartered loss adjuster,CV Usamah Nashiruddin,Kalimantan Barat
0556b807,Drajat Nasyiah,"Administrator, education",Perum Nainggolan Rahmawati,Papua
a9e84073,Kuncara Wijayanti,Chiropodist,PD Rahayu Tbk,Sulawesi Barat
19e12a27,Karsa Melani,"Development worker, international aid",UD Sinaga,Kalimantan Utara
b2e3e506,Anggabaya Puspita,Regulatory affairs officer,PD Dabukke (Persero) Tbk,Kalimantan Selatan
68ae906b,Drs. Kemal Kurniawan,Trading standards officer,UD Utami Riyanti Tbk,Jawa Timur
4733ad68,"Septi Prakasa, S.E.I","Horticulturist, commercial",Perum Tamba Tbk,Aceh
0233a370,Bakiman Mulyani,Hydrogeologist,CV Laksita Saragih,Kepulauan Riau
f4d6c51c,Tgk. Oliva Agustina,"Scientist, research (medical)",PD Ramadan Latupono,Banten
742e55a8,"Mariadi Hastuti, S.IP","Administrator, education",Perum Hardiansyah (Persero) Tbk,Kepulauan Riau
c1809c19,Eka Hassanah,Historic buildings inspector/conservation officer,PD Winarsih,Bengkulu
a42d8eff,Wahyu Tarihoran,"Scientist, marine",CV Habibi Nashiruddin,Sumatera Barat
0356cd11,Satya Wacana,"Horticulturist, commercial",PD Hariyah Gunawan,Bengkulu
ce66683e,"Dirja Pradana, M.Ak",Land/geomatics surveyor,UD Tamba Nashiruddin,Kalimantan Barat
dc607e7c,Hasan Mardhiyah,"Therapist, music",Perum Irawan Kuswandari Tbk,Lampung
b65a372a,Rahayu Wasita,Equality and diversity officer,CV Prasetya Tbk,Kalimantan Selatan
2db507d9,Drs. Wahyu Aryani,General practice doctor,PT Gunawan Situmorang Tbk,Kalimantan Barat
a346c095,Dr. Dagel Mandala,"Administrator, arts",PT Manullang,Kepulauan Riau
297a13c4,Icha Melani,Dramatherapist,UD Saragih Wacana (Persero) Tbk,DI Yogyakarta
676f7420,Jindra Habibi,Solicitor,CV Wibowo (Persero) Tbk,Bali
e859bf16,Tina Siregar,Geographical information systems officer,Perum Saragih (Persero) Tbk,Jawa Timur
23e62128,"Dt. Radika Anggraini, S.Pt",Sport and exercise psychologist,UD Suryono Wibowo (Persero) Tbk,Bali
7e451d49,Yani Tamba,Engineering geologist,CV Wahyuni Tbk,Sumatera Utara
3c293cdf,T. Imam Manullang,Visual merchandiser,UD Rajasa Waskita Tbk,Kalimantan Barat
643106d3,R. Kuncara Suryatmi,Chemical engineer,PD Sudiati Laksmiwati Tbk,Kepulauan Bangka Belitung
3885bf3b,"dr. Caturangga Saputra, S.Farm",Astronomer,Perum Kurniawan Suwarno Tbk,Kalimantan Utara
ca046df7,Reza Mansur,Homeopath,Perum Habibi Budiman,Sulawesi Selatan
b690c4e2,Heryanto Simanjuntak,Banker,CV Oktaviani Mandala,Bengkulu
c06a2ac4,Agnes Nasyiah,IT technical support officer,Perum Mayasari Tbk,Sulawesi Utara
d881482a,Samiah Nasyidah,Health and safety inspector,Perum Wacana Prastuti,Papua Barat
3ae6cfba,Bajragin Budiman,"Production designer, theatre/television/film",Perum Maryadi Nasyiah,Sulawesi Utara
85582dbb,Tantri Andriani,Geochemist,Perum Maheswara Mandala (Persero) Tbk,Gorontalo
0bbaf6c4,drg. Fathonah Hutapea,"Embryologist, clinical",PD Farida Farida,Maluku
e527d845,dr. Ida Kuswandari,Volunteer coordinator,Perum Namaga,Papua
8aa07e08,Olivia Rahimah,Office manager,Perum Sirait Hardiansyah,Nusa Tenggara Barat
8f8189c5,"Nurul Damanik, M.Farm",Music therapist,Perum Tamba Lestari Tbk,Lampung
318393cb,Lili Yolanda,Quarry manager,UD Marpaung Sitorus,Kalimantan Utara
a8434ed5,"Prasetyo Sinaga, S.Farm","Journalist, newspaper",Perum Mardhiyah (Persero) Tbk,Riau
2ed95812,"drg. Adhiarja Farida, S.Gz",Early years teacher,PT Melani Tbk,Kalimantan Barat
75653582,Ana Saptono,"Development worker, international aid",PT Uyainah Yuliarti,Maluku
d9c3d477,Hilda Andriani,Hospital pharmacist,PD Damanik Anggriawan (Persero) Tbk,Lampung
d92d366f,Luhung Usamah,Phytotherapist,PD Wibowo,Kepulauan Riau
b15f189c,Gawati Firgantoro,Interpreter,PT Marpaung,Papua Barat
2bfeb7a9,Syahrini Narpati,"Teacher, special educational needs",PT Suartini Utama,Riau
5a3104fd,Faizah Pangestu,Museum/gallery exhibitions officer,PD Mayasari Usada,Nusa Tenggara Timur
3a53a7ef,Intan Megantara,"Designer, industrial/product",PT Pratama Safitri,Sulawesi Tengah
cbefc743,Ami Prastuti,Newspaper journalist,PT Simanjuntak Nasyidah,Bengkulu
685b6dbf,Tgk. Dariati Agustina,Industrial/product designer,PD Anggriawan,Sumatera Selatan
d75a4967,Harsana Pangestu,Estate agent,Perum Riyanti,Bali
9c9898d5,Bakti Wibisono,Armed forces training and education officer,CV Sinaga Tbk,Riau
2efe45eb,Cut Mila Pertiwi,Historic buildings inspector/conservation officer,PD Hutasoit Prasetyo (Persero) Tbk,Jambi
d4b06153,"Kenes Namaga, M.Kom.",Restaurant manager,PD Wasita Gunawan (Persero) Tbk,Sulawesi Utara
5948cc22,"Puti Anita Sihotang, M.Pd",Chief Operating Officer,PD Rahmawati Putra,Jawa Tengah
f4d527b2,Laksana Gunawan,"Psychotherapist, child",CV Prasetyo (Persero) Tbk,Riau
42994a9a,Ikin Yolanda,Technical brewer,CV Halimah Siregar,Kalimantan Utara
86f88f6d,Aslijan Thamrin,Quality manager,Perum Simbolon Usamah,Aceh
fbcc1967,Wawan Ardianto,Drilling engineer,PT Wahyuni,Kalimantan Timur
fdc0e039,Rini Mulyani,Theatre director,UD Saputra,Bali
8d5c3d02,Oliva Prasetya,Writer,CV Palastri,Kalimantan Timur
b8027766,drg. Galang Yulianti,Operational researcher,Perum Wijayanti Mardhiyah,Bali
59673068,Nabila Wacana,"Therapist, sports",PT Mustofa Handayani,Kalimantan Timur
23109e93,Safina Widodo,"Engineer, site",UD Yuniar Sinaga,DI Yogyakarta
4ecef0cc,Fathonah Wacana,Ship broker,PT Gunarto Tbk,Maluku Utara
474ad6f9,Taufik Wacana,Geochemist,UD Usamah Farida,Kepulauan Riau
8a45ebf8,Irnanto Saragih,Technical sales engineer,Perum Budiyanto Rajata (Persero) Tbk,Kepulauan Riau
a90e4070,Karman Januar,"Scientist, research (life sciences)",PT Uyainah Widiastuti Tbk,Jawa Timur
bb7a442a,Tgk. Febi Widiastuti,Chemical engineer,PD Zulkarnain Kusumo (Persero) Tbk,Jawa Timur
50166991,Jamalia Dongoran,IT consultant,PD Maulana,Kalimantan Selatan
6ac95fab,Drs. Janet Haryanto,Systems analyst,UD Pratiwi (Persero) Tbk,Nusa Tenggara Timur
d4b8f1d8,Panji Kuswoyo,Textile designer,CV Suwarno Tbk,Sulawesi Selatan
a38e84d0,Luwes Habibi,Mechanical engineer,CV Waskita (Persero) Tbk,Kepulauan Riau
5951edfb,"Unjani Prasetya, S.Psi",Race relations officer,PD Napitupulu Palastri,Jawa Tengah
cd1af3ea,"Hj. Ilsa Haryanti, S.E.I",International aid/development worker,CV Hutagalung Sihotang,Kalimantan Barat
f9c6046d,Karma Prabowo,Town planner,PD Andriani Jailani,Maluku
a61de3c6,Kasiyah Astuti,Agricultural engineer,CV Gunarto Hutagalung Tbk,Gorontalo
6e4a8333,Radika Tamba,Soil scientist,UD Ardianto Anggriawan Tbk,Aceh
2b599eef,Mumpuni Suartini,Curator,CV Suwarno Maryadi,Sumatera Barat
51014456,Endah Wasita,"Nurse, adult",PD Novitasari Puspasari,Nusa Tenggara Barat
b0b53302,"Oskar Wijaya, S.T.",Diplomatic Services operational officer,CV Sinaga Tbk,Kepulauan Riau
a67de83d,"Ridwan Utami, M.TI.","Programmer, systems",Perum Pertiwi,Sulawesi Selatan
b9a18b10,Drs. Leo Utami,Chemical engineer,CV Simanjuntak Palastri,Kalimantan Barat
1eb4c4cd,Nadine Yolanda,"Merchandiser, retail",Perum Rajasa (Persero) Tbk,Jawa Timur
69760fe9,Jasmin Usada,Broadcast presenter,PT Uwais Nasyidah Tbk,Jawa Timur
bd048be9,"Tgk. Unjani Uyainah, S.Gz",Optometrist,Perum Budiyanto Siregar,Kepulauan Riau
4fb34938,Emong Farida,"Scientist, research (maths)",PD Zulaika,Kalimantan Barat
3b1f382a,Carla Pudjiastuti,"Research officer, trade union",PD Susanti Hastuti,Jawa Tengah
6f4c5770,Tgk. Cemeti Natsir,Ceramics designer,PD Aryani Yulianti (Persero) Tbk,Sumatera Selatan
dbf4e5bf,Virman Hariyah,"Engineer, structural",Perum Usada (Persero) Tbk,Maluku
0c8c1cd0,"KH. Prayogo Saptono, S.Psi",Outdoor activities/education manager,PD Marbun Manullang Tbk,Kepulauan Bangka Belitung
4b9f11e5,Gandewa Lazuardi,Furniture designer,PT Jailani Mulyani,Kalimantan Tengah
efd1c55c,Elma Mulyani,Health service manager,Perum Wahyuni Kuswandari,Banten
bfc2563b,"Tgk. Queen Kurniawan, S.Gz",Airline pilot,PD Nasyiah Thamrin Tbk,Jawa Barat
c0eb455c,"dr. Gara Prakasa, S.Psi",Counsellor,CV Purnawati Tbk,DI Yogyakarta
c56646b5,Radit Prayoga,Television camera operator,PD Hutagalung Suryono,Aceh
27577737,"Daliman Permadi, M.Ak",Company secretary,PT Lestari (Persero) Tbk,Sulawesi Utara
981540e4,Jamal Siregar,"Production designer, theatre/television/film",CV Nababan Lazuardi,Jawa Tengah
2ccdbe6f,Luthfi Budiman,General practice doctor,PD Hidayat,Sumatera Selatan
d64716a3,Natalia Andriani,Astronomer,CV Dongoran Mustofa,Bengkulu
50be929d,Latika Pradipta,Chartered loss adjuster,CV Lazuardi Maulana Tbk,Kepulauan Bangka Belitung
e5488a95,Sutan Garda Nainggolan,Animal nutritionist,Perum Samosir Tbk,Lampung
46ffb3dd,"dr. Tiara Purwanti, M.Farm",Theatre stage manager,Perum Kusmawati Riyanti (Persero) Tbk,Sulawesi Tenggara
1858ff3b,Labuh Siregar,Probation officer,Perum Usada Tbk,Kepulauan Bangka Belitung
c953cc5c,Chandra Haryanto,"Secretary, company",PD Sihotang (Persero) Tbk,Sulawesi Utara
defefd55,Ratna Prakasa,Higher education lecturer,PT Maulana,Papua
143e1c1e,Balapati Nurdiyanti,Medical illustrator,CV Winarno Hakim,Nusa Tenggara Barat
5be5b6a7,"drg. Tirtayasa Uyainah, S.Kom",Medical physicist,CV Suartini Tbk,Kalimantan Utara
7ee86ba4,Laksana Prabowo,Wellsite geologist,CV Nurdiyanti,Kalimantan Selatan
52f9af24,Gatot Thamrin,Amenity horticulturist,PD Siregar,Jawa Barat
447b9f32,Taufik Firmansyah,"Psychotherapist, child",Perum Wahyudin Laksita,Kepulauan Riau
bbf117c4,Pranata Andriani,"Psychologist, counselling",UD Yulianti (Persero) Tbk,Gorontalo
eb44b885,Talia Haryanti,"Designer, ceramics/pottery",CV Yuliarti,Kepulauan Bangka Belitung
f49508bb,Tomi Sinaga,Youth worker,UD Yolanda Hutagalung,Sulawesi Tenggara
5a28eea0,"Jarwa Pranowo, S.Kom","Teacher, secondary school",PD Purwanti,Maluku Utara
6de7595f,"Cahyo Hasanah, S.Psi",Electrical engineer,UD Wibowo (Persero) Tbk,Papua Barat
0a87d2f4,"Dt. Lukman Saragih, S.Farm",Learning disability nurse,PD Hardiansyah,Kepulauan Riau
c48e38f9,H. Kasim Sinaga,Ophthalmologist,CV Yolanda,Lampung
617bf177,Kurnia Halim,Health promotion specialist,PT Mahendra,Kepulauan Bangka Belitung
f1a8307c,Zulfa Namaga,Acupuncturist,CV Simanjuntak (Persero) Tbk,Sulawesi Utara
2fe9e4f7,Nilam Wulandari,"Engineer, mining",CV Suryono,Kalimantan Tengah
50baa038,Nrima Mangunsong,Building surveyor,PT Nugroho Tbk,Lampung
1d7cdeb1,Julia Halimah,"Therapist, sports",PD Latupono Megantara,Kepulauan Bangka Belitung
946380ba,Puspa Pradipta,Veterinary surgeon,CV Padmasari Rajasa,Nusa Tenggara Barat
bf469099,Winda Habibi,Public librarian,PD Oktaviani Simanjuntak (Persero) Tbk,Riau
ad4b6807,Darijan Laksmiwati,Environmental education officer,UD Dabukke Mardhiyah,Sulawesi Tengah
47d802be,Jamal Yolanda,Accommodation manager,PT Aryani Nuraini,Sumatera Utara
d3829170,Tri Dongoran,Air traffic controller,PD Pradana (Persero) Tbk,Kalimantan Tengah
d728ec67,Ella Yolanda,"Editor, commissioning",PT Nasyidah Yulianti,Aceh
e95c55b8,Titin Siregar,Meteorologist,PT Hassanah Sirait Tbk,DI Yogyakarta
24203e5f,"Maida Hidayanto, S.E.","Teacher, special educational needs",CV Tampubolon Mustofa,Maluku Utara
74cc0896,Unggul Winarsih,Retail manager,Perum Fujiati Mustofa (Persero) Tbk,Sulawesi Utara
3527b27d,Michelle Dabukke,Fashion designer,PD Hasanah,Kalimantan Timur
a1a22ef2,"dr. Kardi Rajata, S.Farm",Press sub,Perum Latupono Sihotang,Riau
d74a9ed9,Indah Zulkarnain,Farm manager,PD Mardhiyah Winarno,Lampung
bec0810a,"Alika Nuraini, S.I.Kom",Dancer,PD Halimah Rahimah,Sulawesi Tenggara
0d333677,Viktor Samosir,"Nurse, children's",PT Santoso Siregar,Kepulauan Bangka Belitung
f372463f,"Cahyono Nababan, S.Pt","Programme researcher, broadcasting/film/video",Perum Novitasari Prakasa,Kepulauan Riau
a916439f,"drg. Titin Pratama, M.Pd",Planning and development surveyor,UD Santoso,Sumatera Utara
36d383dd,Tantri Rajata,Textile designer,PT Santoso Fujiati,Bengkulu
40a56a07,Ciaobella Kusmawati,"Designer, exhibition/display",Perum Mulyani,Riau
c351c545,Pandu Laksmiwati,General practice doctor,UD Mandala Nainggolan Tbk,Kepulauan Riau
9f2ffa7b,Agus Siregar,Chief Executive Officer,PT Mansur Sitorus (Persero) Tbk,Kepulauan Riau
5a2e719e,"Jaga Maulana, S.Pt",Water quality scientist,UD Hutasoit Marbun Tbk,Nusa Tenggara Barat
948e59a5,"Halima Maryadi, M.Kom.",Sports administrator,PD Prakasa Tbk,DKI Jakarta
8dd7b50b,"KH. Prakosa Suryatmi, S.Sos",Hospital doctor,UD Nasyidah Tbk,Banten
cc069d48,Dr. Wardi Wahyudin,"Buyer, retail",PD Nugroho Usada Tbk,Lampung
dc3bc4fe,"dr. Tedi Uwais, S.E.",Communications engineer,PD Tamba,Sulawesi Barat
f9a36aac,"Ir. Tiara Sihombing, M.Kom.","Surveyor, mining",PT Hakim Wacana,Kepulauan Riau
94dba77f,Cinthia Sihombing,Training and development officer,PT Lazuardi (Persero) Tbk,Sumatera Utara
1106d3d6,Prabawa Wahyuni,Soil scientist,PD Putra Prasetyo,Kalimantan Tengah
5c591a7f,Samiah Wibisono,Clinical biochemist,UD Suwarno Susanti Tbk,Kalimantan Barat
5817e2b6,"Dt. Darimin Maryadi, S.Psi",Chief Executive Officer,UD Lestari,Bengkulu
2a33387b,Ina Wibisono,Aeronautical engineer,PD Saputra Habibi,Papua Barat
a69662ee,Vera Narpati,Video editor,CV Yulianti Farida,Jawa Timur
e0cbcf23,"Harsanto Hasanah, M.Farm",Civil Service fast streamer,Perum Napitupulu Prasetyo,Gorontalo
9c42911a,"Drs. Humaira Saptono, M.TI.",Bonds trader,Perum Salahudin Hutasoit,Bengkulu
f0b12d33,Makuta Nasyidah,Psychotherapist,UD Namaga,Kalimantan Selatan
baff4098,"Dadi Rajasa, M.Ak",Applications developer,Perum Maryati,Kalimantan Tengah
1d4fa14f,Tgk. Martaka Kusmawati,Licensed conveyancer,CV Oktaviani Suartini,DKI Jakarta
4f32fd3c,Lili Pudjiastuti,Hydrologist,PD Marbun Nuraini Tbk,Lampung
843fc5ae,Laswi Ardianto,Arts administrator,PT Prabowo,Kalimantan Selatan
8e502111,Fitria Nasyiah,Research scientist (life sciences),UD Uyainah Pudjiastuti,Gorontalo
ae3afe3c,"R.A. Citra Sitompul, M.Kom.",Civil Service administrator,PT Haryanti Nainggolan,Sulawesi Utara
65f1f071,"KH. Rudi Mangunsong, S.I.Kom",Occupational therapist,Perum Anggraini (Persero) Tbk,DKI Jakarta
c25998c9,Aditya Saputra,Production engineer,UD Adriansyah (Persero) Tbk,Nusa Tenggara Timur
60877136,"Dalima Sirait, S.H.",Health physicist,Perum Saragih Tbk,Bengkulu
8b42f361,Kiandra Putra,Medical technical officer,PD Budiyanto (Persero) Tbk,Jawa Timur
8ca1f323,"drg. Cakrawala Simbolon, M.Kom.","Surveyor, insurance",CV Mandasari,Sumatera Selatan
cddd8ec5,"Lala Hidayanto, S.Farm",Office manager,UD Wibowo,Kepulauan Bangka Belitung
190aea1e,"Lidya Laksita, S.Pd",Medical technical officer,UD Pangestu Wijayanti Tbk,Kepulauan Bangka Belitung
c172f61d,"Dt. Cawuk Safitri, S.H.",Magazine features editor,PT Mardhiyah Tbk,DKI Jakarta
3b4febe3,Sutan Nasab Firgantoro,"Administrator, local government",Perum Sihombing Siregar,Jawa Timur
622a411d,drg. Devi Rajasa,Higher education lecturer,CV Permadi Tbk,Bali
68183bd0,drg. Padmi Rahimah,"Nurse, children's",Perum Santoso,Kalimantan Barat
19b8bf16,"dr. Widya Pradana, M.TI.",Geophysicist/field seismologist,PT Rahimah Laksita (Persero) Tbk,Nusa Tenggara Timur
0cc4be5e,"Asmadi Situmorang, S.E.I","Engineer, communications",CV Mansur Tbk,Papua
eebc73a4,T. Ibrani Wulandari,Paramedic,PT Maryadi (Persero) Tbk,Nusa Tenggara Timur
2dfe12c3,T. Jaga Utama,Recruitment consultant,CV Sihotang Tbk,Lampung
a00104e3,Jamal Lazuardi,Camera operator,Perum Agustina Damanik Tbk,DKI Jakarta
5ddd5799,"Niyaga Mardhiyah, S.Psi","Investment banker, operational",PD Usamah (Persero) Tbk,Sulawesi Tenggara
c2f594b2,"Tgk. Cinthia Yulianti, S.Farm","Journalist, magazine",Perum Susanti (Persero) Tbk,Riau
b24c4a1d,"drg. Nadine Maryadi, M.Pd",Plant breeder/geneticist,CV Lailasari Purnawati,Kepulauan Riau
594407a9,Tasnim Wibowo,Product designer,Perum Lailasari Hutagalung,Sumatera Utara
57a6c322,"drg. Sari Natsir, S.E.",Financial trader,Perum Dongoran Mahendra,Papua Barat
a00c6e98,Ikhsan Nuraini,"Designer, furniture",Perum Wijaya Tbk,Kalimantan Timur
c105e9d6,Cut Diah Putra,"Designer, graphic",CV Hidayat Nasyidah,Kalimantan Timur
fc540b15,Victoria Usada,Surgeon,PD Hutasoit,DKI Jakarta
e1aa43b8,Hardi Sitorus,Chiropodist,PT Usamah Tbk,Sumatera Utara
cdd94444,"Cindy Anggraini, M.M.",Clinical molecular geneticist,Perum Riyanti Tbk,Banten
6ffb31ed,"Harto Pratiwi, M.Farm","Pharmacist, hospital",PT Mardhiyah Tbk,Lampung
46f03c7a,Kardi Hakim,"Engineer, structural",PD Thamrin Laksmiwati (Persero) Tbk,Papua Barat
98b0931c,Arsipatra Habibi,Medical secretary,UD Uyainah,Nusa Tenggara Timur
0da6d556,Kiandra Puspita,Solicitor,CV Farida Najmudin,Sumatera Utara
8c418c34,"Nurul Mustofa, S.Psi","Investment banker, operational",PT Sudiati Tbk,Lampung
9d174bb9,Tgk. Diah Simanjuntak,Estate manager/land agent,UD Tamba Hassanah (Persero) Tbk,Sulawesi Selatan
c434191c,Cawuk Megantara,Wellsite geologist,CV Utami Nasyidah,Sulawesi Tengah
ce4c8f50,"Dr. Shakila Wibowo, M.TI.",Retail banker,PT Wijaya Anggriawan (Persero) Tbk,Nusa Tenggara Timur
7b4e443e,Mursita Namaga,Writer,CV Mandala,Sulawesi Tenggara
31d32081,Cut Umi Tamba,Oncologist,CV Andriani,Papua Barat
dda82e67,"dr. Raden Waluyo, S.T.",Community pharmacist,Perum Hidayat,Sulawesi Selatan
90d645b6,"Aslijan Lestari, M.Kom.",Garment/textile technologist,PT Putra,Banten
bafcab75,"Ganda Mayasari, S.E.I","Teacher, early years/pre",PD Puspasari Hakim Tbk,Sulawesi Selatan
f7ab1bb2,Dr. Lala Nainggolan,Armed forces operational officer,Perum Wulandari Safitri (Persero) Tbk,Bengkulu
8960e65a,Makara Rajata,"Designer, television/film set",UD Latupono (Persero) Tbk,Kalimantan Utara
27832adb,Kamaria Firgantoro,"Radiographer, therapeutic",UD Wahyudin Rajasa Tbk,Jawa Timur
67cfb362,Prabu Dabukke,TEFL teacher,PT Widodo,Kalimantan Utara
ed3bc62c,"drg. Reza Mustofa, S.IP","Engineer, structural",Perum Andriani Tarihoran (Persero) Tbk,Kepulauan Bangka Belitung
7280cd50,"Warsa Haryanti, S.T.",Television camera operator,CV Hutagalung,Jambi
5b0f4924,Dacin Sihombing,Chartered certified accountant,Perum Wahyuni,DI Yogyakarta
15d02e58,Ida Wasita,Diplomatic Services operational officer,PD Saputra Hutasoit,Lampung
bd2dc877,T. Legawa Mangunsong,Exhibition designer,PD Laksmiwati Tbk,Papua Barat
803e617c,"R.M. Cagak Wacana, M.Ak",Phytotherapist,Perum Laksita Mandasari Tbk,Nusa Tenggara Timur
f9a5617d,Maimunah Pranowo,Secondary school teacher,PT Situmorang Tbk,Kalimantan Timur
e18827b9,Uli Mustofa,Product/process development scientist,PD Puspita Mansur,Kalimantan Barat
9cf9ed6c,"H. Jagapati Siregar, M.Kom.",Sports coach,Perum Wibowo Mandasari,Jawa Timur
d89c2e2c,Dt. Bahuraksa Salahudin,Barrister's clerk,UD Usamah (Persero) Tbk,DI Yogyakarta
aa854e16,Praba Pangestu,Geophysical data processor,PT Tarihoran,DKI Jakarta
9375bdb4,Salwa Sinaga,"Social research officer, government",PD Mandala Tbk,Sumatera Barat
a729cb04,"Azalea Sitompul, M.Pd",Advertising copywriter,PD Waskita,DI Yogyakarta
4d0ee2e2,Kani Najmudin,Freight forwarder,PT Hidayanto Tbk,Sulawesi Tengah
696a15a6,Titin Adriansyah,"Designer, furniture",Perum Napitupulu (Persero) Tbk,Banten
d8ed662c,Taswir Sudiati,Television floor manager,Perum Siregar,Nusa Tenggara Timur
a3519ce6,Dr. Aurora Sitompul,"Therapist, occupational",PD Palastri,Jawa Barat
80434678,"Anita Nurdiyanti, S.Psi",Youth worker,PD Prayoga Tbk,Jambi
64b68e31,Tgk. Patricia Pradana,Set designer,PD Budiyanto Rahmawati,Maluku
896c1e60,Puti Eva Haryanti,Product designer,Perum Permadi Hutapea (Persero) Tbk,Sulawesi Utara
c2438b4b,Kacung Suwarno,Soil scientist,Perum Setiawan (Persero) Tbk,Jawa Timur
ad42b9b9,Salimah Sinaga,Surgeon,Perum Usada Sihombing (Persero) Tbk,Kepulauan Riau
cfc176ea,R. Yuliana Pangestu,Restaurant manager,PT Jailani Pudjiastuti,Kalimantan Utara
600a0546,Ozy Natsir,Civil Service fast streamer,PT Nasyiah,Jambi
5278fa19,Tgk. Radika Mandasari,"Engineer, technical sales",PT Sinaga Haryanti (Persero) Tbk,Banten
1765d081,drg. Puput Ardianto,Hotel manager,PT Mangunsong Tbk,Kalimantan Tengah
3504202d,"T. Balamantri Aryani, S.T.",Equality and diversity officer,Perum Hutapea Tbk,Bali
f6d45c19,Ghaliyati Setiawan,Secretary/administrator,PT Puspita Budiman Tbk,Sumatera Selatan
7c294b31,Abyasa Namaga,"Accountant, chartered certified",PD Nainggolan Tbk,Papua Barat
ac10d1bd,Indah Januar,Editorial assistant,PT Mandasari Nugroho,Nusa Tenggara Barat
4cee7297,"Drs. Darman Hasanah, S.Pt","Therapist, sports",Perum Sudiati (Persero) Tbk,DI Yogyakarta
a651ea3c,"R. Paris Irawan, S.H.",Economist,PD Narpati Tbk,Papua
822e6ebc,T. Paiman Hariyah,Surgeon,UD Farida Salahudin,Sulawesi Utara
adb5c343,drg. Yessi Susanti,"Radiographer, diagnostic",PD Nasyiah Putra Tbk,Sumatera Utara
0d616f49,R.A. Puput Yulianti,Writer,PD Lazuardi Hasanah (Persero) Tbk,Kalimantan Barat
047b631d,Agus Setiawan,Location manager,PD Aryani Kurniawan,Jawa Timur
08292852,Eli Kusumo,"Scientist, clinical (histocompatibility and immunogenetics)",PD Anggraini,Gorontalo
706ba821,"Rafid Natsir, S.E.I",Network engineer,PT Natsir,Lampung
d2d56366,Jaiman Marpaung,English as a second language teacher,CV Suryatmi Mangunsong (Persero) Tbk,Aceh
5e5ecab1,Jati Manullang,Community development worker,UD Melani,Aceh
09a3876d,"R. Azalea Laksita, S.I.Kom",Jewellery designer,PD Yuliarti Habibi,Lampung
d9684f41,Nasim Laksita,Ophthalmologist,PT Suwarno Anggraini Tbk,Papua Barat
7d9078d1,Hairyanto Najmudin,"Production assistant, television",Perum Prastuti,Sulawesi Barat
bff9f424,Amalia Prasetya,Legal executive,Perum Hassanah (Persero) Tbk,Sulawesi Barat
cb146760,Wage Simbolon,Museum education officer,UD Mandasari Kusumo Tbk,Nusa Tenggara Timur
95c3f7f7,"Jamil Dongoran, S.E.I",Civil Service administrator,Perum Wastuti Palastri Tbk,Jawa Timur
b687f1cc,"Laras Permata, M.Kom.",Special educational needs teacher,UD Mardhiyah Tbk,Kepulauan Riau
383a7d38,Latika Mandala,"Engineer, production",Perum Thamrin,Kalimantan Selatan
ecedfdd4,"Kezia Ardianto, S.IP",Marine scientist,PD Waluyo Mayasari,Jambi
3e54b3df,"Ir. Tami Prasetya, M.TI.",Catering manager,Perum Firmansyah Saptono Tbk,Maluku Utara
e4851b4e,Dina Jailani,Architectural technologist,Perum Prasetyo,Kepulauan Bangka Belitung
46dc6786,Paulin Mulyani,"Development worker, community",UD Pradipta,Kalimantan Selatan
75f86c08,Cahyadi Santoso,Tree surgeon,PT Winarsih Narpati Tbk,Papua Barat
d380f8fa,Kambali Mandala,"Scientist, clinical (histocompatibility and immunogenetics)",Perum Agustina Putra,Papua Barat
842c0688,"Kayun Hutasoit, S.H.",Oncologist,UD Januar,Jawa Tengah
0e21871c,Ir. Cakrawala Sihombing,Forensic scientist,PT Lazuardi Wasita,Maluku
cfab50b1,dr. Violet Firmansyah,Film/video editor,UD Samosir,Bali
1909b204,H. Cecep Haryanti,Learning mentor,CV Anggraini,Nusa Tenggara Barat
aec90028,Hasim Sudiati,Web designer,Perum Pangestu Tbk,Bali
f4516c55,Lala Gunawan,Television floor manager,UD Narpati Tbk,Riau
452470f0,Drs. Syahrini Saefullah,"Surveyor, land/geomatics",PT Siregar Pangestu (Persero) Tbk,Sumatera Utara
1c4ef6d3,Puti Paramita Prasetya,"Restaurant manager, fast food",PT Maulana Narpati,Jawa Barat
8028a6eb,Mutia Wulandari,Copy,PT Maulana Lestari,Kalimantan Selatan
b27f1ac5,Banawi Simanjuntak,"Journalist, magazine",CV Saefullah Hutagalung,Jambi
d8a74089,drg. Mila Kusumo,Chartered loss adjuster,PD Hastuti Saragih Tbk,Sumatera Selatan
a8d120bf,"Puti Ani Nugroho, S.Ked",Physiotherapist,Perum Andriani Habibi Tbk,Sulawesi Selatan
1ff72c97,Elvina Halimah,Scientific laboratory technician,PD Padmasari Tbk,Kalimantan Tengah
2ef66814,"Hj. Oni Siregar, S.IP",Air traffic controller,UD Riyanti Tbk,Sulawesi Barat
fbaf362a,Najwa Agustina,Health visitor,CV Puspasari Tbk,Papua
4191a983,Mutia Kuswandari,Special educational needs teacher,PT Najmudin,Kalimantan Tengah
4ded006e,Danang Iswahyudi,Customer service manager,UD Hutasoit Tbk,DKI Jakarta
02ab795a,"Ir. Darman Mulyani, S.Sos","Engineer, water",PT Firgantoro Damanik,Banten
159afc0d,R.A. Mutia Wastuti,"Scientist, research (maths)",Perum Pudjiastuti Saptono Tbk,Sulawesi Barat
2470ff7f,Darsirah Yuliarti,Company secretary,CV Prakasa,Jawa Timur
701b93f8,"Cut Salsabila Rahmawati, M.Kom.",Recruitment consultant,PD Wahyudin,Kalimantan Timur
9e2886a8,Hasna Agustina,Interpreter,PT Najmudin Melani Tbk,Sulawesi Utara
ab4d21dd,Rini Yuliarti,Paramedic,PT Wijaya (Persero) Tbk,Banten
86205033,Najwa Prastuti,"Designer, graphic",Perum Hakim Tbk,Sulawesi Utara
7ef85058,"Jaga Zulkarnain, S.Gz",Radio broadcast assistant,PD Megantara,Maluku Utara
cb56f683,Gilda Nugroho,Catering manager,Perum Napitupulu Rajasa (Persero) Tbk,Jawa Tengah
e7a308dc,"drg. Mahfud Irawan, M.Pd",Wellsite geologist,Perum Hardiansyah Mandasari,Papua
3d4c2b97,Lala Suwarno,"Librarian, public",PT Suwarno (Persero) Tbk,Kalimantan Tengah
6f9c7779,Syahrini Mandasari,Video editor,PD Zulaika Rahimah (Persero) Tbk,Bali
011a598e,"Ir. Michelle Wastuti, M.Ak","Engineer, maintenance",UD Utami Sinaga,Sulawesi Utara
c505347f,Aisyah Wahyuni,Structural engineer,Perum Anggraini Tbk,Nusa Tenggara Timur
7debf9a6,Agnes Mansur,Futures trader,Perum Dabukke Zulkarnain (Persero) Tbk,Jambi
dddbed6a,Akarsana Laksita,Garment/textile technologist,Perum Nasyiah Kusumo (Persero) Tbk,Riau
f5014b41,"Asmianto Maryati, S.Psi","Secretary, company",CV Damanik Lailasari,Papua
0756d676,Tgk. Sarah Winarno,Ecologist,PT Sinaga Gunawan Tbk,Sulawesi Tengah
9fd8922c,"Cut Titin Damanik, S.Ked","Investment banker, operational",UD Setiawan Tbk,Sulawesi Tengah
2c5d0cb6,Samiah Gunarto,Print production planner,CV Hariyah,Kalimantan Utara
035a648e,Samiah Namaga,Chief Operating Officer,UD Pratiwi Dongoran (Persero) Tbk,Kalimantan Tengah
fd66c826,"Vinsen Mandasari, S.Ked","Teacher, early years/pre",Perum Ramadan Suwarno (Persero) Tbk,Jawa Tengah
acfb8997,Salimah Saputra,Gaffer,Perum Prayoga,Sumatera Selatan
b6a7142d,Maimunah Hutapea,Commercial horticulturist,UD Marbun,Kalimantan Timur
65f13bb8,"Tgk. Yuliana Zulkarnain, S.Pd",Higher education careers adviser,Perum Oktaviani Mangunsong,Sumatera Utara
4d8cdbc3,Rika Farida,Herpetologist,PT Thamrin Usamah Tbk,Maluku
5f28cc7b,"Vivi Ramadan, M.TI.",Water engineer,UD Haryanto Pranowo (Persero) Tbk,DI Yogyakarta
8e574837,Drs. Mila Samosir,Arboriculturist,Perum Hidayanto Tbk,Sulawesi Utara
449b64a9,Kania Wahyuni,Technical brewer,PD Laksita,Sulawesi Utara
1598c54b,"Dt. Makuta Wasita, M.Pd",Farm manager,PT Hartati,Gorontalo
d043765e,"Puti Irma Tarihoran, S.Ked",Occupational hygienist,UD Kusmawati,Jawa Barat
a57df5f7,Dinda Sihombing,Sport and exercise psychologist,PT Usamah,Sulawesi Utara
e954cc26,Almira Prasasta,Proofreader,CV Suryono,Papua Barat
737060b3,Ina Wulandari,Editorial assistant,UD Mansur Usamah (Persero) Tbk,DI Yogyakarta
8b3734c1,"Usman Siregar, M.Farm",Dispensing optician,PD Saefullah,Kalimantan Timur
5a977eca,"T. Luwar Damanik, S.E.","Radiographer, diagnostic",UD Wastuti,Kalimantan Tengah
0dfa5157,"Tgk. Darsirah Maheswara, S.I.Kom","Teacher, secondary school",PT Hidayat Salahudin (Persero) Tbk,Kepulauan Riau
1d25d117,Mila Rajata,Commissioning editor,PD Zulkarnain,DKI Jakarta
0e184b01,Ami Suwarno,Charity officer,PD Prasetyo Hardiansyah,Maluku Utara
afa64ec9,"Lalita Jailani, S.IP",Toxicologist,UD Usada,Kalimantan Timur
e78843eb,"Hj. Ina Sihombing, S.T.",Architect,PD Lestari,Kepulauan Bangka Belitung
c87f9357,Surya Mangunsong,Press sub,PD Simanjuntak Hardiansyah (Persero) Tbk,Kalimantan Barat
a468e0ee,Karsana Mangunsong,Facilities manager,PD Nurdiyanti Simanjuntak,Jambi
47420c5b,Dt. Mariadi Narpati,Sports coach,PT Susanti,Bali
1fbe4ed4,Amalia Pangestu,Catering manager,UD Agustina Prabowo,Kalimantan Timur
95b2fa43,"Ella Hariyah, M.Kom.",Ship broker,Perum Hidayanto,Kalimantan Utara
89f8fb6d,"Ir. Maida Habibi, S.I.Kom",Special educational needs teacher,PT Andriani Hidayanto,Jawa Timur
cdf4bc79,Garang Halim,"Engineer, civil (contracting)",CV Prabowo,Gorontalo
104f992d,Edison Situmorang,Air traffic controller,CV Prayoga,Kepulauan Bangka Belitung
0c1cfa9d,drg. Wawan Haryanto,Systems developer,Perum Mandala Narpati Tbk,Kalimantan Utara
a81f0d77,Gasti Marbun,Barrister's clerk,PT Susanti,Nusa Tenggara Barat
ef7fa71c,Fitria Putra,Patent attorney,UD Damanik,Papua
920a6f13,"Puti Ghaliyati Pradana, M.Pd",Media planner,UD Putra Tbk,Sumatera Barat
92188c2f,"Iriana Yuliarti, S.T.",Geochemist,PT Yuniar Nainggolan,Nusa Tenggara Barat
5b19f0b4,Maras Mandasari,Leisure centre manager,CV Hutapea Hastuti (Persero) Tbk,Kalimantan Barat
4312a7ff,R. Lala Mahendra,Microbiologist,PT Maulana Latupono Tbk,Bali
ce31d8c0,Amalia Saragih,"Administrator, Civil Service",PD Budiman Simanjuntak,Lampung
6b73e7eb,"dr. Lanjar Prasetyo, M.Ak","Research officer, political party",PT Santoso (Persero) Tbk,Kalimantan Selatan
04baa0fb,"Asmianto Permata, S.H.","Teacher, secondary school",Perum Wijaya (Persero) Tbk,Kepulauan Riau
9b6e955f,"Dt. Saka Wulandari, M.Farm",Town planner,Perum Maulana Pangestu,Bengkulu
eb799a80,"Danuja Sihombing, S.Sos","Psychotherapist, dance movement",UD Natsir Suartini,Papua Barat
fe06acaf,Prayitna Maryati,Medical laboratory scientific officer,UD Maulana (Persero) Tbk,Papua Barat
94bf3f35,Carla Siregar,Equality and diversity officer,Perum Nainggolan Tbk,DKI Jakarta
8024aba2,Wani Prakasa,Primary school teacher,UD Jailani (Persero) Tbk,Sulawesi Tengah
61388c82,Jamal Widodo,Museum/gallery exhibitions officer,CV Suryatmi (Persero) Tbk,DKI Jakarta
020b724e,Rika Prasetya,Chief Executive Officer,UD Purnawati,DKI Jakarta
5655d925,Kamidin Yolanda,Drilling engineer,PD Kusumo (Persero) Tbk,Gorontalo
6a3b3b00,"Padmi Aryani, S.Psi",Optometrist,PT Narpati Oktaviani Tbk,Jawa Timur
0ed37be4,Dr. Legawa Fujiati,Automotive engineer,Perum Susanti Anggriawan,Sumatera Utara
9e9ad409,Hj. Dina Yolanda,Hydrographic surveyor,UD Nuraini Nababan,Kepulauan Bangka Belitung
9597d8c8,Icha Riyanti,Purchasing manager,Perum Puspasari Tbk,Sulawesi Tengah
cefc6cf5,Winda Novitasari,Banker,CV Latupono (Persero) Tbk,Kalimantan Barat
e7a3e6d5,Salwa Dongoran,Geochemist,PD Aryani Pratiwi,Jawa Timur
6fb8995d,"Bahuwarna Pradipta, M.Pd",Insurance broker,CV Nugroho,Sumatera Barat
8fed4372,Kayla Hariyah,"Scientist, research (maths)",PD Maryati (Persero) Tbk,Sulawesi Tengah
8aba5274,Galak Mandasari,Rural practice surveyor,PD Saptono,Sulawesi Tengah
650232bd,Hj. Ina Hutapea,Cartographer,UD Fujiati Tbk,Bengkulu
9381dca0,"Tgk. Bagus Andriani, S.E.I",Licensed conveyancer,PT Marbun Tbk,Kepulauan Riau
1a12948d,Luhung Waluyo,"Engineer, manufacturing",Perum Marbun,Kepulauan Riau
a57f1c4f,Kania Natsir,Mining engineer,CV Astuti Tampubolon,Nusa Tenggara Barat
c7c318b8,"Hj. Maria Zulkarnain, M.TI.",Prison officer,PD Pangestu Tbk,Riau
2bde0fe4,Kalim Pangestu,Early years teacher,PT Pudjiastuti Pangestu,Papua
f598c6b6,"Iriana Nuraini, M.Pd","Geologist, wellsite",UD Permadi,Nusa Tenggara Timur
5f4531df,Elvina Hassanah,Intelligence analyst,PT Marbun Tbk,Nusa Tenggara Barat
c7d29e75,"Dt. Ozy Mangunsong, M.Pd",Pensions consultant,UD Hutasoit,Kalimantan Selatan
57c2d220,"Ivan Nurdiyanti, S.Kom","Scientist, audiological",UD Dabukke Usada,DKI Jakarta
2608c667,"Dt. Waluyo Melani, M.Pd","Horticulturist, commercial",CV Budiman Waskita Tbk,Sumatera Utara
5f0f5bb7,Sutan Cahyadi Pratiwi,Applications developer,Perum Palastri Maheswara,Nusa Tenggara Timur
0cfc18ce,Natalia Puspita,"Solicitor, Scotland",PT Usada Tbk,Papua Barat
c460499f,"Hj. Paramita Yulianti, M.Ak",Contracting civil engineer,UD Mardhiyah (Persero) Tbk,Jawa Tengah
eae7a25d,Kawaya Handayani,Trade mark attorney,PD Siregar Tbk,Nusa Tenggara Timur
b39e3ae7,"Hana Wijaya, M.M.",Brewing technologist,PD Fujiati Tbk,Jawa Barat
008646f1,Sabri Marpaung,Sales executive,Perum Saragih Hartati,Sumatera Barat
3c3b0dbd,Usyi Wibisono,"Psychologist, educational",CV Gunawan Safitri Tbk,Sulawesi Barat
ddc89065,Puput Natsir,Early years teacher,PD Anggraini Mulyani,Jawa Barat
16d42f81,Clara Usada,Meteorologist,Perum Usamah Wulandari,Jawa Timur
6c35202d,Hj. Qori Yulianti,"Therapist, sports",CV Nainggolan Nababan,Sulawesi Tengah
413e3077,Dalimin Agustina,Immunologist,UD Kuswandari (Persero) Tbk,Sumatera Utara
cc08b7a3,Dr. Ibrani Yuliarti,Chartered certified accountant,Perum Hartati Iswahyudi,Bengkulu
c90afeba,Talia Palastri,"Programmer, systems",UD Maheswara,Riau
ea5509ac,Tami Saputra,IT trainer,UD Widodo,Kalimantan Selatan
b40b18cf,Diana Waluyo,English as a foreign language teacher,PT Melani Kusmawati,Papua
3cee6067,Raharja Santoso,"Engineer, petroleum",Perum Wijayanti,Banten
6c7757f8,"T. Manah Lestari, M.Ak","Radiographer, diagnostic",CV Namaga (Persero) Tbk,Papua Barat
0f8b119b,Puti Cinta Mahendra,Building surveyor,UD Zulaika Tarihoran (Persero) Tbk,Jawa Timur
3ce6f21a,T. Asman Thamrin,Film/video editor,PT Haryanti (Persero) Tbk,Jambi
bc91e6fe,"Hj. Ulva Mansur, M.Ak","Designer, multimedia",Perum Waluyo,Sulawesi Barat
26797f06,Fitria Damanik,Radio broadcast assistant,PT Simanjuntak Purnawati,Sulawesi Utara
1a17c35d,"Rafid Tampubolon, S.Kom",Accommodation manager,PT Tamba,Riau
5a1b8968,Jaya Widiastuti,Personal assistant,PT Simbolon,Sulawesi Tenggara
80878fc5,Estiawan Prayoga,Homeopath,CV Thamrin Tbk,Lampung
5c61ad5c,Sakura Najmudin,Research scientist (life sciences),PD Laksmiwati Narpati Tbk,Sumatera Utara
545db6a6,Harjaya Wasita,"Chemist, analytical",Perum Permata (Persero) Tbk,Lampung
9d605778,Tgk. Raisa Novitasari,"Engineer, aeronautical",PD Wulandari Prastuti (Persero) Tbk,Jambi
16884e71,Nova Mustofa,"Engineer, site",Perum Yolanda Tbk,Riau
2baf41bc,"Radika Maulana, M.Farm",Musician,PD Sinaga Prakasa,Nusa Tenggara Timur
51e54cca,Titi Yolanda,"Scientist, audiological",Perum Prayoga,Gorontalo
ec7409c5,Drs. Ozy Nainggolan,Systems developer,CV Hutasoit Gunawan,Sulawesi Selatan
47b85eaa,Zelaya Megantara,Stage manager,Perum Safitri,Banten
d307b777,KH. Edi Uyainah,Careers information officer,PD Wijayanti Tbk,Banten
da42ff27,Jaga Utami,Clinical embryologist,CV Anggraini,Nusa Tenggara Timur
9b67ea1d,"Cut Paramita Mahendra, S.T.",Freight forwarder,UD Mahendra Susanti (Persero) Tbk,Sulawesi Utara
63d5e399,Endah Rahayu,"Engineer, materials",UD Budiman Melani (Persero) Tbk,Sumatera Selatan
168c4873,Luwes Mangunsong,"Buyer, industrial",PD Januar Rahayu Tbk,Maluku
1542fc22,Tomi Lailasari,Advertising art director,CV Nainggolan Halimah (Persero) Tbk,Maluku
04fa1027,"Vinsen Yolanda, M.Kom.",Chief of Staff,PD Maheswara,Jambi
a5c64546,Nadia Mangunsong,Marine scientist,PT Pradipta,Nusa Tenggara Barat
c99b2af9,Padmi Mansur,Heritage manager,UD Wahyudin Mandala,Papua Barat
c5cdb0d7,"Cut Natalia Dongoran, S.I.Kom",Claims inspector/assessor,PD Oktaviani Anggriawan,Jawa Timur
b5215ef6,Maya Thamrin,"Scientist, audiological",UD Ramadan (Persero) Tbk,Sumatera Utara
4a7675ee,Sutan Pandu Anggriawan,"Presenter, broadcasting",CV Pertiwi,Kalimantan Timur
64b6ed01,Kemba Anggraini,Radio producer,CV Usada Ardianto (Persero) Tbk,Kepulauan Bangka Belitung
7d9110f8,Jasmin Ramadan,Commercial art gallery manager,PD Kusmawati,Sulawesi Selatan
09e7e41e,Maimunah Setiawan,Publishing copy,PT Hardiansyah Anggriawan,Kalimantan Selatan
2ee34686,Hj. Zulaikha Maheswara,"Physicist, medical",UD Najmudin Halim,Sulawesi Selatan
e04d9341,Irma Mandasari,Chief Executive Officer,UD Dongoran Palastri,Riau
25fdcf0c,Kamidin Mandasari,Chemical engineer,PD Sitorus Sitompul Tbk,Kalimantan Tengah
09cea3c9,Cici Najmudin,Volunteer coordinator,PT Ardianto (Persero) Tbk,DKI Jakarta
659205ad,Cinta Hasanah,"Engineer, production",PD Prasasta Simbolon (Persero) Tbk,Kalimantan Tengah
d8d4d878,Rangga Rahimah,Television/film/video producer,PD Purwanti Pradana Tbk,DKI Jakarta
95b24360,"R. Mila Prasetyo, S.IP",Tax inspector,UD Prastuti,Jawa Timur
238bd476,"Iriana Hidayat, S.Farm","Buyer, retail",CV Riyanti Tbk,Kalimantan Timur
39041ea4,Talia Saefullah,"Therapist, speech and language",PT Hartati Tbk,Sumatera Selatan
ed2a02b2,Padmi Mangunsong,Automotive engineer,UD Pratiwi Tbk,Jawa Timur
1b86b01e,Eva Jailani,Physiotherapist,Perum Mardhiyah Hastuti,Bali
05b2c227,"Tgk. Yessi Lazuardi, M.M.","Engineer, civil (contracting)",PD Palastri Anggriawan (Persero) Tbk,Jambi
85b02ccb,Bajragin Yuniar,IT sales professional,CV Maulana Lestari,Maluku
ddd4b507,R. Virman Lestari,Meteorologist,CV Safitri Iswahyudi (Persero) Tbk,Jambi
65ace975,Wisnu Pangestu,Financial planner,UD Mangunsong Samosir (Persero) Tbk,Kalimantan Selatan
7ff5e450,"Drs. Maryadi Sitorus, S.Psi","Runner, broadcasting/film/video",CV Haryanto Halim,Sulawesi Barat
f4411df9,"Dt. Yahya Prasetya, S.I.Kom",Research scientist (medical),PT Siregar Gunawan Tbk,Jawa Barat
bac832f6,Wirda Sitorus,Special educational needs teacher,Perum Ramadan Tbk,Jawa Timur
8ce59734,Bagas Firmansyah,Advertising art director,UD Adriansyah (Persero) Tbk,Sulawesi Utara
a987fe0b,Michelle Sitorus,Passenger transport manager,Perum Halim Tbk,Maluku
5e5acdb4,"R.A. Salsabila Fujiati, S.Ked",Field seismologist,PT Ramadan Maryati,Sumatera Utara
ca8516e3,Kamaria Hakim,Forensic scientist,PD Yolanda Mandala (Persero) Tbk,Nusa Tenggara Barat
614dda83,Tgk. Nabila Firmansyah,"Education officer, museum",Perum Wacana Mulyani,Riau
b64b8175,"Puti Suci Prasasta, S.Sos",Health and safety inspector,Perum Marpaung Winarno,Sulawesi Tengah
226dc2bd,"Dr. Dono Lailasari, S.Farm",Heritage manager,CV Gunawan Megantara (Persero) Tbk,Sulawesi Utara
95275c50,Michelle Fujiati,Advertising account executive,Perum Pertiwi Pradipta,Sumatera Utara
a2bab025,Bakti Permata,"Research officer, government",PD Laksita,Kalimantan Utara
1496ec3f,Edward Novitasari,IT sales professional,CV Wulandari Mustofa,Nusa Tenggara Timur
a2cc1183,"Drs. Cakrawangsa Tarihoran, S.Farm","Surveyor, hydrographic",CV Hassanah (Persero) Tbk,Sulawesi Tenggara
2800d027,Kacung Suryono,"Psychologist, occupational",PD Nasyidah (Persero) Tbk,Kalimantan Timur
6e13fe24,Ajiono Sihombing,Media planner,CV Zulaika Mulyani Tbk,DI Yogyakarta
a831d6e9,Drs. Genta Tamba,Manufacturing systems engineer,UD Wasita Budiyanto (Persero) Tbk,Jawa Tengah
0a885555,Azalea Mangunsong,"Surveyor, building",PT Utama Tbk,Sumatera Barat
f13777f7,"drg. Cinthia Saptono, S.H.",Careers information officer,PT Sitompul Budiman Tbk,Sumatera Selatan
968539e2,Galur Rahmawati,Customer service manager,UD Dabukke Kurniawan,Kalimantan Tengah
f3aba823,"Zulaikha Hutapea, M.Farm",Chiropodist,PD Yuliarti Dabukke,Kalimantan Selatan
0a94e540,"Nilam Halimah, S.Farm",Broadcast presenter,UD Yuliarti Mardhiyah Tbk,DI Yogyakarta
1629ccd2,Intan Budiman,Fine artist,CV Puspasari,Kalimantan Selatan
b3c21bbc,"Sarah Thamrin, S.E.",Theatre director,PD Lestari,Sulawesi Tenggara
5252b7a9,Kemal Yuniar,"Geneticist, molecular",CV Utama Mandasari Tbk,Papua
9b4eb998,Baktiono Mulyani,"Surveyor, building",PD Gunawan,Jawa Timur
083a30e6,Wani Anggriawan,"Production assistant, television",PD Adriansyah Wastuti (Persero) Tbk,Sulawesi Selatan
484975d1,"dr. Galih Halimah, S.T.",Tax adviser,UD Gunawan Haryanto,Sumatera Utara
58c205ed,Kawaca Puspasari,Production manager,Perum Pradipta Thamrin,Jawa Barat
e5b946d5,Maryanto Kurniawan,"Restaurant manager, fast food",UD Hartati (Persero) Tbk,Kalimantan Utara
a980b46b,Irma Saptono,"Conservation officer, historic buildings",CV Mulyani,Sulawesi Selatan
467c3950,Drs. Vinsen Januar,Immunologist,PD Puspita Hidayat Tbk,DKI Jakarta
c036c2fc,Kenari Ramadan,Computer games developer,Perum Mustofa,Sulawesi Utara
5cb206d9,Puti Lalita Kuswoyo,Industrial buyer,CV Pradana,DKI Jakarta
6d01cafa,dr. Eka Rahimah,Ophthalmologist,PT Prakasa Yuliarti,Maluku
fd7b4dca,Rahmi Januar,"Production assistant, radio",UD Mandasari (Persero) Tbk,Sulawesi Tengah
d02a1822,Margana Suartini,Chartered certified accountant,UD Nainggolan Wibowo,Papua Barat
0e685823,Melinda Santoso,Chief Operating Officer,CV Permadi Usada,Sulawesi Utara
a08b5f8c,Embuh Safitri,"Engineer, aeronautical",PT Habibi,DKI Jakarta
31c2d5a3,Budi Pertiwi,Conference centre manager,UD Haryanto Tbk,Sulawesi Utara
19c3c3cb,Himawan Maulana,Commissioning editor,PT Ardianto Tbk,Sulawesi Tenggara
02e60b36,dr. Sarah Mahendra,Comptroller,UD Hasanah Zulaika,Sumatera Selatan
e22ec29d,Ina Mandala,"Lecturer, higher education",PT Melani,Papua
04d96100,"KH. Jaya Handayani, S.H.",Learning disability nurse,PT Laksmiwati,DI Yogyakarta
a60de11b,Carub Prasetyo,"Scientist, research (physical sciences)",UD Puspita Maryadi Tbk,Maluku
17d058e2,Calista Wulandari,Hydrologist,PD Siregar,Jawa Tengah
3315b2cd,Balidin Winarsih,"Designer, industrial/product",Perum Nurdiyanti Firgantoro (Persero) Tbk,Sulawesi Utara
ffffc95d,"Kardi Kusmawati, M.TI.",Stage manager,UD Tampubolon,Bali
5c699db9,"Indah Wulandari, S.Pd",Biomedical engineer,UD Astuti,Jawa Tengah
195037fe,"Koko Hardiansyah, S.I.Kom",Science writer,Perum Dongoran Jailani,Bengkulu
ace9a893,Hardi Melani,"Editor, film/video",PT Susanti Winarno (Persero) Tbk,Bengkulu
34b092c2,Syahrini Haryanto,Solicitor,Perum Farida Usada,Kalimantan Tengah
5d1c996a,"Galur Rajasa, M.Farm",Aid worker,CV Rahimah Tbk,Papua Barat
fa34a80f,"Jumadi Usamah, S.I.Kom",Government social research officer,UD Farida Tbk,Lampung
14a0dadb,dr. Aslijan Melani,Advertising account planner,PT Anggraini Wasita,Lampung
556bffa4,Hj. Lintang Wijaya,Research scientist (life sciences),CV Waskita,Jawa Barat
e0f24a25,Yahya Maulana,Therapeutic radiographer,PT Uyainah Nainggolan Tbk,Kepulauan Riau
27368a48,Farhunnisa Sinaga,"Production assistant, television",CV Mulyani,Bengkulu
d7c224f4,Paris Hutapea,Youth worker,UD Habibi Waluyo,Jawa Barat
e3c4824c,"Jaga Wacana, S.I.Kom",Microbiologist,CV Habibi (Persero) Tbk,Sulawesi Tenggara
34d0e2c6,Tami Jailani,Legal executive,UD Mansur Purwanti,Sulawesi Tengah
faae1cc2,Danuja Tarihoran,Health service manager,Perum Melani,Maluku
9f9a4799,Patricia Ardianto,Network engineer,PD Aryani Suwarno (Persero) Tbk,DI Yogyakarta
b3bbdddd,Salimah Pradana,"Programmer, applications",UD Padmasari Mandala Tbk,Banten
b272df1e,Puti Syahrini Hasanah,Graphic designer,UD Hutasoit,Kalimantan Barat
c7179154,Shania Wastuti,Actor,UD Usamah Latupono,Jawa Barat
c3d5866e,Purwa Puspasari,Seismic interpreter,Perum Puspasari Manullang (Persero) Tbk,Jambi
37789504,Tgk. Ratna Latupono,Information systems manager,CV Hutagalung,Kepulauan Bangka Belitung
26cd231a,Carub Maheswara,Nature conservation officer,CV Haryanti Anggraini,Sulawesi Utara
a0e203d9,Adhiarja Wulandari,Archaeologist,PT Dongoran Maryati (Persero) Tbk,Kepulauan Bangka Belitung
405e3978,Dt. Karma Waluyo,Chiropodist,PD Prasasta Lailasari,Sulawesi Utara
be52f4a0,Gina Zulaika,Estate manager/land agent,CV Gunawan Setiawan (Persero) Tbk,Kepulauan Riau
1aa98ed6,Ika Suwarno,Geophysicist/field seismologist,CV Mansur (Persero) Tbk,Kalimantan Timur
b6e5c636,Drs. Jasmin Prayoga,"Engineer, energy",PD Purwanti Suryatmi,Banten
a7212952,Indah Mandasari,"Psychologist, counselling",PT Nugroho Tarihoran Tbk,Nusa Tenggara Barat
ad86d208,Hasna Setiawan,Company secretary,CV Latupono Winarsih,Nusa Tenggara Barat
7ef5241d,Padmi Prasetyo,Financial controller,PT Wastuti,Sulawesi Utara
5cc014f5,Mala Halimah,Fitness centre manager,PT Hariyah,DI Yogyakarta
3da2ddc0,"Alambana Lazuardi, S.Pt",Control and instrumentation engineer,CV Pradana Handayani Tbk,Gorontalo
22ab04de,Cornelia Saefullah,Wellsite geologist,Perum Yuliarti,Riau
2d164f78,"H. Damu Gunawan, S.Kom",IT consultant,Perum Damanik Anggriawan,Kalimantan Utara
01bd5ada,Prabu Mustofa,"Teacher, primary school",CV Marpaung Fujiati,Jambi
60691dde,Kamaria Pradana,Fisheries officer,UD Rahmawati Tarihoran,Jawa Timur
352ed597,Ophelia Laksmiwati,Careers information officer,UD Firgantoro,Sumatera Utara
98173046,R. Hesti Permadi,"Editor, magazine features",CV Sirait,Jambi
5ae14e61,Salimah Tarihoran,Software engineer,PT Wahyudin (Persero) Tbk,Sulawesi Utara
8d8a7017,"drg. Padmi Rahayu, S.I.Kom",Ambulance person,Perum Waluyo,Jawa Timur
4d9c406c,"Drs. Adiarja Suryatmi, M.Farm",Research scientist (physical sciences),Perum Haryanto,Kepulauan Bangka Belitung
82d31bb7,Hartaka Prasetyo,Location manager,Perum Yuniar (Persero) Tbk,Riau
b1f30e3e,"R. Ella Kurniawan, S.Sos",Food technologist,PD Kuswandari Saefullah,Sulawesi Tenggara
95346cd1,Aris Lestari,Psychiatrist,PD Wasita,Papua Barat
c3ed5a43,Aurora Latupono,Health service manager,Perum Mayasari Yulianti,Nusa Tenggara Timur
d2f17fbe,Putri Zulaika,Analytical chemist,PT Pratiwi Wijayanti (Persero) Tbk,Kalimantan Selatan
a26dff9b,Harjo Pangestu,Environmental manager,UD Jailani Adriansyah,Nusa Tenggara Timur
3a5db35c,Chelsea Yuniar,"Journalist, magazine",PT Hutapea Handayani,Nusa Tenggara Timur
6eb8101c,Cawisono Setiawan,Materials engineer,UD Waskita,Maluku
56a36388,Cut Bella Wibowo,Actor,PD Fujiati,Papua
d1d90d5d,Michelle Latupono,Commercial horticulturist,CV Kusumo Tbk,DI Yogyakarta
aee2aca5,Aurora Hassanah,Dealer,PD Wahyuni Rahimah,Nusa Tenggara Barat
e73d84e2,"Artawan Latupono, S.Pd",Personnel officer,PT Saragih Suryatmi (Persero) Tbk,Sulawesi Barat
d28106c4,Hasan Ardianto,Sales executive,PT Irawan (Persero) Tbk,Kalimantan Barat
4e65e82f,"Dinda Pradana, S.Gz","Editor, magazine features",CV Pradana Oktaviani Tbk,Jawa Timur
c7b58133,"Nyana Purwanti, S.Gz",Musician,PT Maulana Tbk,DI Yogyakarta
83fcaa53,"Ir. Najwa Rahimah, S.Pt",Public relations account executive,Perum Hakim (Persero) Tbk,Kalimantan Barat
53b75bda,Tantri Rahimah,Archaeologist,UD Zulkarnain Tbk,Banten
07a53f4c,"dr. Purwadi Permata, S.Psi",Insurance broker,Perum Gunawan Yulianti,Riau
fce6357a,Tgk. Upik Andriani,Horticultural consultant,UD Haryanto,Nusa Tenggara Timur
913ca28c,"Budi Permata, S.I.Kom","Scientist, marine",Perum Prabowo Sitompul,Sulawesi Utara
9bd7bd8d,Halim Prayoga,Theatre manager,PT Wibowo,Sulawesi Tengah
bcca902e,Puti Puput Mulyani,"Scientist, forensic",PD Salahudin Tbk,Sumatera Utara
328cc032,Maryadi Pratama,Senior tax professional/tax inspector,Perum Nugroho (Persero) Tbk,Bali
c79144cc,Puti Putri Mayasari,Town planner,CV Utami Mulyani,DI Yogyakarta
b78d4dd4,Laksana Sihombing,Sub,CV Firmansyah Yulianti,Aceh
7532dc21,Karimah Lestari,"Surveyor, rural practice",CV Firgantoro (Persero) Tbk,Sulawesi Tenggara
3e7c8f64,Cahyadi Santoso,"Merchandiser, retail",UD Budiyanto Tbk,Kepulauan Bangka Belitung
b5e0ed6f,Amelia Natsir,"Surveyor, mining",Perum Mangunsong Maryadi,Sumatera Utara
082563d0,"Hj. Nadine Safitri, S.Psi","Designer, jewellery",PD Anggriawan Putra,Banten
d47a761f,"R. Calista Nugroho, M.Kom.",Ranger/warden,CV Lestari,Bengkulu
b5b399d5,Dt. Ganep Kusmawati,Haematologist,PD Hariyah Tbk,Kalimantan Utara
d724a9f5,Yuliana Wahyudin,Acupuncturist,Perum Andriani Tbk,Bali
340f202f,"Usman Nurdiyanti, M.Kom.",Data processing manager,UD Siregar,Jawa Barat
3cabc214,"Dr. Ibun Lailasari, S.T.",Advertising copywriter,Perum Mulyani Nainggolan Tbk,Sulawesi Tenggara
3d375907,Dt. Murti Hidayat,"Sales professional, IT",UD Hasanah Saptono Tbk,Gorontalo
4a39104c,"Pia Mandasari, S.Kom",Medical illustrator,Perum Suryatmi Tbk,DI Yogyakarta
374a07c3,Dt. Edison Sinaga,Musician,PD Usamah,Sulawesi Utara
69168477,Salman Waskita,"Engineer, broadcasting (operations)",PT Halimah Prasetyo Tbk,Sulawesi Utara
a630d20b,Wirda Budiman,"Editor, commissioning",CV Saputra Tbk,Kalimantan Utara
b6fa0748,"Sutan Daru Wulandari, S.Ked",Marine scientist,PT Pranowo,Kalimantan Utara
af3b5f2d,"Martana Pradipta, S.Sos",Technical author,PD Simanjuntak Santoso,Aceh
f017dcfb,Maya Ramadan,Agricultural consultant,PD Wahyudin,Sumatera Selatan
42e2daf9,Mustika Haryanto,Water quality scientist,UD Mardhiyah Lazuardi Tbk,Aceh
1f9df9e0,Kenari Widiastuti,"Engineer, land",PD Prakasa,Maluku
18bfa516,Luluh Siregar,"Engineer, petroleum",UD Winarno Sihotang Tbk,Papua
81810be0,Harjo Simanjuntak,Advertising account executive,CV Iswahyudi,Kalimantan Timur
69fb4e79,"Danu Haryanti, S.Pd",Recruitment consultant,PD Rahmawati,Sulawesi Barat
b4b83743,Zamira Januar,Waste management officer,CV Saefullah Hartati (Persero) Tbk,Banten
6ccdf20d,Tgk. Juli Usamah,"Psychologist, counselling",Perum Hartati Mulyani,Kalimantan Tengah
23b1cade,R. Jamal Rajasa,"Optician, dispensing",PT Riyanti (Persero) Tbk,Bali
86808a84,"Dirja Gunarto, M.Pd",Dentist,CV Tampubolon Halim,Sulawesi Tenggara
67fc8c78,Salman Siregar,"Production assistant, television",PD Prasetya Maryadi,Papua
4e3c9c08,Budi Lestari,Consulting civil engineer,Perum Yulianti Pradana,Sulawesi Barat
2ef2c766,"Nyana Mandala, S.Pt",Environmental manager,PD Irawan,Banten
5c34c95c,"Silvia Siregar, S.H.",Theatre stage manager,CV Pratiwi (Persero) Tbk,Sulawesi Tengah
a3a26d99,dr. Mariadi Palastri,"Education officer, environmental",PD Purnawati Tbk,Kalimantan Tengah
5cfa3946,"Gangsa Gunarto, S.H.","Teacher, special educational needs",PT Sihombing (Persero) Tbk,Kalimantan Selatan
f7741e70,Cici Mahendra,"Engineer, land",PD Simbolon Wastuti,Maluku Utara
2f1f0645,Maria Thamrin,Product designer,PT Pratiwi Ardianto (Persero) Tbk,Jambi
7dc3692e,Cengkal Laksmiwati,Training and development officer,Perum Prayoga,Aceh
b913c9d8,Laila Pradipta,Corporate treasurer,Perum Najmudin Tbk,Kepulauan Riau
983cd61c,"Hj. Tina Waluyo, S.Sos",Advertising art director,UD Sihotang Maryadi Tbk,Sumatera Barat
e1327fcd,Dr. Enteng Pertiwi,"Conservation officer, nature",PT Wacana Tbk,Kalimantan Timur
15241345,Dt. Satya Wasita,"Conservator, museum/gallery",CV Wibisono Sihotang (Persero) Tbk,Nusa Tenggara Barat
59f2585e,Ulya Nashiruddin,"Programmer, systems",UD Nababan Tbk,DKI Jakarta
42a2b1b9,Anita Permadi,"Horticulturist, amenity",PT Astuti,Nusa Tenggara Barat
3abc6344,Garan Nasyiah,Secretary/administrator,CV Suryono,Kalimantan Utara
ccfe08de,Victoria Hidayat,Research scientist (maths),Perum Wijayanti Mulyani,DI Yogyakarta
936cb856,"Ega Rahimah, M.Farm","Teacher, early years/pre",PD Maryati Utami,Sumatera Utara
10f841cf,Jayeng Lailasari,Fashion designer,PD Fujiati Pradipta,Kepulauan Riau
32d90270,Nasab Suryatmi,Senior tax professional/tax inspector,PD Yolanda Riyanti,Banten
fd80ce02,Atma Rajata,"Engineer, civil (consulting)",PT Firmansyah Riyanti Tbk,Papua Barat
97d2d4ea,Maria Pradipta,Industrial buyer,PD Wibowo Kusumo,Banten
be1ec613,Hana Hariyah,Product designer,PD Permadi Tbk,Sumatera Barat
8181b879,Drs. Asmuni Andriani,Advertising account planner,PD Mandasari Pangestu,Kalimantan Utara
965d8bf1,Puti Laras Zulkarnain,Network engineer,CV Hutapea Mansur (Persero) Tbk,Banten
1ede612c,Ajeng Simbolon,Graphic designer,Perum Firgantoro,Aceh
20bdf86e,H. Simon Wasita,Armed forces operational officer,UD Mahendra,Kalimantan Utara
2ccf1991,Dacin Hutasoit,"Surveyor, building",PT Pudjiastuti,Sulawesi Tengah
8957ddef,Bakiman Napitupulu,"Engineer, mining",Perum Hariyah,Sumatera Selatan
96f3c23d,"dr. Juli Pertiwi, M.Kom.",Merchant navy officer,PT Hutapea Waluyo,Maluku
55b9d9a2,Chandra Gunarto,Chartered loss adjuster,PD Hassanah Tampubolon Tbk,Aceh
b84cc048,"drg. Ratih Megantara, S.Pt","Conservator, museum/gallery",Perum Sihotang Tbk,Kalimantan Timur
9aed382a,Wirda Puspita,Quality manager,Perum Wastuti Zulkarnain (Persero) Tbk,Kalimantan Timur
782d691b,Adiarja Suwarno,Catering manager,Perum Fujiati,Kalimantan Timur
c08e01e0,Pandu Prastuti,"Surveyor, mining",CV Prakasa Hasanah,Kalimantan Utara
71bdb971,Puji Rahayu,Public relations account executive,Perum Wibowo Firgantoro,Jawa Tengah
0b0da9e5,Gina Megantara,"Producer, television/film/video",CV Pudjiastuti (Persero) Tbk,Kalimantan Utara
01830514,"Tgk. Kariman Firmansyah, M.Farm",Arts development officer,PT Farida Tbk,Nusa Tenggara Timur
5db21a46,"Kala Yuniar, S.I.Kom",Medical secretary,PT Tarihoran Wijaya,Riau
f356e4e0,Upik Rajasa,Holiday representative,UD Pudjiastuti Aryani (Persero) Tbk,Papua Barat
0378cb89,"Jati Budiyanto, M.Pd",Teaching laboratory technician,Perum Saragih Budiman (Persero) Tbk,Jawa Barat
867c6982,"Hendri Mayasari, S.H.",Broadcast presenter,Perum Kuswoyo,Kalimantan Timur
1e54daf6,Maria Anggriawan,Architect,UD Nashiruddin Kuswoyo,Sulawesi Selatan
0fdfd868,"Elma Sihotang, S.Pt",Geophysical data processor,PD Saptono,Jawa Tengah
ce91ec83,Ulva Kurniawan,"Education officer, environmental",PD Mahendra Anggriawan Tbk,Nusa Tenggara Timur
31734459,R.M. Opan Usamah,International aid/development worker,Perum Hutasoit Wijaya,Sulawesi Selatan
168e61cd,Almira Haryanti,Mental health nurse,UD Mandala Tbk,Sulawesi Barat
f9e72f70,KH. Dacin Siregar,Building services engineer,PD Wahyudin,Jawa Tengah
548b8230,"Bagus Laksmiwati, S.Farm","Restaurant manager, fast food",PT Mustofa Laksita,Kalimantan Utara
571de986,Natalia Wastuti,Research scientist (medical),UD Kusmawati Kuswandari,Maluku
c8272a1e,dr. Rachel Yuliarti,"Teacher, early years/pre",Perum Prakasa (Persero) Tbk,Lampung
997ece33,"Rosman Ardianto, S.Pt",Production manager,PT Nashiruddin Namaga (Persero) Tbk,Sulawesi Tengah
4c5f306d,"Cut Zalindra Hutasoit, S.Ked",Press photographer,UD Laksmiwati,Aceh
82600d8d,Zulaikha Prakasa,"Surveyor, minerals",PD Hassanah,DI Yogyakarta
f13efed9,"Jasmani Santoso, S.Farm",Electrical engineer,CV Manullang,Kalimantan Selatan
90efac4d,Dartono Wacana,Oncologist,PT Pratama,Jawa Timur
66a45aaa,Ir. Febi Puspita,Photographer,PD Hutapea Tbk,Lampung
643ccd3f,Umaya Tamba,Museum/gallery exhibitions officer,UD Namaga,Bengkulu
a9200305,Mutia Hasanah,Adult guidance worker,CV Purnawati,Bengkulu
4e4cbdb4,"Cut Winda Wibisono, S.T.",Location manager,PT Tampubolon Waluyo (Persero) Tbk,Jawa Tengah
9addeead,Irsad Zulaika,Administrator,PT Winarsih (Persero) Tbk,DKI Jakarta
ffa5e7be,H. Darman Siregar,Catering manager,UD Haryanto Prakasa,Kepulauan Riau
b09ef0d8,Dalima Sihotang,"Scientist, physiological",PD Simbolon,Sumatera Selatan
2c93c585,Cut Tiara Wahyuni,Claims inspector/assessor,Perum Palastri Uwais (Persero) Tbk,Jawa Barat
c6fec3c1,Indra Lailasari,Location manager,PD Sitompul Tbk,Kalimantan Selatan
1c132256,Ana Saptono,Chartered legal executive (England and Wales),UD Saefullah Hutagalung (Persero) Tbk,Jambi
f79fde2b,Marsito Yolanda,"Social research officer, government",Perum Sihombing,Kalimantan Selatan
c5f5d70c,Tgk. Sari Prasasta,Ecologist,PD Yolanda Winarno,Kalimantan Selatan
58e35ae3,Gilda Mansur,Furniture designer,Perum Hidayanto Tbk,Lampung
78ec87de,Kairav Wacana,"Conservator, museum/gallery",UD Kuswoyo (Persero) Tbk,Nusa Tenggara Barat
8aa9cb5d,Ghaliyati Utami,Furniture designer,PT Sihotang Widiastuti (Persero) Tbk,Sumatera Barat
7dd5997c,Eva Padmasari,Physiotherapist,PD Tarihoran Tbk,Kepulauan Riau
b775eab2,Nurul Budiman,Technical brewer,PD Susanti Tbk,Jawa Barat
44fb07d0,"Rusman Novitasari, S.Psi",Analytical chemist,CV Safitri,Sulawesi Utara
ca0f17d9,"Agnes Samosir, M.Farm",Neurosurgeon,PT Tampubolon,Aceh
73af7177,Karimah Hariyah,"Scientist, marine",UD Maryati,Kepulauan Riau
e6b8ee00,dr. Laras Salahudin,Haematologist,PD Januar Tbk,DI Yogyakarta
3dd2434c,"R. Ibrani Januar, M.Kom.",Dispensing optician,CV Maulana Wibowo,DKI Jakarta
8b20947b,"Rahman Waluyo, S.H.",Health physicist,PD Agustina Aryani,Bengkulu
ba3f9e89,"drg. Yessi Hariyah, S.Pd",IT sales professional,PD Mandala Kusmawati,Gorontalo
bb12b07d,Sutan Dodo Najmudin,Water engineer,CV Maryadi Hariyah (Persero) Tbk,Kalimantan Utara
72ed5d66,Yessi Siregar,Make,UD Hidayanto (Persero) Tbk,Gorontalo
b32652da,"Cut Jamalia Hasanah, S.T.",Newspaper journalist,CV Sirait,Sumatera Utara
