ID_Karyawan,Nama_Lengkap,Profesi,Perusahaan,Provinsi
d1f9fca6,"Johan Prastuti, S.T.","Journalist, newspaper",UD Mahendra Mansur,Sulawesi Utara
1d13917a,Lili Rahayu,"Designer, blown glass/stained glass",PT Tampubolon Mangunsong,Banten
c756df0d,Ghaliyati Wijayanti,Geophysical data processor,UD Lailasari,DKI Jakarta
ba76d407,"Jaga Andriani, M.Ak","Librarian, academic",UD Wastuti Saragih,DKI Jakarta
6af3431a,"R.M. Kayun Sudiati, M.TI.",Aeronautical engineer,PD Prabowo,Lampung
93601168,Ayu Nuraini,Race relations officer,PT Novitasari,Bengkulu
cce11adc,Eka Winarno,Risk analyst,UD Prayoga Sitorus Tbk,Sulawesi Selatan
87a6de9b,Kemba Mahendra,Merchant navy officer,PD Palastri (Persero) Tbk,Kepulauan Bangka Belitung
ba259932,Dr. Rizki Sihombing,Medical secretary,PT Pranowo Siregar (Persero) Tbk,DI Yogyakarta
b69b65b5,Vivi Tarihoran,Ambulance person,PD Prayoga Firgantoro,Sulawesi Tengah
21bba21b,Sutan Garan Halimah,Psychiatrist,UD Suartini Widiastuti,Kalimantan Timur
c6913d43,Hana Putra,Early years teacher,CV Wasita Prastuti (Persero) Tbk,Lampung
19528279,Rahayu Wibisono,Senior tax professional/tax inspector,UD Nurdiyanti,Bengkulu
9e4a4e3f,Kadir Halim,Higher education careers adviser,UD Andriani Salahudin Tbk,Jawa Timur
5bfd6782,Septi Nasyiah,"Engineer, biomedical",PD Uwais (Persero) Tbk,Kepulauan Bangka Belitung
f07d26af,Adinata Santoso,"Designer, industrial/product",CV Prasasta (Persero) Tbk,Papua
4dab82e6,"Amalia Prasasta, M.M.",Computer games developer,UD Halimah,Jawa Barat
bec55987,Kamila Purnawati,Quality manager,PD Hassanah Gunarto,Gorontalo
563f4931,Gasti Hutagalung,Pathologist,PD Aryani,Nusa Tenggara Barat
f34d0198,dr. Ade Sihombing,Charity fundraiser,PD Sihombing Rahayu Tbk,Bengkulu
c44da2af,Himawan Wijayanti,Exhibition designer,UD Suwarno,Bali
2167b3d9,Dr. Farah Nasyiah,Careers adviser,UD Hutasoit,Sulawesi Utara
f02ceb48,"T. Muhammad Mandala, S.T.",Holiday representative,Perum Fujiati,Sulawesi Tengah
df91581f,Garda Uyainah,Diagnostic radiographer,UD Utami,Sumatera Utara
e00fc3fb,drg. Kurnia Haryanti,Child psychotherapist,PD Kuswandari,Aceh
93c45b50,"Drs. Carub Uwais, M.Farm",Audiological scientist,CV Fujiati Rajasa Tbk,Sumatera Barat
bc67e8c4,Kambali Haryanto,Local government officer,PD Hidayanto Tbk,Jambi
f68fd863,Hj. Elisa Saragih,Magazine journalist,UD Novitasari Agustina,Sumatera Selatan
7fd24ce4,"Drs. Olivia Sinaga, S.E.","Scientist, audiological",PT Saptono,Nusa Tenggara Timur
6173445e,"Dt. Hasta Saefullah, M.Kom.",Textile designer,CV Megantara (Persero) Tbk,Jawa Barat
599bb1e5,Kayla Marpaung,Dietitian,UD Rajata Hutapea Tbk,Kalimantan Tengah
568243ec,Cemeti Budiman,Airline pilot,PD Nurdiyanti Tbk,Lampung
3f0677be,"Tgk. Vinsen Pradipta, S.IP","Engineer, communications",PD Rahmawati Pangestu Tbk,Sumatera Barat
8e342617,Dr. Kairav Permata,"Civil engineer, contracting",CV Laksmiwati Lailasari,Riau
705454a1,Bakti Maryadi,Higher education careers adviser,UD Maulana,Kalimantan Barat
ad8235d2,"Ir. Puput Yulianti, S.Kom",Media buyer,Perum Maulana Halimah Tbk,Banten
67265f5e,Amalia Lazuardi,"Engineer, maintenance",CV Hassanah (Persero) Tbk,Kalimantan Selatan
62cef40b,"dr. Novi Marpaung, S.Sos",Occupational hygienist,CV Sihotang,Papua Barat
d3a837e1,"Jatmiko Waluyo, S.Ked","Engineer, automotive",PT Kusmawati Ardianto Tbk,DI Yogyakarta
bc8e27fd,Lili Hasanah,Press photographer,PT Nasyidah Astuti,Sulawesi Barat
65f1d210,"T. Hendra Tamba, S.Psi","Librarian, public",UD Pranowo,Jawa Timur
617e77da,Alambana Suryatmi,"Therapist, speech and language",CV Latupono,Maluku
1edd12c8,"dr. Kadir Suwarno, S.T.",Occupational psychologist,PT Pratiwi,Banten
f2815276,"Labuh Prabowo, S.Sos",Bonds trader,PD Pranowo (Persero) Tbk,Sulawesi Selatan
b67ec66d,Drs. Nyoman Laksmiwati,Land/geomatics surveyor,Perum Kusmawati Tbk,Lampung
05799ace,Adinata Pudjiastuti,Health physicist,UD Widiastuti Namaga,DKI Jakarta
c183e263,R. Tirta Sudiati,"Designer, ceramics/pottery",UD Sitorus Hakim,Jambi
58cacf6a,Yulia Sihotang,"Engineer, electrical",CV Sihotang,Kepulauan Bangka Belitung
db07b109,Tgk. Jumadi Namaga,"Engineer, biomedical",Perum Saptono Padmasari (Persero) Tbk,Jawa Tengah
4e2ab7a9,Capa Adriansyah,Information systems manager,PD Palastri Tbk,Maluku Utara
24c77b64,"R. Wani Tamba, S.Pd",Sales promotion account executive,Perum Prabowo Tbk,Lampung
2ee2563f,Kayla Hidayanto,Rural practice surveyor,PT Maheswara Maulana,Jawa Barat
bda63604,Sakura Prasetyo,Special effects artist,CV Permata Kusumo,Jawa Barat
8053db16,"Yuni Ramadan, S.Psi",Arts development officer,PD Waluyo Suwarno Tbk,Kalimantan Selatan
580aa246,Padma Megantara,"Education officer, community",CV Oktaviani Sihotang Tbk,Kepulauan Riau
7d5ed31d,Gangsar Simbolon,Artist,UD Usamah Santoso,DKI Jakarta
1546c67f,Ilsa Siregar,"Surveyor, commercial/residential",Perum Budiman Natsir,Sumatera Utara
81c2ee8f,Almira Putra,Multimedia programmer,PD Anggriawan Namaga (Persero) Tbk,Sumatera Selatan
bdcbd257,Dr. Amelia Sihombing,Insurance risk surveyor,Perum Hartati Melani (Persero) Tbk,Papua
18ae6a5a,"Tgk. Kani Samosir, S.I.Kom",Sports administrator,PT Budiyanto Tbk,DI Yogyakarta
83e02812,Eja Mardhiyah,Diplomatic Services operational officer,PT Yulianti (Persero) Tbk,Sulawesi Tenggara
99db8471,Setya Mustofa,"Scientist, clinical (histocompatibility and immunogenetics)",PT Susanti Sirait,Sulawesi Tengah
3353fd71,Daru Tarihoran,"Conservator, furniture",UD Wulandari,Sulawesi Tengah
59116834,Ira Anggriawan,"Radiographer, therapeutic",PT Siregar Purnawati,Jambi
29bf2e12,Michelle Melani,"Therapist, nutritional",Perum Andriani,Banten
f2734aee,"Dr. Malika Wahyudin, S.Pd",Event organiser,Perum Nuraini Saragih Tbk,Banten
dabe5054,Nardi Simanjuntak,"Sales professional, IT",PD Zulaika,Kalimantan Timur
57518224,"Dr. Lanjar Mulyani, S.E.",Fish farm manager,PD Wahyuni,Jawa Tengah
17a35fef,Jaeman Salahudin,Dealer,PD Salahudin Suryono,Bali
ae2c2441,"Citra Sihotang, S.IP",Social researcher,Perum Marpaung Zulaika,Sulawesi Tenggara
8cf55748,"Betania Sihombing, S.Kom",Adult nurse,PD Kusumo Megantara,Bali
52f9df26,Pangestu Lailasari,"Psychotherapist, child",UD Lestari Tbk,Sulawesi Tengah
5b8d9e4f,H. Cahyanto Maheswara,Television/film/video producer,UD Nugroho Firgantoro (Persero) Tbk,Banten
dcfae554,Ade Puspasari,Wellsite geologist,PT Wibowo (Persero) Tbk,Kepulauan Bangka Belitung
63985514,Prasetya Rajata,Geoscientist,Perum Yolanda,Kalimantan Barat
a20c0cb5,Elon Susanti,Careers information officer,UD Halimah,Nusa Tenggara Timur
99478cbe,R. Sarah Nugroho,Video editor,CV Nainggolan,Sumatera Selatan
aeef5f10,Cut Amalia Pranowo,Pension scheme manager,CV Latupono (Persero) Tbk,Nusa Tenggara Barat
182eaf1e,Kezia Tamba,Diplomatic Services operational officer,PT Saputra,Jambi
2e6a630a,Pangeran Agustina,Communications engineer,CV Astuti Firgantoro (Persero) Tbk,Sulawesi Barat
e9795963,Hj. Zelda Simanjuntak,Tourist information centre manager,PD Rajata,Kepulauan Bangka Belitung
650c4818,"KH. Harsana Wahyuni, S.E.",Toxicologist,Perum Hidayat Nababan (Persero) Tbk,Papua
6e099cfa,Jelita Saefullah,Music tutor,Perum Nababan Mangunsong Tbk,Sumatera Selatan
2630ebbe,"Jane Dabukke, S.E.I",Sports administrator,UD Maryadi,DI Yogyakarta
2b8d5390,Puti Cornelia Oktaviani,Science writer,CV Pradana,Sumatera Selatan
d94cf2a4,Galur Hutasoit,Information systems manager,PT Budiyanto,Nusa Tenggara Barat
b4d0fb97,Warji Puspita,Web designer,PD Hastuti Thamrin Tbk,Sulawesi Selatan
79c0e809,Among Pradana,Microbiologist,PD Puspita Damanik (Persero) Tbk,Sumatera Selatan
3296a867,Kuncara Nugroho,Probation officer,CV Susanti,Sumatera Barat
0c63c1ac,Nasim Nasyiah,Database administrator,Perum Nainggolan,Sulawesi Barat
845cbb3d,"Sutan Upik Dabukke, M.TI.",Personal assistant,PT Simbolon,Sulawesi Tengah
ed9a24a6,Wadi Putra,Air cabin crew,PD Laksita Sudiati,Maluku
1ab67400,"Gangsar Sudiati, S.Pd","Nurse, learning disability",PT Puspita Salahudin,Banten
afcec669,Muhammad Haryanto,Petroleum engineer,PD Najmudin,Banten
d89a8a89,Widya Purwanti,"Investment banker, operational",CV Manullang Lailasari,Lampung
b2024c2d,Eja Widodo,"Engineer, drilling",PD Sinaga,Kalimantan Utara
3121ed72,Ir. Ian Prasetya,Best boy,PD Novitasari Tbk,Kalimantan Timur
c30ee1c5,Darmaji Nashiruddin,Outdoor activities/education manager,PD Sitorus (Persero) Tbk,Sulawesi Selatan
11137f73,Tgk. Kamaria Prasetya,"Psychologist, educational",UD Safitri Sihotang Tbk,Papua Barat
39eef25d,"Drs. Kamila Uyainah, M.Pd",Financial planner,UD Pradana Saefullah,Maluku
19de06d2,R.A. Tina Salahudin,Town planner,Perum Santoso (Persero) Tbk,Maluku Utara
c1b05569,"Cut Ani Wasita, S.E.",Probation officer,PT Dongoran Natsir Tbk,Kepulauan Bangka Belitung
5148dce3,Fitriani Hidayanto,Historic buildings inspector/conservation officer,CV Prakasa Utama Tbk,Jambi
28624038,"Puti Dian Anggraini, S.Pd",Materials engineer,CV Sinaga,Kepulauan Riau
b1547ee2,Utama Haryanto,"Social research officer, government",PD Nashiruddin Tbk,Sulawesi Selatan
119c7986,R. Capa Firmansyah,Web designer,UD Latupono,Kalimantan Tengah
d8014d63,Gara Mandala,Fisheries officer,PT Pradana Tbk,Sulawesi Selatan
d2b206a4,Edi Saputra,Prison officer,PT Usamah (Persero) Tbk,Jawa Barat
51d0d545,"Drs. Mala Tampubolon, S.Pt",Theatre stage manager,PD Wahyudin,Aceh
093f5254,Mulya Prasasta,Animal technologist,PT Habibi Maryadi (Persero) Tbk,Sulawesi Tengah
f680ae3e,Pangestu Simanjuntak,"Engineer, broadcasting (operations)",PT Rajata (Persero) Tbk,Gorontalo
a6b453bf,"Hj. Ophelia Winarno, M.Ak",IT sales professional,UD Natsir Ramadan,Bengkulu
f858a5c5,"Ella Jailani, S.Ked",Ecologist,PD Suwarno Napitupulu Tbk,Jambi
a47bef4a,Farah Dabukke,"Designer, ceramics/pottery",PD Setiawan (Persero) Tbk,Sumatera Selatan
a10a0a3c,Luis Ramadan,Printmaker,PT Yulianti,Bali
daf7a264,Ana Mandala,Proofreader,PD Kusumo Nasyidah Tbk,Banten
43ada2c5,"H. Asman Irawan, S.I.Kom",Financial adviser,Perum Mayasari,Maluku Utara
a958924e,Gara Hidayat,Broadcast engineer,CV Halim Handayani,Gorontalo
fe3962c6,Dr. Balapati Rahimah,IT sales professional,CV Ardianto Aryani,Kepulauan Bangka Belitung
6d9fc6e2,Ulya Gunarto,Water quality scientist,PT Tamba (Persero) Tbk,Kalimantan Tengah
2eb22d5b,Agus Napitupulu,Therapeutic radiographer,UD Prasetya Laksita (Persero) Tbk,Bengkulu
2b9534ed,"Dalima Astuti, M.Farm",Barrister,PD Pranowo (Persero) Tbk,Sulawesi Tengah
1b4edbaa,Shakila Rajata,Ship broker,UD Simbolon Tbk,Kalimantan Barat
8f92153f,Elvina Laksmiwati,"Lecturer, further education",UD Pertiwi Mayasari,DI Yogyakarta
8ed00d9d,Drs. Rina Hariyah,Claims inspector/assessor,PT Mandala Puspasari,Nusa Tenggara Timur
c6d3efb1,Anom Lestari,"Engineer, manufacturing systems",Perum Simanjuntak,Sumatera Barat
c38e44d3,Lasmanto Samosir,Pensions consultant,Perum Situmorang,Lampung
78ae232c,Ir. Jaswadi Wijaya,"Pilot, airline",CV Wacana Pertiwi,Kalimantan Timur
2c30fed8,Jessica Firmansyah,Chiropodist,PD Megantara Haryanto (Persero) Tbk,Riau
80de5fd4,Yusuf Budiyanto,Agricultural consultant,CV Prabowo Padmasari,Kalimantan Utara
b57d07ee,"Marwata Waluyo, M.Ak",Publishing rights manager,PT Sihombing Irawan Tbk,Jawa Barat
100484d0,Sutan Malik Mulyani,Diagnostic radiographer,PD Maryadi Prastuti Tbk,Sumatera Utara
747d83e9,Karen Latupono,"Scientist, research (maths)",PT Gunarto,Papua
ba1d099b,Halim Waskita,Therapeutic radiographer,CV Lestari Zulaika,Sulawesi Utara
92c7e69a,Ida Uwais,"Engineer, automotive",PD Mayasari Pangestu Tbk,DKI Jakarta
6785ae9b,Tami Namaga,Commissioning editor,PT Palastri Tbk,Kepulauan Riau
7db913f1,Hasim Pradana,"Scientist, marine",PT Maryadi (Persero) Tbk,Jambi
a1693938,Jane Saptono,"Engineer, petroleum",Perum Nasyidah,Jawa Timur
ec8ce674,"Karimah Sihombing, S.H.",Radio producer,Perum Lailasari Wahyudin (Persero) Tbk,Nusa Tenggara Barat
b9611142,Hani Nainggolan,Fine artist,CV Sihombing Suryono Tbk,Sulawesi Tengah
d936c76a,"R. Aurora Wastuti, M.Farm",International aid/development worker,PT Sinaga,Nusa Tenggara Timur
5281e809,Daruna Nugroho,Television production assistant,UD Widiastuti (Persero) Tbk,DI Yogyakarta
9e050dfd,Daryani Salahudin,Best boy,UD Wahyudin Ardianto,Jambi
6ffc2bfa,Kenes Natsir,Therapeutic radiographer,PT Tarihoran,Papua Barat
000e9a13,Hilda Pudjiastuti,Higher education careers adviser,CV Melani Dongoran (Persero) Tbk,Jawa Tengah
e7c76b21,Ir. Mala Sihombing,Regulatory affairs officer,Perum Firmansyah Budiyanto Tbk,Sulawesi Tengah
487f1b5d,"Dimas Hasanah, M.M.",Dramatherapist,Perum Dongoran Kurniawan,Sumatera Utara
eaf1f726,"Teguh Hidayanto, S.Pd",IT technical support officer,Perum Januar Siregar,Gorontalo
fbccdb83,"Gangsar Permata, S.Farm",Educational psychologist,Perum Hidayanto Situmorang,Lampung
fcda9397,"drg. Virman Wastuti, M.Farm",Comptroller,PD Laksita,Kepulauan Riau
e14483e4,"Ir. Nasrullah Aryani, M.Farm",Wellsite geologist,PT Hutagalung Wacana (Persero) Tbk,Kepulauan Bangka Belitung
cf17b332,Adinata Nababan,"Psychologist, counselling",UD Yulianti (Persero) Tbk,Kepulauan Riau
17087292,Ilsa Prasetya,"Engineer, building services",Perum Saptono Zulaika,Nusa Tenggara Barat
6bab47e5,Bagya Nasyiah,Industrial/product designer,PT Pertiwi Tbk,Sulawesi Selatan
899b9c17,Hj. Suci Sudiati,Learning mentor,Perum Puspita Nasyiah,Sulawesi Barat
f97068ca,dr. Kamidin Mayasari,Retail buyer,PT Agustina (Persero) Tbk,Maluku Utara
98c21f22,Galar Kusumo,"Production assistant, radio",Perum Budiman Napitupulu Tbk,Sulawesi Barat
a5df9582,Sabar Zulkarnain,Conference centre manager,PT Yolanda Irawan Tbk,Gorontalo
d859555b,Candrakanta Mardhiyah,"Scientist, research (physical sciences)",Perum Prasasta Tbk,Bali
52714c61,Lili Pranowo,Actor,Perum Hutagalung (Persero) Tbk,Kepulauan Riau
9d6c6868,Lalita Sitompul,Environmental education officer,PD Maulana,Maluku
6fbb8573,"Tgk. Nurul Suwarno, S.Kom",Manufacturing systems engineer,UD Prayoga Rahmawati Tbk,Maluku
0787fd2e,Nalar Narpati,Forensic psychologist,PT Hidayat Prastuti,Sulawesi Tenggara
b42f4e2c,Puti Tiara Waskita,"Accountant, chartered management",Perum Anggraini,Jawa Tengah
02b2fefe,"Hj. Diah Suartini, M.TI.",Careers adviser,PT Zulaika,Sulawesi Tengah
e6e3f772,"Dinda Latupono, S.Pd","Doctor, hospital",Perum Anggriawan,Kepulauan Riau
414ef801,"dr. Bambang Riyanti, M.Ak",Agricultural consultant,PT Winarsih,Kalimantan Tengah
b1400f9d,"R. Prasetyo Pangestu, S.T.","Lecturer, further education",Perum Maryadi Tbk,Maluku Utara
4613fcba,"Dt. Paiman Sihotang, S.IP","Scientist, biomedical",CV Pratama,Kepulauan Bangka Belitung
5d8b7d7b,Wirda Wijayanti,"Engineer, structural",PD Putra Prasetyo (Persero) Tbk,Nusa Tenggara Barat
f64cc7a5,Mala Wijayanti,"Civil engineer, contracting",UD Salahudin,Maluku
75465062,Puti Safina Safitri,Mudlogger,CV Pradipta Farida,Kalimantan Utara
714dc44b,Paiman Waskita,"Engineer, manufacturing systems",CV Budiman (Persero) Tbk,Jambi
81553045,Legawa Laksita,Broadcast engineer,PD Astuti,Gorontalo
9842f982,Bakijan Rajasa,Barrister's clerk,UD Wijayanti Wastuti Tbk,Kalimantan Timur
c769335b,Ana Hassanah,"Buyer, retail",PT Pratiwi Utami,Nusa Tenggara Barat
2073aa3e,Almira Siregar,Press sub,Perum Prasasta (Persero) Tbk,Nusa Tenggara Barat
94955f54,"Ian Farida, S.Farm",Academic librarian,CV Mandasari Hutasoit,Bali
a3113193,"drg. Asmianto Rajata, S.Pd","Engineer, structural",PD Dabukke Susanti Tbk,Sulawesi Tenggara
b4841f2a,Darmana Kurniawan,Corporate treasurer,PD Hassanah,Sulawesi Tenggara
5960f395,Ciaobella Purnawati,Sport and exercise psychologist,Perum Pradana (Persero) Tbk,Kalimantan Selatan
858e71fd,"Hasna Astuti, S.IP",Field trials officer,PD Anggraini,Sulawesi Utara
2eb79c75,Balidin Sihombing,"Psychologist, occupational",CV Sudiati (Persero) Tbk,Banten
8e877d78,Purwa Nasyidah,Chartered certified accountant,PD Santoso,Jambi
fb7b1188,Purwa Mandasari,Environmental manager,CV Sihombing Hidayanto Tbk,Papua
3724909f,R.M. Bagya Puspita,Land/geomatics surveyor,PT Maryadi (Persero) Tbk,Riau
01ddd556,Sutan Maman Halim,Astronomer,CV Nugroho Prasetyo (Persero) Tbk,Maluku
506f8fff,"Halima Pradipta, M.TI.",Armed forces logistics/support/administrative officer,PD Nurdiyanti Tbk,Lampung
52fd3c69,Maria Wacana,Sports development officer,PT Permata,Bengkulu
dcb71461,"Jane Lestari, S.I.Kom",Consulting civil engineer,PD Natsir Marbun,Sumatera Barat
f8924dd8,Estiono Mandasari,Art gallery manager,Perum Salahudin (Persero) Tbk,Papua
a0468622,"drg. Laksana Hutasoit, S.I.Kom",Technical author,CV Padmasari Kusmawati,DKI Jakarta
f0477acc,Titin Pratama,Air traffic controller,PD Maryati Jailani,Sulawesi Barat
a7996f38,"dr. Daru Sihombing, M.Kom.",Video editor,PT Napitupulu Sinaga,Sumatera Barat
042b96c2,Candra Narpati,Chartered public finance accountant,Perum Laksmiwati Tbk,Jawa Timur
679e684e,"KH. Rendy Hutagalung, S.Ked",Chemical engineer,Perum Lailasari Waluyo Tbk,Papua
0ff767d0,Harsanto Kurniawan,"Surveyor, building",PD Wasita,Kepulauan Bangka Belitung
d948e04b,Ratna Hidayat,Ergonomist,PT Kusmawati Ramadan,Riau
5fc6443d,Karen Purwanti,"Therapist, speech and language",PD Laksmiwati (Persero) Tbk,Lampung
12806ff0,"Warta Anggraini, M.Pd","Nurse, adult",Perum Nainggolan,Kepulauan Riau
46a221ac,"Amalia Tamba, S.Psi",Psychotherapist,PT Mayasari Tbk,Bengkulu
db951313,Mitra Hidayanto,"Teacher, adult education",PT Pangestu Lazuardi,Kalimantan Selatan
3088c619,T. Kadir Adriansyah,"Designer, exhibition/display",PT Fujiati Tbk,Bali
0983896f,Danu Sudiati,Call centre manager,PT Novitasari Namaga Tbk,Nusa Tenggara Barat
a5361023,"Erik Melani, S.Sos","Production designer, theatre/television/film",Perum Lailasari Pradipta,Sulawesi Selatan
df29303c,Galih Setiawan,"Lighting technician, broadcasting/film/video",Perum Dongoran Uwais (Persero) Tbk,Riau
c481942c,"Tgk. Martana Utami, S.Ked","Therapist, music",CV Hasanah Budiman Tbk,Kalimantan Selatan
636057e8,Lantar Wahyuni,Hotel manager,PT Widodo Pertiwi,Sulawesi Selatan
ec2d22a6,Lala Najmudin,Magazine journalist,PD Kuswoyo Thamrin,Sulawesi Barat
16026e42,Patricia Uyainah,Occupational hygienist,PT Maheswara (Persero) Tbk,Sumatera Utara
a1f134f0,T. Karta Pradana,Radio producer,Perum Rahmawati,Sumatera Barat
b6e294af,Mustika Rahmawati,Cabin crew,UD Januar (Persero) Tbk,Kalimantan Tengah
26fb04a9,Dr. Sakti Saptono,"Designer, blown glass/stained glass",UD Latupono Tbk,Papua Barat
580d81ad,Raina Haryanto,Senior tax professional/tax inspector,PD Uwais,Bali
24cb6f8a,Umi Adriansyah,Osteopath,Perum Maheswara (Persero) Tbk,Sulawesi Tenggara
a7a00722,Bahuwarna Susanti,Chief Strategy Officer,UD Yolanda (Persero) Tbk,Sulawesi Tengah
b82eb437,Citra Mulyani,"Lecturer, further education",UD Wijaya Mandala,Kalimantan Selatan
f3d56437,Nyana Safitri,"Engineer, production",PD Anggraini Tbk,Jawa Barat
c414aa87,Raisa Nuraini,"Engineer, water",CV Wacana Hassanah,Aceh
ba0e8a14,"Lantar Thamrin, M.Ak",Arts development officer,UD Laksita Gunawan,DKI Jakarta
3eae9f72,Uda Prastuti,"Librarian, public",PT Fujiati Hutagalung Tbk,Kepulauan Riau
3647a56b,Ghani Tampubolon,Television production assistant,Perum Astuti,Jawa Tengah
209f25cf,Mulyono Agustina,Community education officer,PD Hasanah,Riau
e8557307,"Drs. Damar Purwanti, S.Sos",Gaffer,Perum Mandala,Jawa Tengah
a6ba2c42,"Aisyah Firgantoro, S.Sos",Jewellery designer,PT Winarno (Persero) Tbk,Papua
7ac33372,Sutan Cemani Pranowo,Biomedical scientist,CV Gunawan Yolanda Tbk,Sulawesi Barat
a7af36d2,"R. Drajat Mustofa, M.Pd",Estate agent,Perum Safitri Ardianto (Persero) Tbk,Kalimantan Barat
ce4c823f,"Drs. Purwadi Dabukke, S.IP",Photographer,PT Pranowo Tbk,Sulawesi Barat
624f42c9,Taufan Maulana,"Conservation officer, nature",Perum Napitupulu Tbk,Sulawesi Utara
4c30f602,Nasab Waluyo,"Civil engineer, contracting",PD Jailani Hidayat (Persero) Tbk,Kepulauan Riau
f15d490b,Cayadi Narpati,"Accountant, chartered",UD Hastuti Tbk,Bali
27c39ebf,Dalimin Utami,Solicitor,UD Susanti Usada Tbk,Sulawesi Tenggara
e3f065a7,Padmi Permadi,Architectural technologist,PD Hutasoit Pranowo (Persero) Tbk,Kepulauan Riau
a10c0e53,Gabriella Padmasari,Hydrographic surveyor,UD Narpati,Papua
aab7cf63,Prabawa Widiastuti,"Merchandiser, retail",PT Sirait Tbk,Maluku Utara
c8ea802d,Mumpuni Sitorus,Systems developer,UD Mayasari Farida,Riau
3d1697d0,Michelle Budiyanto,Risk manager,Perum Nugroho Pradipta,Kalimantan Barat
20c0265b,"T. Ian Utami, S.Farm",Psychotherapist,PT Yuniar,Nusa Tenggara Timur
822cb2d0,Ami Putra,"Investment banker, corporate",UD Sihotang (Persero) Tbk,Kepulauan Riau
a6934788,"Puti Qori Permata, S.Psi",Hospital pharmacist,PT Fujiati Mayasari,Kalimantan Utara
03e11883,"Jabal Handayani, M.Farm",Sales executive,CV Hassanah Widiastuti Tbk,Kalimantan Selatan
7f4d00a6,Dwi Firmansyah,Radiation protection practitioner,Perum Sitompul Tbk,Jawa Tengah
8e96cce8,"Jane Handayani, S.Kom",Horticultural consultant,Perum Farida Astuti,Jawa Timur
1ad53b78,Darmana Habibi,"Scientist, marine",PT Iswahyudi Marbun,Papua
11635cba,Jarwi Aryani,Microbiologist,UD Budiman,Aceh
60113044,Rendy Hardiansyah,Pathologist,UD Firgantoro Sudiati Tbk,Riau
48bcf9fc,Shania Uyainah,Special effects artist,CV Rahmawati Pangestu,Gorontalo
9f0b06a6,Lulut Pranowo,Information systems manager,CV Wibowo Nugroho,Papua
92695eee,Devi Siregar,Dentist,CV Pradana,Kalimantan Utara
f89cf8b9,Julia Najmudin,Research scientist (life sciences),UD Pratama Firgantoro,DKI Jakarta
dc3b7c6d,Pangeran Purnawati,Video editor,UD Tarihoran Rahayu Tbk,Jawa Barat
75719c0e,Wage Hakim,"Restaurant manager, fast food",UD Haryanti Namaga,DI Yogyakarta
ac7aaa3e,Padmi Irawan,"Psychologist, sport and exercise",UD Farida (Persero) Tbk,Riau
e3194e1e,"Hj. Bella Hutagalung, S.Farm",Toxicologist,PT Pradana,Papua Barat
a6adbde4,Tgk. Ajimin Saputra,Furniture designer,PT Natsir,Nusa Tenggara Timur
f3335e67,"Drs. Paris Nugroho, M.Farm",Retail manager,PD Habibi Utami,DKI Jakarta
885767d6,"Gabriella Puspasari, S.Gz",Solicitor,CV Purnawati,Sulawesi Selatan
a7858ead,Cici Nasyiah,"Nurse, mental health",UD Kuswandari Firmansyah,Jawa Barat
40b31a92,"Chandra Andriani, M.Ak",Holiday representative,PT Firmansyah Siregar (Persero) Tbk,Sulawesi Tengah
ecb85e14,"Drs. Anggabaya Sudiati, S.Kom","Engineer, structural",PT Sitompul Yuniar (Persero) Tbk,Kalimantan Utara
a87c8ac2,"KH. Heryanto Waskita, M.Kom.","Engineer, mining",CV Pangestu Waskita,Papua Barat
f8948dd8,Ira Megantara,Community development worker,CV Prayoga Wacana (Persero) Tbk,Jawa Barat
1be2b3a7,"R. Jinawi Najmudin, S.T.",Analytical chemist,PD Dongoran,Riau
63157e84,Irwan Hutagalung,"Scientist, clinical (histocompatibility and immunogenetics)",Perum Setiawan Tbk,Jawa Timur
7bf82b1a,"Drs. Samsul Nurdiyanti, S.Sos",Community arts worker,UD Mustofa Hariyah Tbk,Kepulauan Riau
822f1e3c,Dt. Eko Rajasa,Applications developer,Perum Nashiruddin Putra,Kalimantan Tengah
2ee87274,Luis Prasetyo,Chief Technology Officer,PD Waskita Anggraini,Sumatera Selatan
88cdd626,KH. Nalar Latupono,"Engineer, manufacturing",UD Wastuti Yulianti,Riau
9eb21d6b,Alika Widodo,Health promotion specialist,Perum Suryatmi Waskita (Persero) Tbk,Nusa Tenggara Timur
bb47b1d2,R. Farah Suryono,Medical illustrator,Perum Maulana,Banten
e3cac007,Juli Zulkarnain,Police officer,UD Winarsih Tbk,Sulawesi Utara
eb4dc1ac,Ellis Mahendra,Advertising account executive,PT Firmansyah (Persero) Tbk,Jawa Timur
f5213cf7,Hana Anggriawan,Probation officer,CV Adriansyah,Lampung
9ec96c34,Mahmud Suartini,"Conservation officer, nature",PT Nababan Tbk,Jawa Tengah
0b7c588e,Darman Santoso,"Buyer, industrial",Perum Wibowo Tbk,Sumatera Barat
70a8dfa5,Yuliana Rahmawati,Health and safety adviser,PD Santoso Tbk,Gorontalo
d1a3cfb8,Nrima Utami,Hydrographic surveyor,PT Lailasari (Persero) Tbk,Jawa Tengah
bce05b0a,Kuncara Rahimah,Drilling engineer,PT Sitompul Tbk,Kalimantan Barat
1969b62b,Ozy Kurniawan,Intelligence analyst,Perum Maheswara,DKI Jakarta
a91d33f9,Drs. Adinata Hariyah,Clinical embryologist,UD Uyainah,Nusa Tenggara Timur
3e108874,Restu Fujiati,"Nurse, children's",PT Gunarto Saragih,Kalimantan Utara
4a3ee488,Halima Wacana,"Accountant, chartered public finance",PD Yuniar Purwanti,Aceh
d69315c3,"H. Hamzah Sihotang, S.E.",Ecologist,PD Marbun Tbk,Sumatera Selatan
99e1656b,Ida Zulaika,Structural engineer,CV Sihombing Tbk,Kepulauan Bangka Belitung
ea7bebd9,Atmaja Wacana,Event organiser,Perum Haryanto,Sulawesi Utara
c2baf443,"Joko Anggriawan, S.Pd","Editor, film/video",PD Gunarto Kuswandari,Bali
07a9f6b7,"dr. Suci Riyanti, S.E.I",Systems developer,CV Zulkarnain (Persero) Tbk,Kalimantan Selatan
e5d5c9da,Kambali Prastuti,Technical sales engineer,PD Lailasari,DKI Jakarta
e0aa7aeb,Tira Permata,Senior tax professional/tax inspector,CV Sitompul Gunarto,Kalimantan Timur
a6b41de6,Cut Victoria Marbun,English as a second language teacher,PD Sihotang,Jambi
084a023e,"Rika Utama, S.IP",Structural engineer,PT Prayoga (Persero) Tbk,Jawa Tengah
eb217108,Embuh Susanti,"Therapist, sports",CV Suryatmi Padmasari,Jawa Tengah
55aedac6,"Rika Wahyudin, S.H.",Operations geologist,Perum Nugroho Zulkarnain,Sulawesi Tengah
21a79bbc,Ella Zulaika,Broadcast presenter,PD Utama Lazuardi,Kalimantan Tengah
a5be7dc4,Kezia Sirait,Field trials officer,UD Astuti,Nusa Tenggara Barat
bf43925c,Halim Mulyani,Barista,PT Adriansyah Mandala,Jawa Tengah
01b2ee81,T. Nyana Wibowo,"Engineer, automotive",Perum Puspasari (Persero) Tbk,Sumatera Utara
69e4414a,Aswani Permata,Scientific laboratory technician,UD Mandala (Persero) Tbk,Kalimantan Timur
ddd6bfd8,Yoga Prasetyo,"Doctor, hospital",PD Kusumo Tbk,Maluku Utara
cd1eb014,Akarsana Salahudin,Multimedia specialist,CV Hakim Suartini (Persero) Tbk,Maluku Utara
8128d96b,"Sutan Heru Laksita, S.T.",Town planner,UD Zulkarnain Nababan (Persero) Tbk,Kepulauan Riau
0d79daf3,Adiarja Maheswara,Art therapist,PT Rahmawati Laksmiwati (Persero) Tbk,Kepulauan Bangka Belitung
8dde40f2,Karimah Rahimah,Dietitian,CV Mahendra Sirait,Kepulauan Bangka Belitung
5103ea2c,Dian Mandasari,"Engineer, manufacturing",Perum Prasetyo Andriani,Maluku
2edbcb39,Tgk. Hafshah Susanti,"Surveyor, building",PD Setiawan Nashiruddin,Maluku Utara
4be8986f,Rusman Mardhiyah,Veterinary surgeon,PT Waskita Wahyuni Tbk,Papua
8e52f99d,Dadi Prabowo,Careers adviser,CV Suwarno Wijaya,Jawa Tengah
b4289af7,Gantar Natsir,Race relations officer,UD Nashiruddin Nurdiyanti (Persero) Tbk,Papua
7ee78272,Chelsea Winarno,"Surveyor, building",PD Megantara,Jawa Tengah
309eb2a4,Kusuma Halimah,Sports therapist,Perum Rahayu (Persero) Tbk,DI Yogyakarta
43078bec,Gandewa Agustina,"Exhibitions officer, museum/gallery",Perum Winarsih Tbk,Kalimantan Timur
3e1fa078,"Ellis Anggraini, M.Farm",Chartered management accountant,Perum Nainggolan Utami,Bali
35837a43,Salsabila Rahimah,Make,Perum Hutapea Situmorang,Papua Barat
32d41d20,R.A. Elisa Simanjuntak,Television floor manager,UD Wahyuni,Bengkulu
22f24c11,Calista Saputra,Aeronautical engineer,PD Sihombing Tbk,Jawa Barat
35476837,Dr. Candrakanta Adriansyah,Therapeutic radiographer,Perum Budiyanto,Maluku Utara
d739a2de,"Dimas Sihombing, M.Kom.",Farm manager,CV Pratiwi Budiyanto,DKI Jakarta
0edd4976,Indah Rahayu,"Editor, film/video",Perum Nasyiah,Lampung
273635b1,Ifa Hasanah,Publishing copy,UD Ramadan Nainggolan Tbk,Kalimantan Timur
9a6b7c8c,Dr. Ayu Sinaga,Physiotherapist,Perum Melani Tbk,Kalimantan Selatan
3271093a,"Drs. Julia Narpati, M.Kom.","Engineer, maintenance",CV Hartati Pangestu Tbk,Kalimantan Tengah
efdac615,"Rudi Nasyidah, S.Sos",Advertising account executive,PD Yulianti,Kalimantan Barat
f60aefe2,"Vanesa Siregar, S.Kom",Soil scientist,PT Sitompul Lestari (Persero) Tbk,Maluku
61429c1e,Mahfud Wijayanti,Illustrator,CV Sitorus Tbk,Jawa Tengah
c159a475,Dirja Suwarno,"Conservation officer, historic buildings",UD Andriani Tbk,Nusa Tenggara Timur
f85a4f76,Pia Maulana,Customer service manager,CV Hassanah,Jambi
c95decdd,dr. Zelda Prakasa,Chartered loss adjuster,PT Riyanti,Maluku
bc33c46a,Gawati Marbun,"Engineer, site",PT Hardiansyah Samosir,Kepulauan Riau
a853bc3d,Dr. Banawa Utama,IT trainer,PT Namaga,DKI Jakarta
2e3c39e9,R. Ratna Hasanah,"Surveyor, planning and development",Perum Maryadi Thamrin (Persero) Tbk,Sulawesi Barat
2e46b62c,Radit Prayoga,Drilling engineer,UD Ardianto (Persero) Tbk,Bengkulu
cf00ff2f,Ilyas Mayasari,Civil Service fast streamer,CV Tarihoran Wastuti,Jambi
bd30e6de,Galak Dongoran,Social researcher,PD Mahendra Tbk,Aceh
f776abd8,"Mustofa Prayoga, S.E.I","Engineer, chemical",UD Laksmiwati,Maluku
9c7803e6,R. Karen Susanti,Patent attorney,Perum Napitupulu,Aceh
aba5048e,"Kalim Wijaya, S.Kom",Industrial buyer,PT Siregar Iswahyudi,Papua
5371bfd1,Tami Natsir,"Lighting technician, broadcasting/film/video",PD Maryadi Tbk,Bengkulu
2c7f358b,Bakiman Hutasoit,Primary school teacher,PT Wahyudin Simanjuntak,Kalimantan Tengah
57e37e82,"Chelsea Hardiansyah, S.Ked","Engineer, maintenance",CV Anggraini (Persero) Tbk,Bengkulu
6116c263,Irma Handayani,"Producer, radio",CV Mardhiyah Wibisono Tbk,DI Yogyakarta
9f96d792,Devi Halim,"Scientist, marine",UD Hutagalung,Maluku
56e054ea,R.A. Citra Halim,Purchasing manager,PD Anggriawan,Lampung
6893c9cb,"Tgk. Zulaikha Kurniawan, M.Farm",Nutritional therapist,CV Lestari Thamrin (Persero) Tbk,Bali
38a16bf6,"Ir. Edi Safitri, S.IP","Teacher, secondary school",PT Setiawan,Kepulauan Riau
242e1522,Tantri Wahyuni,"Production assistant, radio",UD Situmorang,Jawa Barat
1eee53b9,Vanesa Ardianto,Public relations account executive,PD Dongoran (Persero) Tbk,Maluku
2c5e61aa,Vega Rajata,Electronics engineer,PT Kusumo (Persero) Tbk,Bali
659f70dd,Balapati Permadi,Equities trader,PD Napitupulu,Papua Barat
fc3b2e7c,Drs. Nilam Agustina,Plant breeder/geneticist,UD Narpati (Persero) Tbk,Kalimantan Timur
2e69212f,Putri Saefullah,Manufacturing systems engineer,CV Sihotang (Persero) Tbk,Kalimantan Selatan
da850a95,"Elon Hutapea, S.Ked",Artist,PT Mansur Tbk,Lampung
2b989b35,Dinda Januar,Psychotherapist,PD Nashiruddin Tbk,DI Yogyakarta
2dc4841d,Reksa Nuraini,Microbiologist,Perum Kusmawati Sihotang (Persero) Tbk,Nusa Tenggara Timur
37faace4,Yulia Wasita,"Engineer, energy",CV Suartini Hastuti Tbk,Aceh
36dfc23f,Ami Anggriawan,Biomedical scientist,UD Puspasari Mardhiyah (Persero) Tbk,Sumatera Barat
d611c8a5,Alambana Anggraini,"Radiographer, diagnostic",UD Winarsih Winarsih (Persero) Tbk,Sulawesi Utara
d0bddc42,Puji Tarihoran,Quarry manager,Perum Zulaika Tbk,Kepulauan Bangka Belitung
94bbccfb,Kalim Wijayanti,Travel agency manager,UD Nasyidah Widodo,Jawa Timur
cc5bb9f8,Gawati Anggraini,"Scientist, marine",UD Puspasari Aryani,Nusa Tenggara Timur
1d6a5d4b,"drg. Banawi Wibisono, S.Gz",Theatre director,PD Palastri Hardiansyah,Jambi
53d52407,"Mutia Padmasari, S.Ked","Journalist, broadcasting",PD Siregar Rajasa (Persero) Tbk,Aceh
9a4ab887,Genta Agustina,Jewellery designer,Perum Usamah Pradipta (Persero) Tbk,Jambi
358ff307,R.A. Diah Simanjuntak,Marine scientist,UD Tampubolon,Kalimantan Selatan
5915ed2c,"Ir. Dian Jailani, S.H.","Engineer, production",PD Safitri Tbk,Sulawesi Tenggara
ec85d462,"Sutan Kunthara Puspita, S.Pt",Sub,UD Halimah,Aceh
0377746e,"Ir. Adhiarja Wahyuni, M.Pd","Engineer, drilling",UD Siregar Irawan,Papua Barat
6283c03e,"Ciaobella Hartati, M.TI.",Site engineer,Perum Purnawati Sihombing (Persero) Tbk,Kepulauan Riau
3b714f32,"Dt. Atma Mulyani, S.H.","Engineer, communications",Perum Suartini Tbk,Aceh
3ecfaee0,Arta Yolanda,Proofreader,PD Usamah Wibisono,Kalimantan Selatan
a79240a5,Kambali Gunawan,Technical brewer,PT Lailasari Hasanah (Persero) Tbk,Sulawesi Tengah
f3e96dba,Rendy Manullang,"Designer, multimedia",CV Uyainah,Bali
7574ffe4,Uli Zulkarnain,Electrical engineer,PT Aryani Tbk,DI Yogyakarta
d4123d47,Cahyono Laksita,Economist,Perum Hassanah Tbk,Nusa Tenggara Timur
30d2215b,Irfan Thamrin,"Surveyor, land/geomatics",PD Wibowo Tbk,Sulawesi Utara
b4a9b84d,H. Drajat Anggraini,Financial manager,Perum Najmudin,Jambi
37cc1ff3,Bakiadi Yolanda,Facilities manager,UD Kusmawati Tbk,Gorontalo
7fcbae44,"Zalindra Iswahyudi, S.Ked",Furniture designer,Perum Kuswandari Tbk,Kepulauan Bangka Belitung
11760892,Raditya Farida,Wellsite geologist,PD Mardhiyah Saptono,Sumatera Barat
1c9cbb1a,"Cut Ade Kusmawati, S.Farm",Medical sales representative,UD Wasita,Papua
e83620f5,Almira Waluyo,"Surveyor, insurance",UD Salahudin Prabowo,Sumatera Barat
a7095b89,Septi Budiyanto,Glass blower/designer,UD Permata Widiastuti Tbk,Sulawesi Tengah
21a112b0,"Drs. Zahra Rahimah, S.Gz",Health physicist,UD Utami Mahendra (Persero) Tbk,Kepulauan Riau
a28ebcf1,Tgk. Makuta Usada,"Therapist, music",PT Pratama Ramadan Tbk,Sulawesi Selatan
eb4efa9e,"Drs. Galiono Melani, M.Farm",Legal executive,Perum Sihotang,Kepulauan Riau
8065f61e,"Chelsea Rahayu, S.IP",Scientific laboratory technician,Perum Pudjiastuti Iswahyudi,DI Yogyakarta
339880b1,Mila Fujiati,Physiological scientist,CV Hidayanto Puspasari (Persero) Tbk,Bali
04831aab,Drs. Kala Prakasa,Theme park manager,UD Suryatmi Haryanti Tbk,Sumatera Utara
efb72c54,Maya Budiman,Ship broker,UD Halim,Sumatera Barat
d3a707f9,"Ir. Wage Hidayanto, S.Kom",Call centre manager,Perum Gunarto,Papua Barat
b2a0447c,Ida Pertiwi,Chartered loss adjuster,CV Hutagalung Tbk,Sumatera Barat
e6c6f0bb,Maimunah Putra,Armed forces technical officer,PT Hutasoit Latupono (Persero) Tbk,Maluku
e5ab8cbb,Ridwan Prasetyo,Hotel manager,UD Hariyah Sihombing Tbk,Aceh
c66fd93b,Jelita Sihombing,"Civil engineer, consulting",Perum Megantara,Nusa Tenggara Timur
c1dfa9d9,Humaira Padmasari,Sports administrator,PT Salahudin,Banten
0beab58b,Hj. Putri Kusumo,Catering manager,PT Haryanti,DI Yogyakarta
471e24f0,Kemal Wahyuni,"Programme researcher, broadcasting/film/video",PT Hutasoit Prasetyo (Persero) Tbk,Nusa Tenggara Timur
0cbec0c5,Farah Saragih,Careers information officer,CV Wijaya,Kepulauan Riau
98433131,"Ida Pradipta, M.TI.",Materials engineer,Perum Simbolon Tbk,Sulawesi Tenggara
6453614f,Ir. Iriana Damanik,Community education officer,CV Yuliarti Puspita,Bali
8593f7d8,Yuliana Gunawan,Office manager,PT Habibi Susanti,Maluku Utara
d5092c80,Slamet Nugroho,Sales executive,UD Siregar Simbolon,Sumatera Selatan
eabc6a94,"Ir. Zelaya Mustofa, S.Gz",Music tutor,PD Wastuti,Kalimantan Barat
6f262a11,Jinawi Palastri,Intelligence analyst,PD Sudiati Tbk,Kalimantan Utara
be300791,"Nyoman Waluyo, S.H.",Investment analyst,Perum Nurdiyanti Tbk,Kalimantan Selatan
1040f541,Ir. Zizi Lailasari,Musician,CV Gunawan Najmudin Tbk,Sumatera Selatan
8f552991,Devi Prasetya,Horticultural consultant,Perum Santoso,DKI Jakarta
a5fb7a99,Ellis Rahmawati,"Programmer, applications",PT Wibowo (Persero) Tbk,Maluku Utara
e0899791,"Yance Santoso, S.Gz",Armed forces operational officer,CV Nasyidah Gunawan,Nusa Tenggara Barat
e22bf792,Rahman Saputra,"Engineer, manufacturing systems",PD Uwais Habibi,Bengkulu
fd3ff476,Mursita Sihombing,Osteopath,PT Siregar Hutasoit,Bali
ecadfc62,Virman Suartini,Land/geomatics surveyor,Perum Firmansyah,Kalimantan Barat
15b7c257,"Cut Ella Suryono, S.E.I",Newspaper journalist,UD Tampubolon Saputra,Kepulauan Bangka Belitung
2a9d3bc9,Nadia Habibi,Manufacturing systems engineer,PD Sihombing,Sulawesi Tenggara
fe627ef2,"Karna Kuswandari, S.Farm",Ergonomist,Perum Riyanti Suryono,Kalimantan Barat
27ab3a65,"Sutan Drajat Firgantoro, M.Farm",Exercise physiologist,UD Gunawan Pranowo,Sulawesi Tengah
120843e7,Balangga Mansur,Mechanical engineer,Perum Kurniawan,Sulawesi Selatan
46bc9e6c,Tira Hakim,"Producer, radio",PT Rahimah Simbolon (Persero) Tbk,DKI Jakarta
5386f034,Tari Prakasa,"Designer, fashion/clothing",Perum Budiman Hidayat (Persero) Tbk,Kalimantan Barat
2f55ee0a,Belinda Haryanto,"Teacher, music",UD Rahayu Wijaya (Persero) Tbk,Sulawesi Selatan
17d72448,Ellis Usamah,Research scientist (life sciences),Perum Napitupulu,Sulawesi Tengah
7d3e2a64,"T. Jamil Hutapea, S.Gz",Learning disability nurse,PT Utami Tamba Tbk,Kepulauan Riau
3d0cee2b,"Diana Wibowo, S.Pd",Veterinary surgeon,PT Budiyanto Hutagalung (Persero) Tbk,Sulawesi Selatan
999fc737,"R. Endra Aryani, S.Pd",Insurance account manager,CV Kusumo Melani,Riau
d9f87d18,Rafid Latupono,Broadcast presenter,PD Suwarno,Gorontalo
a9e1bccb,"Tirtayasa Siregar, S.Gz","Scientist, research (physical sciences)",PD Kusmawati (Persero) Tbk,DKI Jakarta
287a2ed7,Victoria Hidayat,"Scientist, research (medical)",PD Wahyudin,Sulawesi Tengah
1e7e4a51,Dt. Galih Susanti,Housing manager/officer,PT Haryanti Lazuardi Tbk,DI Yogyakarta
f31a7e7e,Ir. Jayeng Handayani,Archaeologist,Perum Hasanah Nasyiah,Kalimantan Barat
0affc0c2,Paramita Pangestu,Fish farm manager,UD Wibisono,Sumatera Barat
7214b4bc,Surya Sihombing,"Sales professional, IT",PD Gunarto,Kalimantan Barat
e3483820,"Tgk. Jasmin Tampubolon, S.E.",Dance movement psychotherapist,PT Nurdiyanti,Lampung
096e16b1,"Lembah Maryati, S.T.",Furniture conservator/restorer,Perum Nasyidah Tbk,Maluku Utara
db7968ab,Cakrabirawa Hasanah,"Designer, fashion/clothing",Perum Lailasari,Papua
dfc51fe1,Olivia Narpati,Psychiatric nurse,UD Widiastuti (Persero) Tbk,Bengkulu
9006141b,"Zulaikha Palastri, S.IP",Charity fundraiser,CV Fujiati Budiyanto Tbk,DI Yogyakarta
b1abbadf,Farah Sihombing,"Therapist, occupational",PT Dabukke Tbk,Lampung
154da553,Teguh Nugroho,Equality and diversity officer,CV Hassanah (Persero) Tbk,Kalimantan Utara
29476836,"Jane Usamah, S.Farm",Art therapist,PD Pertiwi Wacana Tbk,Jawa Tengah
88e3d9a1,Nova Ramadan,"Scientist, research (maths)",PT Maryati,Sumatera Selatan
7e3ef865,Zizi Sitompul,"Engineer, maintenance (IT)",Perum Laksmiwati Permadi (Persero) Tbk,Sumatera Selatan
ea08a1fa,"Putri Kuswandari, S.Kom","Engineer, broadcasting (operations)",PT Samosir Sihotang,Banten
184d1868,Zahra Natsir,Herbalist,PD Maheswara Budiyanto (Persero) Tbk,Kalimantan Selatan
2b5485e9,"Tari Winarno, M.Ak",Museum/gallery exhibitions officer,CV Lestari,Riau
4e42572b,Tirtayasa Firmansyah,Hydrologist,PD Prayoga Maryadi,Nusa Tenggara Barat
f09d0b2b,Nabila Siregar,"Investment banker, operational",UD Hasanah Gunarto,Bali
de96c8f1,Dwi Nababan,"Engineer, electronics",UD Hassanah Tbk,Jawa Barat
ef696ee8,Eman Widiastuti,Speech and language therapist,UD Salahudin,Kepulauan Bangka Belitung
dd4a3708,"dr. Zalindra Santoso, S.E.",Clinical embryologist,UD Mulyani (Persero) Tbk,Sumatera Barat
3b648288,"Zizi Iswahyudi, S.Ked",Regulatory affairs officer,PD Hastuti Tbk,Riau
db8e7bcc,"Ajeng Nainggolan, S.Psi","Education officer, community",PD Anggraini Pranowo Tbk,Kalimantan Selatan
dbed9838,Hairyanto Usada,Financial risk analyst,Perum Astuti Mahendra,Kalimantan Tengah
b562e5be,"Ir. Gandi Winarno, S.IP","Therapist, sports",UD Utami,Lampung
72672d39,Widya Maulana,Computer games developer,Perum Tampubolon Saputra,Kalimantan Selatan
4261a487,Prasetya Samosir,"Surveyor, mining",PD Sihotang,Sumatera Barat
8b86cd9f,Carub Wahyuni,"Designer, multimedia",UD Wacana Permadi (Persero) Tbk,Lampung
d34a318d,Harsanto Sinaga,Adult guidance worker,PT Wastuti Pratama,Kalimantan Selatan
d8d66600,Jasmani Pratama,Interpreter,PT Sitorus Pratiwi Tbk,Kalimantan Selatan
f7beb593,Ratih Pradana,Games developer,Perum Simanjuntak (Persero) Tbk,Sumatera Barat
7882323e,"Dr. Gina Nuraini, S.E.",Higher education lecturer,CV Januar Sihombing,Kalimantan Tengah
4ae911c1,Dr. Suci Siregar,Chartered loss adjuster,PT Budiyanto Usamah Tbk,Sulawesi Selatan
6b416982,Aditya Yolanda,Secondary school teacher,CV Prastuti (Persero) Tbk,Sumatera Selatan
0c78f2e9,Panca Nasyiah,"Social research officer, government",CV Utami (Persero) Tbk,Jawa Barat
a53cb3c8,Ian Halim,Systems analyst,PD Nurdiyanti Melani (Persero) Tbk,Nusa Tenggara Timur
52d57d92,"Kanda Oktaviani, S.I.Kom",Garment/textile technologist,CV Mulyani Namaga (Persero) Tbk,Lampung
afdbc425,Bella Pranowo,Clinical psychologist,PT Pradana,Jawa Tengah
99617157,Luis Hassanah,"Engineer, maintenance",PD Lailasari (Persero) Tbk,Banten
0394a19f,Caket Permata,Educational psychologist,PD Rajata Saefullah,Kalimantan Barat
a4bdab10,"Gasti Pertiwi, S.Kom",General practice doctor,UD Puspita Tbk,Sulawesi Tenggara
16144a62,Ellis Pradipta,"Teacher, music",PT Mandasari,Sulawesi Utara
72d6c4e7,Ir. Tirta Saptono,"Designer, multimedia",Perum Permata Tbk,Nusa Tenggara Barat
7e89240e,"Betania Maryati, S.Kom",Optometrist,Perum Zulkarnain Kuswoyo Tbk,Jawa Barat
a5fbec89,Cut Kasiyah Dongoran,Financial trader,PT Rajasa Wasita (Persero) Tbk,Sulawesi Tenggara
dbd2b162,"Ir. Tira Oktaviani, M.Kom.","Surveyor, land/geomatics",PD Januar,Banten
53059640,Tari Riyanti,"Therapist, horticultural",CV Prasetya,Kepulauan Bangka Belitung
3a168e31,Tina Melani,Architectural technologist,PT Sirait Saefullah (Persero) Tbk,Jawa Tengah
42f4b2f2,Aslijan Thamrin,Paediatric nurse,CV Mahendra Dabukke (Persero) Tbk,Banten
130820a5,Kamila Wijaya,"Engineer, building services",Perum Mayasari Tbk,Kalimantan Barat
fa80e7ff,"Atmaja Hutasoit, S.T.",Personal assistant,CV Hutapea,Aceh
9d7e8dda,R. Diah Rahayu,Water engineer,PD Mangunsong Suryono,Kalimantan Timur
ebdaf261,Darmaji Mulyani,Civil Service fast streamer,Perum Iswahyudi,Jawa Timur
c3bd681b,Clara Hastuti,Agricultural engineer,PD Pangestu (Persero) Tbk,Sulawesi Barat
080f4f5f,Citra Prasetyo,Commissioning editor,PT Pratiwi,Jawa Tengah
60e48782,Carla Saputra,Diplomatic Services operational officer,CV Lailasari Thamrin Tbk,Kalimantan Barat
cde47ba3,Sutan Dono Hardiansyah,"Teacher, early years/pre",PD Prabowo Rahmawati,Lampung
6429f02a,Maria Hariyah,"Horticulturist, amenity",PT Napitupulu,Sulawesi Utara
9b1181ec,Mila Utama,Futures trader,Perum Hastuti Mansur Tbk,Jawa Barat
5a3e3aee,Kariman Rahimah,"Editor, commissioning",PT Firgantoro (Persero) Tbk,Sumatera Utara
0f3f54ca,Puti Kasiyah Yolanda,Fashion designer,PD Hastuti,Jawa Tengah
212035ca,"Puti Diah Gunarto, S.T.","Engineer, land",UD Saptono Oktaviani Tbk,Gorontalo
20415ad6,drg. Usman Agustina,Hydrographic surveyor,PD Hutasoit (Persero) Tbk,Kalimantan Barat
c0c723b1,Ir. Icha Najmudin,Diagnostic radiographer,UD Tamba Yuliarti,Lampung
f267409f,Lala Padmasari,Recycling officer,UD Laksmiwati,Sulawesi Barat
20c08efc,"Danang Hakim, M.Kom.","Copywriter, advertising",PD Laksita Pudjiastuti,Gorontalo
95e7ad3d,Laras Maryadi,Chief of Staff,UD Gunarto Fujiati,Maluku Utara
4a172715,"Kamaria Suwarno, S.E.",Nature conservation officer,PT Saragih (Persero) Tbk,Gorontalo
f0217b9b,Najwa Yuniar,Science writer,CV Riyanti,Papua
3819493e,"Tgk. Usyi Hutagalung, S.Pd",Operational investment banker,CV Halim Tbk,Jawa Barat
029a25be,Drs. Galih Novitasari,Photographer,PD Mandasari Prasasta (Persero) Tbk,Kepulauan Bangka Belitung
d7b36ebd,"Zizi Wastuti, S.Sos",Conference centre manager,PT Zulaika (Persero) Tbk,Riau
1c0fc8bf,Dimas Wijayanti,Learning mentor,UD Lazuardi Gunarto (Persero) Tbk,Jambi
966493b3,Keisha Pangestu,Water engineer,PT Pudjiastuti,Sulawesi Tenggara
1e871c0b,"Dr. Ulva Haryanti, S.I.Kom",Associate Professor,PD Sihombing,Sulawesi Utara
144f4c03,Talia Hastuti,Geophysical data processor,Perum Maryadi Prayoga Tbk,Jawa Tengah
9cc91a26,Tami Novitasari,Clothing/textile technologist,UD Najmudin Mandala (Persero) Tbk,Nusa Tenggara Timur
62c3bc66,"Cinta Najmudin, M.Farm",Gaffer,UD Wacana Mangunsong (Persero) Tbk,Sumatera Barat
2111151a,Tgk. Dagel Marbun,"Designer, fashion/clothing",Perum Sitorus Usada (Persero) Tbk,Sumatera Barat
35bfd4b2,"Timbul Oktaviani, S.E.I","Engineer, manufacturing systems",PD Sitorus Palastri,Kalimantan Barat
26232229,Cahyadi Purnawati,"Designer, interior/spatial",PD Simanjuntak Firgantoro,Riau
937fdbd0,Sari Mandala,"Therapist, horticultural",PD Mangunsong Safitri Tbk,Kalimantan Timur
98c58151,Utama Permadi,Psychiatric nurse,Perum Kuswandari,DI Yogyakarta
6fbac678,Yunita Puspasari,Politician's assistant,Perum Nugroho Kurniawan,Papua Barat
bad7bd5b,T. Eja Usamah,"Engineer, petroleum",PT Prasetyo Susanti Tbk,Gorontalo
14356b1e,dr. Mariadi Rahmawati,Fisheries officer,PT Susanti Anggriawan,Sulawesi Tengah
28c41fee,Darsirah Tampubolon,Airline pilot,CV Sihombing Kuswoyo (Persero) Tbk,Maluku Utara
795da7ea,Karman Yuniar,Claims inspector/assessor,PD Mangunsong Dongoran (Persero) Tbk,Kalimantan Barat
e9179b55,Eka Firgantoro,Clinical psychologist,CV Hardiansyah Namaga (Persero) Tbk,DKI Jakarta
3a7359bf,drg. Rini Hutasoit,"Therapist, occupational",UD Dongoran,Kepulauan Bangka Belitung
3d6ce600,"dr. Rahmi Puspita, M.Kom.","Psychologist, forensic",PT Sihotang,Sulawesi Selatan
ee836917,Ganda Sihombing,"Pilot, airline",PT Hutapea Setiawan,Kepulauan Bangka Belitung
587f4899,Danuja Wulandari,Administrator,PT Oktaviani,Aceh
31853af6,Yunita Puspasari,Sports development officer,CV Purwanti Tbk,Papua
b44326e5,"R.A. Intan Simanjuntak, M.Kom.",Social researcher,PT Sinaga (Persero) Tbk,DKI Jakarta
d6a8a227,"Pandu Narpati, S.Pt","Nurse, children's",PD Usada Zulaika Tbk,Sulawesi Tenggara
7aa0cc96,Lalita Wasita,Stage manager,UD Purwanti,Jawa Barat
78b3049a,Kariman Uyainah,Restaurant manager,UD Rahimah (Persero) Tbk,Papua
bbdf6a7d,"Kusuma Adriansyah, S.Ked",Plant breeder/geneticist,PD Mulyani Mandala Tbk,Papua
49abfcee,"Cut Jamalia Pertiwi, S.Gz","Education officer, museum",PT Prasetyo,Bengkulu
0fe43533,"drg. Nyana Wulandari, S.Gz","Engineer, mining",UD Rahayu,Bali
985eebfe,Virman Hidayanto,Personal assistant,PT Mayasari Latupono (Persero) Tbk,Jawa Timur
10b31c51,Paiman Maheswara,"Psychotherapist, child",CV Sihotang Hasanah,Jawa Tengah
3953b78f,"H. Mulyono Najmudin, M.Kom.",Research scientist (maths),UD Najmudin Hasanah,Jawa Tengah
2e20b79d,Surya Saputra,Quality manager,CV Siregar Tbk,Sulawesi Selatan
ae438ceb,Narji Padmasari,Land,PD Prastuti Utama (Persero) Tbk,Lampung
b7a27493,Ciaobella Zulkarnain,Geophysical data processor,Perum Nasyidah Agustina,DKI Jakarta
4d9d2ebf,dr. Cahyadi Pradipta,"Administrator, charities/voluntary organisations",UD Sinaga,Sumatera Selatan
6e170f65,"R.A. Yessi Iswahyudi, S.E.I",Mechanical engineer,Perum Halim Suryatmi (Persero) Tbk,Sumatera Utara
016606ff,Sabar Wahyuni,"Designer, television/film set",PD Wibisono Tbk,Aceh
c6c9122a,Tasnim Marpaung,Optometrist,Perum Wulandari,Lampung
749a326d,Wani Marpaung,Public affairs consultant,PT Kusumo Wahyuni Tbk,Sulawesi Tenggara
84199f2e,Jaka Wahyuni,Manufacturing engineer,CV Riyanti Firmansyah,DKI Jakarta
ba7a0983,Surya Nuraini,Barrister's clerk,PD Namaga Hakim,Sulawesi Selatan
67e19553,Dinda Nababan,"Engineer, manufacturing systems",Perum Salahudin Wacana Tbk,Jawa Tengah
0be93645,Paiman Budiyanto,Insurance account manager,Perum Marbun,Bengkulu
4f0b546b,Zahra Safitri,Diplomatic Services operational officer,PT Pangestu Zulaika (Persero) Tbk,DKI Jakarta
643b6b91,"R.A. Febi Susanti, S.Kom",Commercial horticulturist,Perum Firmansyah Marbun Tbk,Sumatera Selatan
c806a57e,"Jasmin Wasita, M.Farm","Doctor, hospital",UD Budiman Wasita (Persero) Tbk,Papua
d7af7354,Zelda Damanik,Actuary,CV Maryati,Gorontalo
1098c7b1,Maida Rajata,Outdoor activities/education manager,PD Uwais Najmudin Tbk,Jambi
a54b168f,"Kala Riyanti, M.Ak",Manufacturing engineer,PD Wastuti (Persero) Tbk,Kalimantan Selatan
2a009164,Shania Kuswandari,Lobbyist,PT Puspita Kuswandari,Nusa Tenggara Timur
ee4027f5,Ratna Saputra,"Production assistant, radio",PD Gunawan Pratiwi,Sulawesi Tenggara
686c6142,"Tgk. Danang Budiman, S.Pt","Programmer, systems",CV Sihotang Tbk,Sulawesi Selatan
c2457bd9,"Dr. Cahyono Hartati, S.I.Kom",Audiological scientist,CV Rajata Tbk,Kepulauan Riau
b62ef4f8,Humaira Sihombing,"Engineer, aeronautical",UD Maryati Tbk,DI Yogyakarta
0c1d4fbc,"Dr. Darimin Hartati, S.Pt",Chartered accountant,PD Wasita (Persero) Tbk,Lampung
2f1f1a75,Luluh Oktaviani,Horticultural therapist,UD Dabukke Tbk,Papua
9c1d159a,Elvin Uwais,Marketing executive,UD Iswahyudi Saefullah (Persero) Tbk,Kepulauan Bangka Belitung
80bd3b73,"Ir. Lamar Laksita, S.T.",Plant breeder/geneticist,CV Laksmiwati,Nusa Tenggara Barat
d414bda9,Malik Adriansyah,"Psychologist, prison and probation services",PT Yolanda Simanjuntak (Persero) Tbk,Jambi
18e42925,Ira Damanik,Public affairs consultant,UD Mansur Tbk,Jawa Barat
a600dce0,Wawan Haryanto,Amenity horticulturist,Perum Yolanda (Persero) Tbk,Kalimantan Selatan
ea89d158,Luhung Sihombing,"Loss adjuster, chartered",PT Widiastuti (Persero) Tbk,Gorontalo
aba70236,Endah Habibi,Licensed conveyancer,PT Wahyuni,Jawa Barat
b46bc26d,"Puti Putri Dongoran, S.Psi",English as a foreign language teacher,CV Waluyo,Maluku
7f39a08f,Galih Kusmawati,"Engineer, petroleum",PD Najmudin Kusmawati Tbk,DI Yogyakarta
0b6bda5c,Bakiadi Gunarto,Financial manager,CV Rahayu,Kalimantan Barat
2b43ceb4,Dagel Mansur,Magazine features editor,PT Yuniar Prasasta,Bali
dfd95fc0,"Daliman Rajasa, S.Pt",Air cabin crew,CV Saptono,Gorontalo
6b595ca8,Vicky Simbolon,"Radiographer, therapeutic",UD Latupono Rajasa,Aceh
dcf4fc88,"Heru Usada, S.Ked",Product manager,UD Suryono Siregar,DKI Jakarta
6f675e07,"Dr. Elma Yuliarti, S.IP",Health visitor,UD Mandala Tbk,Lampung
ba88997c,Iriana Halimah,Neurosurgeon,UD Sihotang Siregar,Sumatera Utara
492beac8,"H. Prasetyo Pratiwi, S.H.",Multimedia specialist,UD Lestari Tbk,Nusa Tenggara Barat
489963ba,Humaira Kuswandari,Corporate treasurer,PD Rahimah (Persero) Tbk,Maluku Utara
259a522a,Putu Farida,Animator,Perum Sudiati Pangestu,Maluku
91984da0,Ika Zulaika,Television/film/video producer,PT Nababan Rajata,Papua
b9ddd877,Puput Rajasa,Licensed conveyancer,CV Nugroho (Persero) Tbk,DKI Jakarta
025d548b,Ilsa Zulaika,Biomedical scientist,Perum Nasyidah Permata,Lampung
08f6f62b,Ir. Zamira Kurniawan,"Therapist, music",UD Sihotang,Kalimantan Barat
22262d16,"Prayogo Pangestu, S.E.",Orthoptist,UD Mahendra (Persero) Tbk,Papua
16fbb7b0,"Kayla Usada, S.IP",Fish farm manager,UD Rahimah Gunarto,Sumatera Utara
afe730ac,Icha Wijayanti,Geographical information systems officer,PT Adriansyah (Persero) Tbk,Sulawesi Barat
406684d9,Unggul Rahimah,"Scientist, research (maths)",PT Winarno,Kalimantan Utara
aef5be09,Anom Mansur,"Engineer, drilling",Perum Halimah Dabukke,Gorontalo
86a81b0c,"Dt. Dasa Wulandari, S.Farm",Land,PD Wibowo,Sumatera Selatan
083cfc9f,Dirja Mansur,"Therapist, art",PD Laksita,Lampung
f793dca4,Zahra Maryati,Conference centre manager,CV Nurdiyanti (Persero) Tbk,Sumatera Barat
35ccf5ea,Jarwa Prastuti,Senior tax professional/tax inspector,CV Maryadi (Persero) Tbk,Sulawesi Utara
50f74502,Sakura Utama,Pensions consultant,CV Puspita (Persero) Tbk,Riau
cc5e1825,Kamidin Wacana,Civil Service administrator,UD Oktaviani Tbk,Maluku Utara
157e0396,Padma Yolanda,Armed forces technical officer,CV Palastri (Persero) Tbk,Riau
b2ab1062,Janet Wahyuni,Ceramics designer,UD Sitorus Tamba (Persero) Tbk,Sulawesi Utara
97f19411,Raisa Simbolon,Amenity horticulturist,PD Zulaika Mandala Tbk,Papua
388a8086,Yance Prakasa,"Geologist, wellsite",PT Farida Susanti (Persero) Tbk,Kalimantan Utara
da8c702a,Kadir Wasita,Passenger transport manager,Perum Suartini Yuliarti Tbk,Papua Barat
cc9f0ca8,"Tgk. Gamblang Haryanto, S.Pt",Local government officer,PD Marpaung,Banten
4873b85b,"R.M. Gandewa Rajasa, S.E.",Research scientist (maths),Perum Rahayu (Persero) Tbk,Maluku
ed284d4d,Cinta Puspasari,"Psychologist, clinical",PD Situmorang Tbk,Kepulauan Bangka Belitung
05262377,"Banawa Laksmiwati, S.Farm",Architectural technologist,PD Purwanti,DI Yogyakarta
f0cdbf65,Tgk. Elisa Pratiwi,Barista,Perum Natsir Natsir,Papua Barat
cc30a774,Tgk. Martaka Halimah,"Secretary, company",PD Tamba (Persero) Tbk,Papua
a896d6a6,Yance Salahudin,Insurance underwriter,UD Handayani Hutasoit,Sumatera Selatan
fc29a7c7,R.M. Makuta Ardianto,Chief of Staff,PT Melani Nasyiah Tbk,Kalimantan Utara
15e5e075,Jamalia Hutapea,"Lecturer, further education",UD Dabukke Lestari,Papua Barat
a5c8080e,Rafi Handayani,Firefighter,CV Napitupulu (Persero) Tbk,Jawa Timur
fccf91ff,"Titi Thamrin, S.I.Kom",Retail merchandiser,PD Puspasari Suryatmi,Kalimantan Tengah
64424c78,Edison Marpaung,"Therapist, horticultural",PT Puspita Agustina (Persero) Tbk,Banten
cfa7047c,"Rini Sudiati, S.Farm",Chartered certified accountant,UD Hutagalung Namaga Tbk,Sulawesi Tengah
48114852,Puti Sari Halim,"Embryologist, clinical",Perum Hakim (Persero) Tbk,Sumatera Barat
37a2dfb8,"Jindra Suryatmi, M.Pd","Scientist, clinical (histocompatibility and immunogenetics)",PT Firmansyah Pradana Tbk,Papua
8eb5e772,"Mila Hariyah, S.Psi",Animal nutritionist,PT Santoso Sitorus,Jawa Timur
8dd0368b,"dr. Nadine Mardhiyah, M.Pd",Music therapist,PD Rahmawati Wibowo (Persero) Tbk,Bali
6248b9f5,KH. Unggul Novitasari,"Librarian, public",PT Tarihoran (Persero) Tbk,Jawa Tengah
311d78d0,Janet Wacana,Printmaker,PT Megantara Winarsih,Kepulauan Riau
d2bcbbbd,Lili Suartini,Horticultural therapist,CV Hutasoit,Riau
76a4e464,drg. Halim Ramadan,IT trainer,PD Hutasoit,Riau
81f9ae8e,Eka Rahimah,Chartered legal executive (England and Wales),PT Hutapea Damanik,DKI Jakarta
9b1c2d29,Paramita Simanjuntak,"Surveyor, mining",CV Hastuti Fujiati,Kepulauan Riau
5a012873,Asirwanda Nababan,"Teacher, primary school",Perum Prasetya Sinaga Tbk,Jambi
8431948c,Unjani Prasetya,Sales executive,UD Haryanto Tbk,Papua Barat
72e5e4bd,drg. Yance Zulkarnain,Training and development officer,UD Putra (Persero) Tbk,Kalimantan Timur
a1b7ba0a,"H. Bakianto Pratiwi, S.Pd",Structural engineer,CV Winarsih,DI Yogyakarta
2d8b6301,T. Agus Dongoran,"Education officer, community",CV Wulandari Wulandari Tbk,DKI Jakarta
f9bccdeb,"Hamima Mandasari, M.Kom.",Pensions consultant,PT Najmudin Pertiwi,Riau
9501bf72,Cut Ajeng Sihotang,Agricultural engineer,PT Padmasari Riyanti (Persero) Tbk,Jawa Tengah
be2515a9,Lintang Kurniawan,Arts development officer,PD Tampubolon Napitupulu (Persero) Tbk,Jawa Tengah
e84302be,"Bagiya Januar, M.Pd","Surveyor, planning and development",PD Ardianto,Sumatera Utara
7d396767,Natalia Suwarno,Corporate investment banker,Perum Utama Tbk,Bengkulu
dabe0723,Dr. Lala Thamrin,Manufacturing systems engineer,Perum Januar,Sulawesi Selatan
f29183ca,Kayla Anggraini,"Surveyor, quantity",PD Laksita (Persero) Tbk,Sumatera Utara
635417db,Prayitna Kurniawan,Emergency planning/management officer,UD Mulyani (Persero) Tbk,Kalimantan Timur
7620caf9,Kuncara Rajasa,Office manager,CV Hasanah Sitorus (Persero) Tbk,Jambi
947a12f1,"Tgk. Irma Sirait, S.Farm",Estate manager/land agent,PT Wasita,Sulawesi Barat
050331f8,"Maras Kusumo, S.T.","Programme researcher, broadcasting/film/video",UD Hutasoit Saefullah Tbk,Jawa Barat
8009c6e0,Gada Tamba,"Solicitor, Scotland",PT Novitasari,DI Yogyakarta
958a0990,"Ir. Victoria Usamah, S.IP","Designer, graphic",PD Usamah Tarihoran,Sulawesi Utara
b766a6fe,Zulfa Mansur,Midwife,CV Hutasoit Tbk,DI Yogyakarta
9ef5d86f,Xanana Rahayu,Chiropractor,CV Manullang Narpati (Persero) Tbk,Sulawesi Barat
bba59537,Najib Nuraini,"Runner, broadcasting/film/video",PD Zulaika Pratiwi (Persero) Tbk,Kepulauan Riau
d56c3ce3,Tgk. Agnes Laksmiwati,Data scientist,PD Pratiwi Tbk,Maluku
1aa88aa0,"Dr. Asmadi Kuswandari, S.Pd","Designer, industrial/product",PD Prasetyo Purnawati,DKI Jakarta
cef3fb94,"Maida Mandala, S.Pt",Academic librarian,Perum Yulianti,DI Yogyakarta
39c6fd06,"Xanana Sirait, S.Pd",Archaeologist,CV Thamrin,Maluku
09252a42,Ika Narpati,Housing manager/officer,CV Narpati Santoso,Jawa Barat
edd5fa70,Jagaraga Rahimah,Barrister,Perum Suwarno Wastuti,Jawa Barat
2e2a8259,Tina Maryadi,"Psychologist, prison and probation services",PT Tamba Wasita (Persero) Tbk,Banten
fbfc1981,Ir. Tasdik Adriansyah,Architect,CV Zulkarnain Mayasari (Persero) Tbk,Jambi
cbeef981,"Jarwadi Wibowo, S.I.Kom",Biomedical engineer,PT Hidayanto,Papua
0ae1564c,Gilang Nashiruddin,Mechanical engineer,PD Melani Pudjiastuti (Persero) Tbk,DKI Jakarta
cb96c80f,Amalia Narpati,"Clinical scientist, histocompatibility and immunogenetics",CV Fujiati (Persero) Tbk,Gorontalo
f7937af7,"Qori Hutagalung, S.E.",Management consultant,PD Handayani,Maluku
1c678dcb,Dr. Dinda Kuswandari,Statistician,CV Sinaga,Jawa Barat
9139e040,"Enteng Sitompul, S.Farm",Commercial art gallery manager,Perum Wahyuni Tbk,Nusa Tenggara Timur
7e9393d2,Saadat Fujiati,Theatre director,PD Oktaviani (Persero) Tbk,Sulawesi Barat
cacd9aad,"Baktiono Tampubolon, M.Farm","Engineer, civil (contracting)",CV Nasyidah Wibisono Tbk,Kepulauan Bangka Belitung
8ee53883,Sutan Bagus Hutagalung,Immigration officer,Perum Prasetya Lestari,Papua Barat
fd46f96b,Zalindra Ramadan,Gaffer,Perum Sitorus Tbk,Jawa Barat
24c22619,drg. Mala Kuswoyo,Counselling psychologist,Perum Latupono Maheswara,Kalimantan Tengah
1d3c1dce,Icha Nababan,Energy manager,PT Permadi Nainggolan,Sulawesi Selatan
651ba545,Caturangga Kuswandari,"Engineer, agricultural",PT Mulyani Wibowo (Persero) Tbk,Lampung
de03ff9b,R.M. Saka Rahimah,Diplomatic Services operational officer,PD Megantara,Jawa Barat
c2dd0357,"Pangeran Safitri, S.Kom",Passenger transport manager,PT Nurdiyanti Mandasari (Persero) Tbk,Sulawesi Tengah
59cc0932,Heryanto Saragih,"Engineer, energy",Perum Pradipta Prasetya,DKI Jakarta
de650d5d,Leo Mansur,Chartered accountant,Perum Yolanda Tbk,Sulawesi Barat
705b5b8c,Rika Maulana,Ceramics designer,Perum Hutasoit,Papua Barat
40753998,Wawan Halim,"Geneticist, molecular",PD Uyainah,DI Yogyakarta
89668646,Ratna Jailani,"Lecturer, further education",PT Simbolon (Persero) Tbk,Aceh
f8901bf0,Cawisono Rajata,"Lecturer, higher education",Perum Lazuardi Wijaya,Bali
5083e908,Ajimat Ramadan,Adult nurse,CV Purwanti Winarno,Papua Barat
cec16520,Makuta Kusmawati,Physiotherapist,CV Kusmawati,Jambi
22f8b0b8,"R. Reksa Sihotang, S.Kom",Sports therapist,CV Winarsih Pudjiastuti,Kalimantan Selatan
9360fe58,Ian Anggraini,Chief Technology Officer,PD Rahmawati Samosir,Lampung
14006094,"Nasab Siregar, S.I.Kom","Therapist, drama",PD Nainggolan Napitupulu Tbk,Maluku
4c34b234,Ir. Syahrini Widodo,Chartered management accountant,PT Hartati,Sulawesi Tenggara
931fc242,"Drs. Hana Fujiati, S.Pt",Equities trader,CV Waluyo Santoso Tbk,Sulawesi Utara
43eb0d7a,"Ir. Gandi Haryanto, S.Pt",Warehouse manager,Perum Pranowo,DKI Jakarta
c23ca0dd,Unjani Puspasari,Psychotherapist,UD Hidayat Kusmawati,Kalimantan Timur
aa0cb814,"Sutan Wasis Hariyah, S.Ked",Air cabin crew,PD Riyanti,Banten
0a67a1aa,Chelsea Wijayanti,"Doctor, general practice",PT Napitupulu Simanjuntak (Persero) Tbk,Riau
f327657a,Uchita Prasasta,Advertising account planner,Perum Wacana,Sulawesi Tengah
457a7125,Nrima Prasasta,"Engineer, civil (consulting)",PD Prasetyo Setiawan (Persero) Tbk,Kalimantan Selatan
64069c25,"drg. Nurul Nashiruddin, S.Psi",Technical brewer,PT Tamba Iswahyudi (Persero) Tbk,Kalimantan Timur
6702b7d9,R.A. Najwa Megantara,Quantity surveyor,CV Anggraini Lestari Tbk,Gorontalo
7f258885,"Caturangga Nugroho, S.E.I",Police officer,PT Waluyo Rahimah Tbk,Sumatera Selatan
6e8889ab,Sarah Prakasa,Optometrist,PD Budiyanto,Kalimantan Utara
6aaf3561,Nugraha Wasita,Historic buildings inspector/conservation officer,CV Latupono Pradana Tbk,Gorontalo
1e93acc1,Padmi Budiyanto,Naval architect,UD Permata (Persero) Tbk,Jambi
3f0b701b,"Sarah Iswahyudi, S.Gz",Occupational hygienist,PD Pradana Halimah,Aceh
a49af292,Ciaobella Sihombing,Charity fundraiser,PD Fujiati,Maluku
9cb5dd29,Darman Pertiwi,Furniture designer,CV Prasetya Hidayanto (Persero) Tbk,Bengkulu
e7862356,Intan Hidayanto,"Scientist, water quality",PD Ardianto Pratama,Nusa Tenggara Barat
dd65a463,Bakti Habibi,Energy manager,PD Sihombing Putra,Papua Barat
4501920f,Sutan Gaduh Waluyo,"Nurse, adult",Perum Padmasari Hastuti,Sulawesi Utara
c163b0cd,Zelaya Wahyudin,Midwife,Perum Utami Sihombing (Persero) Tbk,Aceh
d1d59c75,"Vicky Damanik, S.Ked",Graphic designer,PD Winarsih,Kalimantan Barat
2c98a761,Sutan Limar Lailasari,"Runner, broadcasting/film/video",PT Gunarto Hassanah,Kalimantan Tengah
fc5342b6,Bahuwirya Hartati,Catering manager,UD Kurniawan,Sumatera Barat
164e172a,"Tina Salahudin, S.Farm",Armed forces technical officer,PT Winarno Wibowo,Gorontalo
e28eddfc,drg. Sari Sinaga,Field trials officer,PD Januar Saragih (Persero) Tbk,Gorontalo
fa1a42cc,Tomi Haryanti,"Scientist, biomedical",Perum Yuniar Wibowo (Persero) Tbk,Kepulauan Bangka Belitung
a05616c2,Umay Suryatmi,Cabin crew,CV Yuliarti Tbk,Sumatera Utara
e794d062,Umar Halimah,"Scientist, research (medical)",PT Fujiati Jailani,Riau
28fb72bc,"Anggabaya Yolanda, S.I.Kom",Community education officer,UD Maulana Firmansyah (Persero) Tbk,Gorontalo
8367b489,Nadia Siregar,Dealer,CV Sinaga,Jawa Barat
2a63ef5f,Warsa Saptono,Archaeologist,CV Lazuardi Suartini Tbk,Papua Barat
7027b5b4,Kenzie Palastri,"Lecturer, higher education",UD Firmansyah Tbk,Maluku
949e50e9,"Garang Sudiati, M.Farm","Engineer, civil (consulting)",UD Wijayanti Suryatmi,Nusa Tenggara Barat
559d913c,Asman Budiyanto,Art therapist,UD Kuswandari Tbk,Kalimantan Utara
1b66a9ef,Yessi Saefullah,Hydrologist,Perum Wahyuni (Persero) Tbk,Kalimantan Barat
6a4325bf,Maria Wijaya,Therapeutic radiographer,UD Sihombing Rajasa (Persero) Tbk,Sumatera Utara
d406c4ab,"Johan Budiyanto, S.H.","Engineer, mining",PT Hutapea Pudjiastuti,Sulawesi Tengah
f692a34c,drg. Karja Dabukke,"Scientist, physiological",Perum Susanti Putra Tbk,Sulawesi Tengah
e40badb5,"Azalea Suartini, M.Farm",Secretary/administrator,Perum Rajata,Kepulauan Riau
62c7388a,Rina Thamrin,Health and safety inspector,CV Wahyuni Hutapea,Jawa Timur
1262920d,"Yessi Uyainah, S.Sos","Engineer, broadcasting (operations)",Perum Wacana,Sumatera Utara
ea7ce6cf,"Sutan Endra Tampubolon, S.Pt",Civil Service administrator,CV Puspita Ramadan (Persero) Tbk,Gorontalo
b65506d2,Hana Puspita,"Producer, television/film/video",PT Prastuti,Sulawesi Utara
545e1be1,Asirwada Hardiansyah,Secretary/administrator,UD Safitri Rajata Tbk,Nusa Tenggara Timur
f5b6686f,Wani Winarsih,Land,Perum Rahmawati Tbk,Papua
610eae7c,Sutan Galar Astuti,General practice doctor,PT Widodo Kusmawati (Persero) Tbk,Sumatera Utara
cfa233e0,"Drs. Ratna Wijayanti, S.Gz","Therapist, nutritional",CV Namaga,Papua Barat
3d1c4ee3,Ami Natsir,"Restaurant manager, fast food",UD Siregar,Maluku Utara
b1ef2a07,Betania Manullang,Optometrist,PT Salahudin Firmansyah,Sulawesi Barat
3c9d3ef1,Gandi Sirait,Regulatory affairs officer,CV Pradipta Marbun Tbk,Kepulauan Bangka Belitung
9704fcca,drg. Baktiadi Agustina,Multimedia specialist,PD Riyanti (Persero) Tbk,Bengkulu
1f9e06d9,Dalima Sirait,Ergonomist,UD Yuliarti Hastuti Tbk,Papua Barat
2bf66f80,Siska Riyanti,Estate agent,UD Mustofa Tamba,Bali
9218d403,Carla Pradipta,Herbalist,PT Astuti Tbk,DKI Jakarta
7003f5c4,"Natalia Widodo, S.Pd",Personal assistant,PD Mangunsong Saragih (Persero) Tbk,Bengkulu
b9be949f,Cahyadi Suartini,Patent examiner,UD Irawan Tbk,Maluku Utara
95891d8d,drg. Jelita Suryatmi,"Psychologist, clinical",UD Wulandari Prabowo,Kalimantan Barat
9f5c882a,"H. Jarwadi Puspasari, S.Farm","Engineer, manufacturing systems",PT Putra,Jawa Tengah
12f58138,Jarwadi Saragih,Learning mentor,PT Gunawan Tbk,Jawa Barat
37c7eeaf,Mahesa Damanik,Oncologist,PT Habibi Tbk,DI Yogyakarta
b57019a1,Dt. Simon Wibisono,Secretary/administrator,PT Najmudin Tbk,Kalimantan Selatan
0e7f820a,Paramita Hassanah,Trading standards officer,PD Habibi Laksmiwati Tbk,DI Yogyakarta
5dbcfb10,Hana Riyanti,Nature conservation officer,PD Pratiwi,Kalimantan Barat
06dcbb53,Mulya Pudjiastuti,Quality manager,CV Lailasari Tbk,Lampung
2c78115e,dr. Kajen Hassanah,"Designer, fashion/clothing",PT Simbolon Natsir Tbk,Lampung
9f99a427,dr. Salsabila Mardhiyah,Higher education lecturer,PD Siregar (Persero) Tbk,Papua Barat
87fa5392,"Tirtayasa Sitompul, M.Pd",Education administrator,CV Setiawan Tbk,Jawa Tengah
97000a42,Elvina Sudiati,Restaurant manager,UD Halim Siregar Tbk,Jawa Tengah
e371f6ea,Sakura Hidayanto,"Psychologist, educational",UD Latupono (Persero) Tbk,Sulawesi Barat
89bade60,Natalia Sihombing,Fashion designer,PT Maryati (Persero) Tbk,Sulawesi Tenggara
718e391a,Leo Hakim,Recruitment consultant,Perum Januar Agustina,Sulawesi Utara
60020620,"Puti Sabrina Hartati, S.Pt","Nurse, children's",CV Firgantoro Hartati,DI Yogyakarta
5a7bdda6,"Lala Megantara, S.Psi",Trade union research officer,CV Waskita,DKI Jakarta
05371944,Asirwada Winarsih,"Scientist, research (life sciences)",PT Handayani,Papua Barat
0150e310,Rusman Usada,"Accountant, chartered management",PD Nuraini,Kalimantan Tengah
edf276e6,"Daliono Prasasta, S.I.Kom","Doctor, hospital",CV Mandasari Napitupulu Tbk,Sulawesi Barat
c32c53b5,Ghaliyati Fujiati,Facilities manager,UD Hasanah (Persero) Tbk,Maluku Utara
5929a3d3,Tira Namaga,"Therapist, drama",CV Adriansyah (Persero) Tbk,Sumatera Barat
28fd5f96,Hj. Wulan Halimah,"Administrator, charities/voluntary organisations",PD Agustina (Persero) Tbk,Bengkulu
fa50cf36,Baktiadi Waluyo,Horticultural therapist,CV Anggriawan Suryono,Sumatera Selatan
071e76ad,"Puji Hardiansyah, S.Ked",Computer games developer,PT Tamba Prabowo,Riau
fe8578ee,"Darijan Laksmiwati, M.Pd",Town planner,CV Lestari,Kalimantan Utara
c7e0a8c4,"Drs. Bakiman Wastuti, S.Gz",Retail manager,PT Nashiruddin Wulandari,Maluku
380826ff,"Soleh Halim, M.M.",Multimedia specialist,UD Sihombing,Sumatera Utara
996fa1eb,Padma Wastuti,Research scientist (medical),UD Pratama,Aceh
167d1d7b,Drs. Ilyas Natsir,"Lighting technician, broadcasting/film/video",PT Mayasari Sudiati Tbk,Papua
e90f19ef,Dr. Yuliana Manullang,"Surveyor, building",UD Simbolon Wijayanti (Persero) Tbk,Nusa Tenggara Barat
8ae5055e,Icha Rahmawati,Ophthalmologist,PD Dabukke Tbk,Kepulauan Riau
1ece7a20,Kusuma Yulianti,Energy manager,Perum Handayani,Aceh
2c7aed84,Victoria Prastuti,"Psychologist, forensic",PT Megantara Nababan,Jawa Tengah
f49e7caf,Martani Yulianti,"Biochemist, clinical",CV Gunarto,Riau
299c7c6b,"Maimunah Hassanah, S.Ked",Dealer,PT Yuniar,Kalimantan Utara
c2fccf5b,Cemeti Gunarto,Paramedic,Perum Kuswoyo Tbk,Kepulauan Riau
089cb24b,Rahmi Maheswara,"Pharmacist, hospital",CV Prasetya Hutagalung (Persero) Tbk,Sulawesi Tengah
e095cac5,Ir. Ibrahim Prastuti,Advertising account executive,CV Haryanti Tbk,Banten
92c78957,Betania Oktaviani,Charity fundraiser,UD Prasasta,Jawa Timur
52f5df7f,R. Nadine Adriansyah,Legal executive,PD Zulkarnain,Kepulauan Bangka Belitung
e6c03a49,Gantar Natsir,"Investment banker, operational",Perum Widodo (Persero) Tbk,Aceh
edeef627,R. Kamal Prabowo,"Teacher, special educational needs",Perum Pangestu,Jawa Tengah
53e55e7c,Okto Safitri,Trade mark attorney,CV Natsir (Persero) Tbk,Sulawesi Tenggara
77458fb5,Humaira Prabowo,Chartered public finance accountant,CV Mangunsong (Persero) Tbk,Aceh
8db4a30e,Enteng Halim,"Production designer, theatre/television/film",PD Aryani Nasyidah,DKI Jakarta
0270d6ae,"Jaka Sinaga, M.Farm",Nutritional therapist,CV Nashiruddin Prasetya Tbk,Kepulauan Bangka Belitung
0eb0b922,Prayoga Melani,Holiday representative,PT Suartini Yuliarti Tbk,Kalimantan Utara
a54e0fa3,"Restu Usamah, M.Kom.",Charity fundraiser,PD Kusmawati Mustofa Tbk,Jawa Tengah
37b154b9,Winda Aryani,Occupational therapist,UD Melani (Persero) Tbk,Jawa Timur
19340bc9,"Cut Ade Uyainah, S.Pt",Clinical molecular geneticist,CV Lailasari (Persero) Tbk,Bengkulu
7ef2a0c9,Rahayu Astuti,Actor,PD Rahayu,Jawa Timur
dfbe0b9c,Kayla Hutapea,Financial adviser,CV Hutapea Siregar,Maluku Utara
43cd848c,Elma Safitri,Careers information officer,Perum Namaga Kuswoyo,Papua Barat
d5be28ea,Cici Mansur,Special educational needs teacher,Perum Kuswoyo Hutapea,Aceh
c90a64cb,Kamaria Halim,"Surveyor, quantity",UD Santoso Yuniar,Jambi
3d40cf2e,Maimunah Damanik,"Therapist, art",PD Iswahyudi Lestari (Persero) Tbk,Jawa Timur
a6f60e9a,"Drs. Lutfan Laksita, S.Pt","Journalist, magazine",CV Yuliarti (Persero) Tbk,Kepulauan Riau
b7a25d45,Uli Rajata,Legal executive,CV Rahmawati (Persero) Tbk,Papua
521fde76,Titin Usamah,"Psychologist, clinical",PD Laksmiwati Utama Tbk,Riau
a2835115,dr. Zulaikha Utami,Patent attorney,CV Mahendra Iswahyudi Tbk,Maluku
437abe71,"Kamila Hastuti, S.H.",Personal assistant,UD Prasasta,Kalimantan Utara
da3f2f37,Ulva Situmorang,Learning mentor,CV Uyainah,Riau
eed9356e,Carla Aryani,Environmental consultant,PT Suryatmi,Kalimantan Timur
3e0416ad,"R.M. Maras Jailani, S.Gz",Naval architect,CV Simbolon Rajata (Persero) Tbk,Nusa Tenggara Timur
410b80b4,Tina Anggraini,Public relations officer,Perum Permadi Tbk,DKI Jakarta
b49a514b,Dr. Legawa Situmorang,Amenity horticulturist,PT Wulandari Suwarno (Persero) Tbk,Jawa Timur
bb24be59,Hari Sitompul,Theme park manager,PD Budiman Hassanah Tbk,Sulawesi Selatan
85c23531,Ira Dongoran,Commercial horticulturist,PD Prasasta Hastuti,Aceh
37a34a7a,Empluk Nasyidah,Logistics and distribution manager,Perum Saragih Tbk,Lampung
ec3963cd,Drs. Kezia Palastri,Software engineer,PD Maryati Tampubolon,Bali
1a6a4148,Upik Thamrin,Social worker,Perum Pradana Damanik Tbk,Kepulauan Riau
e32d5bfe,Dalimin Ramadan,Commissioning editor,Perum Sirait,Sulawesi Tenggara
30294ce5,R. Ciaobella Nasyiah,Technical author,Perum Suartini Padmasari,DI Yogyakarta
daba60b2,Hj. Malika Wijayanti,Scientific laboratory technician,Perum Pangestu Tbk,Nusa Tenggara Barat
80b7671b,Violet Nababan,Public house manager,PT Rahmawati,Banten
f291e613,Langgeng Habibi,"Engineer, manufacturing systems",Perum Nababan Tbk,Sumatera Utara
ebd9e678,H. Leo Pranowo,Risk manager,UD Narpati Wahyuni (Persero) Tbk,Nusa Tenggara Timur
b57ac6a0,Putri Dongoran,Chartered loss adjuster,CV Budiyanto Mandasari,Sumatera Selatan
2af30388,R.A. Gasti Suwarno,Academic librarian,PD Damanik Pratama Tbk,Sulawesi Selatan
e27864e4,Bakda Nashiruddin,Herpetologist,PD Firgantoro,Jawa Barat
e17dfb70,"Drs. Eli Safitri, S.I.Kom",Technical brewer,PD Laksmiwati Pangestu,Sulawesi Barat
d30459ba,Gatot Wastuti,"Therapist, music",CV Mustofa (Persero) Tbk,Sulawesi Tengah
14c0d233,Titin Wijayanti,"Buyer, industrial",PD Padmasari Adriansyah Tbk,Sumatera Selatan
69db1a54,"Jane Gunarto, S.Pt",Secondary school teacher,PD Wijaya Utama (Persero) Tbk,DI Yogyakarta
4e4a6497,"Dr. Okta Mangunsong, S.E.",Architect,Perum Fujiati Wulandari Tbk,Maluku
28a0d73a,Prayoga Mayasari,Counsellor,PT Fujiati (Persero) Tbk,Bengkulu
3b370942,"Raina Hariyah, M.M.",English as a foreign language teacher,UD Yuliarti,Bengkulu
e32d8b15,"Kanda Widodo, S.H.",Furniture designer,Perum Nashiruddin Mansur,DI Yogyakarta
08ef6f81,Kariman Sihotang,"Conservation officer, historic buildings",CV Kuswandari Tbk,Jawa Tengah
bcfdfca0,KH. Adika Simanjuntak,Technical brewer,PT Melani,Bengkulu
ea4e6ddd,Teguh Salahudin,Field seismologist,PT Wasita,Kalimantan Selatan
5d5121fd,Najam Sitompul,"Engineer, agricultural",UD Purwanti Tbk,Nusa Tenggara Timur
c3da273b,Heryanto Adriansyah,Higher education careers adviser,PD Zulaika (Persero) Tbk,Sulawesi Utara
c36c28a5,Samiah Pertiwi,Art therapist,PD Yulianti Maryati,Kepulauan Riau
fb24c9fc,Kariman Nurdiyanti,Building control surveyor,PD Simanjuntak Nuraini,Bengkulu
a8b0b2b7,Drs. Lantar Astuti,Energy engineer,PT Damanik Haryanto,Sulawesi Selatan
9872ebc2,Salsabila Sitompul,Veterinary surgeon,PT Mulyani Saefullah Tbk,Riau
bfde233a,Puput Namaga,"Civil engineer, consulting",PT Nashiruddin (Persero) Tbk,Sulawesi Tengah
a1fcc2d4,Elma Sinaga,Pension scheme manager,PD Purwanti Tbk,Kepulauan Bangka Belitung
85951a85,Okto Jailani,Contractor,Perum Lazuardi Utama,Sulawesi Tenggara
0c122a10,"Uli Riyanti, S.E.I",Homeopath,PD Simbolon,Maluku Utara
602812d6,"Tgk. Martana Astuti, S.Gz",Data processing manager,Perum Wahyudin Tbk,Papua Barat
33cb7040,Pangestu Permata,"Administrator, arts",Perum Waluyo Nasyiah,Sumatera Barat
2fb2cad3,"Kayun Siregar, M.Pd",Trade union research officer,CV Kusmawati (Persero) Tbk,DI Yogyakarta
312020ad,Puti Melinda Riyanti,Barrister's clerk,UD Yolanda (Persero) Tbk,Jawa Timur
463cf7fc,Zalindra Saragih,"Scientist, marine",PT Hastuti,Aceh
3c1eabfe,Oni Simanjuntak,Animal technologist,Perum Suryono Tbk,Bali
a8506211,Ismail Anggriawan,Occupational therapist,UD Mustofa Thamrin Tbk,Bengkulu
ba80a4c1,Vero Andriani,Leisure centre manager,UD Tarihoran (Persero) Tbk,Sulawesi Tengah
4f317621,Umar Uyainah,Airline pilot,Perum Agustina Hutasoit,Kepulauan Bangka Belitung
7774f806,"Sutan Upik Mandasari, S.I.Kom",Astronomer,PT Siregar (Persero) Tbk,Bali
53925896,"Puti Aurora Wibowo, M.Pd",Commissioning editor,PT Hutasoit,DKI Jakarta
0b4b4897,KH. Cawisadi Iswahyudi,Printmaker,PT Gunarto (Persero) Tbk,Papua Barat
5e055bfb,Kamidin Melani,"Designer, graphic",CV Sitorus Nuraini (Persero) Tbk,Sumatera Barat
ad037979,"Hj. Vivi Winarno, S.Pd","Buyer, retail",CV Kuswandari,Maluku Utara
84269460,Agnes Susanti,Legal secretary,PT Nainggolan,Aceh
7750b7bd,"Bahuraksa Yulianti, S.Sos",Actor,CV Nugroho Tbk,Kalimantan Selatan
f1a33ba1,Tasdik Novitasari,Firefighter,CV Marbun Pranowo,Papua Barat
9f8c2197,"Chelsea Hidayat, M.M.",Civil Service fast streamer,PT Kusmawati (Persero) Tbk,Bengkulu
ab9fc796,Asirwada Wastuti,Industrial/product designer,CV Gunawan Nashiruddin (Persero) Tbk,Jawa Timur
b5571f18,Bala Susanti,English as a second language teacher,UD Usada Saptono,Kepulauan Bangka Belitung
29ed6f9c,Panca Pratama,Financial adviser,PT Wasita (Persero) Tbk,Kalimantan Timur
e31f15d0,Ghani Gunarto,Analytical chemist,UD Halim Yulianti,Papua
87c4f0dd,"Hj. Kani Wacana, M.Farm","Geneticist, molecular",UD Hasanah,Maluku Utara
11c8639f,R.A. Raina Usamah,Chartered management accountant,CV Halim Nasyidah,DKI Jakarta
4114a9a3,"R. Harsanto Kurniawan, S.H.","Loss adjuster, chartered",PT Nasyidah,Lampung
f930453d,"Cahyo Fujiati, S.I.Kom","Journalist, magazine",PT Hastuti Tbk,Nusa Tenggara Barat
bcc20fa9,Humaira Samosir,Contractor,CV Puspasari Hassanah Tbk,Papua
c65af75e,"Ir. Heryanto Damanik, S.T.",Investment analyst,Perum Hidayat,DI Yogyakarta
2c6f6c83,"Dt. Adikara Budiyanto, S.Kom",Mudlogger,Perum Januar Megantara,Sulawesi Selatan
81c030a7,Kemba Rahmawati,Facilities manager,PT Nababan Sirait (Persero) Tbk,Sulawesi Tengah
eff3ae28,Vanesa Natsir,Illustrator,UD Hariyah Ardianto (Persero) Tbk,Banten
91706973,Bajragin Wahyuni,Textile designer,UD Santoso Megantara Tbk,Kepulauan Riau
962ce1ed,"Puti Zizi Rahayu, M.Farm","Journalist, magazine",PD Yolanda,Jawa Timur
a74e7f72,Hari Namaga,"Administrator, education",CV Riyanti,Nusa Tenggara Barat
43663c68,Kemba Palastri,Mudlogger,CV Prasetyo Anggraini (Persero) Tbk,Sumatera Selatan
733009aa,Padma Mansur,Marketing executive,UD Puspasari,Sulawesi Selatan
77ed95ea,Reza Siregar,Financial risk analyst,CV Wibisono,DKI Jakarta
a4e5cad9,Citra Wahyudin,Logistics and distribution manager,PT Gunarto Usamah,DKI Jakarta
3be39089,Olga Riyanti,Printmaker,CV Maheswara (Persero) Tbk,Lampung
e4d66de9,KH. Mujur Santoso,Textile designer,PT Purwanti Tbk,Sumatera Barat
7014d58b,Asmadi Mandala,Medical sales representative,PT Januar Zulkarnain,Kalimantan Selatan
e0ca8f4a,Umi Mandala,Air cabin crew,PT Rahimah Tbk,Kalimantan Selatan
d34d4770,Jasmin Nugroho,Operations geologist,CV Winarno Mangunsong (Persero) Tbk,Bali
6706d10b,Chelsea Nuraini,Geochemist,CV Winarno Tbk,Kalimantan Utara
edd1864a,Jarwa Prayoga,Psychiatric nurse,Perum Purnawati Mahendra,Papua
29d614fa,R.M. Caket Pradana,Computer games developer,Perum Winarsih,Kalimantan Barat
ef22d053,Wisnu Lestari,"Secretary, company",PT Salahudin,Gorontalo
1ec35503,Drs. Tiara Yuniar,Sport and exercise psychologist,PT Putra,Jawa Barat
709f220f,Ellis Yuniar,Dietitian,PD Habibi Haryanti,Nusa Tenggara Barat
eb5c130e,"Yuni Mulyani, S.Gz",Printmaker,PT Habibi Anggraini Tbk,Kalimantan Barat
b4d8a66c,"Michelle Budiman, S.Pd","Conservation officer, historic buildings",CV Susanti,Sulawesi Tengah
2102ff3e,Widya Salahudin,"Designer, furniture",CV Pradipta Laksita Tbk,Kalimantan Utara
cfb8475e,Liman Adriansyah,Actor,PD Wibowo Sitompul,Sumatera Utara
8c2e4e60,Purwa Wastuti,Volunteer coordinator,PT Palastri Yulianti Tbk,Papua Barat
c4906bfb,Mitra Riyanti,Multimedia specialist,PD Pertiwi (Persero) Tbk,Aceh
8c161a79,Mulyono Farida,Hydrologist,PD Lestari,Sumatera Barat
9b875264,Karen Maryati,Tourist information centre manager,Perum Ardianto Tbk,Kalimantan Barat
5edd3ce6,dr. Kayla Marpaung,Clinical molecular geneticist,CV Kusumo,Sumatera Barat
8ff10bb5,Yunita Halim,Agricultural consultant,UD Wijayanti Wibisono,Bali
00cb285f,"Jamil Mahendra, M.Pd",Commercial art gallery manager,CV Wahyudin (Persero) Tbk,Jawa Barat
26a3d095,Ana Setiawan,Immigration officer,PT Hidayanto Widodo,Kalimantan Utara
76a51707,"Waluyo Winarsih, S.Ked",Insurance claims handler,Perum Mardhiyah Puspasari,Jawa Timur
ded05443,Surya Prayoga,Publishing copy,CV Kusumo Suartini,Sulawesi Utara
7ff28e22,Arsipatra Saptono,Metallurgist,PD Mardhiyah,Papua
e84f0e98,Titin Mansur,"Psychologist, prison and probation services",PT Andriani,Nusa Tenggara Timur
3d238d7e,Halima Mandasari,Radio producer,PD Sihombing Rahimah Tbk,Sumatera Barat
12d20f22,"Sutan Marwata Nainggolan, S.E.I",Speech and language therapist,PT Nababan Tbk,Nusa Tenggara Barat
0e650815,Tedi Nasyidah,"Surveyor, land/geomatics",Perum Pradipta Tbk,Sumatera Barat
1f06785a,Gasti Hutagalung,Toxicologist,PD Samosir,Kepulauan Riau
182a7e71,Puji Narpati,Equities trader,PT Nasyidah Sihombing Tbk,Nusa Tenggara Timur
f366a5fc,"Gading Prasasta, S.Farm","Engineer, technical sales",UD Winarsih Tbk,Sumatera Selatan
dac256dd,"Gamani Novitasari, S.H.",Ranger/warden,PD Irawan Agustina,Maluku
23fe4e74,"KH. Dimaz Purnawati, M.Kom.",Graphic designer,PD Uyainah Siregar Tbk,Sulawesi Tenggara
6e13d00c,"Cut Carla Wibisono, M.Kom.","Librarian, academic",PD Widodo Rajata Tbk,Kalimantan Utara
ddf7cff5,Hamima Kurniawan,Records manager,PT Purwanti (Persero) Tbk,Kalimantan Utara
5acc3874,Azalea Ardianto,Translator,Perum Tamba Tbk,Nusa Tenggara Barat
5edea1fc,"drg. Genta Pangestu, S.Farm",Barrister's clerk,PD Haryanti (Persero) Tbk,Jambi
4b09897d,Warji Siregar,Senior tax professional/tax inspector,Perum Napitupulu Agustina Tbk,Kepulauan Bangka Belitung
699b9b19,Darijan Kuswandari,Further education lecturer,Perum Rajata Salahudin (Persero) Tbk,Kepulauan Riau
594e1405,R.M. Jarwadi Hastuti,"Engineer, agricultural",Perum Purwanti (Persero) Tbk,Nusa Tenggara Timur
9027e617,Aurora Pranowo,Curator,UD Suartini,Kepulauan Bangka Belitung
98cd1f8e,Malika Mardhiyah,"Doctor, hospital",PD Sihombing Hariyah,Bali
fc6a0514,R. Ridwan Pratiwi,Government social research officer,PD Hardiansyah Napitupulu,Kalimantan Selatan
eed17c94,Umi Maryadi,Media buyer,PD Saputra,Papua Barat
3de373c7,Purwa Wasita,Personnel officer,PD Haryanto Tbk,Aceh
59a07e17,Ir. Yuni Agustina,Toxicologist,Perum Haryanti Firmansyah (Persero) Tbk,Bengkulu
f979e38d,drg. Juli Gunarto,"Merchandiser, retail",UD Novitasari,Sulawesi Barat
f6fe1159,Tirtayasa Agustina,"Teacher, secondary school",Perum Hutagalung Kuswandari (Persero) Tbk,Kalimantan Barat
ca40ecb3,"Tantri Pradana, S.H.",Food technologist,CV Hutasoit Kurniawan,Sumatera Barat
4872e6f5,Rosman Habibi,Advertising art director,Perum Oktaviani Yuliarti Tbk,Kalimantan Barat
823cb057,Tari Mandasari,Environmental manager,UD Haryanto Uwais Tbk,Sumatera Selatan
ecccac06,Kasusra Winarno,Estate agent,PT Padmasari Utama (Persero) Tbk,Kalimantan Timur
536787e6,"dr. Cindy Simbolon, S.E.","Surveyor, minerals",PT Dabukke,Kalimantan Barat
fbab05df,Zulaikha Winarno,"Horticulturist, commercial",PD Pradipta Wijaya Tbk,Sumatera Barat
8eae8660,Umi Oktaviani,Seismic interpreter,PT Suartini Kusmawati Tbk,Sumatera Barat
a1e6b584,Cengkir Prasetya,Mental health nurse,CV Anggraini Suryono (Persero) Tbk,Sumatera Barat
aedbba5f,Cut Suci Safitri,Lawyer,CV Hasanah,Kalimantan Tengah
67ea6527,"Puti Vicky Winarno, S.Gz","Journalist, magazine",PT Hasanah Pranowo,Sumatera Utara
bc1adf17,Hasna Sinaga,"Engineer, land",UD Hidayanto Tbk,Banten
2cb961c1,Darmanto Januar,"Buyer, retail",CV Wahyudin Nugroho,Sulawesi Barat
d650760f,Hasan Wastuti,Site engineer,UD Utama (Persero) Tbk,DI Yogyakarta
8369fdd9,Paiman Mardhiyah,Youth worker,PD Maryadi Andriani (Persero) Tbk,Maluku
bffdb4d1,"Cut Zelaya Anggraini, M.Ak",Aeronautical engineer,CV Ardianto Winarsih (Persero) Tbk,Sumatera Selatan
5f5e8c67,Tgk. Cakrawangsa Aryani,"Engineer, aeronautical",UD Namaga,DI Yogyakarta
e3086c9d,Taufan Manullang,Hydrologist,PD Pradana Tbk,Kalimantan Timur
1013b3eb,Chelsea Utami,Risk manager,PD Saptono Purwanti (Persero) Tbk,Kalimantan Tengah
d149f1f4,Humaira Puspita,Radiation protection practitioner,CV Saputra Mandala,Sumatera Barat
af6c95f4,R.A. Eka Thamrin,Systems analyst,CV Winarno Hakim,Nusa Tenggara Barat
7e474df4,"Jamil Kusmawati, S.IP",Management consultant,PT Andriani Samosir (Persero) Tbk,Sumatera Barat
e810b7b1,"R. Gamanto Hidayanto, M.M.",Office manager,PT Suartini,Papua Barat
41c3d6b0,Bakiman Wasita,"Surveyor, minerals",UD Adriansyah Handayani Tbk,Maluku Utara
0af194de,"Dr. Ani Pradana, S.IP",Fashion designer,PT Rahimah Siregar,Jawa Timur
80c0f28c,Bancar Dongoran,Armed forces training and education officer,Perum Lailasari Tbk,Sumatera Utara
e2ca474a,Ani Prasasta,Economist,PD Nuraini Tbk,Kalimantan Barat
801c3dc6,R.A. Humaira Palastri,Human resources officer,PD Samosir Tbk,Papua Barat
db2b6c1a,"Yuliana Susanti, M.Ak",Herbalist,CV Irawan,Aceh
c598c508,Wawan Simbolon,"Surveyor, building",Perum Prasetyo (Persero) Tbk,Sumatera Utara
597a0461,Olivia Kurniawan,Broadcast presenter,PT Pangestu Ardianto,Sulawesi Tengah
1defec86,Aswani Nurdiyanti,"Administrator, charities/voluntary organisations",PD Hastuti Agustina,Sulawesi Tenggara
ec20b840,Mustofa Anggraini,"Accountant, chartered",PD Dabukke Novitasari Tbk,Jawa Tengah
85b6a521,Murti Iswahyudi,"Engineer, broadcasting (operations)",PD Simbolon Tbk,Bengkulu
f28c7076,Maryadi Lailasari,"Designer, television/film set",CV Hidayat Hastuti,Jawa Tengah
e954b901,Budi Samosir,"Editor, commissioning",PT Simbolon,Nusa Tenggara Timur
4d21bbf9,Eja Permata,Surgeon,CV Nababan Pradana (Persero) Tbk,Kalimantan Selatan
df36a392,"Aslijan Mayasari, S.T.",Clinical molecular geneticist,UD Uyainah,DI Yogyakarta
6a0df02f,Laswi Wahyuni,"Investment banker, operational",PD Oktaviani,DI Yogyakarta
f0d06109,Vicky Zulaika,Information systems manager,UD Namaga Tbk,DKI Jakarta
05ee33bd,Calista Simanjuntak,"Administrator, sports",CV Mahendra Safitri (Persero) Tbk,Lampung
35845bbc,Tiara Wibowo,Radiation protection practitioner,UD Budiman Santoso (Persero) Tbk,Sumatera Utara
674c52d8,"Drs. Kajen Pertiwi, S.H.",Orthoptist,PT Maryadi Hartati (Persero) Tbk,Sumatera Selatan
5cece709,Sari Waluyo,Gaffer,Perum Palastri Pertiwi Tbk,Sumatera Barat
ad45c941,Tgk. Janet Santoso,"Administrator, Civil Service",Perum Siregar (Persero) Tbk,Gorontalo
d63f878f,Galak Permadi,"Engineer, communications",Perum Nashiruddin Rahimah,Papua Barat
6280d2ab,Nabila Kusmawati,Licensed conveyancer,Perum Riyanti,Banten
80ac2678,Jayadi Najmudin,"Engineer, water",CV Halim Tbk,Jawa Tengah
a5dcf910,Nova Halim,"Psychologist, sport and exercise",UD Rahmawati Hastuti,Bali
381c873d,"Sadina Mansur, M.Ak","Scientist, physiological",PT Utama (Persero) Tbk,Papua
9b81e964,Legawa Lazuardi,Database administrator,UD Uwais,Sulawesi Barat
6f7712b6,Amalia Hidayanto,Merchant navy officer,PT Prasasta Mardhiyah,Nusa Tenggara Barat
a45fbb24,Hani Riyanti,Applications developer,PD Irawan Megantara,Kalimantan Timur
35ab22f8,"Embuh Maryati, S.Pd",Public relations officer,CV Lazuardi (Persero) Tbk,Gorontalo
e179be17,Emil Natsir,Geochemist,CV Rahmawati Yuniar Tbk,Banten
239637fe,Prakosa Mustofa,Product manager,PD Haryanto Kuswoyo (Persero) Tbk,Kalimantan Timur
35f65f4c,"dr. Cahyanto Puspasari, S.Farm","Accountant, chartered management",PD Lazuardi Hassanah Tbk,Sulawesi Tenggara
ae562bb1,R.A. Puti Rahayu,"Administrator, arts",UD Firgantoro Winarsih Tbk,Sulawesi Selatan
49bb002b,Gilda Nababan,Biomedical scientist,UD Melani Natsir Tbk,Kepulauan Riau
7ce41a29,Mala Nuraini,Insurance broker,PT Yuliarti Haryanti Tbk,Kalimantan Selatan
cb7afad5,Tina Mayasari,Psychiatric nurse,UD Simbolon Prakasa,Kepulauan Riau
fcf6f094,Siska Pudjiastuti,Systems analyst,Perum Zulaika Tbk,Sulawesi Tenggara
82f7d098,Lamar Iswahyudi,Publishing rights manager,PT Uwais Wibowo Tbk,Jawa Barat
586109de,"Ir. Ajeng Hastuti, M.Farm",General practice doctor,PD Budiman Sitompul,Sumatera Utara
6978c128,Hj. Ilsa Maulana,"Pharmacist, hospital",PT Safitri,Banten
c2bd8b57,Cahyadi Pangestu,Museum/gallery curator,PT Rahmawati,Kalimantan Tengah
7461340a,Novi Anggraini,Biomedical engineer,CV Sihombing (Persero) Tbk,Jambi
7892f3a5,dr. Najwa Wijaya,Government social research officer,CV Pudjiastuti Mardhiyah,Nusa Tenggara Timur
15acc618,"R.A. Tira Habibi, S.Kom",Financial risk analyst,CV Nasyiah Iswahyudi Tbk,Jambi
58aaf09e,Harjaya Palastri,Speech and language therapist,PD Saragih Purnawati Tbk,Papua
d5ad8122,Shania Namaga,"Optician, dispensing",PD Sitompul Purwanti Tbk,Kepulauan Bangka Belitung
1a8bce40,Bakda Kusmawati,"Accountant, chartered management",PD Wasita Safitri,Nusa Tenggara Timur
bc102b3c,"Drs. Daniswara Anggraini, S.IP",Medical technical officer,PD Wulandari Tbk,Sulawesi Selatan
3066c3a1,Zizi Hasanah,Heritage manager,Perum Yuniar,Sumatera Utara
01101d25,"Dr. Lurhur Nurdiyanti, S.I.Kom","Chemist, analytical",UD Ardianto Yulianti Tbk,Bengkulu
6a8885c3,"Dr. Vicky Hidayanto, S.Gz",Education administrator,PT Irawan (Persero) Tbk,Sulawesi Selatan
3969db13,Kamaria Purnawati,Intelligence analyst,CV Hartati (Persero) Tbk,Maluku Utara
035d33c8,Devi Hasanah,Insurance claims handler,CV Widodo,Maluku Utara
fcf0f2fa,R.A. Juli Halim,"Copywriter, advertising",UD Puspasari Wibisono,Sulawesi Barat
3ca43d51,Harto Winarno,"Research officer, government",PT Sinaga Astuti,Nusa Tenggara Barat
c9729de8,"Drs. Kayla Tarihoran, S.E.",Exercise physiologist,PD Susanti Padmasari,Lampung
b05f04a7,Zizi Pradipta,"Chemist, analytical",Perum Mansur,Kalimantan Utara
6edeb7d3,Adika Hariyah,Community arts worker,Perum Thamrin Prasasta Tbk,Bali
7f2e724e,Embuh Salahudin,Clothing/textile technologist,UD Widodo,Sumatera Selatan
92d7e3d0,"Cengkir Iswahyudi, S.Farm",Quarry manager,UD Usamah Kusmawati (Persero) Tbk,Lampung
57c36d02,"Dt. Kala Wulandari, S.Psi",Interpreter,CV Mangunsong (Persero) Tbk,Jawa Tengah
b7293b13,Ina Firmansyah,Clinical psychologist,Perum Laksmiwati,Jawa Timur
d81f1e80,"R.M. Hasim Rahayu, M.Pd",Arboriculturist,CV Widodo Sudiati (Persero) Tbk,Sulawesi Selatan
0b0bb8ed,Ir. Cakrabuana Rahayu,Amenity horticulturist,PD Laksita Halimah,Papua Barat
460cb41b,Bagus Gunawan,Personnel officer,PT Nainggolan Tbk,Nusa Tenggara Barat
9d5e9328,Putri Damanik,Financial manager,UD Suryono Setiawan (Persero) Tbk,Nusa Tenggara Barat
ce77cdb4,Indah Yolanda,"Lecturer, further education",CV Sirait (Persero) Tbk,Papua Barat
bf1f8ef9,KH. Dalimin Suryono,Commercial horticulturist,Perum Maheswara Tbk,Bengkulu
4060c353,"Rina Manullang, S.Kom",Animal technologist,Perum Permadi Utami,Sulawesi Selatan
91f0ca31,Sabri Dabukke,"Scientist, biomedical",UD Siregar (Persero) Tbk,Bali
a20a8b5c,Sabrina Mansur,"Lecturer, further education",UD Wulandari Pratiwi (Persero) Tbk,Bengkulu
e0794482,Yosef Winarno,"Programmer, applications",UD Anggriawan Agustina Tbk,Kalimantan Tengah
d0ae029f,Upik Suartini,Sports therapist,CV Napitupulu Gunarto Tbk,Sulawesi Selatan
dbe16d24,"Hj. Rika Usamah, S.Pt",Trade union research officer,PT Wibisono Saefullah,Sulawesi Utara
306a8b37,Sutan Koko Marbun,Housing manager/officer,UD Puspita (Persero) Tbk,Kepulauan Bangka Belitung
4549b2ec,Erik Halimah,Production engineer,UD Nashiruddin Tbk,Kalimantan Timur
0e1fa012,"Drs. Indah Tarihoran, M.Farm",Chief Operating Officer,PT Megantara Mulyani,Banten
271bc5ae,Eko Mulyani,Archivist,Perum Wasita Mardhiyah,Banten
d65e5b9f,"Tgk. Talia Mandasari, S.Pd","Research officer, political party",UD Waskita Hidayanto,Sulawesi Selatan
6ac2305f,"Cut Dewi Mangunsong, M.Ak",Writer,PT Prakasa Tbk,Kalimantan Tengah
9762e073,Yoga Nasyidah,"Engineer, communications",PT Hardiansyah (Persero) Tbk,Banten
a02385f7,"Atma Latupono, M.TI.","Therapist, horticultural",PD Hidayat,Maluku Utara
dfa4cbc8,Tgk. Ida Purwanti,"Programmer, systems",PD Safitri Sudiati (Persero) Tbk,Kalimantan Tengah
3cba4e88,Drs. Perkasa Hassanah,Airline pilot,UD Wahyudin Hassanah Tbk,Lampung
4a9b471d,"Wawan Fujiati, S.E.",Higher education lecturer,PT Pratama Pranowo (Persero) Tbk,Nusa Tenggara Timur
f61caa60,"Drs. Diana Handayani, S.IP","Geneticist, molecular",PD Widiastuti Simbolon (Persero) Tbk,Aceh
56d01a7d,Warji Prakasa,Town planner,PT Uwais,Maluku Utara
46f489b4,Ghaliyati Simanjuntak,"Accountant, chartered",PT Salahudin Purnawati Tbk,Nusa Tenggara Timur
17d9ef3e,Aisyah Lestari,Emergency planning/management officer,PD Narpati Pratama,Maluku Utara
f6898d06,Kala Lestari,"Solicitor, Scotland",UD Wibowo (Persero) Tbk,Gorontalo
e24d1c0c,Harja Iswahyudi,Immunologist,Perum Uwais (Persero) Tbk,Kepulauan Bangka Belitung
5e456df1,Siska Nurdiyanti,"Accountant, chartered public finance",PT Mandasari Pratama,Sumatera Barat
a4575432,Dr. Ghani Halimah,Accounting technician,Perum Mardhiyah,Jawa Barat
7f8cf07b,"Yunita Maryati, S.Kom","Engineer, chemical",CV Maryati,Kepulauan Bangka Belitung
9476b726,Gamani Saragih,Retail manager,PD Putra Novitasari (Persero) Tbk,Sumatera Barat
71f03d32,Harjaya Astuti,Secondary school teacher,CV Handayani Wibowo (Persero) Tbk,Sulawesi Utara
6b0a7f6e,Melinda Maryati,Network engineer,PD Puspasari Hartati,DKI Jakarta
bd8e8c7a,"Wirda Hartati, M.Pd",Visual merchandiser,CV Permadi Agustina,Jawa Barat
02051fe1,Hj. Ana Agustina,Charity officer,Perum Haryanti Utami,Maluku Utara
0faccb0e,Rama Wacana,Media buyer,UD Astuti Hutagalung,Kalimantan Timur
0565c355,Iriana Nugroho,"Lecturer, further education",Perum Saputra,Kalimantan Utara
a17d6c5d,"Sutan Wage Widiastuti, S.T.",Risk analyst,UD Namaga Tbk,Maluku
a9fd788b,Padmi Putra,Wellsite geologist,PT Farida,Nusa Tenggara Barat
38ceef8e,"drg. Wira Utami, S.Pt",Public house manager,Perum Namaga,Banten
ea8a2a19,Hasim Puspita,Corporate investment banker,PT Dongoran (Persero) Tbk,Papua
66bc2a23,Eka Hidayanto,"Designer, fashion/clothing",PD Habibi Padmasari,Nusa Tenggara Barat
ca393989,"Drs. Hilda Mandasari, M.TI.",Clinical molecular geneticist,UD Wijayanti,Jawa Tengah
b0c22d06,Padma Gunarto,Armed forces technical officer,Perum Yuniar,Sumatera Barat
4779f6f8,Garan Simanjuntak,Landscape architect,PD Usada,Kalimantan Selatan
35c383dd,"Ridwan Haryanto, S.Gz",Herbalist,PD Yuliarti (Persero) Tbk,DI Yogyakarta
a2bf9363,Oliva Napitupulu,"Engineer, water",UD Yulianti Gunawan Tbk,Sulawesi Barat
c3c0b0d6,Wulan Halim,"Programmer, multimedia",UD Pratama Damanik,Kepulauan Bangka Belitung
996f47d3,"dr. Restu Haryanti, S.Sos",Environmental education officer,PT Winarno Tbk,Nusa Tenggara Barat
16217b4d,"H. Jumari Usada, S.E.I","Producer, radio",Perum Irawan Iswahyudi Tbk,DI Yogyakarta
283a9e43,Ulva Palastri,Games developer,UD Simbolon Tbk,DKI Jakarta
78bf890f,Drs. Gambira Prabowo,Consulting civil engineer,CV Laksita,Nusa Tenggara Barat
9345c785,Nova Hartati,Health physicist,PT Sudiati (Persero) Tbk,Sulawesi Tengah
32e2fbf3,Mutia Nashiruddin,Clothing/textile technologist,Perum Habibi (Persero) Tbk,Jambi
eed53b2a,Kani Kusmawati,English as a second language teacher,PD Agustina,DKI Jakarta
f6a361ce,"Jinawi Nuraini, M.Pd",Writer,PT Wasita Halimah Tbk,Nusa Tenggara Timur
672af875,Usyi Purwanti,Geographical information systems officer,Perum Prastuti Sitompul,Sulawesi Tengah
9eaf3592,Salwa Maryati,Materials engineer,Perum Tampubolon Hariyah (Persero) Tbk,Jawa Barat
3d9f7dc2,"Irma Ardianto, S.Sos",Curator,CV Nurdiyanti Irawan (Persero) Tbk,Jambi
5757a587,"T. Lamar Nashiruddin, S.Psi",Technical brewer,PD Puspita Tbk,Kalimantan Selatan
1aa54c55,Halim Mandasari,Industrial buyer,PT Ardianto Sitorus,Kalimantan Utara
80be0635,Karja Fujiati,"Research officer, government",PT Saptono Haryanto (Persero) Tbk,DI Yogyakarta
c3db4a6b,Tgk. Emong Najmudin,"Scientist, research (maths)",PD Halimah Sudiati,DKI Jakarta
9faa712b,Wahyu Rahayu,Education administrator,Perum Ardianto Mandala Tbk,Papua
1692e8eb,Estiawan Aryani,Museum/gallery curator,CV Purwanti Pradana,Nusa Tenggara Barat
332cb67f,Kiandra Gunarto,"Research officer, trade union",UD Simanjuntak Wasita (Persero) Tbk,Nusa Tenggara Timur
8951fbc0,Cinta Permata,Operational investment banker,Perum Pratama,Maluku Utara
28dca1e8,Hafshah Salahudin,Local government officer,UD Samosir Fujiati (Persero) Tbk,Jawa Barat
de0bf249,Jelita Wahyudin,"Surveyor, insurance",CV Manullang,Jambi
d93ebe7f,H. Yahya Yuliarti,Secretary/administrator,PD Sitompul Manullang Tbk,Kepulauan Riau
b9aeef81,Yessi Suryatmi,Horticultural therapist,CV Permata Wijayanti Tbk,Sumatera Utara
d1af928c,"Dt. Irnanto Permadi, M.Ak",Youth worker,CV Tampubolon,Bengkulu
a4343154,R. Ciaobella Pradana,Amenity horticulturist,UD Rajata (Persero) Tbk,Banten
53a64ce7,Marsudi Dongoran,Transport planner,CV Sitompul Permata Tbk,Sumatera Utara
a1e5834a,Zamira Purwanti,"Teacher, secondary school",Perum Zulkarnain,Sumatera Selatan
44058082,Galih Hidayat,"Teacher, adult education",UD Hassanah,Maluku
5ad36105,Almira Setiawan,Public affairs consultant,UD Nuraini,Kepulauan Bangka Belitung
c5592d1b,Langgeng Prabowo,Location manager,UD Purnawati Pradana (Persero) Tbk,DKI Jakarta
c69c6ff9,Tgk. Paulin Agustina,Museum education officer,UD Hardiansyah Lestari Tbk,Aceh
d99aac8b,Nurul Mandala,Chief Marketing Officer,PT Anggriawan Latupono (Persero) Tbk,Kalimantan Utara
69716f87,Indah Mandala,"Engineer, manufacturing",PD Wijaya Hardiansyah,Jawa Barat
ae5f24c9,Paulin Melani,"Journalist, broadcasting",PT Handayani Mandala,Papua
1713447e,Gambira Adriansyah,Waste management officer,PT Pertiwi Tbk,Kepulauan Riau
ef93318b,dr. Natalia Riyanti,Town planner,PT Rahmawati Tbk,Kalimantan Selatan
aa89a860,Tami Suwarno,Town planner,PT Lailasari,Jambi
70c7bf71,Argono Pratiwi,Stage manager,Perum Anggriawan Widodo Tbk,Bali
b62f3a82,Daliono Mayasari,Armed forces training and education officer,CV Hasanah Iswahyudi,Papua Barat
1e0c7062,Ade Wijaya,Pensions consultant,Perum Utami Uyainah Tbk,Sulawesi Selatan
b85753c5,"Hj. Agnes Rahimah, M.TI.","Engineer, agricultural",PD Utama Wibisono (Persero) Tbk,Kepulauan Riau
36375d4e,drg. Septi Andriani,"Producer, radio",CV Dabukke (Persero) Tbk,Jawa Tengah
0649e7b1,"Ian Safitri, S.Pd",Community education officer,PT Padmasari Simanjuntak,Lampung
2339d03f,Gilda Januar,Neurosurgeon,UD Agustina Utami Tbk,Lampung
4d2bf322,"Ir. Kamaria Lazuardi, M.Pd",Nature conservation officer,PT Prasasta Habibi Tbk,DI Yogyakarta
ba1acf21,Alika Samosir,"Surveyor, building",CV Nashiruddin Tbk,Kalimantan Selatan
d1107c1c,Uli Anggraini,Cabin crew,Perum Rahmawati (Persero) Tbk,Lampung
d8d952e2,"R.A. Clara Samosir, M.Pd",Speech and language therapist,PD Sihotang Najmudin (Persero) Tbk,Kalimantan Timur
960ff294,"Asmianto Hutapea, S.Psi",Fitness centre manager,PT Novitasari Sirait (Persero) Tbk,Aceh
733c8fad,"Tina Maulana, M.Kom.",Pharmacologist,PT Waluyo,Sumatera Barat
a1822e78,"Puti Kamaria Sudiati, M.Pd",Ecologist,CV Rahmawati Narpati,Kepulauan Riau
179d3947,Amalia Widodo,Information systems manager,CV Setiawan (Persero) Tbk,Papua Barat
aab041f3,"Pandu Fujiati, S.I.Kom",Financial manager,CV Mulyani,Papua Barat
b1b00c77,"Ir. Vanya Yuliarti, S.Gz",Sports administrator,CV Wahyuni Haryanti,Kepulauan Bangka Belitung
de198f6c,Sadina Waskita,Dispensing optician,PT Nababan,Sumatera Selatan
2d239ce5,"R.A. Jane Simbolon, S.I.Kom","Psychotherapist, dance movement",PD Pradipta Handayani Tbk,Nusa Tenggara Barat
afbde01a,Jasmin Padmasari,"Horticulturist, commercial",CV Prasetyo Widiastuti (Persero) Tbk,Kalimantan Barat
b81ddb85,Utama Setiawan,"Investment banker, operational",PT Santoso Nasyiah Tbk,Lampung
0e8e4c70,Ir. Cakrabirawa Budiyanto,Contracting civil engineer,PD Suryatmi (Persero) Tbk,Riau
53b57447,"R.M. Maryanto Waluyo, M.Pd",Historic buildings inspector/conservation officer,Perum Hidayanto (Persero) Tbk,Sulawesi Selatan
bf29b5cc,"Tantri Pangestu, S.H.","Civil engineer, consulting",Perum Hutapea Prasetya (Persero) Tbk,Nusa Tenggara Barat
8306d91e,"Anita Mangunsong, S.Gz","Librarian, public",CV Oktaviani Usamah,Sulawesi Barat
d2976811,H. Kacung Maryadi,Radio producer,UD Latupono Puspita,Nusa Tenggara Barat
a2cc28bd,"Gangsa Mulyani, S.Psi","Programmer, applications",PD Suartini Narpati Tbk,Jawa Timur
57b171e6,Ratna Wijaya,Financial risk analyst,UD Hartati Tbk,Nusa Tenggara Timur
ef62f06a,"Dt. Makara Prayoga, S.Kom","Engineer, structural",PD Saragih Tbk,Bengkulu
f5fca537,Cut Yessi Maryati,Chief Executive Officer,PT Kurniawan,Kalimantan Selatan
3533e284,Anastasia Haryanti,IT sales professional,UD Gunawan Prasasta,Papua
15765a8d,Ir. Vega Astuti,Claims inspector/assessor,Perum Puspita,Sulawesi Barat
06aceff0,Emil Safitri,"Editor, magazine features",PD Maryadi,Kepulauan Riau
3b310f28,"Cut Nadine Wibowo, S.E.",Housing manager/officer,PT Suryatmi,Banten
2620fbf4,Lintang Irawan,"Accountant, chartered management",PT Ramadan Prasasta,Maluku Utara
7f831cfa,Jelita Haryanto,Sports therapist,UD Purnawati (Persero) Tbk,Papua Barat
2649a409,"Lili Mustofa, S.Psi","Teacher, secondary school",PD Pangestu,Sulawesi Utara
3aebaf04,Puput Situmorang,Risk analyst,PT Budiman Ardianto Tbk,Kepulauan Bangka Belitung
f64d8c39,Dasa Salahudin,Passenger transport manager,CV Hartati,Nusa Tenggara Barat
c4c812a4,Luluh Prasetya,Barista,Perum Laksmiwati Haryanti (Persero) Tbk,Sumatera Selatan
b0d1be27,Galuh Usamah,"Editor, commissioning",CV Adriansyah Saefullah Tbk,Sumatera Barat
345ec31c,"Yuliana Salahudin, S.H.","Scientist, product/process development",PD Maulana,Jawa Timur
777c70e8,Taufik Hartati,Exercise physiologist,PT Wahyuni,Sulawesi Utara
f4736612,Ir. Farhunnisa Nasyidah,Mining engineer,PD Handayani,Banten
10478001,Jatmiko Wijaya,"Secretary, company",UD Natsir Tbk,Sulawesi Selatan
ebfe3ebe,"Zelaya Sitorus, S.E.I","Teacher, adult education",PT Oktaviani,Kepulauan Bangka Belitung
0ee0332e,"Nabila Farida, M.TI.","Engineer, electronics",CV Yulianti Tbk,Sulawesi Barat
362f0d99,Candra Rahayu,Air traffic controller,PD Laksita,Maluku Utara
d79d0697,Ifa Hasanah,Freight forwarder,PD Hidayanto (Persero) Tbk,Lampung
bb82f038,Asirwada Nasyiah,"Civil engineer, contracting",PT Hakim Usamah Tbk,Banten
1119d357,R.A. Indah Zulkarnain,Special educational needs teacher,UD Nasyiah Handayani (Persero) Tbk,Bali
3ef3d911,"Oliva Setiawan, S.Gz",Commercial/residential surveyor,UD Haryanti,Gorontalo
94245885,Tgk. Kenes Thamrin,"Doctor, general practice",Perum Tarihoran Riyanti,Maluku Utara
a6d073cb,"Puti Iriana Permata, S.E.I",Hydrologist,UD Safitri (Persero) Tbk,Kepulauan Bangka Belitung
785784eb,"Zamira Permata, S.E.I","Sales professional, IT",CV Salahudin (Persero) Tbk,Sulawesi Tengah
37042930,Emin Pratiwi,"Sound technician, broadcasting/film/video",CV Mandala Hutapea,Lampung
eb56bff7,"Ir. Mila Siregar, M.Ak",Pharmacologist,CV Prayoga Farida (Persero) Tbk,Sumatera Utara
882fea6b,Restu Wijayanti,Minerals surveyor,UD Puspita Tbk,Kalimantan Tengah
3e81a5b0,Padmi Anggraini,Computer games developer,CV Wasita Santoso,Kalimantan Tengah
ef9c052b,Kezia Andriani,Marine scientist,PT Uyainah Tbk,Maluku Utara
b62a4066,Winda Budiyanto,"Research officer, political party",UD Prakasa Tbk,Lampung
8658cfa0,Halima Dabukke,Electronics engineer,PD Mustofa Waluyo (Persero) Tbk,Nusa Tenggara Barat
f3fac002,Olivia Damanik,"Development worker, international aid",PD Kusmawati Tampubolon,Nusa Tenggara Timur
693abced,Prayitna Putra,"Education officer, environmental",PT Aryani (Persero) Tbk,Kalimantan Timur
a36ea809,"H. Kariman Utama, S.Gz","Engineer, agricultural",PD Saputra,Jambi
e394807e,"Mulyanto Widiastuti, S.Pd",Clinical embryologist,UD Saragih Samosir,Papua Barat
b162d2c3,Yunita Prakasa,"Exhibitions officer, museum/gallery",CV Rajasa Sihotang,Aceh
7101abd4,Novi Kuswoyo,Immunologist,UD Yulianti Oktaviani (Persero) Tbk,Nusa Tenggara Barat
d45379d2,"Tgk. Jarwi Prasasta, M.Pd","Designer, fashion/clothing",PT Rajasa Tbk,Nusa Tenggara Barat
d7045396,Rendy Hassanah,"Lecturer, higher education",Perum Wahyudin Saputra Tbk,Jambi
779e551e,"Rahmi Farida, S.E.","Copywriter, advertising",CV Riyanti,Kalimantan Utara
88dfdf97,"Latika Mansur, S.E.","Doctor, hospital",Perum Mayasari,Banten
f0a7c00e,Uli Uwais,Tax inspector,CV Sitompul Tbk,DI Yogyakarta
03e0f3af,Saka Hutagalung,Museum education officer,CV Andriani Tbk,Bengkulu
2ec1399c,Galiono Wulandari,Merchant navy officer,PT Aryani Wibowo (Persero) Tbk,Gorontalo
c449766c,"KH. Kemal Wijaya, S.E.I",Biomedical engineer,UD Wulandari,Kalimantan Utara
6a18cd44,"R.M. Aswani Wasita, S.I.Kom","Engineer, biomedical",CV Sinaga Tbk,Kalimantan Barat
e52b78a8,Rahayu Rahayu,"Psychologist, forensic",UD Firmansyah,Nusa Tenggara Timur
9f74d61c,Sabri Dabukke,Passenger transport manager,PT Wijaya Andriani,Sumatera Selatan
4c0a6c09,Dimaz Sihombing,Broadcast presenter,UD Rahimah (Persero) Tbk,Bali
09683bef,Dt. Prima Pudjiastuti,Oncologist,PT Simbolon Hariyah Tbk,Sulawesi Barat
e922cbf5,Carub Siregar,"Clinical scientist, histocompatibility and immunogenetics",PT Hasanah Budiyanto,Jambi
2364aebd,Drs. Paulin Uwais,Audiological scientist,CV Ardianto Padmasari Tbk,Sumatera Barat
f2bad326,Vicky Saragih,"Teacher, early years/pre",PD Zulaika Putra,Sumatera Utara
26c80807,Jati Handayani,Civil Service administrator,Perum Wibisono Pangestu,Sulawesi Utara
4005fda5,Endra Hartati,Economist,CV Rahayu Lailasari Tbk,Lampung
f2270845,Syahrini Rahmawati,"Scientist, clinical (histocompatibility and immunogenetics)",UD Rajasa Tbk,Maluku Utara
17430d80,dr. Gasti Tampubolon,Commercial horticulturist,UD Hidayat Marpaung (Persero) Tbk,Jawa Timur
6ebc743f,Dt. Maryanto Pradipta,Catering manager,CV Sitorus Kuswoyo Tbk,Sulawesi Tenggara
aeeb220c,Padmi Astuti,"Teacher, special educational needs",Perum Farida,Jawa Tengah
32c51a1e,Drs. Ade Widodo,Health promotion specialist,PT Uyainah (Persero) Tbk,Papua
aa00c870,Uchita Sudiati,Arts development officer,Perum Saputra Usamah,Sulawesi Tengah
f7f18bf7,Ir. Syahrini Purnawati,Dramatherapist,Perum Kuswoyo Rahmawati,DI Yogyakarta
9f5d51c4,Asmuni Mayasari,Futures trader,PD Utama Napitupulu,Sulawesi Tenggara
5ade2791,Tania Novitasari,"Programme researcher, broadcasting/film/video",UD Nashiruddin (Persero) Tbk,Sumatera Barat
d3ce52c8,Luwes Narpati,Ranger/warden,PD Wijayanti Tbk,Maluku
170bb4f8,R. Radit Hastuti,Bookseller,PT Anggriawan Januar,Sulawesi Selatan
d2d80f88,Salwa Kurniawan,Youth worker,CV Hutasoit Tbk,Sulawesi Tengah
994a62a1,"dr. Adiarja Mandala, S.Gz",IT sales professional,UD Padmasari,Banten
84611b1a,Gina Wastuti,Diplomatic Services operational officer,UD Nasyidah Tbk,Kalimantan Tengah
1cdae565,"R. Rendy Firmansyah, S.Sos",Chiropractor,PD Firgantoro Tbk,Nusa Tenggara Barat
553ffc90,Candra Melani,Intelligence analyst,CV Narpati,Sulawesi Tengah
ee7fad72,"Yunita Palastri, M.M.","Administrator, local government",UD Halim,Sulawesi Tenggara
0ea72441,Keisha Wibisono,"Engineer, aeronautical",Perum Hidayanto Suryono Tbk,Kalimantan Utara
e58d463f,"Puti Maya Laksita, S.I.Kom","Therapist, horticultural",Perum Suryatmi Tbk,Nusa Tenggara Barat
2b367f8f,"Zahra Iswahyudi, M.Kom.",Agricultural engineer,Perum Farida Simanjuntak (Persero) Tbk,Sulawesi Selatan
189953b3,T. Kasusra Sitompul,Editorial assistant,Perum Utama,Aceh
fb14c154,Marsito Susanti,Midwife,PT Hastuti (Persero) Tbk,Kalimantan Barat
e5c8869c,Utama Hasanah,Historic buildings inspector/conservation officer,CV Sudiati Mangunsong (Persero) Tbk,Kalimantan Utara
03f2bfc0,Iriana Lestari,IT sales professional,CV Yuniar Maryati,Sulawesi Tengah
9711b424,R. Violet Fujiati,Press sub,UD Sihotang,Banten
9098a835,Hardana Permadi,Soil scientist,PD Palastri,Kalimantan Timur
a347fa6f,Dr. Upik Salahudin,"Merchandiser, retail",CV Suwarno Hasanah,Sulawesi Utara
e14749b6,Anastasia Wulandari,"Surveyor, mining",Perum Budiyanto,Sulawesi Selatan
8b052246,Eka Kusumo,Air broker,PD Suwarno Yuliarti Tbk,Kepulauan Bangka Belitung
20b43658,Dr. Ulya Uwais,Civil Service fast streamer,PT Kusumo Mulyani,Jawa Barat
8e8c4228,Okta Yolanda,Occupational therapist,PD Mulyani (Persero) Tbk,Sumatera Utara
907d0155,dr. Rahmi Marbun,Sport and exercise psychologist,PT Adriansyah (Persero) Tbk,Banten
166601a2,Marsito Kurniawan,Forensic psychologist,PT Dabukke Nainggolan,Maluku
1292e19c,Ir. Bakianto Hasanah,Site engineer,PD Simbolon,Jawa Tengah
23a8d507,Kamaria Irawan,Nutritional therapist,PD Hastuti (Persero) Tbk,Riau
46524ec5,Paulin Halimah,Garment/textile technologist,PT Mandala Tamba,Sulawesi Selatan
ff77d2da,Lulut Samosir,Marketing executive,UD Agustina Waskita,Sumatera Utara
731949b3,Narji Marbun,Public affairs consultant,PD Marpaung Mansur,Bali
306872d2,Betania Setiawan,Futures trader,Perum Budiyanto Marbun,Sulawesi Tenggara
1d19f6f5,Lala Pangestu,Systems developer,PD Napitupulu Tbk,DKI Jakarta
07cd3f76,Ella Padmasari,"Therapist, music",PT Ramadan,Nusa Tenggara Timur
0e70e653,"Taswir Saragih, M.TI.","Clinical scientist, histocompatibility and immunogenetics",PD Aryani (Persero) Tbk,Aceh
dc56959c,Rangga Padmasari,Research scientist (physical sciences),PD Nurdiyanti Tbk,DKI Jakarta
88fd3bb5,Gina Simbolon,"Therapist, speech and language",Perum Purwanti Wijayanti,Sulawesi Tenggara
ceba6341,Tgk. Lurhur Usamah,Materials engineer,PT Kuswoyo,DI Yogyakarta
58bf9732,Vera Marbun,"Designer, furniture",Perum Novitasari (Persero) Tbk,Sulawesi Tengah
368c8ea1,Vanesa Wahyuni,Contracting civil engineer,PD Anggriawan,Sulawesi Tenggara
3257e2f9,"Yono Sihombing, M.M.",Forensic scientist,PD Wibowo,Sumatera Barat
aea28041,Danang Anggraini,Pathologist,CV Astuti Handayani,Sumatera Selatan
c59c3b38,Cut Ira Suryono,"Engineer, materials",UD Puspita (Persero) Tbk,Kepulauan Bangka Belitung
47edb99a,Jelita Hidayanto,Dramatherapist,CV Gunawan Tbk,Banten
5c10aa51,Kayun Prayoga,Human resources officer,PT Haryanti Haryanti,Papua Barat
79f7d297,"Calista Rahayu, M.TI.",Architectural technologist,UD Rajata,Lampung
f8619e4c,Hani Narpati,"Engineer, electrical",UD Rajata Pradana Tbk,Nusa Tenggara Timur
6c28cee3,"Gaduh Mahendra, S.Psi",Special effects artist,PD Prastuti Rahayu Tbk,Maluku
05fcfa75,R.M. Gandewa Lailasari,Primary school teacher,PT Puspasari Winarno (Persero) Tbk,Nusa Tenggara Barat
479a0251,"drg. Mutia Nasyiah, S.Sos","Surveyor, insurance",PT Sihombing,Jawa Barat
84606c41,Vanya Mansur,Haematologist,PT Habibi Tbk,Kalimantan Utara
eccde769,Gasti Hidayat,Mental health nurse,CV Mustofa Jailani (Persero) Tbk,DI Yogyakarta
a0281cc1,"Puti Eva Prabowo, M.TI.","Geologist, wellsite",Perum Yuliarti Santoso,Maluku Utara
b9487ff7,R. Jaiman Rajasa,"Surveyor, minerals",Perum Prayoga Uwais,Sumatera Barat
5a32f328,Jagaraga Pranowo,Field seismologist,PD Lazuardi,Bali
e4b70c50,"Adika Astuti, S.H.",IT consultant,CV Hidayat Nugroho Tbk,Maluku Utara
f0f44303,"drg. Kayla Yulianti, M.M.","Engineer, petroleum",PD Purnawati (Persero) Tbk,Papua Barat
90cf2df7,"Drs. Puput Yolanda, S.Sos",Ecologist,PT Widiastuti (Persero) Tbk,Sumatera Selatan
7ad7a963,"Drs. Banara Hastuti, S.Sos",Multimedia programmer,Perum Tarihoran,Banten
9354b3b1,Panca Budiman,"Designer, interior/spatial",PT Purnawati Rahmawati,Sumatera Utara
a6fb4ad1,Usman Haryanto,Site engineer,PT Ardianto Pangestu (Persero) Tbk,Sulawesi Utara
aebce5b5,Kambali Laksita,Fine artist,PT Wijayanti Kurniawan (Persero) Tbk,Sulawesi Barat
88f8575a,Samiah Prabowo,"Scientist, forensic",CV Napitupulu,Nusa Tenggara Barat
257aca45,"R. Arsipatra Utami, M.Farm","Accountant, chartered certified",PD Tamba Gunarto,Sulawesi Tengah
a2494648,Oliva Natsir,Probation officer,PD Laksita (Persero) Tbk,Jawa Barat
129adf1f,Jarwa Maryati,"Loss adjuster, chartered",UD Saragih Hutapea Tbk,Jawa Tengah
edc33a2c,Ir. Kiandra Permadi,"Therapist, music",PT Maryadi Andriani,Kalimantan Barat
45a3fa3c,"R. Rahmi Maulana, S.Gz","Education officer, environmental",PT Iswahyudi,Riau
be99516a,Candrakanta Haryanto,Sports therapist,PD Marbun Melani,Nusa Tenggara Timur
eb5709f6,"Dt. Ian Wijaya, S.Pd",Oncologist,CV Rajasa (Persero) Tbk,Gorontalo
8ca283e6,Prayogo Mangunsong,Trade mark attorney,UD Wahyuni Tbk,Sulawesi Barat
e7d0dbb1,"Dr. Estiawan Yulianti, S.I.Kom",Photographer,PD Pradipta (Persero) Tbk,DKI Jakarta
a9c3f766,Galar Latupono,Research scientist (maths),Perum Widodo (Persero) Tbk,DKI Jakarta
f6b333ad,"Dt. Aslijan Anggraini, S.Sos",General practice doctor,PD Wibowo Nuraini,Maluku Utara
6aabf086,Radika Yuniar,Glass blower/designer,PT Ardianto Tarihoran,Sumatera Selatan
8c7e0c2d,Kamal Hassanah,Video editor,UD Tamba Latupono,Sumatera Barat
d23403fd,drg. Yulia Hassanah,Land,UD Irawan Tbk,Gorontalo
9ce3dbff,Taufik Lazuardi,"Sales professional, IT",UD Marpaung Lestari Tbk,Kalimantan Timur
f8156ced,Nadine Prasetya,"Designer, television/film set",Perum Prastuti,Jawa Barat
b98ad0db,"dr. Warsa Narpati, M.Ak","Journalist, broadcasting",PT Mayasari Tbk,Nusa Tenggara Barat
f81f062a,Puspa Wijaya,Chartered accountant,PD Nasyidah,Banten
d041a46e,R. Okto Winarno,"Doctor, hospital",UD Mayasari Lazuardi,DI Yogyakarta
8ddb86df,"Parman Tamba, S.E.",Hospital doctor,PD Wasita,Kepulauan Bangka Belitung
1104c598,Baktianto Puspasari,Interpreter,PT Pratama Tbk,Papua Barat
cd61d73a,Praba Wasita,"Production assistant, television",PT Firgantoro Sihombing Tbk,Lampung
e424b162,Ophelia Wacana,Product/process development scientist,CV Situmorang (Persero) Tbk,Nusa Tenggara Timur
698db710,Asirwada Irawan,Secretary/administrator,CV Fujiati,Gorontalo
aa55c435,"Ellis Maryati, S.I.Kom",Education administrator,Perum Rahimah,Nusa Tenggara Barat
1a53e105,"Tgk. Gabriella Wahyudin, M.M.","Surveyor, planning and development",Perum Zulkarnain Widodo (Persero) Tbk,Maluku Utara
220cd11f,Ajeng Prasetyo,Sports coach,PT Andriani (Persero) Tbk,Bali
f3122dc3,drg. Hendra Hidayanto,Manufacturing systems engineer,PT Wahyuni Farida,Sumatera Barat
0a8abf4d,Purwanto Kuswoyo,Hydrologist,PT Sihombing Nurdiyanti,Bengkulu
771af538,"Dt. Vega Hutapea, S.T.",IT consultant,CV Prabowo (Persero) Tbk,Sulawesi Tenggara
1f57fca6,Edward Mangunsong,"Engineer, land",CV Wastuti,Jambi
4c2eb580,Kasusra Widodo,"Civil engineer, contracting",PT Wijayanti Halimah,Sulawesi Utara
a59dc010,Nadine Suryono,Aid worker,Perum Haryanti,Bali
a780cc3f,"drg. Naradi Jailani, M.Farm","Psychologist, prison and probation services",Perum Farida,Sulawesi Tengah
d893e95b,dr. Yessi Utama,Communications engineer,UD Sihotang Tbk,Jawa Timur
16eae79f,Cemeti Pudjiastuti,"Therapist, sports",Perum Wibowo Gunawan,Jambi
88b69d9c,Ciaobella Firgantoro,"Copywriter, advertising",Perum Siregar,Banten
ca522a1d,Nyoman Mandala,Writer,UD Kusmawati,Kepulauan Riau
edf82cd7,"Winda Sihombing, M.Ak",Secondary school teacher,CV Yulianti,Gorontalo
70921dd8,Tami Santoso,"Engineer, petroleum",CV Firgantoro Wibisono (Persero) Tbk,Kepulauan Riau
156854fd,Ir. Uda Prasetyo,"Teacher, English as a foreign language",Perum Marpaung,Kepulauan Riau
8d0929b1,"Cayadi Firmansyah, M.Pd",Data processing manager,PT Suryatmi Saputra Tbk,Sumatera Utara
cc36a51f,Radika Tarihoran,Sports development officer,Perum Marbun Marpaung (Persero) Tbk,Gorontalo
c646eb81,"R.M. Danang Hidayat, S.Farm",Tourism officer,PT Halim Narpati Tbk,Maluku
17a7b243,Genta Wasita,Charity officer,Perum Melani Firmansyah,Riau
d3c7f458,"Tgk. Wisnu Namaga, S.T.","Engineer, automotive",PD Situmorang Susanti (Persero) Tbk,Papua
5cdd9a29,Cakrajiya Mulyani,Agricultural engineer,PD Kurniawan,Gorontalo
ac910221,Ajiono Yulianti,Proofreader,UD Budiyanto,DI Yogyakarta
fa5b0b17,Zalindra Aryani,Environmental health practitioner,UD Zulaika,Papua Barat
36b55c8a,"R.A. Dalima Wahyudin, S.IP",Corporate treasurer,Perum Usamah Widodo (Persero) Tbk,Sumatera Barat
0bf1e70a,Puti Maryati,Cabin crew,CV Suryatmi,Gorontalo
7d051f7f,Hasta Wahyuni,Research scientist (physical sciences),PT Suartini Fujiati Tbk,Sumatera Utara
06f6dec7,H. Hasim Marbun,Educational psychologist,UD Tamba Narpati Tbk,Kalimantan Selatan
c206a575,H. Kairav Zulaika,"Production designer, theatre/television/film",Perum Lailasari Dabukke,Sulawesi Tenggara
ce7c2534,Martana Waluyo,Sports administrator,UD Santoso Novitasari,Kalimantan Selatan
86403153,"Dr. Galar Setiawan, S.Gz",Hydrogeologist,Perum Nasyidah Rahmawati (Persero) Tbk,Jambi
707af2f7,"Ratna Sitompul, S.E.",Film/video editor,PD Adriansyah Budiyanto,Jawa Tengah
efeacd6c,Yuliana Nababan,Actor,Perum Yuliarti,Sulawesi Barat
3b04c262,Dt. Rendy Safitri,"Engineer, production",PT Usada Wacana,Sumatera Barat
9db07f79,"Drs. Natalia Prasetya, S.T.","Education officer, museum",CV Utama Tbk,Sulawesi Tenggara
9d33d84d,"R. Ulva Mustofa, S.IP","Research officer, trade union",PD Marbun Tbk,Papua Barat
f8c933a5,"T. Soleh Kuswoyo, S.IP","Physicist, medical",UD Pratama,Kalimantan Timur
5c423097,Titi Prasetya,Chief Strategy Officer,UD Marpaung Hariyah,Jawa Timur
ea4373fd,Jagapati Anggriawan,"Administrator, local government",CV Zulaika (Persero) Tbk,Banten
f95be3b0,"R.A. Oliva Megantara, S.IP",Chartered public finance accountant,Perum Rajasa Handayani Tbk,Bali
f0b6867b,Zulaikha Wacana,Quantity surveyor,Perum Megantara,Gorontalo
80aff73b,"Ir. Ajeng Purwanti, S.I.Kom",Museum/gallery curator,PD Megantara Sihombing (Persero) Tbk,Maluku Utara
ea7db6e5,Cut Febi Prastuti,Merchant navy officer,Perum Januar,Lampung
41c7ffef,"dr. Satya Salahudin, S.Kom",Database administrator,PT Ardianto Latupono,Lampung
471d868d,Nova Saragih,Horticultural consultant,CV Padmasari Tbk,Sumatera Utara
8c8a4d14,Lalita Puspasari,Biomedical scientist,PD Pangestu Lazuardi Tbk,Jawa Barat
3deb518a,Wani Saragih,Civil Service fast streamer,UD Napitupulu,Papua
16dae7f1,"Kadir Siregar, S.Kom","Therapist, sports",PD Latupono Kusumo (Persero) Tbk,Sulawesi Tenggara
73c2f75e,Harsana Andriani,"Research officer, government",Perum Adriansyah Nashiruddin (Persero) Tbk,Papua
6da3a535,Ir. Dina Prasetyo,Visual merchandiser,PT Natsir,DI Yogyakarta
42157fb8,"drg. Bagas Suryatmi, S.Pt","Programmer, multimedia",UD Sudiati,Jawa Barat
ec9b1180,Genta Hutapea,Counsellor,CV Utama Kuswoyo,Kalimantan Utara
02ac44b8,Kayla Siregar,Pathologist,PT Damanik,Maluku
517e9e14,"Ciaobella Manullang, S.IP",Advice worker,Perum Mardhiyah Prasasta (Persero) Tbk,Jawa Barat
1685873c,Kiandra Waskita,Make,Perum Prasetya Rajata (Persero) Tbk,Kalimantan Barat
33e573f3,"Galih Pratama, S.Pt",Actuary,PT Puspita Putra Tbk,Sumatera Barat
278efce0,Yono Setiawan,Solicitor,PT Saptono Mayasari Tbk,Kalimantan Tengah
8d8b5abb,Gilda Saefullah,International aid/development worker,PT Pratiwi,Nusa Tenggara Timur
460f2b16,Aditya Wibowo,"Investment banker, corporate",Perum Sinaga,Jambi
6068a77a,Ani Zulaika,Occupational psychologist,PD Marpaung Tbk,DKI Jakarta
facbd165,"Gaiman Suryono, S.Pt",Recycling officer,Perum Irawan,Sumatera Barat
f7f62c75,"Langgeng Hidayanto, S.Ked","Engineer, communications",UD Oktaviani,Kalimantan Selatan
8187d00a,Gangsar Aryani,Historic buildings inspector/conservation officer,Perum Yulianti,Sumatera Selatan
b48bd2eb,Iriana Prakasa,Careers information officer,PT Yuliarti,Bengkulu
b4d2fa6b,"Ayu Prasasta, S.Farm",Chartered certified accountant,Perum Winarsih Usamah,Kepulauan Bangka Belitung
6cdb9ccc,Ratna Nurdiyanti,Technical brewer,UD Suartini,Sulawesi Utara
ec2f7447,Ikin Jailani,Tree surgeon,Perum Hastuti Tbk,Gorontalo
eac30439,Salwa Waluyo,Research scientist (medical),CV Iswahyudi Lailasari (Persero) Tbk,Sulawesi Barat
1de5abb8,Daryani Wijaya,"Administrator, arts",UD Purwanti Mangunsong,Bali
fd1f1741,Atmaja Safitri,Charity fundraiser,PD Maryadi,Sulawesi Utara
ec1125ff,Ulya Maheswara,"Lecturer, higher education",Perum Anggraini,Bengkulu
71796297,"Emin Purwanti, S.Sos",Armed forces technical officer,CV Megantara Andriani,Jawa Timur
3b0bb34a,Hj. Juli Purwanti,Statistician,PT Pertiwi,Papua
e7809ac5,Bambang Pratama,Dancer,PT Sirait Siregar (Persero) Tbk,Sulawesi Tenggara
eb771fc1,"Jayeng Wasita, S.Ked",Clinical psychologist,CV Rajasa Prasasta Tbk,Kalimantan Selatan
4bdd693d,Ratih Kuswoyo,Ophthalmologist,Perum Widodo Tbk,Sumatera Barat
d8ac9038,dr. Galuh Kuswoyo,Personnel officer,PT Wibisono Damanik,Gorontalo
612d62db,Ganjaran Wibowo,Media planner,UD Wijayanti,Bengkulu
d83361c8,Bakiadi Najmudin,"Surveyor, quantity",PT Jailani Saefullah Tbk,DKI Jakarta
cb3ec1ee,Gatot Habibi,"Administrator, local government",PD Hutagalung Pranowo,Kalimantan Utara
0febd3c2,"Hj. Dalima Hastuti, S.Farm",Lobbyist,Perum Latupono,Jambi
da7d7787,Cakrabuana Melani,Forensic scientist,PD Simbolon Suartini,Sulawesi Tenggara
9681d892,Oliva Saptono,Tree surgeon,UD Wibowo (Persero) Tbk,Papua Barat
a9dfaaa7,Drajat Napitupulu,Chartered accountant,CV Hasanah (Persero) Tbk,Bali
99fccf7c,"Kajen Hariyah, S.Sos",Systems developer,PD Laksita Pranowo Tbk,Gorontalo
539db7dc,"Maimunah Mandala, S.H.",Historic buildings inspector/conservation officer,PT Palastri,Jawa Barat
892f9bf3,Darimin Siregar,Clinical molecular geneticist,UD Novitasari,Banten
77e4a6fd,Bala Anggraini,Petroleum engineer,UD Yuniar Mulyani (Persero) Tbk,Kepulauan Riau
46cb8802,"Ir. Hardana Winarno, S.E.I","Administrator, Civil Service",Perum Natsir Firgantoro,Kalimantan Tengah
5b220106,Carla Setiawan,Media buyer,UD Simbolon,Kalimantan Barat
d785d9f3,"R. Tedi Winarsih, S.I.Kom","Engineer, manufacturing systems",CV Usada (Persero) Tbk,Bengkulu
98f9d7b6,Tgk. Bella Pratiwi,Arboriculturist,CV Astuti,Kepulauan Riau
c6457133,Dr. Ratna Melani,Theatre director,Perum Mulyani Maulana,Gorontalo
6b6542c6,Jaka Yuliarti,Restaurant manager,CV Situmorang Purnawati,Bali
3f36f131,Paiman Mustofa,"Therapist, art",UD Kusmawati Tbk,Jawa Barat
c9bfa231,Nugraha Purwanti,Chief of Staff,PD Purnawati,Papua
30a608d9,"drg. Ikin Lestari, S.Pt","Geologist, wellsite",CV Saefullah,Papua
8191564a,Wani Tarihoran,"Designer, ceramics/pottery",UD Uyainah,Gorontalo
6e938f6a,Ismail Samosir,IT technical support officer,Perum Megantara Oktaviani Tbk,Riau
0267e48c,"R.M. Martani Lestari, S.Pd",Games developer,CV Novitasari (Persero) Tbk,Jawa Barat
5faf23cc,R. Sadina Saefullah,Counselling psychologist,PD Laksmiwati Gunawan,Sumatera Utara
e2078541,Puti Padma Wibisono,Software engineer,CV Damanik Budiyanto,Lampung
74cf5f98,"Ida Tamba, M.Ak",Private music teacher,UD Hardiansyah Prasetya,Sumatera Barat
3362b995,Virman Kuswandari,Chief Technology Officer,PT Situmorang,Maluku Utara
81e18450,Gawati Permata,Professor Emeritus,Perum Mansur (Persero) Tbk,Riau
615f12da,"R. Vicky Yuniar, S.Gz",Charity fundraiser,PD Suwarno Tbk,Kalimantan Barat
a8089f95,Eluh Mayasari,Agricultural consultant,Perum Usada,Sulawesi Selatan
f4cfa089,Ismail Wulandari,Armed forces logistics/support/administrative officer,PD Uyainah Jailani,Sulawesi Utara
125ef864,Nurul Thamrin,Trading standards officer,PT Budiyanto,Kalimantan Selatan
75a827c1,Gadang Setiawan,Exercise physiologist,CV Lestari,Kepulauan Riau
527df5f9,Janet Prasasta,Dispensing optician,PT Kusumo Pratama,Lampung
0659f880,"R. Cornelia Gunawan, M.Kom.",Exercise physiologist,PD Zulkarnain,Kalimantan Selatan
7a832f27,R. Jabal Mandasari,"Designer, graphic",CV Mahendra (Persero) Tbk,Sulawesi Selatan
6e130fdf,Halim Puspasari,Recruitment consultant,PT Thamrin,Jawa Timur
dfe94b8b,T. Jamil Rahimah,Cabin crew,CV Mangunsong,Papua Barat
dad6fdeb,Nardi Nurdiyanti,Web designer,CV Putra,Sulawesi Selatan
e2676c14,R. Padmi Hastuti,Police officer,UD Permata Padmasari (Persero) Tbk,Nusa Tenggara Timur
b3b49a1e,Luluh Aryani,Community development worker,PT Anggraini Situmorang Tbk,Sulawesi Barat
19e625c9,"Clara Yolanda, S.IP",Clinical cytogeneticist,PD Thamrin Santoso Tbk,Kalimantan Timur
5be67792,dr. Zahra Farida,Medical technical officer,UD Ramadan Hutasoit,Sulawesi Tenggara
3815fb3a,"Cut Cinthia Budiyanto, S.Pt",Town planner,Perum Haryanti (Persero) Tbk,Aceh
c34511a6,Ir. Lintang Fujiati,Dramatherapist,UD Kuswoyo,Kalimantan Selatan
6377c84c,Kasim Tampubolon,Fast food restaurant manager,UD Pranowo Narpati Tbk,Kalimantan Tengah
2fabff45,Vanya Irawan,Records manager,Perum Sihombing,DKI Jakarta
3c8d7df3,"Ir. Cahya Haryanti, S.H.",Geophysicist/field seismologist,UD Prasetyo Waskita (Persero) Tbk,Kalimantan Selatan
c276957a,"R. Lanjar Kurniawan, S.H.",Investment analyst,Perum Prayoga,Bengkulu
eb4679f4,"KH. Mahfud Manullang, S.Pt",Science writer,UD Nurdiyanti Utama,Papua Barat
5d924687,Titi Pertiwi,Education administrator,Perum Maheswara Tbk,Sulawesi Tenggara
c345a7c5,Ibrani Gunawan,Armed forces technical officer,UD Wijaya,Riau
da3a0b65,"Jaeman Haryanto, M.TI.",Insurance claims handler,Perum Uyainah,Kalimantan Selatan
3dc97039,"Teddy Puspasari, S.E.","Surveyor, insurance",CV Handayani Suartini Tbk,Kalimantan Barat
70c08d63,Rafi Fujiati,Event organiser,PT Pertiwi Tbk,Maluku Utara
b12112e2,"Cut Raina Agustina, S.Pt",Consulting civil engineer,CV Irawan Riyanti Tbk,Bali
8a02daea,"R. Ganda Napitupulu, S.Pt",Medical illustrator,Perum Siregar Hartati Tbk,Sulawesi Tenggara
d6a91807,Devi Maryadi,Furniture designer,UD Jailani Thamrin,DKI Jakarta
efcf91d2,"Wira Sitorus, S.Pt",Charity fundraiser,UD Winarsih,Kepulauan Bangka Belitung
b6066c6b,"Ir. Ida Halimah, S.Psi",Sales executive,UD Latupono Tbk,Lampung
d38d01ab,"H. Oskar Aryani, M.Pd",Technical sales engineer,PD Pradipta Nurdiyanti (Persero) Tbk,Kalimantan Barat
70d6856d,Karman Purwanti,"Education officer, environmental",PD Manullang Setiawan,Sulawesi Utara
89ff21a1,Yuni Widodo,Homeopath,PD Uwais,Aceh
506e97c4,Ir. Dian Usamah,Research scientist (life sciences),PD Hutapea Rahmawati,Aceh
de58f124,Gamblang Hardiansyah,Network engineer,CV Prasetyo Novitasari,Jambi
dfef40a5,Hana Jailani,Financial trader,UD Hutagalung Hartati,Maluku
a762f268,Wani Hidayat,Petroleum engineer,PD Firmansyah Tbk,Gorontalo
3dacb849,Anita Rahmawati,"Engineer, water",UD Halimah Tbk,Sulawesi Selatan
75d19bd1,Vinsen Rajasa,Research scientist (maths),UD Saragih Pradana,DKI Jakarta
87a4585a,Budi Handayani,Geographical information systems officer,PT Laksita Sinaga,Sumatera Selatan
2953b1bc,"dr. Melinda Sihombing, S.Pt",Curator,Perum Sitompul,Lampung
62641b06,Ida Rajasa,Senior tax professional/tax inspector,PD Pranowo Manullang Tbk,Kalimantan Barat
94cc1b14,Titin Marbun,Ceramics designer,Perum Pratiwi Safitri Tbk,Kalimantan Utara
472b0998,"Eka Lazuardi, S.Kom","Nurse, learning disability",Perum Yuliarti,Banten
d3d4fcf1,Hj. Ifa Simbolon,"Surveyor, hydrographic",PT Kuswandari (Persero) Tbk,Sumatera Utara
00304353,Qori Permata,Physiotherapist,Perum Tarihoran Utama (Persero) Tbk,Jawa Timur
1d3973fe,Tira Nasyidah,"Education officer, environmental",Perum Wulandari Iswahyudi,DKI Jakarta
85b33ea3,H. Indra Marpaung,Health service manager,PT Dongoran,Maluku
30af8553,Lurhur Sirait,Tax inspector,CV Mahendra Tbk,Sulawesi Tengah
c4091cc0,"Eva Halim, S.Gz",Copy,CV Siregar,Sumatera Selatan
04cb7fb6,"drg. Halima Saragih, M.Ak","Engineer, manufacturing systems",CV Budiyanto Tbk,Kepulauan Riau
ce52a9ab,Hardi Puspita,Commercial/residential surveyor,PT Suwarno,Papua
684caf69,Argono Handayani,Editorial assistant,Perum Pertiwi Sinaga Tbk,Nusa Tenggara Barat
0d3d5e1e,"R.M. Lulut Prasasta, M.Ak",Network engineer,CV Dongoran Santoso,Nusa Tenggara Barat
d002bf01,"Lasmanto Hardiansyah, S.Psi",Armed forces training and education officer,UD Handayani Hasanah,Kepulauan Riau
7cda5e05,Victoria Puspita,Data processing manager,PD Pradipta,Sumatera Selatan
4e7338b8,Drs. Raina Nababan,Exercise physiologist,PT Iswahyudi Simbolon,Jawa Timur
90b64d25,Drs. Violet Utami,Manufacturing engineer,PD Padmasari (Persero) Tbk,Jawa Tengah
7e1b2e51,"Manah Narpati, S.Kom",Advertising copywriter,Perum Sirait,Nusa Tenggara Barat
d1ce9ff0,Humaira Pratiwi,"Scientist, research (life sciences)",CV Widodo Waskita,Nusa Tenggara Timur
d76254c5,Dt. Caturangga Novitasari,"Designer, fashion/clothing",CV Mustofa Safitri,Sulawesi Selatan
142da72f,Tira Jailani,Medical secretary,PT Wasita Prabowo (Persero) Tbk,DI Yogyakarta
15cce1bb,"Puti Dalima Pranowo, M.TI.","Lecturer, further education",PT Puspasari Tbk,Gorontalo
c79c617c,Zulaikha Puspita,Software engineer,CV Yuliarti Mayasari Tbk,Bali
a4934d7b,"Tgk. Vinsen Hakim, S.E.",Research scientist (life sciences),PD Saptono,Maluku
e013caa5,Dr. Rahmi Permadi,Illustrator,CV Mandasari,Nusa Tenggara Timur
4698c57c,Kalim Halimah,"Biochemist, clinical",CV Mangunsong Tarihoran,Maluku
1bba6cf2,"Mariadi Simbolon, S.Sos",Air cabin crew,UD Saragih Suryono,Sumatera Barat
c04922e4,Jarwadi Hassanah,"Engineer, chemical",PT Manullang Waskita,Bali
e7552af9,Ir. Salwa Handayani,"Teacher, English as a foreign language",CV Prakasa,Bali
bfdb69c4,Fitria Mansur,"Designer, ceramics/pottery",Perum Nurdiyanti Haryanti (Persero) Tbk,Sulawesi Tengah
9952da30,Danu Halimah,Multimedia specialist,Perum Laksita (Persero) Tbk,Sulawesi Barat
9fbce02b,Elma Yolanda,"Surveyor, insurance",CV Rahmawati (Persero) Tbk,Kalimantan Timur
f8f3125d,Tgk. Makuta Yuniar,Systems analyst,PD Lailasari,Kepulauan Riau
eebf4cac,"Rafi Gunarto, M.Kom.",Diagnostic radiographer,CV Mustofa Marpaung Tbk,Maluku Utara
c582ed8c,"Baktiadi Prasasta, S.Ked","Accountant, chartered certified",PD Hassanah Zulkarnain Tbk,Kalimantan Selatan
f603f159,Caket Kuswandari,Sports therapist,UD Kurniawan Sudiati (Persero) Tbk,Bengkulu
c906deed,Cahyadi Puspasari,Arboriculturist,Perum Rahimah Siregar,Kalimantan Barat
0d822ced,KH. Ajiono Iswahyudi,Optometrist,Perum Waskita Gunawan Tbk,Sulawesi Tenggara
2dfef2e0,Mahmud Lestari,Legal executive,PT Saefullah Pranowo (Persero) Tbk,Jawa Timur
441e5c0b,Cakrabirawa Yuniar,Training and development officer,PT Habibi Firgantoro,Sumatera Selatan
9786d8e8,Nurul Nasyidah,Arts development officer,Perum Ardianto Waskita Tbk,Kalimantan Barat
5f01f411,Rini Wastuti,Engineering geologist,UD Irawan Winarsih (Persero) Tbk,Banten
63548ee3,Edi Nugroho,"Restaurant manager, fast food",Perum Wahyuni (Persero) Tbk,Lampung
3ce62507,Intan Susanti,"Surveyor, rural practice",PT Kurniawan Rahimah Tbk,Kalimantan Selatan
a011fd40,Nadia Hartati,"Runner, broadcasting/film/video",PT Firgantoro (Persero) Tbk,Kalimantan Timur
d0b08001,"Kamaria Sihotang, M.Kom.","Engineer, manufacturing systems",CV Adriansyah (Persero) Tbk,Jambi
b2fc766f,Wirda Sihotang,Curator,Perum Hardiansyah Tamba Tbk,Papua
bd6b7040,"Diah Marpaung, M.Kom.",Freight forwarder,PT Napitupulu Sirait (Persero) Tbk,Sulawesi Tengah
5fcf7d43,Eli Mulyani,Social worker,PD Natsir,Kepulauan Bangka Belitung
57183943,Ulva Prabowo,Lexicographer,UD Wijaya Yuliarti (Persero) Tbk,Sulawesi Barat
978b2edc,"R.M. Rafid Megantara, M.M.",Futures trader,PT Thamrin,Aceh
04c9cf24,"Ir. Anita Permadi, S.E.I",Research scientist (life sciences),PD Melani Maryati Tbk,Papua
6aba1a15,"Ina Suryono, S.Pd",Travel agency manager,Perum Widodo Rahimah,Jawa Tengah
389a03fb,Kiandra Hutasoit,"Administrator, Civil Service",PT Kurniawan Prasasta Tbk,Jambi
4a5d0297,Maryanto Budiman,"Engineer, electronics",PT Salahudin Kusumo Tbk,Gorontalo
af78554a,drg. Ira Yulianti,"Producer, radio",Perum Saefullah,Jawa Barat
b2f09fb7,Yessi Januar,Chemical engineer,Perum Rajata Tampubolon Tbk,Papua
64db9447,"Zahra Mandasari, M.Ak",Sports development officer,PT Tarihoran (Persero) Tbk,Kalimantan Selatan
019bd311,Victoria Gunawan,Personnel officer,UD Mustofa,Kepulauan Bangka Belitung
7bfb165d,Ir. Zahra Yuniar,Herpetologist,CV Saputra Usamah,Sulawesi Utara
9b3a60ab,"Tgk. Harto Wibowo, S.Kom","Accountant, chartered public finance",UD Suartini,Jawa Barat
dbbdc2b9,Balijan Wibowo,Multimedia specialist,CV Napitupulu Tbk,Kepulauan Riau
07d9829d,"Zelda Firgantoro, S.IP",Museum/gallery exhibitions officer,UD Uyainah,Jawa Tengah
e582fd5d,"Dr. Cager Safitri, M.Kom.",Therapeutic radiographer,PD Kuswoyo Santoso,DKI Jakarta
6d1734fe,Tania Laksmiwati,Financial manager,PT Fujiati Iswahyudi,Maluku
a67f956a,"Joko Hasanah, S.Pd",Broadcast journalist,CV Sihombing,Maluku Utara
3919b979,Sari Pertiwi,"Sales professional, IT",PD Firgantoro (Persero) Tbk,Maluku
5cbb05bc,"Natalia Laksmiwati, S.T.",Secretary/administrator,Perum Latupono Tbk,Kalimantan Timur
0de67083,Cindy Dabukke,Quality manager,PD Hartati Tbk,Aceh
196c23aa,"Hj. Amelia Rahayu, S.Farm","Designer, multimedia",CV Budiman,Maluku
e0372b92,Janet Zulaika,Housing manager/officer,PD Lestari,Lampung
6ac433bb,dr. Wulan Laksmiwati,Occupational therapist,UD Prasetya Kusmawati Tbk,Bengkulu
3e0949a9,Hadi Pertiwi,"Engineer, production",CV Zulaika Tbk,Sulawesi Tengah
9d8e3a4a,"dr. Patricia Yuliarti, S.Pt","Therapist, music",PD Permadi Putra Tbk,Kepulauan Riau
f3ad81c1,Balidin Usada,"Sound technician, broadcasting/film/video",CV Hutapea,Banten
3f943f59,Dr. Darmaji Saptono,"Scientist, forensic",PT Safitri Tbk,Papua Barat
b2080762,"Gaiman Namaga, S.I.Kom",Equality and diversity officer,PD Wulandari Tamba,Bali
e44025e9,Yance Yulianti,IT trainer,CV Rahmawati Prakasa,Kalimantan Utara
a3b49018,Kenari Kurniawan,Legal executive,PT Usada,Sulawesi Tengah
abd4d5fa,Hari Wahyudin,"Designer, blown glass/stained glass",PD Permata (Persero) Tbk,Maluku Utara
eeb5b4d2,Maya Purwanti,Museum/gallery exhibitions officer,UD Winarno (Persero) Tbk,DKI Jakarta
37b7a048,Karen Wahyuni,Economist,CV Nuraini Tbk,Sumatera Barat
fb992fcb,Lintang Suryono,"Administrator, Civil Service",Perum Wahyudin Mandasari,Kalimantan Timur
4e9dd888,Hilda Widiastuti,Interpreter,PT Firmansyah,Kalimantan Barat
533bed41,"Pranawa Nasyiah, S.H.",Educational psychologist,PD Napitupulu (Persero) Tbk,Maluku
ef4d5674,"T. Mustofa Gunarto, S.E.",Charity officer,CV Simbolon Prayoga,Kalimantan Selatan
437e3074,"Umar Mahendra, M.Pd","Engineer, water",PD Sihombing Tbk,Maluku
95d9da38,Ir. Rahmi Prasasta,"Engineer, electrical",PT Suartini (Persero) Tbk,Maluku Utara
19267acb,"Sabrina Wibisono, S.Sos",Ergonomist,PD Saragih Hastuti (Persero) Tbk,Jambi
ee8aaf40,Dt. Among Widiastuti,Chartered public finance accountant,UD Astuti Tbk,Papua Barat
4ed9ffde,Bancar Andriani,Outdoor activities/education manager,PD Prasetyo Wahyudin (Persero) Tbk,Sulawesi Tenggara
a5157ce5,Cecep Widodo,Forensic psychologist,Perum Manullang Nasyidah,Sumatera Barat
ec5fd891,"Gasti Zulkarnain, S.E.",Customer service manager,PT Sudiati Nuraini Tbk,Sumatera Barat
774f1679,Diana Zulaika,"Engineer, water",CV Nugroho Yuniar Tbk,Kalimantan Barat
9ce23b0e,"dr. Eka Wahyudin, S.Gz","Designer, jewellery",PT Mayasari Hassanah (Persero) Tbk,Kalimantan Timur
c4722e47,Elma Halim,Drilling engineer,UD Hardiansyah (Persero) Tbk,Kalimantan Selatan
08bfadd6,Rudi Sihombing,"Physicist, medical",UD Saefullah Puspasari,Sumatera Barat
0f19abd2,"drg. Ega Hassanah, M.Ak",Equality and diversity officer,PD Nashiruddin Mandasari,Kalimantan Tengah
f910d21a,R. Zelaya Halim,Equities trader,CV Pratama Nababan Tbk,Banten
e0a309ad,Hj. Kayla Damanik,Health visitor,PT Pudjiastuti Tbk,Sumatera Utara
9c3017c2,Nyoman Winarno,Automotive engineer,UD Halimah Thamrin,Sulawesi Tengah
8c4ffca8,"Luwar Utami, S.Gz","Engineer, maintenance",CV Jailani Lestari,Sulawesi Barat
a52e7698,R. Wirda Suryatmi,"Engineer, structural",CV Latupono,Jambi
2bc06bfb,Prabawa Situmorang,Science writer,PT Maulana Thamrin,Jambi
d22c933e,"Kasusra Halim, S.Kom","Pilot, airline",UD Najmudin (Persero) Tbk,DKI Jakarta
6d37ed7e,Ratih Yulianti,Sport and exercise psychologist,UD Saefullah Yolanda (Persero) Tbk,Sulawesi Tengah
ff6c333f,"Ir. Zelaya Prasetyo, S.Pt","Scientist, forensic",CV Suartini Mustofa (Persero) Tbk,Sumatera Barat
c55e845b,Ajimin Nainggolan,Museum/gallery conservator,UD Namaga Utama,Lampung
be55ab32,"Winda Putra, S.Psi","Geneticist, molecular",Perum Wibowo Wijayanti Tbk,Aceh
9835b724,R.M. Bakijan Hasanah,"Teacher, secondary school",PD Wacana Haryanto,Papua Barat
3aac9f54,"Rini Saefullah, S.I.Kom","Surveyor, mining",Perum Astuti (Persero) Tbk,DI Yogyakarta
f47d7c24,Puspa Sihotang,Advice worker,PT Wahyudin Tbk,Sulawesi Tenggara
5aaf1640,R.A. Aisyah Kuswoyo,Fashion designer,PT Wahyudin,DI Yogyakarta
5c70e19b,Dariati Prakasa,"Nurse, children's",UD Prabowo Namaga Tbk,Banten
b9df6b5b,Dipa Siregar,"Engineer, communications",PD Uyainah,Sulawesi Tenggara
c9da720d,"Drs. Aditya Firgantoro, S.Psi",Biomedical engineer,CV Prasetyo Pradipta (Persero) Tbk,Kepulauan Riau
3d85b96c,Maya Wulandari,Environmental health practitioner,Perum Handayani Tbk,Kalimantan Tengah
8c6bd3a3,Vivi Sihotang,Network engineer,UD Prastuti,Aceh
13aa24a9,"Dt. Jindra Nuraini, M.Kom.","Programmer, multimedia",Perum Winarno Wasita,Sulawesi Selatan
04904414,Gambira Permata,Production engineer,CV Hastuti Suwarno,Kalimantan Barat
938d4537,Kania Sudiati,"Engineer, broadcasting (operations)",CV Purnawati Tbk,Kalimantan Tengah
dfaa7caf,"Harjo Siregar, S.Farm",Contractor,Perum Zulaika Tbk,Kepulauan Riau
16b06762,"R.A. Anastasia Natsir, S.Psi","Librarian, academic",UD Winarsih,Sulawesi Tengah
232a2048,Danang Firmansyah,Farm manager,Perum Agustina Tarihoran,Sumatera Utara
d341a860,"T. Wardaya Halim, M.Ak",Horticultural consultant,UD Nashiruddin Maheswara Tbk,Jawa Timur
9c604982,Irfan Pranowo,Automotive engineer,Perum Zulkarnain Ardianto,Papua
3b8aa28e,R. Rahman Kusumo,Clothing/textile technologist,Perum Hardiansyah Nainggolan,Papua
899ed4c4,"drg. Lili Hidayat, M.TI.",Civil Service fast streamer,PD Tampubolon,Kalimantan Tengah
2be28c6c,Langgeng Sihotang,Intelligence analyst,PD Januar Astuti,Gorontalo
18abadbb,Paramita Situmorang,Make,Perum Hariyah Agustina Tbk,Sumatera Utara
344b955a,Dagel Puspasari,Water quality scientist,UD Wahyudin Puspita,Maluku
deecfdec,"Sidiq Narpati, S.Sos","Development worker, international aid",PD Wijayanti,Papua
61688ecc,"Clara Wibisono, M.Ak",Optometrist,UD Yulianti Tbk,Kalimantan Barat
1dceefe7,Unjani Rahayu,Facilities manager,CV Dongoran Iswahyudi,Jawa Tengah
9c26a529,Drs. Tasnim Salahudin,Customer service manager,UD Zulaika,Sulawesi Utara
628443e5,"H. Daruna Budiman, S.I.Kom",Hydrologist,Perum Namaga Damanik Tbk,Kalimantan Barat
efd0de15,"Kenzie Thamrin, S.H.",Recycling officer,CV Thamrin (Persero) Tbk,Kalimantan Barat
25ecc6fc,Malika Winarno,Academic librarian,PT Haryanti (Persero) Tbk,Jawa Timur
89730cdf,"Kunthara Situmorang, S.Sos","Engineer, maintenance (IT)",PT Uyainah Mustofa (Persero) Tbk,Kalimantan Utara
a27a7936,"R. Nyana Pranowo, S.Psi","Therapist, nutritional",Perum Wibisono Sihotang Tbk,Banten
644a424a,"Patricia Ardianto, M.Kom.",Plant breeder/geneticist,CV Santoso Siregar (Persero) Tbk,DI Yogyakarta
68b8ea7b,Puji Marpaung,Communications engineer,UD Mustofa (Persero) Tbk,Sulawesi Tenggara
6b35bec3,Violet Wijaya,Medical secretary,CV Prasetyo Prasasta Tbk,Kalimantan Tengah
cfe05307,Unjani Hasanah,Research scientist (medical),Perum Hariyah Prasasta,Banten
4cec424d,Pangeran Yuniar,"Scientist, physiological",CV Prasasta Sitorus,Kepulauan Bangka Belitung
d7b047dc,Raden Wibowo,Youth worker,PD Budiman Sihotang (Persero) Tbk,Sumatera Selatan
f2c41a9a,Ilsa Samosir,Social researcher,PT Usamah,Nusa Tenggara Timur
faff9817,Padmi Simanjuntak,Ambulance person,UD Lailasari Manullang (Persero) Tbk,Sulawesi Tenggara
8f147388,"drg. Putri Suryatmi, M.Ak","Scientist, physiological",Perum Simbolon,Sulawesi Selatan
02e93619,"Dt. Garang Utami, M.Farm",Media planner,UD Mandala Purnawati,Sumatera Utara
2532c75c,"Samiah Wahyuni, S.H.","Therapist, sports",UD Prasetyo Pradipta (Persero) Tbk,Kepulauan Riau
5704b2e4,Luluh Hutapea,Drilling engineer,UD Prasetya Tbk,Kepulauan Riau
9b26eb01,"Hj. Siska Hastuti, S.Ked","Designer, multimedia",CV Tampubolon,Kalimantan Selatan
dec327d1,Almira Wibowo,Restaurant manager,PT Widodo Tbk,Sumatera Utara
6e00fb3d,Kezia Uyainah,Haematologist,PT Prasetya (Persero) Tbk,Maluku
455fb665,"R. Karen Rajata, S.Psi",Holiday representative,PD Lestari,DI Yogyakarta
684172e7,"R.M. Maman Marpaung, S.T.",Pharmacologist,PT Zulaika Maheswara,Kepulauan Riau
5f7202ac,Drs. Karna Situmorang,Speech and language therapist,Perum Mandala Kusmawati,Sulawesi Barat
6ff251e2,Patricia Simbolon,Agricultural consultant,PD Puspita,Jawa Barat
e7bfd01e,"Hj. Violet Adriansyah, S.Ked",Systems analyst,PD Suryono Uwais,Bengkulu
d729c11e,Drs. Padmi Handayani,"Research officer, trade union",CV Pudjiastuti Thamrin,Sulawesi Barat
7b63ee96,H. Ghani Mansur,"Designer, furniture",PT Astuti Tbk,Nusa Tenggara Timur
f2c30a84,"Tgk. Jindra Pratiwi, S.Farm","Conservator, furniture",UD Napitupulu,Kalimantan Timur
92313f35,Puspa Laksita,Further education lecturer,CV Susanti Mardhiyah,Sumatera Barat
54ac6094,Reksa Astuti,"Teacher, early years/pre",Perum Pratiwi Tbk,Bali
c1322df7,"Cut Unjani Megantara, S.I.Kom",Illustrator,CV Prastuti Kuswandari,Sumatera Utara
7e0b19e2,"Eka Hasanah, M.Farm","Engineer, control and instrumentation",CV Kurniawan (Persero) Tbk,Sulawesi Tengah
4770ecec,Taufan Wastuti,Politician's assistant,Perum Agustina,Banten
f4fa1f83,"Emil Hutasoit, M.Kom.",Minerals surveyor,PD Sihombing Hutapea (Persero) Tbk,Jawa Barat
cc0c82db,"Puti Cici Mulyani, M.Kom.","Conservator, museum/gallery",Perum Hassanah Wijayanti Tbk,Kalimantan Selatan
cf8e5980,Muni Hutagalung,Hydrographic surveyor,PD Wibowo (Persero) Tbk,Sumatera Utara
00477205,"Cut Halima Lailasari, M.Pd",Immunologist,PT Rajasa (Persero) Tbk,Riau
aacd729c,Vino Zulaika,IT consultant,Perum Yolanda Tbk,Papua
dbbd7a4a,"Tgk. Kezia Winarno, M.TI.",Museum/gallery exhibitions officer,CV Yuniar,Lampung
cfb4b01c,Gilda Prakasa,Artist,CV Andriani Tbk,Banten
7d7e31c8,"drg. Teddy Rahmawati, M.Pd",Economist,PD Kuswoyo Rahmawati,Sumatera Utara
e2f3c5fa,Vega Maryadi,IT consultant,PT Prasetya Rahimah Tbk,Bengkulu
5c6ab33d,"R. Kacung Uwais, S.E.I",Audiological scientist,PD Farida Tbk,Kepulauan Bangka Belitung
87e1dce5,"Galar Prastuti, M.TI.","Conservator, museum/gallery",PT Sihotang Budiman (Persero) Tbk,Sulawesi Tengah
3942843f,Jaeman Pranowo,Orthoptist,UD Maulana,Maluku
f5020b0f,Lanjar Uwais,Medical sales representative,CV Hidayat Oktaviani,Maluku Utara
93f57cb6,Lalita Nasyidah,Dealer,CV Gunarto Palastri,DKI Jakarta
7e05333a,"Violet Handayani, S.Pt",Photographer,CV Prastuti,Jawa Barat
ea425654,"Hj. Diana Kuswandari, S.I.Kom","Chemist, analytical",PD Firgantoro Tbk,DI Yogyakarta
4df138c1,Mahmud Permata,Maintenance engineer,Perum Wibisono Safitri Tbk,Kalimantan Utara
e63f41a5,"Vera Maryati, S.Pd","Engineer, site",CV Hidayanto,Sulawesi Utara
808c79f3,Indah Mangunsong,"Social research officer, government",CV Budiman Putra (Persero) Tbk,Bali
b595cf71,"Keisha Riyanti, S.Ked","Embryologist, clinical",UD Laksmiwati,Papua Barat
728ec7e7,Oliva Anggraini,Contractor,Perum Rahimah (Persero) Tbk,Banten
952a7ab9,Patricia Prasetyo,Immigration officer,PD Maryati Melani (Persero) Tbk,Papua Barat
5ea8164a,Hasan Rahmawati,Editorial assistant,PT Simbolon Putra Tbk,DI Yogyakarta
9d34e80e,"H. Yono Suryono, M.Farm",Aid worker,PD Mangunsong,Nusa Tenggara Barat
420f050b,R. Ina Zulaika,Osteopath,UD Wacana Tbk,Kepulauan Riau
31966563,Hj. Tina Rahmawati,Horticultural consultant,CV Ardianto Saefullah Tbk,Sulawesi Selatan
7524b8ef,"Ifa Gunawan, S.Pd",Retail merchandiser,PD Maulana,Kalimantan Utara
ffb1a985,Edward Iswahyudi,"Designer, ceramics/pottery",Perum Mahendra Mandasari Tbk,Sumatera Utara
07fb6254,drg. Kamal Sudiati,Oncologist,Perum Haryanto Nababan (Persero) Tbk,Riau
6a5f8ede,Langgeng Utama,Public affairs consultant,PT Lazuardi Tbk,Sulawesi Tenggara
f78de159,"T. Bahuwarna Najmudin, S.Farm",International aid/development worker,PD Permadi Situmorang,DKI Jakarta
c21866d1,Sari Sitompul,Research scientist (maths),UD Manullang Handayani (Persero) Tbk,Kalimantan Selatan
1e18e70c,Hendra Mansur,Interior and spatial designer,CV Waluyo Marbun (Persero) Tbk,Sulawesi Selatan
e4852f36,"KH. Empluk Nashiruddin, S.Gz",Adult nurse,PT Lestari (Persero) Tbk,Nusa Tenggara Barat
ae269121,Zalindra Lazuardi,Health visitor,PT Nababan Pratiwi (Persero) Tbk,Kalimantan Tengah
3f74e7ea,Kacung Wijayanti,Dancer,PT Kurniawan,Kalimantan Barat
0cb76a05,"Cut Almira Tampubolon, S.T.",Occupational hygienist,PT Marbun Andriani,Sulawesi Tenggara
5efb2dec,"Puti Hani Winarno, S.E.I","Optician, dispensing",PT Wastuti Pratiwi Tbk,Sumatera Barat
e7a11ab4,Cawuk Wulandari,Fitness centre manager,CV Lazuardi,Jawa Tengah
1096edf0,"Puti Diah Manullang, S.Psi",Exhibition designer,CV Tamba,DKI Jakarta
7e0efad2,"Dalima Pertiwi, S.IP","Surveyor, building control",PT Saptono Halimah,Sulawesi Tenggara
7250f217,"Ida Haryanti, S.Pt","Designer, television/film set",PD Handayani,Papua Barat
4b5f3c5a,Drs. Arta Pranowo,Farm manager,Perum Pradana Suartini Tbk,Gorontalo
47e2bc44,Marwata Maryadi,Media buyer,Perum Padmasari,Bengkulu
33efbada,Gangsar Wijayanti,"Programmer, multimedia",UD Wibowo Purnawati,Kepulauan Riau
79ef407f,Dewi Nasyidah,Gaffer,Perum Halim,Kepulauan Bangka Belitung
846896a3,Cut Zamira Wulandari,Printmaker,CV Widodo Tampubolon,DI Yogyakarta
e38f9f00,Ir. Jasmani Riyanti,Community development worker,Perum Waskita Mandasari,Sumatera Selatan
1af0ee7c,Dodo Tampubolon,"Scientist, product/process development",PT Sihotang Padmasari,Kalimantan Barat
01a34702,"R. Ganjaran Andriani, M.TI.",Art therapist,PT Sinaga Prabowo,Bengkulu
9fbb1ac5,"R.M. Hadi Habibi, S.Pt","Surveyor, building control",PT Pangestu Jailani (Persero) Tbk,Sulawesi Selatan
629887ff,Cengkal Hassanah,Museum education officer,Perum Wacana Tbk,Kalimantan Barat
0d0a7e3f,Kala Prayoga,"Embryologist, clinical",UD Hassanah Anggraini (Persero) Tbk,Riau
63e161f8,R.A. Ilsa Nainggolan,Early years teacher,Perum Agustina Tbk,Nusa Tenggara Barat
1e02f6e0,Novi Siregar,Public affairs consultant,UD Lestari Tbk,Kalimantan Selatan
0e5ef6cf,"Cemplunk Samosir, S.Gz",Personal assistant,PT Mahendra,Jawa Barat
28959a97,Alika Tarihoran,Further education lecturer,CV Sudiati Mangunsong Tbk,Jawa Barat
03722ed3,"Novi Hardiansyah, S.E.I",Homeopath,PT Habibi Mustofa Tbk,Kalimantan Timur
227e1ae0,Bahuwarna Narpati,Careers adviser,Perum Wastuti Saefullah,Kalimantan Barat
d62c140b,"Gina Aryani, S.I.Kom","Nurse, learning disability",Perum Suryatmi Zulkarnain Tbk,Kepulauan Bangka Belitung
a6ceb6bd,Vivi Setiawan,"Teacher, early years/pre",PT Nasyiah Haryanti (Persero) Tbk,Kepulauan Riau
b747eecb,Hana Wahyudin,Pharmacologist,CV Maheswara Tbk,Sulawesi Tenggara
60316dc6,Prabu Mansur,Art gallery manager,CV Habibi (Persero) Tbk,Papua
770c9152,"Cut Zulaikha Suryatmi, S.E.I",Counselling psychologist,PD Dongoran Rajasa,Kalimantan Barat
89f652ae,Tgk. Virman Aryani,Information officer,UD Wibowo Palastri,Jambi
a806fae9,Prakosa Situmorang,"Librarian, public",PT Santoso Saefullah (Persero) Tbk,Nusa Tenggara Timur
3e4e6985,Puspa Maheswara,"Librarian, academic",PT Kuswoyo (Persero) Tbk,Kalimantan Timur
a555c4d5,Dt. Daryani Winarsih,"Scientist, forensic",PD Dabukke,Sumatera Utara
cf53293c,"Clara Purnawati, M.Ak",Biomedical engineer,UD Anggraini Laksmiwati,Gorontalo
6f5e5142,"Jindra Prasasta, S.Pt",Estate agent,Perum Wibisono Tbk,Kalimantan Timur
66abc28b,Jane Fujiati,Records manager,PD Mansur Nuraini Tbk,DI Yogyakarta
eda14cdf,Endra Yuniar,Manufacturing engineer,Perum Mangunsong (Persero) Tbk,Sulawesi Tengah
2d48cbf8,Safina Pertiwi,"Exhibitions officer, museum/gallery",CV Habibi Pudjiastuti,Gorontalo
a103e427,"KH. Waluyo Manullang, S.Kom",Records manager,UD Hariyah,Jawa Barat
63915df0,"Estiawan Prabowo, M.Ak","Pharmacist, hospital",PD Manullang Permata Tbk,Lampung
dad59ade,Drs. Gina Nugroho,Television/film/video producer,PD Mangunsong Tbk,Kepulauan Riau
65e8c83a,"Tgk. Salimah Siregar, S.Pt",Colour technologist,Perum Prastuti Tbk,Jawa Timur
945c472e,Restu Marbun,Chief Strategy Officer,PD Utama,Kalimantan Barat
4d71c700,"Limar Najmudin, S.Farm",Maintenance engineer,UD Saefullah Hutasoit Tbk,DI Yogyakarta
cb35ffce,Dipa Budiman,Orthoptist,CV Pratiwi Tbk,Jawa Barat
0a06a66c,"Tgk. Warji Narpati, S.H.","Scientist, audiological",CV Hassanah Sitorus (Persero) Tbk,Kalimantan Barat
89a72327,"Dalima Haryanti, S.T.","Geologist, wellsite",UD Aryani Narpati Tbk,Riau
48ef2a0e,R. Laras Wastuti,Food technologist,PD Halim,Riau
41df28fe,Cornelia Setiawan,Video editor,UD Santoso Mulyani,Aceh
2512a38d,Harto Siregar,Editorial assistant,PT Wulandari Januar,Sumatera Utara
fecd43a5,Rini Siregar,Photographer,PT Sinaga,Riau
0abfa4d1,Anita Nurdiyanti,Microbiologist,PT Napitupulu,Sulawesi Tengah
06f9db7e,Tedi Nasyiah,Medical sales representative,PD Gunarto Tbk,Banten
84e058ac,R. Dewi Laksmiwati,"Engineer, manufacturing systems",Perum Setiawan Marbun Tbk,Maluku Utara
30410c02,"Dr. Paramita Manullang, S.Pt",Social worker,CV Rahmawati (Persero) Tbk,Sulawesi Utara
e865bdee,Natalia Wahyuni,Radiation protection practitioner,UD Rahimah Situmorang (Persero) Tbk,Sulawesi Barat
df76d022,"H. Cecep Lazuardi, S.Psi",Counselling psychologist,CV Hardiansyah Tbk,DKI Jakarta
427b8aab,Kawaca Uwais,Financial trader,UD Najmudin Rajata (Persero) Tbk,Kalimantan Tengah
519f2ce9,Amelia Agustina,Maintenance engineer,PD Hutasoit Tbk,Kalimantan Timur
fa312ec2,Yulia Lailasari,"Education officer, environmental",PD Ramadan Maulana,Kalimantan Barat
3ea9d455,Empluk Widodo,"Radiographer, therapeutic",UD Gunarto Hutapea,Sulawesi Tenggara
dcdeb08e,Kemba Latupono,"Engineer, land",CV Lazuardi Wibowo Tbk,Sumatera Barat
23d1cd1e,"R.A. Yulia Sirait, S.E.I",Communications engineer,CV Samosir Iswahyudi (Persero) Tbk,Kalimantan Barat
7c35c798,R. Luwar Nugroho,Cytogeneticist,Perum Sitorus,Kepulauan Riau
34b76294,Mahfud Tarihoran,Video editor,CV Haryanto Maheswara,Papua
444412ae,H. Cakrajiya Padmasari,Systems developer,PD Thamrin,Gorontalo
0fbba21e,Xanana Sihombing,Health promotion specialist,Perum Halim,Sumatera Utara
5896960e,Dr. Candra Samosir,Agricultural consultant,CV Sihombing,Jawa Barat
06956f3d,Samiah Jailani,Health and safety inspector,CV Adriansyah Tbk,Sulawesi Tenggara
93318961,Vanya Oktaviani,"Scientist, biomedical",UD Marbun,Jambi
626114fc,"Uchita Suwarno, M.Pd","Surveyor, minerals",PD Hidayanto,Bali
53fb1df8,Olivia Prakasa,Sport and exercise psychologist,UD Saptono Suwarno Tbk,DI Yogyakarta
3e3168e4,Asmuni Permata,"Engineer, civil (consulting)",UD Sirait Agustina,Kalimantan Selatan
bab3429a,Drs. Tantri Yulianti,IT technical support officer,Perum Lestari Prakasa,Sumatera Selatan
3565c83b,Nadine Marbun,Chartered certified accountant,UD Prastuti Saefullah,Kalimantan Timur
e981a07f,Silvia Tarihoran,Architectural technologist,CV Sirait (Persero) Tbk,Kalimantan Tengah
9174e96a,Adhiarja Wibowo,Barista,Perum Handayani,Jawa Barat
b8a1d6d7,"Gina Prakasa, M.Ak",Agricultural consultant,UD Firgantoro Zulaika,DKI Jakarta
328f6cfc,"Ciaobella Suwarno, S.Pt",IT trainer,CV Dabukke Salahudin (Persero) Tbk,Lampung
b0c4acfe,Vino Mangunsong,Science writer,CV Situmorang Padmasari,Kalimantan Barat
191545f9,Wirda Hartati,"Surveyor, rural practice",CV Permadi Waluyo,Gorontalo
05827cda,Nadine Wibisono,Financial trader,PD Fujiati Fujiati,Jambi
def6e5fd,Harto Usada,Lobbyist,UD Palastri Utama,DI Yogyakarta
956709dd,Cici Haryanti,"Surveyor, commercial/residential",Perum Utami Utama,Sumatera Barat
5b96d767,Safina Thamrin,Youth worker,CV Mardhiyah Nugroho Tbk,Kalimantan Barat
1a87ccf8,Yani Usada,"Journalist, newspaper",PD Hasanah,Nusa Tenggara Barat
dd9a2186,Zelaya Pangestu,"Engineer, materials",PD Wulandari,Sumatera Selatan
7011093b,Yani Melani,Colour technologist,Perum Wacana,Sulawesi Tenggara
08afeee3,drg. Prabawa Sihombing,Occupational therapist,CV Prasasta (Persero) Tbk,Riau
487a68c1,"Puti Salsabila Jailani, S.E.I",Science writer,PT Rahmawati,Papua Barat
844b0ae3,Dt. Olga Safitri,"Conservator, museum/gallery",PT Salahudin,Kepulauan Bangka Belitung
8af07a77,dr. Bahuwarna Tamba,Air cabin crew,CV Situmorang,Papua
a5a91284,Shania Prasetya,"Teacher, music",PD Purwanti,Aceh
1c376f25,T. Dipa Sitorus,Graphic designer,CV Waskita Hastuti,Sumatera Utara
6f894253,"H. Sidiq Iswahyudi, M.Kom.",Counsellor,Perum Manullang Hidayanto,DI Yogyakarta
7d504026,"Samiah Mardhiyah, S.Farm","Administrator, charities/voluntary organisations",PD Ramadan Tbk,Gorontalo
a3d83c22,Puti Humaira Wijaya,Sport and exercise psychologist,CV Hardiansyah Wasita Tbk,Kalimantan Timur
0f31ef7b,"T. Wasis Suwarno, M.Pd","Optician, dispensing",PD Suryono Utami,Kalimantan Selatan
2e23ade4,Darijan Rajasa,Sports administrator,UD Nashiruddin Tbk,Jawa Timur
f5609e3f,Cawuk Wahyudin,Bookseller,UD Kusmawati Wijaya (Persero) Tbk,DI Yogyakarta
ad6bd0a1,"Raina Yuniar, S.Pt",IT trainer,PT Saptono (Persero) Tbk,Kepulauan Riau
cdbaa623,Sari Winarno,"Therapist, drama",UD Yolanda,Sumatera Utara
7adaf7c6,Kasiyah Waskita,Accounting technician,PT Sihombing Maryati (Persero) Tbk,Banten
98ea2f8b,Sutan Niyaga Mandala,Prison officer,PD Suwarno Uwais,Maluku
5ad6b8ee,Kala Pertiwi,Land,Perum Suartini,Banten
ef003403,Indah Dongoran,Exercise physiologist,UD Iswahyudi (Persero) Tbk,Riau
1ac4fb64,Dinda Prastuti,Acupuncturist,UD Permadi Tbk,Kalimantan Utara
2c7973d3,"Cager Sudiati, S.I.Kom",Data scientist,UD Rajata Mustofa,Jawa Tengah
f0188911,Salsabila Wacana,"Pharmacist, hospital",PT Sihotang,Nusa Tenggara Timur
a43224c0,"Silvia Safitri, S.Ked","Sales professional, IT",PD Ardianto Maryadi Tbk,Gorontalo
aad9da20,Edi Iswahyudi,"Accountant, chartered",PD Firgantoro Purwanti,Sulawesi Utara
ccb33a44,Emas Hutagalung,Sports coach,PT Rajasa,DKI Jakarta
bdef034f,"Wirda Waluyo, M.Kom.","Accountant, chartered",CV Rahayu Namaga,Bali
a0579d7c,"Dt. Tasnim Utami, S.T.","Scientist, clinical (histocompatibility and immunogenetics)",PD Mandala,Kalimantan Tengah
149a5707,"Dt. Jati Wacana, S.Farm",Building surveyor,PT Widiastuti Tbk,Sulawesi Barat
e2819689,Queen Mardhiyah,Historic buildings inspector/conservation officer,PT Pradipta Mardhiyah,Sulawesi Tengah
01d061bf,Drs. Laswi Wibowo,"Surveyor, planning and development",UD Usada Haryanti,Papua
73961df0,Victoria Hariyah,"Lecturer, further education",CV Natsir,DKI Jakarta
0d512322,Ir. Hasna Gunarto,Physiological scientist,PT Prabowo Waskita,Nusa Tenggara Timur
9bc277ef,"Aurora Siregar, M.Kom.",Chief Marketing Officer,CV Maulana Suryatmi,Kepulauan Bangka Belitung
4109ef5e,Heryanto Haryanto,"Lecturer, further education",Perum Simanjuntak Mansur Tbk,Aceh
cd7725c6,Rina Maryadi,Logistics and distribution manager,PD Uyainah Simanjuntak,Sulawesi Barat
be4fea70,Hj. Amelia Putra,Print production planner,PT Jailani,Sulawesi Tengah
8a397991,dr. Jessica Prasasta,"Accountant, chartered certified",Perum Pudjiastuti Prakasa,Bengkulu
e653cb3c,Oskar Wahyudin,"Designer, television/film set",UD Suryatmi,Gorontalo
59bdbcc9,Karimah Pratiwi,Careers information officer,UD Hassanah,Sulawesi Utara
e489126a,"Dr. Wulan Hutasoit, M.TI.","Designer, multimedia",PD Napitupulu Samosir,Kalimantan Tengah
6fddb29b,Septi Yolanda,Medical sales representative,PT Mayasari Gunarto,Gorontalo
1db254b5,Lanjar Nashiruddin,Counsellor,CV Wulandari,Sulawesi Barat
f5f038dd,Rama Iswahyudi,"Administrator, arts",PD Marbun Sihotang,Sulawesi Selatan
ec35ee60,Kamidin Mayasari,Chief Marketing Officer,UD Safitri Pertiwi,Sumatera Selatan
8711439a,Kadir Rajata,Financial manager,Perum Hutapea,Sulawesi Utara
20686d25,"Cut Rika Anggriawan, S.IP","Development worker, community",PD Winarno Yulianti Tbk,DI Yogyakarta
7c00b1b4,Gamanto Aryani,Contractor,PD Gunawan,Kalimantan Selatan
075be5ff,Pangeran Suwarno,Technical sales engineer,PT Suartini Saefullah Tbk,Lampung
14207729,Laila Suryono,Television camera operator,Perum Saefullah Tbk,Sulawesi Selatan
6927894d,"Raharja Yulianti, S.Psi",Mining engineer,CV Wastuti Tbk,Banten
85649eb9,Gambira Mustofa,Trading standards officer,UD Prabowo Tbk,Lampung
6df52569,Najam Salahudin,"Engineer, structural",PD Latupono Nababan (Persero) Tbk,Nusa Tenggara Timur
4daf834f,"Darimin Farida, S.Farm",Personal assistant,Perum Prayoga Tampubolon,Sumatera Selatan
a4e4e333,"T. Galih Dongoran, S.T.",Special educational needs teacher,CV Yuniar,Kalimantan Utara
2f2fc9ce,Ratna Ardianto,"Conservator, furniture",Perum Tamba Mayasari Tbk,Sulawesi Utara
a57e9230,Titi Mayasari,"Nurse, adult",PT Marbun Aryani,Sulawesi Selatan
c382137e,Hamima Usada,Cabin crew,PT Pertiwi Tbk,Riau
ee26fe4b,"Cut Salimah Narpati, S.I.Kom","Research officer, trade union",PT Sihotang Nainggolan Tbk,Kalimantan Barat
7ea1ed9c,"Cut Maimunah Wacana, M.Pd",Medical secretary,PD Permadi Halim,Nusa Tenggara Timur
774dc9c5,"Saka Kurniawan, S.Gz",Corporate treasurer,UD Zulaika Tbk,Jambi
c9f154eb,Harsanto Mulyani,"Sound technician, broadcasting/film/video",Perum Laksmiwati Permadi Tbk,Lampung
097e2d3a,Karsana Dabukke,Animal technologist,PT Dabukke,Sulawesi Barat
d6217db1,Eka Nababan,Land,CV Saptono Anggraini,Jambi
91b88c2b,Ir. Juli Sudiati,Product manager,Perum Haryanto Tbk,Jawa Barat
53bcd2cb,Citra Simanjuntak,Estate agent,Perum Prastuti Tbk,Sumatera Utara
32baa43c,Rini Prastuti,Fashion designer,UD Januar (Persero) Tbk,Gorontalo
f7d262a6,T. Emas Hutagalung,Customer service manager,PD Hardiansyah,Nusa Tenggara Timur
543fb565,"Ivan Winarno, M.M.",Barista,Perum Andriani Prasetyo (Persero) Tbk,Sulawesi Tengah
8841e267,Hani Sihombing,Occupational therapist,Perum Winarno,Sumatera Barat
58d77653,Mujur Lestari,Architectural technologist,PT Dongoran Firgantoro,Nusa Tenggara Timur
98dec8f6,Ellis Budiyanto,Operational researcher,PT Handayani,Maluku Utara
69762e58,Tirta Sudiati,"Librarian, public",UD Habibi Situmorang,Kalimantan Timur
2b95230d,Devi Nasyiah,Animal technologist,UD Wulandari Wibisono (Persero) Tbk,Sumatera Selatan
76b26a6f,Damar Prasasta,"Radiographer, therapeutic",PD Tamba Gunawan,Sumatera Utara
49058452,"Purwanto Safitri, S.Farm","Engineer, broadcasting (operations)",PT Pradipta,Nusa Tenggara Barat
c5e0ac0e,Ika Firgantoro,TEFL teacher,PT Pertiwi Namaga,Kalimantan Timur
c10d8eb3,Citra Sudiati,IT technical support officer,PD Irawan Sihombing Tbk,Jambi
7b61c729,"Gilda Setiawan, S.Pd",Glass blower/designer,PT Salahudin Tampubolon,Maluku
7e10a94f,Sutan Catur Saefullah,"Psychologist, prison and probation services",Perum Saefullah Tbk,Bali
69af3488,Ira Mahendra,Immigration officer,PT Oktaviani (Persero) Tbk,Gorontalo
53759e69,"T. Gada Palastri, S.T.",Orthoptist,CV Saptono Wijayanti,Maluku
f7103720,"Drs. Kawaya Purnawati, S.T.","Therapist, nutritional",PD Halimah (Persero) Tbk,Jambi
ea0d8f6c,Raden Purnawati,Solicitor,Perum Handayani,DKI Jakarta
464443d8,Maimunah Gunarto,Haematologist,Perum Anggriawan Utama,Kepulauan Bangka Belitung
9986d84e,Amelia Hutasoit,Operational investment banker,PD Yulianti Wacana,Lampung
c9b8d65f,Yuliana Permadi,Occupational therapist,PD Tampubolon,Jambi
0cb8d96a,Galih Nugroho,Claims inspector/assessor,PT Hardiansyah Tbk,Sulawesi Utara
2fa3c5b5,R. Cahya Rajasa,Estate agent,PD Habibi (Persero) Tbk,Kepulauan Bangka Belitung
212b096f,"Prayogo Hutapea, S.Kom",Solicitor,UD Samosir (Persero) Tbk,Kalimantan Utara
8f8bdb8f,"Puspa Putra, S.Farm",Drilling engineer,PD Prasetyo Oktaviani (Persero) Tbk,Sulawesi Utara
e0772808,Kalim Hutapea,Sports administrator,UD Agustina Tbk,Lampung
ec62a9be,"Jamal Habibi, M.M.",Psychiatric nurse,PD Fujiati (Persero) Tbk,Jambi
d0bccc8d,Tri Adriansyah,Media buyer,PD Rajata Budiyanto,Kepulauan Bangka Belitung
f1b4dd19,Nasab Firmansyah,Local government officer,UD Widodo (Persero) Tbk,Bengkulu
5765bb7b,Heru Yuniar,Occupational psychologist,PD Anggriawan Pradipta,Bengkulu
4d26af94,Darmana Wastuti,Sports therapist,PD Irawan Marbun (Persero) Tbk,Kalimantan Timur
1281b7ef,Betania Nasyidah,Chief of Staff,UD Yulianti Hariyah,Sulawesi Tengah
b9e41c4f,"Drs. Raditya Winarsih, S.H.",Control and instrumentation engineer,CV Nugroho Hidayat,Kepulauan Bangka Belitung
c8604c52,"Dt. Niyaga Wibowo, M.Ak","Conservation officer, historic buildings",PD Maryadi (Persero) Tbk,Jawa Tengah
f58769e3,Cut Zelaya Pangestu,Financial trader,Perum Permata,Sulawesi Tenggara
4478108f,"Yessi Hidayanto, S.Pt",International aid/development worker,PD Namaga,Banten
7a4e9fe8,Kasusra Wibisono,Special effects artist,UD Anggraini (Persero) Tbk,Sulawesi Tengah
eda537d4,Bancar Mardhiyah,Armed forces operational officer,UD Kuswoyo Palastri,Sulawesi Selatan
423daf8d,"Hj. Ajeng Marpaung, M.TI.",Cabin crew,PT Mandala Palastri (Persero) Tbk,Sulawesi Selatan
f2c2bc1c,Drs. Zelaya Budiman,"Engineer, civil (contracting)",PD Ramadan Hidayanto Tbk,Sumatera Selatan
6f1b2bfd,Ana Dabukke,"Engineer, chemical",CV Palastri (Persero) Tbk,Kalimantan Tengah
889e9aa7,"R. Raden Prastuti, S.Psi","Merchandiser, retail",UD Lestari Simbolon (Persero) Tbk,Sulawesi Tenggara
5f9b9f1d,"Umar Dabukke, S.Farm",Probation officer,CV Prasetya Jailani,Kalimantan Barat
51892385,Dina Simbolon,Exhibition designer,CV Kuswandari Tbk,Maluku
5466c229,Edward Salahudin,Clinical embryologist,PD Utama Hasanah Tbk,Sumatera Selatan
37d9bd80,Siti Mangunsong,Clinical embryologist,PD Padmasari,Sulawesi Tengah
470e1636,Rizki Wahyuni,"Engineer, production",CV Rajata Sirait Tbk,Nusa Tenggara Barat
b264ed88,"Ir. Ulva Ramadan, S.Ked",Colour technologist,PD Dabukke (Persero) Tbk,Bengkulu
2f015b14,Puti Eva Kuswoyo,"Research officer, trade union",CV Dabukke Prastuti (Persero) Tbk,DKI Jakarta
a8e56556,"drg. Ifa Kusmawati, S.I.Kom",Plant breeder/geneticist,UD Natsir Tampubolon Tbk,Sumatera Utara
79365f94,Daru Iswahyudi,Warehouse manager,UD Siregar (Persero) Tbk,Nusa Tenggara Timur
3d804345,Najwa Manullang,Accommodation manager,CV Mulyani (Persero) Tbk,Jawa Tengah
05f384ff,Ir. Ibrani Latupono,Arboriculturist,PT Hakim (Persero) Tbk,Kalimantan Utara
227b7d24,Balijan Usada,Field seismologist,CV Prasetyo,Maluku Utara
bfd85783,Imam Andriani,Audiological scientist,PD Prastuti Hastuti Tbk,Sulawesi Selatan
64c0cd39,Vivi Yolanda,Airline pilot,Perum Pradana Tbk,Jawa Tengah
1c1a7b4b,Sabrina Halim,Chartered certified accountant,PT Aryani (Persero) Tbk,Sulawesi Selatan
c77deb3b,Luthfi Hastuti,Dealer,Perum Hardiansyah Firmansyah,Jawa Barat
cbd82f06,Darmanto Pertiwi,"Scientist, clinical (histocompatibility and immunogenetics)",CV Suryono Thamrin Tbk,Kalimantan Utara
04af8d3f,"Tari Anggriawan, S.Farm","Editor, film/video",Perum Prabowo Suwarno,Papua Barat
33f0c3a4,Ir. Ira Riyanti,"Surveyor, hydrographic",CV Riyanti Tbk,Nusa Tenggara Timur
29467264,"Tira Melani, M.TI.",Government social research officer,CV Kuswandari (Persero) Tbk,Kalimantan Barat
64989215,Laila Najmudin,Science writer,PT Nugroho,Bengkulu
562a68d1,Luwar Susanti,Professor Emeritus,CV Maulana (Persero) Tbk,Kalimantan Tengah
04c6c81a,Olivia Mulyani,Copy,PD Waskita Nasyidah Tbk,Sulawesi Barat
37d6d9bf,Tantri Adriansyah,Records manager,PT Wahyuni,Kepulauan Riau
6275070d,Patricia Nurdiyanti,Field trials officer,UD Padmasari,Sumatera Selatan
63f4ee8e,dr. Widya Wijaya,Hydrographic surveyor,PD Kusumo,Nusa Tenggara Barat
e741a57a,Cut Raisa Marbun,Further education lecturer,UD Astuti Hasanah (Persero) Tbk,Kalimantan Timur
41272886,"H. Hardana Sihotang, S.E.",Osteopath,CV Mulyani Lailasari,Bali
e270c9a6,Cagak Megantara,Public relations officer,PD Usada (Persero) Tbk,Jawa Barat
de50f4f6,R.A. Calista Hutagalung,Mining engineer,UD Napitupulu,DKI Jakarta
cee6534b,Mulyono Gunarto,Proofreader,UD Farida,Kalimantan Utara
4a639ece,Vivi Rahayu,Herbalist,PD Najmudin Tbk,Sulawesi Tengah
ab1eb9d5,Cinta Suryatmi,Special educational needs teacher,Perum Permadi Kurniawan (Persero) Tbk,DKI Jakarta
27432e88,Ismail Maheswara,"Psychologist, prison and probation services",PT Suartini (Persero) Tbk,Bengkulu
0d9bb366,Kayla Gunarto,"Designer, television/film set",PD Habibi,Sumatera Selatan
7ba2de1c,Ghaliyati Prakasa,Dentist,UD Mahendra Tbk,Sumatera Barat
800f80fa,Diana Nurdiyanti,Maintenance engineer,PD Kurniawan Salahudin,Sulawesi Utara
b31f87f2,Victoria Nuraini,Trade union research officer,CV Rajata Tbk,Jambi
3e9a4017,Dt. Bakidin Rajasa,Landscape architect,PT Waskita Ardianto Tbk,Sulawesi Tengah
484bd6a1,Muni Suwarno,Financial adviser,CV Saputra Sitompul (Persero) Tbk,Bali
d15baa9d,Puji Anggraini,Fashion designer,Perum Pradana,Nusa Tenggara Barat
f7c49d10,Jono Sihotang,Art gallery manager,CV Lazuardi Januar (Persero) Tbk,Papua Barat
7ab3f69d,Ir. Kania Napitupulu,Dispensing optician,CV Saragih Hartati Tbk,Jawa Barat
ad49189e,Dina Anggriawan,Computer games developer,UD Putra Winarsih (Persero) Tbk,Sulawesi Utara
5d8edaed,Yuni Ramadan,"Producer, radio",UD Narpati Tampubolon (Persero) Tbk,Sulawesi Tengah
aef8d928,Syahrini Prasetyo,Community education officer,Perum Permadi Permata (Persero) Tbk,Sumatera Barat
759a3329,"Dr. Gaduh Pangestu, M.Farm",Chartered public finance accountant,PT Prasetya Tbk,Sulawesi Tenggara
a39d01e2,Indah Nashiruddin,Hydrogeologist,CV Purnawati Hutasoit (Persero) Tbk,Riau
fa405d30,Hendri Rajata,Television production assistant,CV Saputra Nasyiah (Persero) Tbk,Kalimantan Timur
6ff95c27,"Cut Zelda Oktaviani, S.T.",Pensions consultant,CV Permata,Kepulauan Riau
0cd1ada2,"R. Latika Mangunsong, S.Farm",Insurance account manager,PT Puspita,DI Yogyakarta
d857df23,"Najib Waskita, S.E.",Gaffer,PT Thamrin Pranowo,Riau
00d35c79,Ayu Sudiati,"Geologist, wellsite",UD Irawan Habibi,Maluku Utara
b1580f4a,"Galuh Budiyanto, M.Ak",Mechanical engineer,UD Sirait Tbk,Kalimantan Tengah
ed88ff39,Nyoman Uwais,Production manager,PT Kusmawati Yuliarti Tbk,Papua Barat
0bd19195,Vanya Wahyuni,Statistician,Perum Anggriawan Mandala (Persero) Tbk,Papua
f88b7921,"dr. Hardana Marbun, M.TI.",Production engineer,Perum Maryati Suartini,Gorontalo
2e00e3cd,Chelsea Zulaika,Clinical embryologist,UD Novitasari Salahudin,Sulawesi Barat
c3f461b3,Yunita Mardhiyah,Restaurant manager,Perum Tamba Najmudin (Persero) Tbk,Nusa Tenggara Barat
f0056144,Oni Gunarto,Environmental consultant,Perum Sihotang Tbk,DKI Jakarta
93dd94e5,Dr. Laila Hastuti,Cartographer,Perum Latupono Tbk,Sumatera Utara
13276738,Viktor Wasita,Translator,CV Hariyah Iswahyudi,Jawa Tengah
e0fd03dd,Kariman Yuliarti,Private music teacher,UD Prakasa,Jambi
6787f835,"Ir. Alambana Hastuti, S.Pd",Chief Strategy Officer,CV Budiyanto Tbk,Lampung
24464cd6,Bahuraksa Wahyuni,Data processing manager,CV Prabowo Prabowo Tbk,Kalimantan Selatan
6b066aae,Jessica Dabukke,"Civil engineer, consulting",UD Mayasari Tbk,Kalimantan Tengah
e3cc8283,Eka Anggriawan,Advertising account planner,UD Purnawati Maryadi Tbk,Lampung
483c95a7,Zahra Sinaga,Immunologist,CV Hutasoit Pudjiastuti (Persero) Tbk,Gorontalo
c59fc3cd,Cemeti Fujiati,"Engineer, production",Perum Samosir Maheswara Tbk,Kalimantan Barat
626c65f4,Laila Saptono,Health visitor,PD Nugroho,Maluku Utara
6cea4795,Jaeman Sitorus,"Nurse, adult",PT Pertiwi Tbk,Aceh
bdc15636,"Malika Halimah, S.E.","Embryologist, clinical",PD Wahyuni Damanik,Kalimantan Selatan
9873b846,"Tgk. Candrakanta Sudiati, S.Farm",Dentist,PD Nugroho Melani (Persero) Tbk,Jawa Barat
76e911a7,Lasmono Hutapea,"Engineer, communications",PT Wasita,Bali
f68e7acf,Darsirah Lailasari,Company secretary,UD Winarno Tbk,Kalimantan Utara
390e552e,Ghaliyati Habibi,Drilling engineer,Perum Hassanah (Persero) Tbk,Maluku
c9d96cf0,drg. Lutfan Rahimah,Special effects artist,CV Winarno Nababan Tbk,Maluku
7d43fc91,R.M. Jarwa Agustina,"Surveyor, commercial/residential",CV Winarno Januar Tbk,Bengkulu
bfcba614,"Tgk. Adiarja Wijayanti, S.Farm",Call centre manager,UD Ardianto Ardianto,Bengkulu
40cdb32d,Icha Ardianto,Emergency planning/management officer,PD Januar Rajata,Papua Barat
ead5ae10,Heru Sudiati,Building surveyor,Perum Januar Situmorang (Persero) Tbk,Riau
d9b216b2,"Bakiman Jailani, S.Sos",Acupuncturist,UD Hutapea Lailasari Tbk,Gorontalo
c5240705,"Baktiadi Salahudin, S.Psi",Veterinary surgeon,UD Susanti Suryatmi (Persero) Tbk,Kepulauan Bangka Belitung
b57e2264,Kani Nainggolan,Medical technical officer,UD Maulana,Maluku Utara
4a8b2e06,Diana Yulianti,Geophysicist/field seismologist,Perum Marbun,DI Yogyakarta
7c8a82d5,"drg. Putu Samosir, S.T.",Ecologist,CV Prasasta Utama Tbk,Papua Barat
d20df3a8,Gilda Andriani,"Copywriter, advertising",CV Zulaika,Maluku
9930dacd,Ilsa Winarno,"Pharmacist, hospital",PD Yolanda Pratiwi,Banten
3aa802c9,Nadine Marpaung,Technical brewer,CV Prabowo Prasetyo (Persero) Tbk,Papua Barat
9d8ec659,"Vivi Yolanda, S.E.I",Dentist,Perum Usamah Tbk,Jambi
3b2c74ac,Cici Kuswoyo,Architectural technologist,UD Hutapea,Sulawesi Tenggara
c50481d1,Amelia Kuswandari,Social researcher,PD Megantara Purnawati Tbk,Sulawesi Utara
ec3cc8b2,Halima Widiastuti,"Copywriter, advertising",CV Maryadi Purnawati (Persero) Tbk,Papua Barat
2eccdeaf,Lili Siregar,"Psychologist, prison and probation services",Perum Winarno (Persero) Tbk,Sulawesi Tengah
128a5688,Dt. Ganda Pertiwi,Jewellery designer,CV Handayani,Nusa Tenggara Timur
23ba46a9,Uli Riyanti,Radio producer,CV Sihombing Tbk,DKI Jakarta
334d865b,Cut Laras Manullang,"Surveyor, planning and development",Perum Mahendra,Lampung
88873273,Caket Kuswoyo,Technical brewer,UD Nababan Sihotang,Bengkulu
e0d5fd8b,Wani Ramadan,"Therapist, music",UD Melani Adriansyah Tbk,Sumatera Utara
7bcbd405,Mutia Nuraini,Horticultural consultant,PT Mandala Permadi (Persero) Tbk,Kepulauan Bangka Belitung
3fc9c1be,"Dr. Wawan Simbolon, S.Pt","Lecturer, further education",UD Zulkarnain Tarihoran (Persero) Tbk,Sumatera Utara
40f08b01,Ir. Wardaya Nainggolan,Rural practice surveyor,Perum Firmansyah Pranowo (Persero) Tbk,Nusa Tenggara Barat
14302099,Eka Marpaung,"Editor, commissioning",PD Anggraini Puspita,Sulawesi Tenggara
54d9458f,Paiman Nuraini,"Scientist, physiological",PD Namaga Melani,Jawa Timur
f6228e7e,Mustofa Megantara,Environmental consultant,PD Situmorang Tarihoran,Sulawesi Selatan
b6b754e8,"Laila Mangunsong, S.E.I",Licensed conveyancer,PT Haryanto,Papua Barat
65ddcc1a,"Ir. Zaenab Widodo, S.E.",Personal assistant,Perum Mandasari (Persero) Tbk,Kepulauan Riau
d07e7b0d,Dr. Edi Susanti,Armed forces operational officer,UD Nainggolan Yuniar,Kalimantan Selatan
659a4fe4,Ina Wacana,"Investment banker, operational",PT Iswahyudi Pangestu (Persero) Tbk,Lampung
da64bee0,"Prabu Susanti, S.T.","Designer, exhibition/display",UD Uwais Tbk,Kalimantan Barat
90a4f2d6,Najwa Sitompul,Glass blower/designer,CV Agustina,Papua Barat
f4971a64,H. Marsudi Prastuti,Actuary,UD Prasetya Mangunsong,Nusa Tenggara Timur
bc5f2218,"R.M. Rusman Marbun, S.Gz","Psychologist, sport and exercise",PD Nasyidah,Sumatera Selatan
0012ebf2,Dwi Kuswoyo,"Engineer, biomedical",PD Hutapea Nurdiyanti (Persero) Tbk,Jawa Barat
5d92fc6f,Cut Vicky Wijayanti,"Surveyor, land/geomatics",Perum Gunarto Melani,Sulawesi Utara
af2688a8,Dodo Firgantoro,Community development worker,PT Hutasoit Tbk,Sulawesi Barat
ef58ae53,Darimin Marbun,Clinical embryologist,UD Rajata Hutasoit,Kalimantan Utara
6cb40165,Ciaobella Megantara,Police officer,UD Hassanah Usada,Papua
7a0d28cc,Yessi Pangestu,Television floor manager,PT Pertiwi,DKI Jakarta
6d5552f3,"Ifa Budiman, S.IP",Horticultural consultant,PT Prastuti Melani,Papua
8f04dc0f,drg. Sadina Mandala,Lobbyist,Perum Waskita,Jawa Tengah
b60e4455,"Ira Handayani, M.Pd",Chief of Staff,CV Wulandari Tbk,Kepulauan Riau
9e36409d,"Karimah Gunarto, S.IP","Surveyor, minerals",UD Tamba Ramadan,Bali
8f24da89,"drg. Lantar Sitorus, M.Farm","Nurse, children's",Perum Pangestu Thamrin (Persero) Tbk,Papua
8b675d7e,Irnanto Tamba,"Engineer, maintenance (IT)",PD Ardianto Tbk,Sulawesi Tenggara
384dbe43,Fitria Mustofa,"Loss adjuster, chartered",PD Haryanti (Persero) Tbk,Kalimantan Barat
2b030c42,R. Anom Thamrin,Product/process development scientist,CV Budiman Rahimah,Jawa Barat
eeada743,Rika Rajasa,Fisheries officer,Perum Nababan Mustofa (Persero) Tbk,Kalimantan Barat
b0016248,"Lamar Prasetyo, S.H.",Paramedic,CV Purwanti,Sulawesi Tenggara
af8c2c92,Prayogo Sirait,Furniture conservator/restorer,PT Purwanti,Kepulauan Riau
f1749d99,drg. Anggabaya Hutasoit,Banker,PT Kurniawan,DI Yogyakarta
e9da4b0b,Ikhsan Padmasari,Paediatric nurse,PD Padmasari Pradipta,Kepulauan Riau
9ff93834,Vanesa Simanjuntak,"Engineer, site",CV Purwanti Suwarno,Nusa Tenggara Timur
66405703,Ir. Indah Saefullah,Musician,CV Adriansyah Tbk,Kalimantan Selatan
09c6d98f,Gandi Handayani,Mining engineer,Perum Irawan (Persero) Tbk,Kalimantan Utara
60c52710,dr. Bakianto Yuniar,Arts development officer,UD Adriansyah Halimah,Sulawesi Barat
79ee1846,Drs. Cawisadi Wahyudin,Tree surgeon,Perum Hartati,Sulawesi Barat
d06a1d95,Hj. Talia Puspasari,"Teacher, primary school",Perum Handayani Kuswoyo Tbk,Jambi
9702078a,Vanya Sirait,Dietitian,CV Prasasta,Maluku Utara
d640d0cd,Daruna Latupono,Brewing technologist,PT Megantara Wahyuni (Persero) Tbk,Kalimantan Selatan
e884ee6e,R.M. Rafid Rahmawati,Sports development officer,UD Kusumo Hutapea (Persero) Tbk,Jawa Barat
fecf8dc0,Heryanto Wahyudin,Firefighter,PT Manullang,Bali
12c455c2,"Kamidin Wahyudin, S.Farm",Homeopath,PT Mayasari (Persero) Tbk,Maluku Utara
990c1cc3,Salimah Maryati,Futures trader,PD Halimah Putra (Persero) Tbk,Jawa Tengah
365e1c7c,Eka Pratiwi,Youth worker,CV Mansur Permadi,DI Yogyakarta
22b1ca84,Raharja Wijayanti,Event organiser,CV Salahudin Hasanah,Riau
5d2d4d13,Muni Kusumo,Warden/ranger,PD Dabukke Saputra,Gorontalo
ddd6826a,R. Paris Palastri,"Programme researcher, broadcasting/film/video",PT Marbun Kuswandari Tbk,Jawa Barat
263e0916,Wage Oktaviani,Chiropodist,UD Prasetya,Kalimantan Tengah
58bb7c5f,Amelia Haryanto,Land/geomatics surveyor,Perum Agustina Setiawan Tbk,Sumatera Barat
fd448227,Kasiran Safitri,Comptroller,PD Saptono Habibi,Bengkulu
25d71424,Makara Sudiati,Agricultural consultant,PT Sirait,Kalimantan Utara
9fb00b1a,Cut Alika Maheswara,Armed forces operational officer,Perum Susanti Saptono (Persero) Tbk,Kalimantan Barat
5a9f3128,"R. Marsudi Maulana, S.Pt",Dispensing optician,PD Permadi Januar,Jambi
3c197eea,"Azalea Saefullah, S.E.I",Product designer,Perum Budiyanto Pradipta,Aceh
37145e93,Humaira Saefullah,Customer service manager,PT Pradipta Dabukke Tbk,Kalimantan Barat
ee84a36d,Violet Uyainah,Dispensing optician,PT Wastuti Kurniawan Tbk,Papua
775061be,Ciaobella Tamba,Rural practice surveyor,PD Yulianti,Kalimantan Utara
a4161471,Michelle Prasetyo,"Programmer, multimedia",PT Winarsih Megantara,Kepulauan Bangka Belitung
349ba35d,Drs. Tami Jailani,Social researcher,UD Putra Situmorang,Sulawesi Tengah
ebfda4ef,Dian Sitompul,"Engineer, energy",Perum Sinaga Lailasari Tbk,Papua Barat
7b6a3662,Fitria Prasetyo,Government social research officer,Perum Nasyiah Handayani (Persero) Tbk,Sulawesi Tengah
e4a521fc,"Puti Lili Anggriawan, S.Sos",Geophysicist/field seismologist,Perum Wulandari,Papua
82a7c980,Gaduh Ramadan,"Research officer, government",PD Maryadi Namaga Tbk,Sulawesi Barat
476c77fb,"Cakrawangsa Thamrin, S.H.","Engineer, maintenance (IT)",UD Putra (Persero) Tbk,Banten
042a10b8,Novi Rahmawati,Public librarian,Perum Riyanti Saptono Tbk,Kepulauan Riau
a1df73a6,Nurul Prasetya,Trading standards officer,Perum Laksmiwati Namaga (Persero) Tbk,Nusa Tenggara Barat
ef0e5167,"Cecep Latupono, S.E.I","Engineer, technical sales",CV Hasanah Hassanah Tbk,Kepulauan Bangka Belitung
264b7777,"Dt. Gambira Haryanto, M.TI.","Psychotherapist, dance movement",Perum Nugroho,Bali
4a7dee62,"dr. Yuliana Safitri, M.Kom.",Translator,UD Napitupulu Thamrin,Sulawesi Tenggara
6a7636a5,Hj. Umi Purnawati,Immunologist,CV Haryanto,Kepulauan Bangka Belitung
ec8f1082,Tri Dongoran,"Psychotherapist, dance movement",PT Zulaika (Persero) Tbk,Sulawesi Utara
edefe3e3,"Hj. Belinda Pratama, S.E.",Printmaker,Perum Sihombing Sitompul Tbk,Kalimantan Timur
3ad2e5c4,Fitria Kuswandari,IT sales professional,CV Laksita Simanjuntak Tbk,Sumatera Selatan
c6c25b85,"Ghaliyati Tamba, S.E.I",Theatre director,UD Saputra,Lampung
deaa2c86,"Maimunah Suryatmi, S.E.I","Engineer, land",PD Saputra Pradipta,Maluku Utara
f132e674,Taswir Winarno,Biomedical engineer,UD Siregar Sihotang,Kalimantan Tengah
e16e9b3d,"Tgk. Zahra Permata, S.Pd",Naval architect,Perum Permata (Persero) Tbk,Nusa Tenggara Barat
ba279995,Darijan Handayani,"Designer, industrial/product",PT Farida,Bengkulu
9a36db64,Amelia Yuliarti,"Geneticist, molecular",PT Dongoran Kurniawan,Jawa Timur
b038693d,Wani Ramadan,"Editor, magazine features",PD Prasetyo Prakasa Tbk,Kepulauan Bangka Belitung
fb8c0e53,Belinda Novitasari,Telecommunications researcher,CV Sihotang (Persero) Tbk,Papua
e1805d20,Iriana Yulianti,Dietitian,Perum Rahimah Tbk,Nusa Tenggara Barat
d296534d,Cinta Wasita,Aid worker,CV Dabukke Tbk,Kalimantan Barat
930fb31b,"Vicky Iswahyudi, M.Farm","Engineer, aeronautical",CV Sihombing Prabowo (Persero) Tbk,Riau
ac1fbb4b,"Tiara Pratiwi, S.Kom",Chief Operating Officer,CV Pudjiastuti Palastri,Kalimantan Barat
408176f7,"Harsanto Riyanti, M.TI.",Estate manager/land agent,UD Wastuti Tbk,Lampung
904e0b73,"Tgk. Kenes Saptono, S.Kom",Landscape architect,CV Wahyudin,Kalimantan Timur
a51bbc1d,Karta Saputra,Industrial buyer,PT Iswahyudi Sihotang,Aceh
bc043bc3,R. Sari Damanik,Musician,Perum Maryati Waluyo (Persero) Tbk,Sulawesi Utara
f278f5ed,dr. Panji Padmasari,Higher education lecturer,CV Sudiati Pratama,Nusa Tenggara Barat
7ea281de,Rina Suartini,Operations geologist,UD Prastuti Nurdiyanti Tbk,Nusa Tenggara Barat
26f7a698,dr. Darmana Yulianti,"Engineer, structural",CV Nuraini Tbk,Papua Barat
f050f055,Silvia Permadi,"Engineer, agricultural",PT Nashiruddin Tbk,Sumatera Barat
7377d4c6,Elma Handayani,"Journalist, newspaper",PD Nainggolan,Sulawesi Tengah
818c3f32,Prasetyo Firgantoro,Database administrator,Perum Wasita Marbun Tbk,Kalimantan Tengah
490885c1,"Limar Hastuti, M.M.",Conference centre manager,PT Farida (Persero) Tbk,Nusa Tenggara Barat
63aa3b05,R. Kartika Maheswara,Prison officer,CV Haryanto Uwais (Persero) Tbk,DI Yogyakarta
391e5676,Dinda Widiastuti,"Scientist, forensic",Perum Gunawan Sirait (Persero) Tbk,Sulawesi Tenggara
446df162,Zelda Nababan,Analytical chemist,UD Damanik Maryadi (Persero) Tbk,Gorontalo
bd104b82,Daryani Andriani,Technical author,CV Suryono,Sumatera Barat
2309b6e2,"Lanang Sihotang, S.I.Kom",Occupational hygienist,PD Oktaviani Sitompul Tbk,Riau
12d323e2,"KH. Caturangga Wahyudin, S.H.","Nurse, mental health",PD Pratiwi Tbk,DI Yogyakarta
12014c58,Lembah Usada,Field trials officer,UD Uwais Susanti,Banten
cd85f045,Jumadi Nugroho,Building surveyor,Perum Adriansyah,Kepulauan Riau
98d66a73,Calista Wijayanti,Aid worker,PT Prasasta Hastuti (Persero) Tbk,Kalimantan Selatan
78bcddab,Keisha Nashiruddin,Writer,UD Samosir (Persero) Tbk,Sulawesi Selatan
59e88a09,Yosef Mulyani,Insurance underwriter,PD Hassanah Januar,Jawa Barat
5e50e7a9,"T. Daliman Maryati, S.I.Kom",Sales promotion account executive,Perum Dabukke Puspita Tbk,Sulawesi Barat
821a2439,Jumari Yulianti,Chief Technology Officer,Perum Yuliarti Sihotang,Bali
8b33c230,Ella Santoso,Commissioning editor,CV Hidayat Tampubolon,Jawa Timur
35a08226,Dr. Gilda Waskita,Architectural technologist,CV Padmasari,Kalimantan Utara
044be29a,Gamani Gunawan,"Buyer, industrial",PD Laksmiwati Tbk,Kepulauan Riau
b228b422,Eli Haryanto,"Engineer, structural",PD Habibi Laksmiwati (Persero) Tbk,Jambi
e5ef891c,"Warsa Waskita, S.Farm",Horticultural therapist,Perum Sirait,Sulawesi Tenggara
b8b7e79f,Laila Wibisono,Teaching laboratory technician,PT Saefullah Putra (Persero) Tbk,Sumatera Selatan
0d1eecaa,Galiono Napitupulu,English as a foreign language teacher,PT Waskita Gunarto,DKI Jakarta
c761e28c,Hilda Mangunsong,"Designer, interior/spatial",PT Saragih Hidayanto,Bengkulu
8ea31a58,Cut Iriana Purwanti,Oncologist,PT Nuraini,Jambi
7412eabf,Yance Waskita,Community development worker,Perum Puspasari Novitasari Tbk,Sumatera Barat
3b9fa733,Sutan Mulyono Riyanti,TEFL teacher,PT Saptono Kuswoyo,Jawa Timur
e22b3fb9,Lidya Lestari,Marine scientist,PD Wulandari Laksmiwati (Persero) Tbk,Lampung
50242fb7,Vivi Uwais,"Research officer, government",CV Wasita Kuswoyo,Maluku
38a1e19e,Ade Uyainah,Quality manager,PT Maryadi,Jawa Tengah
6da24230,Harimurti Megantara,Hydrogeologist,PD Rajasa (Persero) Tbk,Kepulauan Bangka Belitung
58fc63e7,Kamila Tamba,"Teacher, English as a foreign language",PT Halimah,Kalimantan Tengah
6c2dbfc8,Zalindra Haryanti,Sports development officer,Perum Mandasari Jailani (Persero) Tbk,Jawa Timur
53d03e08,Kani Mandasari,Actor,CV Waskita Prasetyo,Jambi
7cd5edd4,Dt. Paiman Thamrin,Freight forwarder,PD Gunarto (Persero) Tbk,Aceh
311e72af,"Puti Betania Salahudin, S.Kom","Teacher, early years/pre",PD Palastri Tbk,Kepulauan Bangka Belitung
6dd204b6,Hj. Sadina Mandasari,Armed forces technical officer,Perum Prakasa Sitorus,Aceh
f72d05fa,Yance Ardianto,Insurance broker,Perum Nurdiyanti Wijayanti,Sumatera Utara
e0a98327,Almira Salahudin,Airline pilot,Perum Kuswoyo,Sulawesi Tengah
0fbd3394,Chelsea Mandala,Archaeologist,Perum Nainggolan (Persero) Tbk,Kalimantan Timur
76fac3d8,Hendra Hidayat,Child psychotherapist,CV Susanti Iswahyudi Tbk,Bali
f052d100,Oliva Siregar,"Exhibitions officer, museum/gallery",CV Sitompul,Maluku
f8e42ade,Sutan Luhung Nashiruddin,Trade mark attorney,PD Lazuardi (Persero) Tbk,Sumatera Barat
35d13e62,Vanesa Hariyah,Chartered accountant,Perum Wibisono Tbk,Riau
c227cc01,Jayeng Damanik,"Psychologist, sport and exercise",CV Maheswara Dongoran Tbk,Kepulauan Bangka Belitung
c924ab99,Yulia Halimah,Water quality scientist,PT Prasasta,Jawa Timur
59df7977,drg. Karja Pradipta,Physiological scientist,UD Yuliarti Mahendra (Persero) Tbk,DI Yogyakarta
937c8d52,Drs. Ikin Prasasta,Dance movement psychotherapist,PT Sihombing,Kalimantan Timur
4807197e,Bahuraksa Pratama,"Surveyor, planning and development",PD Firgantoro,Sumatera Utara
360930e7,Drs. Rahmi Halimah,Lexicographer,Perum Rahayu,Aceh
b709e01c,Kamila Rahayu,"Therapist, horticultural",UD Thamrin Aryani Tbk,Sulawesi Barat
c0522fa9,Mariadi Situmorang,Company secretary,CV Zulaika,Jambi
ad9e6bed,"Hj. Ami Prasetyo, M.Farm","Psychologist, counselling",Perum Saptono (Persero) Tbk,Kepulauan Bangka Belitung
540361ec,"Dr. Karja Situmorang, M.Farm",Customer service manager,Perum Saputra Megantara Tbk,Maluku Utara
705218c1,"Putri Suryono, S.T.",Clothing/textile technologist,CV Waluyo,Papua
9f92c524,"dr. Aisyah Prastuti, S.E.",Primary school teacher,UD Hidayanto Budiyanto Tbk,Sulawesi Barat
006ed09d,Rina Maheswara,"Psychologist, forensic",UD Sitompul (Persero) Tbk,Jawa Tengah
663ef81b,Gilang Handayani,Animal technologist,Perum Astuti Gunarto,Nusa Tenggara Barat
61c507d9,Pangestu Safitri,Education administrator,PT Wacana Lailasari,Jawa Barat
2a7d39b3,"drg. Hilda Hakim, M.M.",Insurance broker,Perum Sirait Uwais Tbk,Aceh
77a2596c,Oliva Marpaung,"Sound technician, broadcasting/film/video",PT Maryati Prakasa,DKI Jakarta
1288728e,Ir. Edison Hastuti,Technical brewer,CV Suryono Saptono,Jawa Tengah
6853c53b,"dr. Clara Pratiwi, M.Farm",Educational psychologist,Perum Prasetyo Tbk,Sulawesi Tenggara
d463af6b,Hafshah Prabowo,Oncologist,UD Maryati Marbun Tbk,Sulawesi Barat
85e6192c,"Drs. Hasta Uwais, M.Ak","Engineer, materials",Perum Budiman Simanjuntak,Sulawesi Utara
4fd8642f,Violet Agustina,Chiropodist,UD Wibisono Nuraini Tbk,Kalimantan Barat
e4221a0c,Ega Hasanah,Automotive engineer,PT Santoso Tbk,Kepulauan Bangka Belitung
9165f172,Sakura Nainggolan,"Administrator, arts",PT Maulana Siregar,Aceh
a12456bb,Paulin Mandala,Field trials officer,PD Iswahyudi,Kalimantan Utara
2846ac7c,T. Himawan Hidayat,Publishing copy,Perum Susanti Natsir,Bengkulu
0e3e0fa3,Dr. Sakura Dongoran,Automotive engineer,UD Marbun Yuliarti,DI Yogyakarta
6deb52c7,Ratih Permadi,Metallurgist,PT Pradana Widodo (Persero) Tbk,Jawa Timur
660c57bb,Icha Manullang,"Scientist, physiological",Perum Gunawan,Kalimantan Utara
136a3deb,Anom Santoso,Contracting civil engineer,CV Hastuti Tbk,Kalimantan Tengah
4dfa41a2,Usman Novitasari,Phytotherapist,CV Pratiwi Zulkarnain Tbk,Kalimantan Timur
ce1a83b5,Drs. Cici Mandasari,Chiropodist,PD Firgantoro (Persero) Tbk,Papua Barat
db31126b,Rahmi Novitasari,Higher education careers adviser,CV Prasetyo Tbk,Sulawesi Tengah
bd3d0a95,Puspa Marpaung,Energy manager,CV Napitupulu Tbk,Kalimantan Barat
b313a3f6,"Banawa Prakasa, S.Sos","Surveyor, hydrographic",UD Safitri (Persero) Tbk,Sumatera Utara
f9d4a081,"Cut Farah Hutasoit, M.Farm","Engineer, building services",CV Waluyo Saragih,Riau
e34bc36e,"Ikhsan Pratiwi, M.Pd",Printmaker,UD Gunarto (Persero) Tbk,Sumatera Utara
8a34de52,Dr. Zalindra Yuniar,"Psychologist, clinical",CV Nugroho,Kalimantan Timur
e99eb4ed,Liman Mandala,Data processing manager,Perum Utama Mustofa,Kalimantan Utara
fe7865ac,Harja Irawan,Scientific laboratory technician,CV Maryadi Suartini Tbk,Gorontalo
aed3849e,"Cut Zahra Prasetya, S.E.","Surveyor, mining",PT Wacana Prasasta Tbk,Lampung
9634184f,Taufik Sihotang,"Teacher, early years/pre",PT Waluyo,Nusa Tenggara Barat
8ae5db52,Indah Pangestu,"Solicitor, Scotland",PT Riyanti (Persero) Tbk,Bengkulu
813a2a6c,Cawuk Sirait,Network engineer,PD Nuraini,Sumatera Utara
64dbf004,Jessica Gunawan,Biomedical scientist,Perum Simanjuntak,Papua
ab23cb44,Halima Handayani,"Engineer, land",UD Safitri (Persero) Tbk,Kepulauan Riau
3a1f7e5f,Latika Fujiati,Airline pilot,UD Tampubolon,Sulawesi Utara
3e0f14b7,KH. Rudi Sihotang,"Designer, television/film set",PT Mangunsong Sihombing (Persero) Tbk,Gorontalo
01b42587,Jais Situmorang,Media buyer,PT Wahyuni Wibisono,Sulawesi Tenggara
0955008d,Salsabila Saputra,Rural practice surveyor,Perum Wijaya,Sulawesi Tenggara
900abc89,Mujur Wahyudin,Newspaper journalist,PT Mardhiyah,Bengkulu
c925fc8a,R. Hilda Napitupulu,Ceramics designer,UD Mansur Saptono Tbk,Banten
315075ac,"drg. Puji Megantara, S.Sos",Armed forces logistics/support/administrative officer,PT Salahudin (Persero) Tbk,Maluku Utara
6ae2908c,T. Marsudi Purnawati,"Buyer, industrial",PD Halim (Persero) Tbk,Bengkulu
03db1ed6,Zaenab Sirait,"Engineer, materials",CV Marpaung Nasyidah,Kalimantan Barat
65fe1d43,"Jail Thamrin, S.T.","Librarian, public",CV Maheswara Purnawati (Persero) Tbk,Maluku
f8fc5f70,Lutfan Santoso,"Teacher, music",PT Padmasari Sihombing,Sumatera Barat
37bc3b0a,Anita Saefullah,Warden/ranger,PT Putra Pertiwi (Persero) Tbk,Riau
1bac3ee2,"drg. Ciaobella Kusmawati, S.E.I",Energy engineer,UD Hidayanto Prabowo (Persero) Tbk,Nusa Tenggara Barat
23e45002,"H. Koko Prastuti, M.Kom.",Sales executive,CV Hutapea Wacana,DI Yogyakarta
a9fd5629,Vanya Sitorus,Learning mentor,UD Handayani Tbk,Sulawesi Selatan
b6772778,"Luthfi Sinaga, M.Farm",Contractor,PT Hariyah,Gorontalo
f1ee8cb6,Cakrawala Rajasa,Medical sales representative,PT Saptono,Kepulauan Riau
2e549b4c,Yuni Nababan,Forest/woodland manager,PD Pranowo,Sumatera Barat
21e2608a,Restu Damanik,Office manager,PD Hastuti Rahmawati,Sulawesi Barat
9a999ea5,Siti Sirait,Pathologist,PT Wijayanti Maulana Tbk,Sumatera Selatan
2a82bb2f,Hj. Juli Prastuti,Transport planner,Perum Andriani Januar,Banten
46869bcc,Cengkir Sinaga,"Sound technician, broadcasting/film/video",UD Namaga Mayasari,Sulawesi Tengah
5a26c0a7,"Drs. Tari Januar, S.Pd",Animal nutritionist,PT Wastuti,Aceh
262f8347,Cahya Marpaung,Animal nutritionist,UD Nurdiyanti,Sumatera Barat
fa0ff8ec,R.A. Novi Puspasari,"Nurse, mental health",PT Mayasari Tbk,Lampung
207b5104,Gandi Iswahyudi,Clinical molecular geneticist,PD Dabukke Wibowo,Kalimantan Selatan
cf647262,Widya Yuliarti,Curator,CV Prayoga Hutagalung Tbk,Aceh
c870802c,Ghaliyati Mayasari,Plant breeder/geneticist,PD Suartini Puspita Tbk,Kepulauan Bangka Belitung
37cccdb5,R.A. Tantri Hakim,Archivist,CV Puspasari Usamah Tbk,Papua
06b03a2c,"Reza Kusumo, S.IP","Administrator, education",Perum Januar (Persero) Tbk,Sulawesi Selatan
0c52b088,H. Ihsan Handayani,Marketing executive,Perum Riyanti Tbk,Papua Barat
449a3d87,Karimah Sihotang,IT consultant,PT Saefullah Tbk,Gorontalo
bd854d38,Ajimat Hardiansyah,"Horticulturist, amenity",Perum Simbolon Wacana (Persero) Tbk,DKI Jakarta
d085f716,"Sarah Nugroho, S.E.I","Conservator, furniture",CV Sudiati Anggraini,Aceh
cea79e52,Simon Pangestu,Geoscientist,UD Ramadan Waskita (Persero) Tbk,Sulawesi Tengah
97700a45,Yani Irawan,Education administrator,Perum Winarno Maheswara (Persero) Tbk,Jambi
4a81293b,Kamidin Prayoga,Therapeutic radiographer,PD Mayasari,Gorontalo
ae759617,Jarwadi Dongoran,Customer service manager,PT Marbun Suryono,Kalimantan Timur
a7e4c787,Rahmi Wibisono,"Civil engineer, contracting",CV Saptono Fujiati (Persero) Tbk,Banten
fe1d0c41,"Farah Gunarto, M.Kom.","Designer, furniture",PT Uwais Natsir,Kalimantan Tengah
22e26369,Cahyo Wastuti,"Engineer, energy",PT Hassanah,Papua Barat
0e8eb90e,Hasna Dabukke,Photographer,CV Budiyanto Putra,Sumatera Barat
85c2d9b9,Argono Mulyani,Computer games developer,PD Kurniawan Tbk,Jawa Timur
9c1a136d,"Sakura Wacana, M.Ak",Advertising copywriter,UD Mandala,Jambi
7ceba539,T. Erik Widiastuti,"Psychologist, educational",PD Iswahyudi Irawan Tbk,Sulawesi Barat
90b7d551,Ajeng Mardhiyah,Psychotherapist,PD Usamah Rajata Tbk,Banten
c0ca5c37,Septi Padmasari,Community education officer,PD Situmorang,Sumatera Barat
94977cda,Mala Utami,Dispensing optician,PD Hidayanto Laksita,Sumatera Barat
0c060f63,Ophelia Sitompul,"Accountant, chartered",PD Hartati,Lampung
34f67e1d,Kayla Oktaviani,Event organiser,UD Laksita Maheswara (Persero) Tbk,Papua
068434f8,"R.A. Putri Suwarno, S.E.I",Games developer,Perum Yuliarti Budiyanto Tbk,Sulawesi Tengah
2bd2e88b,"Rini Megantara, M.TI.",Claims inspector/assessor,UD Nababan (Persero) Tbk,Lampung
2204d1ee,"Gabriella Wastuti, S.E.",Health visitor,PD Riyanti,Kalimantan Barat
ba3db418,Ir. Daliono Tampubolon,"Engineer, civil (contracting)",CV Budiman,Gorontalo
85fc72b7,Rachel Pudjiastuti,Building services engineer,Perum Yolanda Puspita Tbk,Sumatera Barat
0034c512,Tantri Waskita,Clinical molecular geneticist,CV Yuniar Tbk,Jawa Tengah
61deb5e5,T. Asmuni Palastri,"Accountant, chartered management",Perum Prayoga Nuraini,Maluku Utara
bf68302f,"Wahyu Nababan, S.E.I",Youth worker,CV Nuraini (Persero) Tbk,Jawa Tengah
47e6c96b,"Puti Ophelia Pratama, S.Psi",Land/geomatics surveyor,UD Santoso (Persero) Tbk,Kepulauan Bangka Belitung
115600d9,Drs. Sabrina Hutasoit,Hydrologist,PT Tamba Gunawan (Persero) Tbk,Gorontalo
a205c062,"R.A. Unjani Budiyanto, S.E.I",Quarry manager,CV Andriani (Persero) Tbk,Nusa Tenggara Timur
08bbda0d,Luhung Wibowo,"Scientist, forensic",Perum Pradipta Tbk,Jawa Timur
3bca0abd,Ajiman Hakim,Diplomatic Services operational officer,PD Wasita (Persero) Tbk,Kalimantan Barat
26553a6c,"Kartika Iswahyudi, S.H.",Structural engineer,UD Siregar Tbk,Lampung
84c82992,Jumari Nashiruddin,Archaeologist,PT Jailani Nugroho,Sulawesi Utara
eb9e0080,"dr. Farah Kuswandari, S.T.",Retail merchandiser,PD Permata Gunarto,Gorontalo
1a9cb52d,Drs. Dartono Laksita,"Engineer, mining",UD Wijaya Mandasari,Kalimantan Utara
657c31a4,Zalindra Wastuti,Research scientist (physical sciences),UD Wijayanti,Sumatera Selatan
1aab34cc,Panji Situmorang,Contractor,PD Wijaya,Jawa Tengah
46f66307,H. Kamal Irawan,Site engineer,UD Uwais,Nusa Tenggara Barat
e20bd756,"drg. Bakiono Wibisono, S.Pd",Colour technologist,PT Wahyudin,Sulawesi Selatan
c3d35ec7,"Sutan Dimas Hakim, S.E.","Therapist, drama",PD Palastri,Kalimantan Barat
d6ca65fa,Ilsa Saptono,"Social research officer, government",PT Waluyo (Persero) Tbk,Maluku Utara
d786c592,"Cahyadi Nasyiah, M.M.",Radio broadcast assistant,Perum Waskita Astuti (Persero) Tbk,Kalimantan Selatan
7cba90a1,Ir. Garang Padmasari,Financial risk analyst,PD Samosir,Bengkulu
0c90591b,Kadir Tamba,Medical technical officer,CV Pratiwi,Sumatera Selatan
cd6e9fe0,Vivi Budiyanto,Amenity horticulturist,PT Sihombing (Persero) Tbk,Jawa Tengah
76a4b619,Anggabaya Nasyiah,Radiation protection practitioner,Perum Tampubolon Prabowo,Maluku
455e9e67,Hani Anggriawan,Clinical embryologist,PD Zulkarnain,Sulawesi Tenggara
27f8677f,"Dalimin Kuswoyo, S.Sos",Dance movement psychotherapist,Perum Agustina Thamrin (Persero) Tbk,Kalimantan Barat
bb24e6db,Timbul Agustina,"Civil engineer, contracting",Perum Saefullah Pratiwi,Maluku Utara
ade14269,"Usyi Sinaga, M.Kom.",Commercial art gallery manager,PT Saptono Budiyanto,Nusa Tenggara Barat
0c1b0e03,Liman Rahayu,"Surveyor, building",PT Maulana (Persero) Tbk,Jambi
499c8a02,"Ir. Zulaikha Riyanti, M.M.","Geologist, engineering",PT Ramadan (Persero) Tbk,Papua
087aad2e,Bakijan Kusumo,Claims inspector/assessor,UD Padmasari Pratama (Persero) Tbk,Kalimantan Selatan
2dfcd2d5,"Zulfa Rahayu, M.Farm",Product/process development scientist,PD Gunawan (Persero) Tbk,Bengkulu
ac0f1673,Gilang Narpati,"Merchandiser, retail",CV Widodo Yolanda Tbk,Banten
ee578cdc,Belinda Handayani,Architectural technologist,CV Mardhiyah Wahyuni,Riau
e64579d4,Dirja Simanjuntak,"Nurse, learning disability",PT Usada Sinaga,Jambi
9b696193,"dr. Harjo Rajasa, M.Ak","Merchandiser, retail",CV Sihombing Siregar,Sumatera Barat
89e96713,Ida Rajata,Recycling officer,UD Nasyidah Puspasari Tbk,Sulawesi Selatan
13cb94f6,T. Balamantri Usada,Air cabin crew,PD Wahyuni Tbk,Kepulauan Riau
79a7cf96,Jessica Laksmiwati,Exhibition designer,PD Mansur,Banten
8f2d2d0a,Maida Andriani,Diagnostic radiographer,Perum Gunarto (Persero) Tbk,Jambi
01fb9cc5,Harjaya Setiawan,Drilling engineer,Perum Nababan Tbk,Kalimantan Selatan
5f68630d,Oliva Samosir,Media buyer,UD Iswahyudi Winarno,Sulawesi Selatan
4f2385a1,Betania Usamah,Ambulance person,Perum Waskita (Persero) Tbk,Maluku
76462f8b,drg. Dacin Rajasa,Information officer,PT Sitorus Siregar (Persero) Tbk,Kalimantan Utara
cd159194,Lili Waskita,Cabin crew,UD Maryati,Sulawesi Tenggara
bed63f78,"R.A. Paulin Rahayu, M.TI.",TEFL teacher,PD Wasita Handayani Tbk,Jawa Timur
b6d1ba71,drg. Zulaikha Pranowo,Public affairs consultant,UD Thamrin Simanjuntak Tbk,Sulawesi Tenggara
ca2ef56f,Yani Mahendra,Podiatrist,PT Pudjiastuti Saputra Tbk,Sulawesi Utara
6da4c2f4,Ihsan Haryanti,Publishing rights manager,Perum Saragih Prasetya,Kalimantan Barat
53928f6c,Ika Usada,Professor Emeritus,CV Marbun,Maluku Utara
893adc40,"Rahman Mahendra, S.I.Kom",Tax adviser,PT Prastuti Maryati (Persero) Tbk,Kalimantan Tengah
1f371848,Argono Mandala,Environmental manager,UD Yolanda,Kalimantan Barat
4c79671c,Dt. Wasis Mansur,Careers information officer,UD Novitasari Irawan,Jambi
a1fb482c,drg. Martaka Pradipta,Agricultural engineer,PT Wasita,Gorontalo
4b729504,Bajragin Wahyuni,Ambulance person,CV Maryadi Usamah (Persero) Tbk,Gorontalo
65f9aaa9,Elma Puspasari,Actor,CV Hutapea Tbk,Sulawesi Selatan
657a1a28,Tami Sitompul,Broadcast presenter,UD Napitupulu (Persero) Tbk,Sumatera Selatan
6a013672,Rafi Suartini,"Radiographer, therapeutic",PT Narpati,Maluku Utara
86337dc1,Akarsana Pudjiastuti,Architect,PT Wijayanti,Sulawesi Selatan
cdcdaeae,Ir. Dadap Samosir,"Geneticist, molecular",PT Permadi Yuniar,Bali
fc129d74,Labuh Haryanti,Telecommunications researcher,PD Pradana,Sulawesi Barat
156dd972,Putri Marpaung,"Geneticist, molecular",PT Pranowo (Persero) Tbk,Lampung
17add8ca,"Cinta Hardiansyah, S.Sos",Ophthalmologist,PD Wijaya,Sumatera Barat
77d30fa2,Maryadi Hakim,"Engineer, electronics",Perum Handayani Anggraini,Jambi
7f91308d,"R.M. Wardi Halim, M.M.",Regulatory affairs officer,UD Nugroho (Persero) Tbk,Aceh
a8b6f17a,Salman Yolanda,Commissioning editor,CV Sinaga Anggriawan,Banten
aeed7944,Hani Kuswandari,Nutritional therapist,PT Hariyah,Kalimantan Tengah
2247696a,Danuja Pudjiastuti,Sales promotion account executive,PT Hutagalung Hutasoit,Maluku
ff5f1ca4,"R.A. Silvia Maheswara, S.Psi",TEFL teacher,UD Latupono,Sulawesi Barat
27e0fa63,"Drs. Marsito Suartini, M.TI.","Lecturer, higher education",CV Rahayu Dabukke (Persero) Tbk,Kalimantan Barat
f0d7daa1,Titi Sitorus,Environmental manager,CV Rajata Uwais Tbk,DKI Jakarta
0547892c,Gandi Simbolon,Photographer,PT Napitupulu Tbk,Sulawesi Utara
4615b522,Elvina Sinaga,"Therapist, music",PD Prastuti Utama Tbk,Nusa Tenggara Timur
9abf4f71,Edward Hardiansyah,"Therapist, occupational",UD Mahendra Saputra Tbk,Riau
54565d47,Eko Sihotang,Occupational therapist,Perum Yolanda Tamba,Jawa Timur
2c9b4868,Harjaya Nababan,Environmental health practitioner,PD Maulana Hutasoit,Maluku Utara
2f396987,Dt. Martani Firgantoro,Race relations officer,PD Puspita,Sulawesi Utara
52d337dd,Ihsan Hardiansyah,Restaurant manager,PD Manullang,Sulawesi Tenggara
194f110a,"Vicky Novitasari, S.T.",Social researcher,PD Wacana,Nusa Tenggara Timur
2501fda6,Hilda Hassanah,Retail buyer,CV Suwarno Tbk,Jawa Tengah
35a6f53e,"Tgk. Novi Wahyudin, S.Sos","Biochemist, clinical",UD Mayasari Agustina (Persero) Tbk,Lampung
596b7834,Jatmiko Nashiruddin,IT trainer,Perum Habibi Sinaga (Persero) Tbk,Kalimantan Tengah
a61d4d6b,Putri Budiman,"Psychologist, occupational",PT Kuswoyo Tbk,DKI Jakarta
974802d4,Jane Melani,Tax adviser,PT Pangestu,Kalimantan Timur
7239dbf8,"Betania Ramadan, M.Ak","Research officer, trade union",CV Rahayu Firgantoro (Persero) Tbk,Sumatera Utara
1a1657c8,Dagel Rahmawati,Chartered certified accountant,PT Wibowo,Jawa Tengah
08379a85,"Tgk. Wawan Salahudin, M.Pd",Insurance claims handler,PT Hutagalung Wahyudin,Sulawesi Selatan
18ddd38b,Ir. Anom Namaga,Community development worker,PT Lestari,Sumatera Barat
5f10f716,"Dr. Ani Mayasari, S.Sos",Manufacturing engineer,UD Sudiati (Persero) Tbk,Bali
9f1b7dda,Malika Nashiruddin,Advertising account planner,CV Farida,Banten
88cf03c8,Nurul Firmansyah,"Engineer, site",Perum Gunawan Pradipta,Kepulauan Bangka Belitung
2eca3a41,Rosman Susanti,Engineering geologist,CV Rahmawati Wahyuni,Sulawesi Utara
c1c62849,Kardi Iswahyudi,"Radiographer, therapeutic",UD Sihombing Tbk,Maluku
bdacb252,"Dr. Victoria Zulkarnain, S.Farm",Publishing copy,PT Saptono,Kepulauan Bangka Belitung
989e51f4,Gawati Lestari,"Administrator, sports",UD Winarno Halim (Persero) Tbk,Gorontalo
d2b7479b,"Sutan Pranata Wijaya, S.Kom","Producer, television/film/video",UD Yuliarti Tbk,Sulawesi Tenggara
efa7b802,Ajimin Natsir,Outdoor activities/education manager,CV Yuniar (Persero) Tbk,Jambi
d182cf3c,Bala Pradana,Physiological scientist,CV Firgantoro Tbk,Gorontalo
f2db32c9,"Hafshah Utama, M.Pd",Quantity surveyor,PD Saefullah Tbk,Kepulauan Riau
5ef9c4b3,Adiarja Purwanti,Personal assistant,UD Uwais,Jawa Timur
12aedc7b,Dr. Mustika Wastuti,"Engineer, production",PT Saputra,Sumatera Barat
663f5c65,R.A. Jane Nainggolan,English as a foreign language teacher,Perum Mandasari Adriansyah (Persero) Tbk,Sumatera Utara
1cd680e2,Rini Padmasari,"Nurse, children's",PT Rajasa Saputra (Persero) Tbk,Riau
3c5490e8,Agus Dabukke,Mudlogger,PT Prasetya Tbk,Nusa Tenggara Timur
4726609c,"Lutfan Rahayu, S.Sos",Sales promotion account executive,CV Hidayat Tbk,Aceh
ca7bcaec,Nova Riyanti,Surgeon,CV Napitupulu Tbk,Bengkulu
9032b09e,Faizah Pratiwi,Orthoptist,Perum Wijaya,Kepulauan Bangka Belitung
1b91a52f,Kayla Winarno,Lawyer,PT Maryadi Kuswandari,Sumatera Utara
7353e2c5,drg. Septi Putra,Multimedia specialist,PT Aryani Pranowo,Kepulauan Bangka Belitung
b0afa8d0,Ir. Putri Farida,"Sound technician, broadcasting/film/video",UD Laksita,Jambi
cb2a1155,"Drs. Balijan Manullang, S.Sos","Surveyor, building",CV Usamah Tbk,Kepulauan Bangka Belitung
25f97e49,Keisha Namaga,Health and safety inspector,CV Utama Aryani,Aceh
f670185e,R.M. Irfan Nainggolan,Pension scheme manager,CV Prasetyo,Nusa Tenggara Barat
58f5e978,Salimah Hastuti,Professor Emeritus,UD Hassanah,Jawa Barat
14c3d3bf,Kalim Uyainah,"Surveyor, quantity",CV Wijaya Anggraini Tbk,Sulawesi Tenggara
784c2cda,Salimah Adriansyah,Marketing executive,CV Astuti (Persero) Tbk,DI Yogyakarta
0ef80420,Tirta Wahyuni,"Psychologist, educational",CV Anggriawan Nugroho,Kalimantan Selatan
8d04a506,"Drs. Salman Simanjuntak, M.Farm","Solicitor, Scotland",UD Simbolon Latupono,Lampung
53231dfc,"Chandra Mandasari, M.Kom.",Chartered loss adjuster,PD Yulianti Santoso,Bali
03a15173,"Jarwi Pratiwi, M.TI.",Commercial art gallery manager,Perum Manullang Januar Tbk,Lampung
1ed90350,Wardaya Prasetyo,Automotive engineer,Perum Nurdiyanti Siregar Tbk,Kalimantan Selatan
415e77c7,"Drs. Mustika Haryanto, S.I.Kom",Estate manager/land agent,CV Namaga,Maluku Utara
b2ffcbe9,Hasta Kusmawati,Magazine journalist,PT Anggriawan (Persero) Tbk,Sulawesi Selatan
91be2aea,Ir. Aslijan Nababan,Community development worker,Perum Puspita,Sulawesi Barat
06f4bf62,"Ir. Pardi Yuniar, M.Pd",Estate agent,Perum Prakasa Megantara Tbk,Sumatera Utara
ca4631af,Jail Pangestu,Publishing copy,CV Habibi Narpati,Kalimantan Tengah
e48187e5,Siska Saptono,Logistics and distribution manager,Perum Halim Aryani (Persero) Tbk,Jambi
a77f903f,Jayadi Palastri,Accommodation manager,CV Winarno Tbk,Lampung
83981f72,Ulva Purwanti,Research scientist (medical),UD Manullang Adriansyah,Kepulauan Riau
2fe36c6c,Arta Padmasari,Technical author,Perum Siregar,Kalimantan Barat
874c3afc,"Putu Farida, S.H.",Special effects artist,UD Ardianto,Sumatera Selatan
5128eb7f,Asmadi Tamba,"Surveyor, insurance",UD Siregar (Persero) Tbk,Jawa Timur
32277710,"Sutan Emas Nurdiyanti, M.TI.",Exercise physiologist,CV Siregar (Persero) Tbk,Jawa Timur
2ebdd5af,"R.M. Salman Yuniar, S.T.",Hospital pharmacist,CV Pertiwi Nainggolan (Persero) Tbk,Sulawesi Selatan
5777ed20,Kasiyah Wulandari,Paramedic,CV Budiman Situmorang Tbk,Bali
c789a1e5,Wirda Haryanti,Chief of Staff,Perum Wastuti Farida Tbk,Maluku
2da56940,Karen Haryanti,Artist,CV Haryanto (Persero) Tbk,Lampung
0ee2c262,Violet Permadi,Commissioning editor,UD Agustina Putra Tbk,Nusa Tenggara Barat
47889626,Cawisono Wulandari,"Education officer, museum",UD Melani Thamrin Tbk,Sumatera Barat
76ee2f24,Nabila Yuliarti,Technical sales engineer,Perum Manullang Safitri (Persero) Tbk,Nusa Tenggara Timur
1927e92f,Diana Hasanah,Research scientist (life sciences),CV Riyanti (Persero) Tbk,Jawa Timur
799ccd31,Gatra Mangunsong,Hydrogeologist,CV Nababan Hassanah,DI Yogyakarta
6eeb7f06,Janet Mustofa,Quantity surveyor,PD Safitri Siregar Tbk,Jawa Timur
2c0d5179,Ira Kuswoyo,Paediatric nurse,PT Siregar Wibisono Tbk,Banten
6e5cdb7c,Drs. Eli Agustina,"Engineer, civil (consulting)",Perum Rajata Mulyani (Persero) Tbk,Sulawesi Tenggara
5e866a1c,Winda Kurniawan,Dietitian,PD Rajata Tbk,Papua Barat
cbed7551,Widya Damanik,"Designer, fashion/clothing",UD Mandasari Waluyo (Persero) Tbk,Bengkulu
b5a9236c,Drs. Restu Siregar,Biomedical engineer,CV Najmudin,Kepulauan Bangka Belitung
fa2706de,Ibrahim Latupono,Energy manager,PD Kurniawan Tbk,Banten
fe1c9e78,"Akarsana Zulkarnain, S.Gz",Seismic interpreter,Perum Fujiati,Sulawesi Selatan
240656f3,Endra Wulandari,Counselling psychologist,PD Widiastuti Nasyidah Tbk,Sulawesi Tengah
3f8a0a37,Maria Santoso,Operational investment banker,PT Permadi (Persero) Tbk,Jambi
92afe7b1,Hendri Pudjiastuti,Ophthalmologist,Perum Manullang Namaga (Persero) Tbk,Sulawesi Selatan
415aee6c,Bagus Halimah,Civil Service fast streamer,PT Wulandari Halimah,Sumatera Utara
a0f405d1,Intan Gunarto,Film/video editor,UD Adriansyah Irawan Tbk,Riau
6908ed6a,Gandi Mandala,Stage manager,CV Nasyidah Nababan (Persero) Tbk,Aceh
dff8f818,drg. Padma Narpati,Chief Technology Officer,Perum Manullang Narpati,Kalimantan Barat
d2ebd027,Dr. Nadia Pangestu,Contractor,PD Haryanto,Lampung
8b13e296,R. Gina Usada,Manufacturing engineer,PD Nababan Habibi Tbk,DKI Jakarta
64e9f482,"Puti Yuni Lestari, S.IP",Product designer,UD Santoso Sitorus,Jawa Timur
09e7067c,"Ivan Wibowo, S.IP",Film/video editor,PD Puspasari Zulaika,Maluku Utara
dfee7293,Ulya Kuswandari,Economist,PD Prabowo Puspasari,Nusa Tenggara Timur
d9271984,"R. Rachel Halim, S.Psi",Financial trader,UD Mardhiyah,Lampung
a9a7153f,"Zulfa Saputra, S.E.I",Claims inspector/assessor,UD Nasyidah,Gorontalo
820ea487,Sabar Marpaung,Surgeon,PT Saputra,Sulawesi Tengah
5056a264,"Nadine Astuti, S.E.",Wellsite geologist,CV Wijaya,Kepulauan Riau
95229886,Lasmanto Hutasoit,"Conservator, furniture",PD Oktaviani,Sulawesi Barat
da603bbb,Vero Lestari,Pharmacologist,PD Simanjuntak Halim,Kepulauan Riau
801bff9f,Edi Puspasari,"Sales professional, IT",UD Nasyidah Salahudin (Persero) Tbk,Jawa Tengah
5834bc31,Laila Firgantoro,"Pharmacist, hospital",UD Ramadan Narpati,DI Yogyakarta
889fe4ad,"Rahmi Simanjuntak, S.Pt",Commercial/residential surveyor,Perum Tarihoran Tbk,Maluku
ac9c6ba5,Samiah Ardianto,"Buyer, retail",PD Yolanda (Persero) Tbk,Aceh
1e7c2a8a,Cakrawangsa Nugroho,Legal secretary,UD Firmansyah Gunawan,Jambi
35d55002,Belinda Nasyidah,"Engineer, mining",UD Tarihoran Zulkarnain Tbk,Kalimantan Barat
15c1f59f,"Irsad Wahyuni, M.Pd",Physiotherapist,PT Ardianto,Sulawesi Utara
50394ae8,KH. Jagapati Winarsih,"Teacher, adult education",PD Tampubolon Rahimah Tbk,Jambi
a53a55b8,"Sutan Soleh Permadi, S.H.",Mental health nurse,PD Suartini Hastuti (Persero) Tbk,Gorontalo
f26fe86d,Cindy Permadi,Geochemist,PT Wastuti Riyanti,Jawa Tengah
d4137ed7,Jarwi Hassanah,Materials engineer,UD Padmasari Uyainah,Papua Barat
b25423b1,Puti Ciaobella Handayani,Call centre manager,CV Damanik Nurdiyanti (Persero) Tbk,Jawa Barat
fd28539a,Pranawa Andriani,"Engineer, petroleum",PD Sirait Sirait (Persero) Tbk,Nusa Tenggara Barat
2d1a4248,Tirta Fujiati,Arts administrator,CV Prayoga Halim,DKI Jakarta
2094f505,Cakrawangsa Puspasari,Advertising account executive,PT Waluyo,Papua
aa5a9c38,Ratih Nuraini,"Journalist, newspaper",CV Rajata Tbk,Sulawesi Selatan
e3b5bf47,Harsaya Simanjuntak,Health physicist,UD Laksita Najmudin (Persero) Tbk,Sumatera Selatan
854aafb4,Ayu Sihotang,Community development worker,Perum Widiastuti Mandasari Tbk,Nusa Tenggara Barat
ccaa02e1,Mila Mandasari,"Engineer, chemical",CV Tamba,Sulawesi Barat
7697b91a,"Gilda Napitupulu, M.Farm","Administrator, local government",Perum Handayani Winarno Tbk,Bengkulu
96dd9604,R. Siti Sinaga,"Programmer, multimedia",PD Ramadan Tbk,Jambi
a85bb576,Eka Zulaika,Rural practice surveyor,Perum Simanjuntak Tbk,Kalimantan Utara
7989da14,Amelia Rajata,Careers adviser,Perum Hassanah Tbk,Riau
a8aaff56,"Drs. Ibrahim Agustina, S.T.",Tour manager,Perum Lestari Astuti,Aceh
0cfa977d,Lulut Gunarto,Hospital doctor,CV Wijayanti (Persero) Tbk,Sulawesi Barat
5646ca6c,Lili Sinaga,Museum/gallery conservator,Perum Pratama Tbk,Sulawesi Selatan
45625db1,"Puti Olivia Riyanti, M.Kom.","Horticulturist, amenity",UD Saputra Padmasari Tbk,Sumatera Selatan
3d9c1749,"Ir. Hafshah Prayoga, M.Farm","Therapist, speech and language",PT Tamba Januar Tbk,Gorontalo
cc62e9ce,"Ir. Dina Sitorus, S.Farm",Insurance broker,PD Hutasoit,Sumatera Barat
e50060b0,"Bagiya Utama, S.I.Kom","Designer, interior/spatial",Perum Megantara Purnawati,Sumatera Selatan
20244e11,Mulya Kuswandari,Industrial buyer,UD Budiyanto Tbk,Jambi
864acda0,Bahuwirya Permata,Pensions consultant,CV Rahimah Pangestu,Riau
c8ac185f,Lukman Halimah,Product/process development scientist,PD Hidayat,Jawa Tengah
5a3a3f5e,Adika Mandasari,"Engineer, building services",CV Mangunsong,Jawa Barat
8739edbd,Gaiman Marbun,Medical laboratory scientific officer,Perum Rajasa (Persero) Tbk,DKI Jakarta
ddfe2931,"Ade Yulianti, S.Kom",Financial risk analyst,Perum Mustofa Wahyudin,Nusa Tenggara Timur
74220d2c,"drg. Kunthara Anggraini, S.E.I",Advertising account planner,UD Winarsih Lazuardi,Sulawesi Utara
ce451d97,Kemba Simbolon,Structural engineer,Perum Budiyanto (Persero) Tbk,Sulawesi Tengah
6d6811fe,"Tgk. Lili Mustofa, S.Gz",Clothing/textile technologist,PD Wijaya Purnawati (Persero) Tbk,Jawa Tengah
a1e23ee1,R. Galih Mandala,Clinical cytogeneticist,CV Adriansyah Rahimah,DKI Jakarta
944d462a,Anita Hardiansyah,Economist,UD Oktaviani Marpaung (Persero) Tbk,Kalimantan Barat
ac2f331f,"Puti Julia Pratiwi, S.E.",Physiotherapist,Perum Maheswara Nurdiyanti (Persero) Tbk,Sulawesi Utara
def47801,Carub Thamrin,Adult nurse,UD Wahyudin,DI Yogyakarta
4b1923f8,"Dr. Drajat Kurniawan, S.E.",Counselling psychologist,PT Hariyah Tbk,Nusa Tenggara Timur
12ff86d7,Wardaya Megantara,Ship broker,UD Pertiwi Susanti (Persero) Tbk,Kalimantan Tengah
6b461016,Tgk. Legawa Agustina,"Administrator, local government",UD Hartati Ardianto (Persero) Tbk,Kepulauan Bangka Belitung
d4498418,"R.A. Cinthia Nainggolan, S.E.I",Barista,CV Hartati Tbk,Jambi
23a19097,Banawi Dabukke,Chiropractor,PD Iswahyudi,Sumatera Utara
cf4b7a66,Nasab Irawan,Web designer,UD Pranowo Gunarto,Nusa Tenggara Barat
7caba921,"Nalar Hastuti, M.M.","Copywriter, advertising",Perum Palastri (Persero) Tbk,Papua Barat
7ab36e58,Patricia Sihombing,Research scientist (life sciences),PD Anggraini,Maluku Utara
7f6d40f4,Kuncara Tarihoran,"Scientist, water quality",PD Fujiati Tbk,DKI Jakarta
6a91f55d,Maryadi Kurniawan,Film/video editor,PD Hartati,Nusa Tenggara Timur
e0a04f2f,"Umi Wibisono, S.IP","Editor, commissioning",UD Nainggolan Dabukke,Kalimantan Selatan
d736b1be,Puput Mandasari,Air broker,CV Hardiansyah Tbk,Jawa Barat
6711f282,Sutan Raden Manullang,"Surveyor, building control",Perum Fujiati Tbk,Sumatera Barat
c4e17369,Indah Pertiwi,Retail manager,UD Hasanah Tbk,Banten
040850f6,"Parman Wibisono, M.TI.","Accountant, chartered certified",Perum Agustina,DKI Jakarta
7a64d777,Wardi Pratiwi,"Geologist, wellsite",UD Hakim Tbk,Banten
94bf5637,"Cut Nadine Utami, S.Ked","Teacher, secondary school",UD Wasita Marpaung,Sulawesi Tengah
cba40f38,Endah Irawan,Software engineer,Perum Mandala Putra,Papua Barat
13ed391d,Koko Siregar,"Scientist, biomedical",UD Wasita,Nusa Tenggara Timur
dc5ea91a,"dr. Elvina Nashiruddin, S.Kom",Print production planner,PD Wijaya Pertiwi Tbk,Sulawesi Tenggara
168c3f20,Cahya Puspasari,"Embryologist, clinical",PT Rahimah (Persero) Tbk,Sulawesi Selatan
b34f8508,R.M. Gandewa Wibowo,Advertising art director,PD Maulana,Sumatera Selatan
18314121,dr. Tania Wijayanti,Site engineer,PT Mulyani,Lampung
c31e318a,Rahayu Sihotang,Recycling officer,Perum Mayasari,Kalimantan Timur
bf99067c,Kasiyah Namaga,Trade union research officer,PD Astuti Saragih,Sumatera Selatan
8068ee1e,Mulya Hariyah,"Education officer, environmental",PD Prasasta Halim,Maluku
7dcb3a0a,"Sutan Dimas Wahyuni, M.Pd","Engineer, control and instrumentation",PT Hidayat Tbk,Kepulauan Bangka Belitung
f33ef3c2,Agnes Mangunsong,"Administrator, arts",PT Kusmawati Aryani,Gorontalo
342423cc,Cornelia Hakim,International aid/development worker,Perum Permata Usada,DI Yogyakarta
2ea58590,"R. Gangsar Andriani, M.TI.","Designer, industrial/product",UD Simbolon Halimah Tbk,Papua
081bb5db,"Salwa Siregar, S.Pd",Ranger/warden,PT Pradana (Persero) Tbk,Sulawesi Tengah
b9bd5933,"Sutan Heryanto Damanik, M.Ak","Editor, magazine features",UD Purnawati Utama Tbk,DKI Jakarta
624c6104,Amelia Maryati,Quantity surveyor,PD Hakim Tbk,Papua Barat
4128455a,Tina Namaga,Speech and language therapist,Perum Salahudin Thamrin (Persero) Tbk,DI Yogyakarta
4ac06b74,"T. Legawa Mulyani, S.Pt",Operational investment banker,UD Usamah (Persero) Tbk,Riau
de13a5f4,"Kawaca Aryani, M.M.",Operational researcher,Perum Permata Nashiruddin Tbk,Sulawesi Selatan
9df9fff7,R. Nurul Laksita,Toxicologist,PT Gunawan Mardhiyah,Papua
b308416d,"Tgk. Zelaya Maryati, S.I.Kom",English as a second language teacher,PT Utama Purwanti,Sulawesi Tenggara
06526ec9,Endra Yulianti,"Programmer, applications",UD Oktaviani Ardianto (Persero) Tbk,Sumatera Utara
2780e4bf,"Syahrini Rahmawati, M.Kom.","Chemist, analytical",UD Maryati (Persero) Tbk,Nusa Tenggara Timur
c3610742,R. Sakura Marbun,Quarry manager,CV Lazuardi Hutasoit,Bali
835d3170,Wasis Hardiansyah,Adult guidance worker,PD Prasetyo Wahyudin,Nusa Tenggara Timur
46432960,R. Taufan Adriansyah,Historic buildings inspector/conservation officer,UD Tampubolon (Persero) Tbk,Papua Barat
ea8ecad9,Iriana Permata,Environmental manager,PD Najmudin Pratama,Kepulauan Bangka Belitung
1584990b,"R. Kamidin Sitorus, S.Kom",Lawyer,CV Nugroho Yulianti,Sulawesi Selatan
d7c5a00b,Purwadi Zulkarnain,Teaching laboratory technician,PD Mandala Thamrin,Kalimantan Selatan
e7936d2f,Ratih Jailani,"Investment banker, corporate",Perum Wastuti Prastuti,Sulawesi Tengah
268f7796,Cemeti Melani,Dancer,PD Purnawati Namaga (Persero) Tbk,Kalimantan Barat
562c9a28,Karen Tamba,Clinical biochemist,PT Mustofa Jailani,Jawa Tengah
615aa285,"R. Damar Wahyuni, M.Farm","Engineer, maintenance",Perum Hasanah Suartini,Jambi
f226ed27,"Tgk. Marsito Habibi, S.Farm",Marketing executive,CV Mulyani Suwarno Tbk,Sulawesi Tenggara
83f2cb36,Nardi Yuliarti,Editorial assistant,PT Utami,Gorontalo
01159f3d,"Shakila Dongoran, M.Ak",Meteorologist,PT Sihombing,Jawa Barat
9938d9ea,"Fitria Hidayanto, S.Farm",Waste management officer,PT Pranowo Sitorus,Kepulauan Bangka Belitung
a39357e8,Tania Hastuti,Personal assistant,UD Laksmiwati,Sulawesi Tenggara
6427f4d0,"Ir. Nilam Najmudin, S.Sos",Musician,CV Wasita Wulandari,Lampung
3bce68d7,"Jessica Simbolon, S.E.I",Warehouse manager,UD Padmasari Halimah (Persero) Tbk,Sumatera Selatan
3ee647c1,Nabila Dongoran,"Scientist, marine",UD Nasyidah,Aceh
37f76be0,"R.A. Ellis Oktaviani, M.Farm",Theatre stage manager,Perum Latupono Marpaung (Persero) Tbk,Kalimantan Tengah
512fda9e,"Sutan Kasim Mahendra, S.E.",Learning disability nurse,CV Thamrin Setiawan,Bengkulu
46ee8982,"Dr. Hendri Hidayanto, S.Ked",Insurance underwriter,PT Thamrin Tbk,DI Yogyakarta
92d2f52c,"Kambali Melani, S.Gz","Designer, blown glass/stained glass",CV Suwarno Rahayu Tbk,Riau
456fdf0b,Tantri Januar,Proofreader,Perum Simbolon (Persero) Tbk,Sulawesi Tenggara
91c46c6f,Hardana Hakim,Firefighter,PT Saragih Putra Tbk,Sulawesi Utara
de9c1180,Farah Suwarno,"Lecturer, higher education",PT Mandala Prakasa Tbk,Banten
400e972d,"Cut Kamila Mardhiyah, S.Kom",Financial controller,PT Hardiansyah Hartati Tbk,Nusa Tenggara Timur
cdfe698c,Drs. Dipa Prayoga,Environmental education officer,PD Anggriawan,Papua
4148424f,"Tari Safitri, M.M.",Farm manager,UD Firgantoro Tbk,Maluku
4cc10374,"Sari Hasanah, S.IP",Forest/woodland manager,Perum Megantara Sudiati (Persero) Tbk,Bali
e4f6d1c0,R. Vivi Sinaga,"Research officer, trade union",PD Sitompul Rahmawati (Persero) Tbk,Kepulauan Riau
510350a8,"Hj. Vanya Nainggolan, S.Pt","Chemist, analytical",PD Susanti Tbk,Lampung
bb7abcd0,"Tgk. Dirja Tampubolon, S.I.Kom",Government social research officer,CV Purnawati Wahyudin,Riau
c29635be,Amalia Putra,"Development worker, community",UD Prasetyo Lazuardi (Persero) Tbk,Kalimantan Barat
795c6717,Teddy Hutasoit,"Doctor, hospital",Perum Novitasari (Persero) Tbk,Sumatera Selatan
0effae09,Vicky Sinaga,"Journalist, broadcasting",CV Saefullah Tbk,Nusa Tenggara Timur
3c09e9e4,Dr. Teguh Firgantoro,Comptroller,UD Rajata Winarsih Tbk,Bengkulu
eff3e737,"Dt. Saadat Uwais, S.I.Kom",Proofreader,CV Dabukke Rajata Tbk,Kalimantan Selatan
91564bf6,Almira Lestari,"Exhibitions officer, museum/gallery",PT Hakim Pertiwi (Persero) Tbk,Sulawesi Barat
eabd9430,"Lutfan Waskita, S.H.","Conservator, furniture",PT Manullang,Kepulauan Bangka Belitung
c1bd40c6,Pranawa Kuswoyo,Radiation protection practitioner,UD Pertiwi (Persero) Tbk,Sulawesi Utara
40cc0b69,Kalim Uwais,Television/film/video producer,UD Anggraini,Riau
93e75e71,"Kiandra Winarno, S.E.",Logistics and distribution manager,Perum Maryadi,Maluku
5bcd8068,Marsito Mulyani,Mining engineer,UD Waluyo Laksmiwati Tbk,Gorontalo
4127f7c3,R. Ibun Safitri,Air cabin crew,PT Prastuti Hartati,Bali
d91ecd12,Tgk. Malik Hakim,"Scientist, biomedical",PD Permata (Persero) Tbk,Maluku Utara
3e0dbaee,Gaman Hastuti,Broadcast journalist,PT Mahendra (Persero) Tbk,Maluku
9885d0ec,Viman Mayasari,Games developer,UD Handayani,Jambi
b68cd048,"Devi Firmansyah, M.Farm",Operational investment banker,Perum Tarihoran Winarsih Tbk,Jawa Timur
72f388a2,R. Raina Mangunsong,"Accountant, chartered certified",PT Rahimah,Kalimantan Barat
9ac55fec,Natalia Firmansyah,"Development worker, community",CV Saptono,Aceh
b871675f,"Tgk. Bagya Winarno, S.H.",Corporate investment banker,PT Setiawan Damanik,Papua Barat
aff7b066,"Dr. Siti Rajasa, S.Farm",Mental health nurse,PD Gunawan,Sulawesi Selatan
32005bae,Upik Hartati,Orthoptist,PT Thamrin Yuniar (Persero) Tbk,Sumatera Selatan
9d88849f,R.M. Damar Sitompul,Estate agent,Perum Marbun Hutagalung Tbk,Maluku
25985d83,"T. Ibun Hakim, M.Pd",Passenger transport manager,UD Wahyuni,Aceh
23ee9f1a,Dr. Sakura Nugroho,Health physicist,Perum Nasyiah Widodo,DI Yogyakarta
31e7f4c8,"Tgk. Sakura Natsir, S.T.",Naval architect,PD Yuniar,Sulawesi Tengah
07bf6f6c,Najwa Winarno,Biomedical engineer,CV Wasita Andriani,Sulawesi Utara
c008ea2e,dr. Puti Maryadi,Volunteer coordinator,Perum Iswahyudi Tbk,Papua Barat
0a42048e,Citra Suryono,Occupational psychologist,PD Widodo Narpati (Persero) Tbk,Sulawesi Tenggara
7f5b9989,Kawaca Prasetya,Magazine journalist,PT Wacana,Jawa Barat
ad6fff7a,Ridwan Aryani,Scientific laboratory technician,PT Hidayanto Pudjiastuti (Persero) Tbk,Jambi
f9290275,Harto Pertiwi,Event organiser,Perum Winarsih Padmasari (Persero) Tbk,Lampung
9b9143e9,Rahmi Sirait,Firefighter,Perum Maheswara,Kalimantan Timur
49bc53f8,Aisyah Pertiwi,"Surveyor, mining",Perum Maryati Widiastuti (Persero) Tbk,Sumatera Selatan
2a31feb2,"Wulan Gunarto, M.M.",Web designer,PT Manullang Mardhiyah,Sulawesi Utara
8dfdb1bc,"Bahuraksa Sihotang, S.Farm","Horticulturist, commercial",PD Wibowo Palastri Tbk,Kalimantan Selatan
ad1834de,Ivan Suartini,Fisheries officer,Perum Nugroho Kuswoyo Tbk,Kalimantan Barat
3e92e1e9,Cawisadi Tamba,Chief Technology Officer,UD Hutagalung Gunawan,Riau
71cab6d5,Icha Usada,Risk analyst,PD Ardianto (Persero) Tbk,Banten
2de6b6c0,Bagya Laksita,"Scientist, research (maths)",UD Gunarto,Lampung
22adef23,Tgk. Ade Suryatmi,Broadcast journalist,PD Mustofa,Maluku Utara
e7567398,"Asmadi Saputra, M.TI.",Ambulance person,CV Sirait Rajata,Sumatera Barat
9851e5d6,Elvina Sudiati,"Doctor, hospital",CV Hidayat Palastri,Sulawesi Selatan
1ffcfb53,Juli Habibi,Probation officer,Perum Jailani Ramadan Tbk,Nusa Tenggara Barat
ded24239,"Tgk. Rosman Hutasoit, S.H.",Cartographer,PT Fujiati (Persero) Tbk,Kepulauan Riau
1f09c391,Gabriella Dongoran,Hospital doctor,UD Megantara Yuliarti Tbk,Jawa Timur
3cda26d0,Dirja Maryati,Careers adviser,PT Lailasari Prasetyo,Sulawesi Utara
2ad41842,Sadina Wacana,Theatre director,CV Puspita (Persero) Tbk,Gorontalo
c23a5d8f,Reksa Lestari,Interior and spatial designer,UD Fujiati (Persero) Tbk,Jambi
3420b5b5,Makara Prakasa,"Engineer, agricultural",PD Maryati Tbk,Sumatera Barat
a70c70b4,Drs. Irma Januar,Risk manager,PD Sinaga Tbk,Jambi
186a1374,Hana Gunarto,"Scientist, forensic",PD Wijaya,Jawa Timur
7b7aca21,Rafi Adriansyah,"Scientist, clinical (histocompatibility and immunogenetics)",CV Natsir,Sumatera Selatan
f9114b18,Jelita Habibi,Restaurant manager,Perum Prastuti Rahimah Tbk,Maluku Utara
6c3bf60a,Restu Uwais,Banker,UD Maryati (Persero) Tbk,Aceh
a2061a3a,Dasa Hutasoit,Child psychotherapist,UD Utami Hutagalung,Aceh
8145b313,Salimah Wastuti,Seismic interpreter,UD Pradipta Rahayu,Sulawesi Tenggara
5248285a,Yance Oktaviani,Investment analyst,PT Fujiati Tbk,Sumatera Selatan
fa107ff9,"Maimunah Lestari, M.M.",Farm manager,PD Nasyidah,Riau
4b4b6cad,"Ami Nugroho, M.M.",Air traffic controller,PD Natsir,Sumatera Selatan
d106d487,"R. Carla Wulandari, S.Psi",Fish farm manager,CV Wulandari Prasasta,Papua Barat
517f2e89,"Pangestu Samosir, M.Ak",Furniture designer,Perum Damanik,Bali
aa6044f0,"Drs. Rachel Widodo, S.Farm",Statistician,UD Hutapea (Persero) Tbk,Riau
b5492646,Kairav Permadi,Production manager,Perum Rahmawati,Jawa Timur
4b2002a6,Tira Permata,"Engineer, communications",Perum Sudiati,Kepulauan Bangka Belitung
78fd6d01,Gambira Mustofa,Facilities manager,PT Laksita Nasyidah,Kepulauan Riau
9894fcd2,Olivia Pradipta,"Civil engineer, contracting",PD Marpaung Pangestu (Persero) Tbk,Sumatera Utara
b7e59fca,Cut Kayla Tamba,"Engineer, civil (contracting)",UD Puspasari Wahyudin (Persero) Tbk,Sulawesi Utara
383671a1,"Puti Farah Habibi, M.Pd",Personal assistant,UD Hutagalung Marbun Tbk,Kalimantan Timur
f137bb39,R. Fathonah Safitri,Bonds trader,Perum Samosir,DKI Jakarta
240015f1,Gilang Widiastuti,Exercise physiologist,CV Palastri,Kalimantan Utara
ae675086,Vera Nasyidah,"Surveyor, hydrographic",PD Napitupulu Tamba (Persero) Tbk,Bali
992a37ba,Hairyanto Haryanto,Research scientist (medical),CV Irawan Prasetya (Persero) Tbk,Sumatera Utara
5efe53ad,Hari Habibi,Energy engineer,PT Susanti Tbk,Jawa Tengah
752948aa,Tomi Sihombing,Magazine features editor,UD Rahimah,Jawa Tengah
2a44c7c1,Kartika Sitompul,Primary school teacher,UD Mayasari Lailasari,Maluku
a1773384,"Sutan Kuncara Kusmawati, M.Kom.",Professor Emeritus,PT Prabowo Mayasari Tbk,Nusa Tenggara Barat
ccbc0551,"Narji Prasetya, S.E.I","Chemist, analytical",CV Wibisono Uwais (Persero) Tbk,Sulawesi Selatan
4ae4f99d,Intan Marbun,Politician's assistant,PT Prasetyo Handayani Tbk,Sulawesi Selatan
1aa54512,"Drs. Budi Lazuardi, S.E.I",Community arts worker,PT Handayani Wastuti,Sumatera Selatan
7c55ea90,Bancar Melani,Commercial art gallery manager,PD Damanik Tbk,Papua Barat
f7420a8f,Aris Maheswara,"Therapist, music",PT Salahudin Saputra,Jawa Timur
b3e9c3f3,"Wardaya Irawan, S.H.",Data processing manager,CV Hastuti Palastri Tbk,Kalimantan Timur
9d3ae6aa,Jessica Tarihoran,Television camera operator,UD Jailani Dabukke,Maluku Utara
c1730797,"Kartika Dongoran, S.IP",Theatre director,UD Laksita,Sulawesi Barat
3105ea43,"Suci Sihombing, M.Kom.","Radiographer, therapeutic",UD Pranowo Kurniawan Tbk,Kalimantan Timur
d5a39d49,"H. Cemplunk Firgantoro, S.Farm",Magazine features editor,PD Sihombing,Nusa Tenggara Barat
2ca47028,R.M. Jaga Saptono,Statistician,UD Wijaya (Persero) Tbk,Kalimantan Utara
a9a0c1bc,Panca Puspasari,"Surveyor, building control",CV Hasanah,Maluku Utara
31a2e4ac,Devi Puspita,Software engineer,Perum Latupono Ramadan Tbk,Riau
d93710d8,"Dr. Empluk Andriani, M.Farm",Health service manager,Perum Napitupulu (Persero) Tbk,Sulawesi Tenggara
b292a5eb,"Ade Salahudin, S.IP",Advertising art director,Perum Thamrin Wibisono,Sulawesi Selatan
1845f27c,Azalea Prasetyo,"Psychotherapist, child",Perum Hariyah,Riau
2d40f67b,Janet Haryanto,Media planner,UD Prasetyo (Persero) Tbk,Bali
39dce89d,Sabar Zulaika,Chief Operating Officer,PT Marbun,Kepulauan Riau
7eafe012,Sari Suryono,"Surveyor, commercial/residential",UD Damanik Namaga,Kalimantan Utara
7a7ca889,Jaswadi Maryadi,Materials engineer,PD Wulandari Sirait,Bengkulu
1e465bca,"Edi Sitorus, M.Farm",Building control surveyor,Perum Nainggolan Kusmawati,Nusa Tenggara Timur
e21a984e,"Cawisadi Laksmiwati, M.Kom.","Engineer, energy",UD Winarno,Aceh
48c24487,Ir. Darijan Januar,"Sales professional, IT",UD Najmudin Uyainah,Sumatera Utara
bfcd6351,"Tgk. Ayu Putra, S.Psi","Scientist, research (physical sciences)",PD Narpati Halim Tbk,Sumatera Utara
0ac54603,"Adika Setiawan, M.Ak",Insurance risk surveyor,UD Wastuti Uyainah (Persero) Tbk,Maluku
f946181b,"H. Bakianto Budiyanto, S.H.",English as a foreign language teacher,UD Mandasari Purwanti Tbk,Sulawesi Tenggara
c7d7a0a6,Tami Suartini,Newspaper journalist,UD Puspita (Persero) Tbk,Papua
56fccd5a,Ir. Jaka Nurdiyanti,"Engineer, maintenance",Perum Sitompul,Kalimantan Selatan
ac2906d7,"Cut Zulaikha Hutasoit, S.Gz",Wellsite geologist,CV Fujiati Tbk,Kepulauan Bangka Belitung
bf1e88d3,Hamzah Usada,Press sub,Perum Hassanah (Persero) Tbk,Sumatera Barat
d4d67633,Hafshah Saputra,"Designer, blown glass/stained glass",UD Prayoga Tbk,Sumatera Selatan
2740db6b,Chandra Rajasa,Midwife,PD Handayani,Sumatera Utara
58c04b61,Tania Laksita,Toxicologist,Perum Sudiati Rajasa Tbk,Maluku Utara
3e12dad7,Wage Halim,"Doctor, general practice",PD Tarihoran Ardianto,Nusa Tenggara Timur
c48d8ab8,Kawaca Pratama,Trade union research officer,Perum Namaga,Kepulauan Riau
718734e5,"Ir. Nasrullah Simbolon, S.E.I",Insurance underwriter,UD Pudjiastuti Mansur,Kepulauan Bangka Belitung
8dba7ec5,"Kartika Samosir, S.E.",Glass blower/designer,PD Pradipta (Persero) Tbk,Kepulauan Riau
5b2f83cf,"Sutan Warta Santoso, S.Pd",Television floor manager,Perum Rajata Hassanah (Persero) Tbk,Kalimantan Selatan
d5ffb092,Rizki Saputra,Television/film/video producer,CV Waluyo Natsir,DI Yogyakarta
dea86d21,Rahmat Halim,Database administrator,UD Budiyanto Rajata Tbk,Nusa Tenggara Barat
e32c8594,Ian Rahmawati,Estate agent,Perum Wacana Hariyah,Jawa Timur
171085a4,Wahyu Permadi,Freight forwarder,UD Maryati Tbk,DKI Jakarta
5a1410c7,"Ir. Eka Lestari, S.Pd","Engineer, civil (consulting)",PD Nugroho,Nusa Tenggara Barat
65f73ca0,"Purwa Novitasari, S.Psi","Scientist, water quality",CV Mahendra (Persero) Tbk,Bali
b82584df,"dr. Tomi Situmorang, M.Farm",Training and development officer,PD Winarsih Firgantoro Tbk,Kepulauan Riau
2b79616c,Puji Thamrin,Software engineer,UD Fujiati Januar,Sulawesi Tengah
f0254d2f,"Gaduh Irawan, M.M.",Museum/gallery exhibitions officer,CV Anggraini Tbk,Kepulauan Riau
dc2cb2fc,Cakrabirawa Pangestu,TEFL teacher,Perum Hariyah Rajasa Tbk,Sulawesi Tengah
0edbece9,Citra Utama,Occupational psychologist,UD Sihombing Sitompul (Persero) Tbk,Kepulauan Riau
0ab2685b,Drs. Irfan Damanik,Film/video editor,CV Widodo (Persero) Tbk,Kalimantan Barat
9b1e1564,Oliva Sihombing,Chartered loss adjuster,PT Kusumo Hasanah,Sulawesi Barat
68add755,Kasiran Zulkarnain,Multimedia programmer,Perum Andriani,Lampung
af85bb3c,Nadia Budiman,Corporate investment banker,CV Aryani Tbk,Papua Barat
aa6f0e04,T. Dirja Tamba,Operational investment banker,PT Hakim (Persero) Tbk,Kalimantan Utara
ed14baaa,Kayla Hassanah,"Loss adjuster, chartered",PD Setiawan (Persero) Tbk,Kalimantan Timur
f8b317df,Garan Tamba,Commercial horticulturist,PD Prastuti,Jawa Timur
d2c6a24f,Diah Siregar,"Teacher, adult education",UD Sudiati Yuliarti (Persero) Tbk,Sulawesi Selatan
190d2a6a,"Hj. Kiandra Nuraini, S.Gz","Social research officer, government",PT Susanti Tamba Tbk,Nusa Tenggara Timur
8fae610c,Dt. Caturangga Tarihoran,Horticultural consultant,PT Megantara Novitasari,Kalimantan Barat
3a2a89b1,Hj. Padma Pudjiastuti,Research scientist (medical),Perum Mustofa,Kalimantan Utara
3c02ae21,Wani Sihombing,Dietitian,Perum Pradana,Sulawesi Tenggara
6afe48d7,Maria Hidayanto,"Psychologist, counselling",PT Puspita,Kalimantan Tengah
d55c83cd,Shania Winarsih,Government social research officer,UD Wulandari Hidayat (Persero) Tbk,Kalimantan Utara
24676fd2,dr. Latif Mardhiyah,Field trials officer,UD Putra Tbk,Sulawesi Tenggara
05804e4f,"Mila Hutasoit, M.TI.",Product/process development scientist,UD Pranowo Tbk,Kalimantan Barat
3bb88b96,Wardi Puspasari,Sports therapist,PT Kusmawati,Kalimantan Timur
cd842de3,Kiandra Wacana,Commercial horticulturist,Perum Dabukke Santoso,Kepulauan Riau
7648fee9,Eli Anggraini,"Editor, magazine features",CV Marpaung (Persero) Tbk,Gorontalo
5b02f064,"Ade Maryadi, S.Sos","Loss adjuster, chartered",PT Fujiati Padmasari,Jawa Timur
8eadf187,Zamira Iswahyudi,Bookseller,PT Ardianto,Papua
0f73b5a4,drg. Gilda Gunarto,"Scientist, forensic",PD Latupono Oktaviani (Persero) Tbk,Aceh
0c95777a,"R.A. Almira Wibowo, S.Psi",Best boy,PD Napitupulu Tbk,Sulawesi Tengah
16abb46f,Wani Susanti,Production engineer,PT Oktaviani (Persero) Tbk,Lampung
32ed0272,Wira Setiawan,Research scientist (physical sciences),PT Dongoran Maryadi,Maluku
ba8ab7bf,Cawisadi Lazuardi,Risk analyst,PT Waluyo Tbk,Nusa Tenggara Barat
18caf866,"Cahya Utama, S.T.",Systems analyst,Perum Suryatmi Tbk,Kalimantan Barat
9f073f09,"Dr. Cakrabuana Rajata, S.IP",Psychiatrist,PT Widodo,Maluku
3dd2f7cf,"Balapati Marpaung, S.Psi",Toxicologist,CV Waskita Sihombing,Banten
a71866d8,Ir. Prabu Prasasta,Human resources officer,CV Gunawan,Sulawesi Tenggara
830fc878,Daruna Anggraini,"Geologist, engineering",CV Prasasta (Persero) Tbk,Bengkulu
92e1596f,drg. Eman Suwarno,"Engineer, electrical",UD Thamrin,Kepulauan Riau
fc8b2ef2,Zelaya Nuraini,Sales executive,Perum Damanik,Kalimantan Timur
219eccf8,Endah Sinaga,"Journalist, newspaper",UD Mansur,DKI Jakarta
c467fcdc,Tgk. Dimaz Dongoran,Fitness centre manager,CV Nuraini,Kepulauan Bangka Belitung
c2c09f94,Farah Lazuardi,"Therapist, drama",UD Budiyanto,Sumatera Selatan
3b29747d,Cindy Setiawan,"Nurse, adult",Perum Pudjiastuti Hartati,Papua
ca8638b1,"Victoria Dongoran, S.Gz",Advice worker,CV Santoso Santoso (Persero) Tbk,Nusa Tenggara Barat
ab5d5c88,Ir. Joko Simbolon,Dietitian,CV Usamah,Gorontalo
1125eb24,Calista Puspita,Leisure centre manager,PT Rajata Iswahyudi (Persero) Tbk,Jawa Barat
99c17636,Jessica Handayani,"Research officer, trade union",PD Maryadi Prastuti,Banten
7423f4c7,Harjasa Hartati,"Conservation officer, nature",CV Saputra Wijayanti,Kepulauan Riau
ac7ed4b2,Raharja Habibi,Health physicist,PD Irawan Pangestu (Persero) Tbk,Jawa Tengah
85dc1a46,"Paulin Manullang, S.IP",Tax inspector,PD Wacana Sihombing (Persero) Tbk,Banten
fdfaf133,"Sutan Ajiono Puspasari, M.Farm",Soil scientist,PD Laksmiwati Putra Tbk,Riau
e337d4f3,Taswir Mansur,Commissioning editor,UD Utami Safitri,Kalimantan Barat
d3219e12,Usman Damanik,Chartered legal executive (England and Wales),Perum Padmasari Mustofa,Nusa Tenggara Barat
eeb17d58,"Sakura Gunawan, S.Kom",Media planner,PD Wulandari (Persero) Tbk,Sulawesi Tenggara
170a49da,R.M. Ega Tampubolon,Retail buyer,UD Sitompul (Persero) Tbk,Kalimantan Utara
6218dc9c,Cut Yuliana Ramadan,"Scientist, research (life sciences)",PD Sihombing Sitorus,Sulawesi Tengah
8947ae5f,"Hj. Humaira Situmorang, S.I.Kom",Production engineer,Perum Firgantoro Mandala,Bali
bb05ef40,Queen Pranowo,Dramatherapist,PT Prabowo Uwais (Persero) Tbk,DKI Jakarta
56385bcb,Sadina Habibi,"Nurse, learning disability",UD Hasanah,Papua
358f17dd,Luis Yuliarti,Field seismologist,PT Mansur Anggraini Tbk,Maluku
c0618c24,"Drs. Vino Sihotang, S.Gz","Loss adjuster, chartered",Perum Maulana Hasanah,Kalimantan Tengah
98bec3c5,"dr. Prasetyo Hasanah, S.T.",Colour technologist,UD Firmansyah Pudjiastuti,Sulawesi Selatan
e35f6d71,Vanesa Zulkarnain,Electronics engineer,PT Winarsih (Persero) Tbk,Nusa Tenggara Timur
b1dbaec0,Karya Latupono,Fast food restaurant manager,Perum Purwanti,Aceh
c3ce6d51,Adiarja Pudjiastuti,Broadcast engineer,UD Winarsih,Aceh
e9aac363,"Nalar Irawan, S.Pd",Aid worker,Perum Winarno Winarsih Tbk,Bengkulu
716e628c,Mumpuni Winarsih,Building surveyor,PT Salahudin,Kalimantan Tengah
909cd270,Hani Januar,Food technologist,Perum Natsir Utama (Persero) Tbk,Jambi
91afbb7c,Cinthia Haryanti,Drilling engineer,CV Maheswara,Gorontalo
b870f7a7,Intan Firmansyah,Environmental education officer,PD Siregar Suartini,Maluku
f0234788,Mulyanto Prakasa,"Therapist, occupational",UD Gunarto Natsir Tbk,Sulawesi Selatan
45a03418,"Mulya Laksmiwati, S.Ked","Nurse, adult",UD Dongoran Mustofa (Persero) Tbk,Jambi
005146e1,Bakijan Utama,"Teacher, music",Perum Wastuti (Persero) Tbk,Nusa Tenggara Barat
6ece6e15,Zaenab Saptono,Travel agency manager,UD Nugroho,Banten
3dedb996,Dt. Raihan Hassanah,Industrial/product designer,UD Firmansyah,Jawa Tengah
35f80ea4,Prayogo Yuliarti,"Programmer, applications",PT Sitorus Tbk,Kalimantan Barat
beb2d696,"H. Dariati Maheswara, S.Kom",Make,CV Mayasari (Persero) Tbk,Nusa Tenggara Timur
d78cc8da,"Hj. Wani Nurdiyanti, S.Sos",Financial controller,PT Uyainah (Persero) Tbk,Sulawesi Barat
37c201f3,"Karja Dongoran, M.Kom.",Publishing rights manager,PT Putra,Aceh
8fdb6190,"R.A. Kania Oktaviani, S.Psi",Homeopath,Perum Firmansyah Damanik (Persero) Tbk,Sumatera Selatan
f18be6e9,Rika Pangestu,Fisheries officer,PT Sudiati Wulandari (Persero) Tbk,Bengkulu
ccaabb3f,Karna Yuliarti,Risk manager,Perum Budiyanto Mansur (Persero) Tbk,Kalimantan Tengah
781dfa53,Yuni Sudiati,Information officer,UD Kuswoyo Mardhiyah,Jawa Tengah
59d882c4,Cindy Suryatmi,Field seismologist,UD Lailasari Irawan (Persero) Tbk,Sumatera Barat
311ca168,Marsito Nababan,"Engineer, civil (consulting)",PT Mulyani,Kepulauan Bangka Belitung
76fc8ab3,Sabar Nashiruddin,"Conservation officer, historic buildings",CV Nuraini Agustina (Persero) Tbk,Bali
763d95d2,Ratih Palastri,Civil Service fast streamer,CV Suryono Tbk,Nusa Tenggara Timur
ca145c73,Puti Nurul Mustofa,Dentist,PT Najmudin,Kalimantan Selatan
a27e0f52,Ian Sihombing,Hotel manager,CV Hidayat Hutapea,Papua Barat
b0339a7f,Jamalia Napitupulu,Exercise physiologist,PD Purwanti Suartini,Banten
31d639ef,T. Lanjar Rajata,Armed forces training and education officer,PT Prayoga Nababan,Maluku
83404c56,Hartaka Dongoran,Occupational therapist,UD Nasyidah Tbk,Kepulauan Riau
28d3e703,"Hj. Zulfa Safitri, S.Ked",Theme park manager,UD Yulianti (Persero) Tbk,Lampung
bc8a3545,Raihan Agustina,"Surveyor, planning and development",PD Yuliarti Tbk,Kalimantan Utara
3b5bb12d,Jelita Anggriawan,Prison officer,UD Astuti Nababan,Nusa Tenggara Barat
0e8f75cf,"Dr. Murti Susanti, S.Farm",Logistics and distribution manager,CV Hartati Tbk,Kalimantan Utara
f3f37faf,Titi Wahyuni,Event organiser,PD Utama Lazuardi (Persero) Tbk,Jambi
777cfc72,"Cemplunk Najmudin, S.T.","Engineer, control and instrumentation",PT Pranowo,Kalimantan Timur
0cb0b89c,drg. Prima Rajata,Musician,Perum Damanik Hidayat (Persero) Tbk,DKI Jakarta
f6e5774d,Cayadi Saptono,"Engineer, petroleum",PT Rahimah Situmorang,Banten
358ed3ae,"Fathonah Utama, S.I.Kom",Waste management officer,CV Budiman,Sumatera Selatan
8cd9b7fa,Juli Waskita,"Accountant, chartered certified",PT Sihotang Andriani (Persero) Tbk,Sulawesi Tenggara
68c8bc35,Siti Prabowo,Graphic designer,Perum Firgantoro Sihombing Tbk,Kalimantan Selatan
0c0262d1,Gada Waluyo,Museum/gallery curator,CV Thamrin Adriansyah,Sumatera Barat
069a502c,Ayu Padmasari,"Lighting technician, broadcasting/film/video",PT Prasetyo Tbk,Kalimantan Tengah
47620fdb,Latif Prakasa,Adult guidance worker,CV Gunawan (Persero) Tbk,Maluku Utara
d12aad3c,Galih Ramadan,Horticultural therapist,UD Hartati,Sulawesi Utara
c1381fb8,Tomi Wacana,Retail manager,UD Namaga (Persero) Tbk,Papua
9dca6a6d,Kayun Haryanti,Hotel manager,PT Zulkarnain (Persero) Tbk,Maluku
0bdb7b32,Karimah Rahmawati,Associate Professor,UD Handayani Tbk,Sulawesi Tenggara
ec58ec29,"Padmi Sihombing, M.Pd",Music tutor,PD Irawan,Nusa Tenggara Timur
a21264b1,Drs. Citra Narpati,Patent examiner,CV Dongoran Nasyidah,Aceh
2fdb6029,Calista Gunawan,Public librarian,UD Nugroho Hasanah,Kalimantan Barat
14e673f1,"dr. Oliva Jailani, S.T.","Psychotherapist, child",PT Nasyidah (Persero) Tbk,Jawa Tengah
be41782d,Bella Wulandari,Arts development officer,PD Handayani,Bengkulu
865d936c,"Himawan Saptono, S.Ked",Control and instrumentation engineer,PD Uyainah,Jawa Barat
837a7e1b,Karsa Saefullah,Plant breeder/geneticist,PT Sudiati Damanik Tbk,Aceh
efb99a6e,"Jamil Nuraini, S.H.",Commercial art gallery manager,CV Lailasari Nainggolan (Persero) Tbk,Kepulauan Bangka Belitung
5e9f03d5,Dr. Ratih Palastri,Records manager,PD Prasetyo Mandasari,Aceh
84d767b9,"drg. Paulin Novitasari, S.T.",Barrister's clerk,CV Prasetya,Banten
882783a0,Cahyadi Kusumo,Radio producer,PT Rajasa Tbk,Bengkulu
259d763c,Eka Gunawan,"Education officer, environmental",UD Situmorang,Banten
21b7bcfa,"Ir. Pangestu Aryani, S.Sos",Accommodation manager,CV Mulyani Ramadan,Kalimantan Selatan
ad784357,"T. Imam Mulyani, M.Pd",Early years teacher,CV Tampubolon Mansur Tbk,Jawa Tengah
20b00d3f,Cinta Tampubolon,Commercial/residential surveyor,PD Pangestu (Persero) Tbk,Kalimantan Utara
ef8993cc,Sutan Teguh Winarno,"Teacher, adult education",Perum Marpaung,DI Yogyakarta
d64ab6c8,Sabri Andriani,Orthoptist,PT Firmansyah,Kalimantan Timur
33a3cb86,"Tgk. Emong Wibowo, M.M.",Chartered accountant,UD Hasanah (Persero) Tbk,Jawa Barat
2f61ff2a,Ir. Amelia Saptono,Land/geomatics surveyor,UD Budiman Simanjuntak,Sulawesi Tengah
36151fd5,"Ir. Cawisadi Samosir, S.H.",Amenity horticulturist,Perum Natsir Firmansyah Tbk,Sulawesi Tenggara
6cdcb6c1,"Mumpuni Novitasari, S.Farm",Barrister's clerk,PT Samosir Wasita,Sulawesi Tengah
6e550dfe,Dirja Napitupulu,Insurance underwriter,PT Marpaung Tbk,Banten
401614ab,Hafshah Sirait,Occupational psychologist,Perum Utama Marbun Tbk,Sumatera Barat
db06f72e,Julia Padmasari,Wellsite geologist,CV Yulianti Tarihoran,Kalimantan Barat
728be999,Puti Sarah Wahyudin,Patent examiner,UD Wijaya Puspasari,Sumatera Utara
4b4f4156,Sidiq Nasyidah,Commercial/residential surveyor,UD Firgantoro,Maluku
dd1085db,Ulva Januar,Rural practice surveyor,UD Wijayanti Anggriawan,Kalimantan Tengah
f964079d,"Nurul Napitupulu, S.Farm","Programmer, applications",PT Prasasta,Bengkulu
4dacb7a8,Lala Pratama,Chief Technology Officer,UD Maryadi Waskita,Kalimantan Timur
11020c90,"drg. Kania Santoso, S.E.",Youth worker,PT Hutapea Tbk,Sulawesi Tengah
d9e47a65,Cut Nilam Narpati,Television camera operator,PD Permata Saputra (Persero) Tbk,Riau
7293f1b1,Aslijan Rajata,Seismic interpreter,UD Wasita Pradana,Maluku Utara
8c749d5e,Ir. Liman Puspita,Press photographer,PT Namaga Damanik,Bali
63644a3a,Maria Anggraini,Leisure centre manager,UD Wahyuni Rahimah (Persero) Tbk,Maluku Utara
8866bfde,"Tira Sinaga, M.TI.",Optometrist,Perum Pratiwi,Banten
edf17887,Vanya Napitupulu,"Engineer, petroleum",UD Zulaika Tbk,Bali
3366137e,Hesti Widiastuti,"Engineer, automotive",PD Prakasa Yuliarti,Riau
d559dde6,Betania Mayasari,Electrical engineer,UD Puspasari Gunarto (Persero) Tbk,Nusa Tenggara Timur
6699f932,Salimah Yulianti,Translator,UD Yolanda Palastri Tbk,Jawa Timur
88fc75c3,"Tgk. Rafi Samosir, S.T.",Haematologist,CV Rajasa Sihombing (Persero) Tbk,Sulawesi Selatan
cc995484,Ir. Ella Handayani,Museum education officer,PT Mandasari Yulianti,Sulawesi Tengah
aa3f455c,Elisa Kusmawati,"Psychologist, counselling",PD Uyainah,Maluku
38d54846,Jamalia Latupono,"Radiographer, therapeutic",PD Dongoran Mulyani (Persero) Tbk,Maluku
a0c981a3,"Banawi Wahyudin, M.Ak","Psychologist, counselling",PD Haryanti Kurniawan,Kalimantan Barat
65f39f97,Aisyah Napitupulu,Chief Technology Officer,CV Tarihoran Ramadan Tbk,Maluku
dfaf31fd,"Julia Wahyudin, S.E.","Designer, blown glass/stained glass",CV Firmansyah Pangestu,Gorontalo
0d9e1de1,Baktianto Wijaya,Stage manager,PD Hidayat,Sulawesi Barat
d5ff399e,Aisyah Kusmawati,"Programmer, applications",PT Melani Wijayanti,Sumatera Barat
8a3936aa,Ibrani Maulana,"Exhibitions officer, museum/gallery",Perum Saptono Tbk,Sumatera Utara
e01a2c07,Jessica Sirait,Insurance broker,PT Andriani (Persero) Tbk,Maluku
da3de05d,"Gatra Rahmawati, S.H.",Building control surveyor,PT Habibi (Persero) Tbk,Gorontalo
94704d3f,"Dr. Surya Suwarno, S.H.",Pension scheme manager,UD Wijaya Mayasari (Persero) Tbk,Jawa Tengah
a23421e8,Joko Hassanah,"Teacher, secondary school",CV Tamba Tbk,Jambi
ce68f5da,"Atma Hartati, M.Farm",Forest/woodland manager,CV Januar,Kalimantan Tengah
f52099d9,Prakosa Adriansyah,Writer,UD Marbun Tbk,Lampung
f3444235,KH. Catur Winarsih,Educational psychologist,CV Rahimah,Sulawesi Utara
543107b1,Kawaya Sihombing,Ambulance person,PD Permadi (Persero) Tbk,DKI Jakarta
8a4a4ee4,"drg. Anom Halimah, M.M.",Fisheries officer,CV Lazuardi,Banten
10031f86,"dr. Uli Setiawan, S.T.",Marketing executive,PT Mulyani Kuswoyo,Papua
bf3e5948,Paris Yulianti,Biomedical engineer,Perum Mansur Najmudin,Nusa Tenggara Timur
1a1e0436,Cut Ida Hartati,"Administrator, arts",Perum Puspita Tbk,Sulawesi Barat
d68d5d9c,"Elvina Januar, S.Pd",Environmental manager,PD Sitorus Marpaung (Persero) Tbk,Sulawesi Tenggara
ea59cad6,Genta Gunarto,Trade union research officer,PD Uwais,Jawa Barat
bd6465a9,Drs. Cengkal Yulianti,"Pilot, airline",Perum Simbolon,DI Yogyakarta
c31f14c8,Sabrina Iswahyudi,Set designer,PT Pradipta (Persero) Tbk,DI Yogyakarta
f468163d,drg. Mala Nababan,"Research officer, political party",Perum Fujiati Salahudin (Persero) Tbk,Sulawesi Tengah
81a1637c,Lala Hakim,Television/film/video producer,PD Tarihoran Wulandari,Maluku Utara
942bc9cf,Ifa Tarihoran,"Engineer, building services",UD Yuliarti (Persero) Tbk,Banten
73b091cd,Raisa Hardiansyah,Clinical cytogeneticist,UD Megantara Kurniawan,Jawa Barat
a6c7a940,Janet Situmorang,Media planner,UD Haryanti Salahudin,Sumatera Barat
d48d67a5,"Daliman Oktaviani, S.Psi",Garment/textile technologist,UD Yolanda,Kalimantan Tengah
1c45547f,"Devi Hastuti, M.Kom.",Fashion designer,PD Hutasoit Nurdiyanti Tbk,Aceh
b14ad269,R.M. Cakrawala Agustina,"Buyer, industrial",Perum Hassanah Januar Tbk,Kalimantan Barat
6a9869e0,Azalea Sitorus,Industrial/product designer,Perum Manullang Setiawan,Kepulauan Riau
fa6f3a64,"Tgk. Pardi Latupono, M.M.",Environmental health practitioner,CV Saragih Tbk,Sumatera Utara
0a6a4a37,Rusman Manullang,"Programmer, applications",PT Winarsih Siregar (Persero) Tbk,Kalimantan Selatan
55d7dd14,"Kasiyah Hidayat, S.E.",Associate Professor,CV Hakim,Aceh
5ab78b5a,Siska Iswahyudi,Financial manager,UD Hassanah Gunarto Tbk,Sulawesi Utara
42e3176f,Murti Putra,"Producer, radio",Perum Hidayanto Andriani,Bali
b31fdbbe,"Tgk. Cici Widiastuti, S.I.Kom",Psychiatrist,PT Hutagalung,Papua
0c72d852,"Sutan Jindra Rajata, S.Farm",Sport and exercise psychologist,CV Mulyani Uwais (Persero) Tbk,Papua
18c2843b,Chandra Pratiwi,Research scientist (medical),PT Marpaung Wibowo Tbk,Papua Barat
0c75443f,Yessi Thamrin,Recruitment consultant,PD Rajata Utama,Kepulauan Bangka Belitung
60cd2920,"Yulia Handayani, S.E.",Warden/ranger,UD Wulandari,Bengkulu
28a508e0,Ibrani Prasetya,Contractor,CV Nasyiah,Banten
bd69173d,Ganda Simbolon,Financial adviser,UD Agustina,Jawa Tengah
77bd1e83,"Drs. Clara Suwarno, S.Pd","Conservator, museum/gallery",UD Saefullah Novitasari,Jawa Tengah
1807ff6f,Hamima Uwais,Insurance claims handler,CV Sihombing Jailani,Sumatera Barat
f069f2e0,Dr. Raisa Pranowo,Legal secretary,CV Lailasari Handayani (Persero) Tbk,Papua Barat
b1703c2f,Mila Tarihoran,Garment/textile technologist,CV Sirait Astuti (Persero) Tbk,Sumatera Utara
caa9bf5e,Kemba Sitorus,"Scientist, marine",Perum Puspasari Budiyanto Tbk,Jawa Tengah
d99825b1,Betania Prasetyo,Civil Service fast streamer,PD Natsir (Persero) Tbk,DI Yogyakarta
8245890d,Sutan Harto Irawan,Conference centre manager,PT Yuliarti Manullang (Persero) Tbk,Kalimantan Utara
cbb39f64,Rahmi Permadi,Database administrator,CV Kurniawan (Persero) Tbk,Jambi
d09eedb6,Silvia Sudiati,Hydrologist,CV Permata (Persero) Tbk,Nusa Tenggara Barat
103dd764,Rahmi Zulaika,Financial risk analyst,CV Prastuti Utami Tbk,Gorontalo
8b231f9a,Ella Saefullah,Commercial art gallery manager,CV Nashiruddin (Persero) Tbk,Sulawesi Tenggara
65f4f3f5,Ana Mardhiyah,Product designer,UD Padmasari Tbk,Kalimantan Utara
2c502820,Gadang Santoso,Research scientist (physical sciences),PT Napitupulu Tbk,Maluku Utara
34af69bb,"Kiandra Winarsih, S.IP",Furniture designer,PD Maulana,Jambi
2dc11867,"T. Satya Kuswandari, M.Farm","Surveyor, commercial/residential",PD Ardianto,Sulawesi Utara
61d67681,"Jumadi Utama, S.Sos",Naval architect,PD Rahimah,Kepulauan Bangka Belitung
62c31302,"Dr. Kanda Hardiansyah, S.H.","Education officer, environmental",PT Firgantoro,DKI Jakarta
d552f321,Jefri Setiawan,"Education officer, community",PT Suartini,Sulawesi Tenggara
d20e0920,Fathonah Irawan,Heritage manager,CV Irawan (Persero) Tbk,Jawa Timur
226a4b7f,Jamalia Mardhiyah,"Investment banker, corporate",CV Dabukke Sinaga,Sulawesi Tenggara
9be8cb18,"Hj. Yunita Usamah, S.H.",Civil Service administrator,UD Najmudin,Papua Barat
2d000cde,Azalea Waskita,Neurosurgeon,PT Wijayanti Tbk,Nusa Tenggara Timur
b35a4456,Drs. Taufan Purnawati,Transport planner,CV Nasyidah Manullang Tbk,Jawa Barat
9e50cba7,"Cici Astuti, S.E.","Producer, radio",UD Pangestu Oktaviani Tbk,Bengkulu
f1b1de29,Hadi Zulkarnain,Orthoptist,UD Situmorang Iswahyudi Tbk,Bengkulu
58c117da,Paiman Wasita,Psychotherapist,CV Mandasari Tbk,Papua Barat
f07b4e3d,Legawa Dabukke,Building services engineer,UD Saragih (Persero) Tbk,Jawa Tengah
60397cc7,"Ir. Johan Marpaung, S.Pd","Optician, dispensing",Perum Iswahyudi Hidayanto (Persero) Tbk,Sulawesi Barat
b7510ce8,Yono Halim,Computer games developer,UD Suartini Tbk,Kalimantan Barat
6f8a6a3b,"Hj. Maida Wacana, S.Pt","Sound technician, broadcasting/film/video",UD Novitasari,Maluku Utara
a9e5dea7,"Rahmat Sinaga, S.Gz",Trade mark attorney,PT Ramadan,Maluku Utara
4cbf5133,Asmuni Kuswandari,"Pharmacist, community",Perum Hartati Sihotang,Sumatera Selatan
821203cf,"Drs. Rahmi Gunawan, S.I.Kom","Horticulturist, commercial",Perum Nuraini Kusumo Tbk,Sulawesi Utara
de4c550f,dr. Vino Santoso,Commercial/residential surveyor,UD Usamah Tbk,Nusa Tenggara Barat
d99ee688,Cut Amelia Mangunsong,Environmental consultant,Perum Mustofa,Sulawesi Tengah
a435e922,Ida Laksita,Ship broker,UD Gunawan Sirait,DKI Jakarta
9d03c879,"Hasna Widodo, S.H.",Licensed conveyancer,Perum Habibi,Maluku Utara
0c5ea332,Bakianto Gunawan,Best boy,PD Winarno (Persero) Tbk,DI Yogyakarta
9dd0d8d5,"drg. Uchita Aryani, S.Farm",Communications engineer,Perum Handayani Tbk,Sulawesi Tenggara
cc45dc55,"Amelia Rahimah, S.IP",Armed forces logistics/support/administrative officer,Perum Sihotang Tbk,Sulawesi Tengah
16886fd0,"Ir. Cinthia Wulandari, M.M.","Psychologist, occupational",CV Uyainah (Persero) Tbk,Jawa Timur
98f5374c,Bakidin Puspasari,Technical brewer,Perum Nasyiah,Jawa Tengah
0e1f065e,Usman Uwais,Quantity surveyor,CV Puspita Napitupulu Tbk,Kepulauan Bangka Belitung
06130c22,Siska Dongoran,"Administrator, Civil Service",CV Hardiansyah Haryanti (Persero) Tbk,Nusa Tenggara Barat
ba99c900,Ir. Raihan Pratama,"Surveyor, building",UD Haryanto Nurdiyanti,Banten
15e260ee,Darman Nainggolan,"Conservation officer, historic buildings",UD Hastuti Wacana,Jawa Timur
cdc3ec86,T. Cahya Ardianto,Professor Emeritus,PT Uwais,Nusa Tenggara Barat
162c94cf,Ifa Pradipta,Hydrologist,UD Dongoran Gunarto,Kalimantan Timur
057788db,Ir. Ganep Andriani,Leisure centre manager,PD Salahudin Safitri,Papua
7877df5b,Olivia Namaga,Aeronautical engineer,Perum Lailasari Simanjuntak,Kalimantan Selatan
9f507dfd,Langgeng Nuraini,Dance movement psychotherapist,CV Riyanti Hartati Tbk,Gorontalo
e4df4b8b,"Kiandra Wibowo, S.T.",Government social research officer,UD Hidayanto Rahayu,Kalimantan Tengah
bc11d891,Fitriani Utama,Commissioning editor,PT Uyainah,Kalimantan Tengah
1e0f99ee,"Dt. Jaga Widodo, M.TI.",Product/process development scientist,Perum Dongoran,Sulawesi Selatan
6f6bc8e4,Lukman Siregar,Community pharmacist,UD Suryono Rahayu (Persero) Tbk,Sumatera Selatan
131a8d80,Gilda Fujiati,Electrical engineer,UD Manullang (Persero) Tbk,Sumatera Barat
167bc0be,Asmianto Hidayanto,Translator,UD Hartati,Sumatera Utara
ca842bef,Hj. Belinda Siregar,Learning mentor,Perum Megantara Tbk,Kepulauan Bangka Belitung
0dbc3110,dr. Gading Santoso,Sales promotion account executive,UD Haryanto Nugroho Tbk,Jawa Barat
edaf687f,Hana Salahudin,Horticultural therapist,CV Wahyuni Samosir,Sumatera Selatan
99c7df9f,Paramita Handayani,Commercial horticulturist,UD Tamba Widodo (Persero) Tbk,Sumatera Utara
060fdf09,Kani Gunarto,"Nurse, learning disability",UD Widiastuti Anggraini Tbk,Kalimantan Selatan
440e7e77,Silvia Lestari,Event organiser,UD Jailani,Maluku
56e0d436,Johan Laksmiwati,Further education lecturer,PD Purwanti Puspasari Tbk,Nusa Tenggara Barat
868bf5ff,"Dr. Nova Oktaviani, S.I.Kom","Pharmacist, hospital",PD Lestari Haryanti (Persero) Tbk,Jawa Barat
78a1c53b,Ulya Prabowo,English as a second language teacher,Perum Narpati Fujiati,Sumatera Selatan
6ddc10dd,Taufan Ardianto,"Engineer, biomedical",PT Nasyiah Sihombing,Aceh
d41f0d66,Karma Kurniawan,IT technical support officer,PT Utami Tbk,Papua Barat
84d46457,Jamalia Purnawati,Soil scientist,Perum Wahyuni Nainggolan,Nusa Tenggara Timur
b1f16c6b,Samiah Wasita,"Designer, interior/spatial",CV Mulyani Riyanti,Aceh
36a0f703,Drs. Winda Latupono,"Teacher, English as a foreign language",UD Simbolon Firgantoro,Jawa Barat
d15dcce4,"Ana Yulianti, S.Kom",Tour manager,PD Sihombing,Sumatera Selatan
1af543dd,Patricia Agustina,"Programmer, applications",Perum Yulianti,Sulawesi Barat
bd993894,Jamalia Jailani,Agricultural consultant,Perum Nababan,Sulawesi Selatan
a6bb9aec,"Sutan Galar Uyainah, S.Psi","Radiographer, therapeutic",UD Maryadi,Banten
5b350d02,Widya Maulana,Paediatric nurse,PD Saefullah Tbk,Jawa Barat
ce2ce870,"Drs. Farhunnisa Yuniar, M.TI.",Sports administrator,CV Gunawan Halimah,Kalimantan Selatan
083ccc32,Laila Hariyah,Building services engineer,PD Pranowo Jailani,Bengkulu
a29f8926,Tomi Anggraini,"Restaurant manager, fast food",PD Sinaga,Sulawesi Tenggara
0500e7e2,R. Pia Widodo,Health and safety adviser,PD Kusumo Prasetya (Persero) Tbk,DI Yogyakarta
ee6f2abc,KH. Wage Usada,"Buyer, retail",UD Simanjuntak,Bali
4f229a1d,"Dr. Maman Puspasari, S.H.",Medical physicist,Perum Sinaga Tbk,Bengkulu
1c6c35c8,"Mala Pradipta, S.IP",Tree surgeon,PT Habibi,Sumatera Barat
31660a24,Anita Firmansyah,Advertising copywriter,CV Hakim Widodo,Riau
a2fb9662,"Dt. Prima Haryanto, M.Pd",Minerals surveyor,Perum Novitasari (Persero) Tbk,Jawa Barat
9191c9fe,Cornelia Mulyani,Educational psychologist,Perum Susanti Winarsih Tbk,Maluku Utara
578a688a,Lasmanto Zulaika,Careers information officer,Perum Lazuardi,Bengkulu
52a2d99d,"Ir. Gabriella Firgantoro, S.T.",Newspaper journalist,PD Laksita Tbk,Nusa Tenggara Barat
6ff57cf8,Hesti Salahudin,"Teacher, special educational needs",PT Wacana Tbk,Kalimantan Tengah
105ac347,"Titi Pratama, S.E.I","Therapist, art",PD Firgantoro,Kalimantan Tengah
1d07d9e9,"Muhammad Setiawan, M.Ak",Data scientist,PD Utama (Persero) Tbk,Sulawesi Tengah
2961383d,Rina Usamah,"Nurse, adult",PD Sudiati (Persero) Tbk,Sumatera Selatan
bdd029af,Yono Yolanda,Toxicologist,PD Sirait Simanjuntak,Riau
e5b25a24,"Mahesa Tampubolon, S.Gz",Trade mark attorney,Perum Prastuti,Banten
01d90935,Eluh Siregar,Marine scientist,UD Wibowo Tbk,Bali
37fcfe9e,"Sutan Carub Salahudin, S.Ked",Computer games developer,PT Zulaika,Maluku
77eaee5b,Rangga Purwanti,"Designer, textile",PT Thamrin,Sulawesi Tengah
d3fea2bc,"Ana Yolanda, S.Pt","Programmer, multimedia",UD Laksmiwati (Persero) Tbk,Sumatera Selatan
5b1cba91,Carub Usada,Leisure centre manager,CV Irawan Tamba,Bali
b7c17fd7,"Gawati Prayoga, M.Pd",Mining engineer,Perum Megantara Uyainah,Sumatera Utara
3e9d765e,Langgeng Lailasari,Firefighter,PD Astuti,Kepulauan Bangka Belitung
ddcb7af8,Gamanto Usamah,"Production assistant, radio",CV Sitorus Handayani,Kalimantan Tengah
6309b322,"Oliva Pratiwi, M.Pd","Programmer, applications",UD Wijayanti,Kalimantan Utara
010b6eca,Hasim Salahudin,Therapeutic radiographer,UD Samosir Kusmawati,Kalimantan Selatan
8b872312,Umi Purnawati,Transport planner,CV Maulana (Persero) Tbk,Sulawesi Barat
b67ace8e,Sutan Bagas Najmudin,"Buyer, retail",UD Utami Tbk,Aceh
5b27bad1,Emin Sihombing,Chief Technology Officer,PT Astuti Kusumo,Kalimantan Barat
e0940dd7,"Tantri Gunawan, S.Pd",Commercial/residential surveyor,PD Maheswara Tbk,Kepulauan Riau
f02e6641,Irma Winarsih,Industrial/product designer,PD Putra Tbk,Nusa Tenggara Timur
e4cdf444,"R. Cemeti Wibisono, S.Psi","Librarian, public",PD Suryatmi Tbk,Bengkulu
eaa64559,Padmi Dabukke,Personal assistant,Perum Tarihoran,Lampung
0a741e82,R. Iriana Waskita,Audiological scientist,UD Saefullah Laksmiwati (Persero) Tbk,Maluku
f193d475,"Aslijan Wacana, S.Pt",Company secretary,UD Anggriawan Yuliarti,Jawa Timur
153829a1,Sabrina Saefullah,Information officer,PD Laksita Halimah Tbk,Gorontalo
8235d211,"Bakianto Firgantoro, S.Kom",Further education lecturer,CV Wahyudin Tbk,Maluku Utara
6e3e5812,Kayla Kuswandari,Archaeologist,Perum Rajasa Wibowo Tbk,Jambi
5342fc04,Dr. Bahuwirya Rahmawati,Textile designer,Perum Halimah Laksita,Kalimantan Timur
151e312a,Prasetyo Kurniawan,Clinical psychologist,PT Hidayat,Kalimantan Selatan
920c0340,"Hartana Winarsih, S.Pd",Information systems manager,UD Damanik Puspasari,Sulawesi Selatan
2f9fc324,R. Kasiyah Wijayanti,Dancer,PT Gunarto Kuswandari,Jawa Tengah
71e17609,Cinthia Oktaviani,Estate manager/land agent,PD Astuti,Lampung
79da904b,"Hendra Nugroho, M.TI.",Stage manager,PT Pangestu Zulkarnain,Aceh
922f0a81,Endah Halim,Medical illustrator,UD Utama Sihombing,Riau
e80fc68d,Kajen Suwarno,Holiday representative,UD Manullang,Sulawesi Tenggara
a57ff890,Elisa Haryanto,Mining engineer,PT Widiastuti,Sulawesi Tenggara
c212df87,Vino Mahendra,Chemical engineer,Perum Putra Putra,Kalimantan Selatan
4227b2d9,Dewi Wahyudin,Advertising account planner,PT Suryatmi Iswahyudi,Maluku Utara
34dc71ed,Hasan Yuliarti,Diagnostic radiographer,Perum Ardianto Anggraini (Persero) Tbk,Aceh
a4404a78,Septi Pranowo,Production engineer,CV Fujiati Tbk,Bengkulu
8197579d,Diana Sirait,Administrator,CV Usada Thamrin Tbk,Maluku
33a24901,"Radika Pratiwi, S.I.Kom",Armed forces operational officer,CV Wibisono Widodo Tbk,Nusa Tenggara Barat
b4f43dcd,Hafshah Nugroho,Community pharmacist,PD Adriansyah Dongoran,Sulawesi Utara
aaebabc8,"Banawi Hardiansyah, M.M.","Engineer, automotive",PD Nasyidah,Bali
9287308d,Caturangga Hidayanto,"Merchandiser, retail",CV Haryanti Hidayanto (Persero) Tbk,Kepulauan Riau
3ec21c88,Almira Irawan,Arts administrator,UD Wibowo Siregar,Maluku
1da68e38,Cinthia Hutapea,"Education officer, environmental",PD Pradipta Tbk,Sulawesi Tenggara
9a515370,Widya Nugroho,Ergonomist,PD Utama Tbk,Nusa Tenggara Timur
4140527f,Sutan Mulyanto Wahyuni,Transport planner,Perum Irawan,Riau
59cf67ee,Agus Wastuti,Commercial horticulturist,PT Saragih,Kalimantan Timur
f12e79d4,Keisha Situmorang,Best boy,UD Gunarto,Banten
5e0d1469,Jarwa Budiman,Chief Marketing Officer,PT Sitorus Tbk,Jambi
818c1e93,Raisa Halim,Camera operator,PT Sihotang,Maluku Utara
57187297,Warji Hakim,Risk analyst,Perum Firgantoro Kusumo Tbk,Bengkulu
b2f32835,Faizah Maheswara,Software engineer,CV Nasyidah Prasetyo,Aceh
77702867,Suci Kurniawan,"Embryologist, clinical",Perum Napitupulu (Persero) Tbk,Jawa Timur
17e32350,Kania Utama,Hospital pharmacist,PD Tamba Tbk,Jawa Timur
002c9d6c,Vera Permadi,Video editor,Perum Ardianto Prayoga Tbk,Sulawesi Selatan
845142d3,Balamantri Rajasa,"Biochemist, clinical",CV Zulkarnain Narpati Tbk,Jambi
277b180a,"Fathonah Prasasta, S.I.Kom",Research scientist (maths),CV Latupono (Persero) Tbk,Papua
7d0cdd45,Karma Marpaung,Outdoor activities/education manager,Perum Saputra,Kepulauan Riau
2e8468b3,Mala Hutapea,Museum/gallery conservator,UD Fujiati Wahyuni,Kalimantan Selatan
513a06db,"R.M. Gandi Mangunsong, S.Kom",Youth worker,Perum Simbolon,Sulawesi Tenggara
2a7f7b07,Violet Yulianti,IT consultant,UD Hasanah,Lampung
84734e66,"Rachel Waskita, M.TI.",Ranger/warden,Perum Jailani Prakasa,Jambi
19647df4,Balamantri Haryanti,Animator,Perum Pranowo Nurdiyanti (Persero) Tbk,Bengkulu
0eeea66f,"Kartika Pradipta, S.I.Kom","Geneticist, molecular",PD Winarno Tbk,Maluku
7a7ba6ad,"Anastasia Haryanti, S.IP",Financial planner,PD Lazuardi Salahudin,Aceh
d62926a0,"Yance Wacana, S.E.I",Artist,PD Puspita,Kalimantan Barat
8acb0b08,"Titi Kuswoyo, M.Pd",Mining engineer,PT Tarihoran Wahyuni Tbk,Lampung
c01919f0,Galuh Saragih,Publishing copy,PT Kuswoyo Ardianto (Persero) Tbk,Lampung
a2bcaa55,"T. Narji Agustina, S.IP",Pathologist,CV Wibisono Anggriawan,Maluku
1cc4729d,Hj. Alika Gunawan,Manufacturing systems engineer,PD Prasasta (Persero) Tbk,Aceh
16c97858,Tgk. Karen Pertiwi,"Optician, dispensing",PT Wahyudin (Persero) Tbk,Kalimantan Barat
15a696f4,"Laila Nababan, S.Gz",Minerals surveyor,CV Maheswara Oktaviani Tbk,Nusa Tenggara Barat
b43fc072,Lili Situmorang,Higher education careers adviser,CV Nurdiyanti Tbk,Jawa Timur
070bddc0,"Darman Pangestu, S.I.Kom",Film/video editor,PT Hutapea Maheswara Tbk,Nusa Tenggara Barat
d862f3b7,Septi Winarsih,Retail banker,Perum Widodo Tbk,DKI Jakarta
0d28cee3,"Empluk Natsir, M.Kom.",Ceramics designer,CV Halimah Hardiansyah,Jawa Tengah
19868fbf,"Ir. Cakrajiya Pratiwi, M.TI.",Advertising account planner,CV Napitupulu Rajata,DI Yogyakarta
78258a3b,"Ella Samosir, M.Farm",Printmaker,PT Habibi Mulyani,Nusa Tenggara Timur
d61c66e3,"Bakiadi Hakim, M.Kom.",Insurance broker,UD Januar (Persero) Tbk,Kalimantan Timur
00270b6f,Laila Siregar,Quality manager,CV Rahmawati Suartini (Persero) Tbk,Sulawesi Selatan
6800fb61,Melinda Prayoga,Leisure centre manager,Perum Kuswoyo,Kalimantan Barat
c39d6abf,"Cakrabuana Pangestu, S.Ked",Animal technologist,PD Haryanto,Sumatera Selatan
1aa35c58,Panca Irawan,Energy engineer,PD Wahyudin (Persero) Tbk,Jawa Tengah
14486cf7,Tiara Nainggolan,Solicitor,UD Waskita (Persero) Tbk,Maluku
c9a8874b,"Patricia Namaga, S.T.","Designer, textile",Perum Saptono Dongoran,Aceh
20bbc7bb,Puput Samosir,Television floor manager,PT Pudjiastuti (Persero) Tbk,Aceh
ed2d0b5e,Winda Kurniawan,Amenity horticulturist,PD Waluyo Tbk,Kepulauan Bangka Belitung
c2ac778c,Hj. Zalindra Nuraini,Sales promotion account executive,CV Rajata,Sulawesi Tenggara
00c065e0,Sakti Najmudin,Chartered legal executive (England and Wales),Perum Hasanah Hidayat,Sumatera Selatan
abda4991,Ganda Mahendra,Curator,UD Pranowo Uyainah,Sulawesi Utara
25c1478d,Tina Haryanti,"Teacher, special educational needs",PD Waskita Nasyidah,Bali
02b27405,"dr. Nrima Najmudin, M.Ak","Sales professional, IT",Perum Uwais,Bengkulu
737388c4,Jabal Mahendra,Sales promotion account executive,PD Wulandari Yuliarti,Kepulauan Bangka Belitung
0477718d,T. Bakidin Melani,Insurance claims handler,PT Hidayanto Mandasari Tbk,Jawa Tengah
9476c2af,Adinata Hutapea,Chief Strategy Officer,UD Narpati (Persero) Tbk,Nusa Tenggara Barat
1aa368ce,Adikara Yuniar,Higher education careers adviser,Perum Latupono,Kalimantan Tengah
e6ef74e8,"Kamal Kusumo, S.Farm",IT sales professional,CV Maulana Manullang,Jawa Tengah
736630c8,"Tgk. Asman Laksmiwati, S.IP",Social worker,CV Adriansyah Puspita (Persero) Tbk,Gorontalo
c18b07c6,"Indah Rahmawati, S.Psi",Graphic designer,CV Pranowo Tbk,Kalimantan Timur
614576ea,Hafshah Putra,Oceanographer,UD Setiawan,Kalimantan Utara
38b6e770,Anom Ramadan,Broadcast journalist,PD Purnawati Mulyani,Maluku
4727b214,Ir. Rama Jailani,Television production assistant,PT Pradipta (Persero) Tbk,Jambi
7baeb25c,Raisa Simanjuntak,"Nurse, adult",Perum Latupono Ramadan Tbk,Sumatera Selatan
40e94e6c,Estiono Sihombing,Patent attorney,Perum Andriani Samosir Tbk,Bali
2959f094,Ulva Aryani,"Engineer, manufacturing",UD Suryono Pangestu Tbk,Jawa Timur
ddc10530,Ophelia Haryanti,"Pharmacist, community",UD Halimah Damanik (Persero) Tbk,Banten
aa5c3ef0,H. Mulya Nuraini,Sports administrator,CV Suryatmi,Sulawesi Tenggara
2fef3419,Najam Setiawan,"Surveyor, planning and development",CV Winarsih (Persero) Tbk,Jambi
c052cfa8,Adinata Kusumo,"Engineer, chemical",PT Mansur,Sulawesi Barat
9827add4,"Dr. Elvin Utama, S.Psi",Fitness centre manager,Perum Mangunsong (Persero) Tbk,Jawa Barat
f64ccdd3,Nasrullah Maryati,Trade union research officer,UD Saptono,Jambi
95b57327,Yani Santoso,Politician's assistant,PT Wulandari (Persero) Tbk,Sumatera Utara
930891cb,"Ian Saptono, M.Ak",Advertising art director,PT Saragih Tbk,Jawa Barat
a87883cb,Ajiman Tamba,Sports coach,CV Tarihoran (Persero) Tbk,Kalimantan Barat
9e146515,drg. Tedi Yuliarti,Animal technologist,CV Sudiati,Riau
c7851df8,"Ade Wahyuni, S.I.Kom",Comptroller,CV Anggriawan Tbk,Jawa Timur
e0bcc1c6,Kasiran Halimah,Manufacturing systems engineer,CV Nainggolan Pertiwi (Persero) Tbk,Sulawesi Utara
a43c132a,Ika Saragih,Careers information officer,UD Thamrin Novitasari Tbk,Nusa Tenggara Barat
ea717eed,"Ajimin Manullang, M.TI.",Clinical psychologist,PD Pertiwi Setiawan,Bali
a547c749,Garang Saputra,Artist,CV Manullang Purwanti Tbk,Bali
abd45e73,Lamar Halim,"Nurse, children's",PD Wulandari,DKI Jakarta
5db2bbf1,"Ika Sinaga, S.Kom",Chartered accountant,UD Anggriawan,Maluku Utara
a4d217c6,Julia Halim,Occupational therapist,Perum Tampubolon Tbk,DI Yogyakarta
03a5ff4b,Prima Siregar,"Surveyor, rural practice",PT Padmasari,Jawa Tengah
3441c9d4,Laras Suryono,"Psychologist, counselling",UD Laksita Tbk,Sulawesi Tengah
45f3365f,Cinthia Puspita,Camera operator,PT Handayani Putra (Persero) Tbk,Kalimantan Utara
805ec4a8,"R.A. Wani Ardianto, S.Ked",Hospital pharmacist,UD Kuswoyo,Papua
0d358a82,T. Galih Palastri,Chartered certified accountant,UD Kuswandari Halim,Kalimantan Selatan
c47de7ec,Dasa Megantara,"Geologist, wellsite",CV Wasita Habibi (Persero) Tbk,Kepulauan Riau
cb3d5b50,Erik Hartati,Paediatric nurse,CV Safitri Natsir (Persero) Tbk,Papua Barat
141ad27f,Darimin Marbun,Television floor manager,PT Waluyo Winarno,Jawa Barat
3d2096e4,Silvia Prasasta,Industrial buyer,PT Prasasta,Aceh
eefdfc67,"Hj. Elvina Saefullah, S.Pd",Recycling officer,UD Usamah (Persero) Tbk,Maluku Utara
80aaa4d2,Malika Mahendra,Fast food restaurant manager,CV Uyainah Prasetya (Persero) Tbk,Sumatera Selatan
9af0372a,"Cut Uli Hutasoit, M.Pd",Dance movement psychotherapist,UD Pudjiastuti (Persero) Tbk,DKI Jakarta
c8cf153c,Ratih Mandasari,Theatre manager,PD Prayoga Prasetya Tbk,Bengkulu
fd9c8fda,Kasiyah Suartini,TEFL teacher,CV Farida Hutasoit,Kepulauan Riau
7d494d94,Jindra Rajasa,Ceramics designer,Perum Budiyanto,Jawa Timur
8da072f1,"Dalima Sitorus, S.Ked",Logistics and distribution manager,CV Budiyanto,Bengkulu
27e7a3f4,"Sakura Suryatmi, M.Kom.",Media planner,Perum Gunarto,Jawa Timur
b54b1188,Gandi Winarsih,Patent attorney,Perum Wijayanti Riyanti (Persero) Tbk,Jawa Tengah
5bf93413,Samsul Budiman,Textile designer,Perum Saefullah Safitri,Kalimantan Barat
0a0eca58,Lala Kusmawati,Health and safety adviser,Perum Widiastuti Zulaika,Papua
cd93dce6,Ratih Halim,Corporate investment banker,Perum Ramadan Gunawan (Persero) Tbk,Sumatera Selatan
57267a31,"Rizki Pertiwi, S.Pt","Sales professional, IT",PD Rajasa,DI Yogyakarta
dcd85ee4,R. Zaenab Najmudin,"Designer, exhibition/display",UD Halim,Kalimantan Timur
9f6b8571,Bakiono Prasetya,Medical physicist,PT Lailasari (Persero) Tbk,Kalimantan Tengah
a97ba565,Diana Irawan,"Restaurant manager, fast food",CV Usamah,Aceh
f4d04ad1,Ir. Juli Firgantoro,"Accountant, chartered",CV Wahyudin Utama (Persero) Tbk,Gorontalo
fdffea58,Ajimin Simbolon,Dealer,CV Prabowo Napitupulu,Sulawesi Tenggara
f6bb612b,Raina Aryani,"Teacher, early years/pre",Perum Pranowo Mustofa,Papua Barat
3629568b,Hana Novitasari,Visual merchandiser,UD Napitupulu Rahmawati,Maluku
aac44c97,Garan Waskita,Ranger/warden,UD Tarihoran Pertiwi (Persero) Tbk,Sumatera Utara
bf698d62,Aswani Melani,Armed forces operational officer,CV Fujiati Tbk,Kepulauan Bangka Belitung
8085f339,Wasis Megantara,Location manager,PT Wahyuni,Kalimantan Utara
d655248a,"Ir. Anastasia Pudjiastuti, S.Gz",Research scientist (physical sciences),PT Halimah (Persero) Tbk,Kalimantan Barat
a197913b,Karen Napitupulu,Technical sales engineer,UD Padmasari Hasanah Tbk,Sulawesi Utara
8073eb00,"Queen Marpaung, S.I.Kom","Social research officer, government",UD Haryanti,Kalimantan Barat
15c67d0f,Olga Pudjiastuti,Technical brewer,PD Anggraini Firgantoro,Bali
9f144b9b,Rahmi Latupono,Fisheries officer,PD Mandasari Farida (Persero) Tbk,Riau
d7c74669,Widya Farida,"Lecturer, further education",Perum Mustofa (Persero) Tbk,Sumatera Barat
30477a78,Balijan Astuti,"Psychologist, occupational",CV Pertiwi Tbk,Maluku
22894013,Azalea Usada,Leisure centre manager,CV Situmorang,Kalimantan Timur
e8768ece,"Tgk. Mulya Wastuti, S.Ked","Surveyor, land/geomatics",CV Wasita Palastri,Nusa Tenggara Barat
4b291790,Kenari Iswahyudi,Nature conservation officer,CV Wacana Dabukke,Kalimantan Tengah
0a66b65e,"Jelita Nuraini, S.T.",Radiation protection practitioner,PT Tarihoran,DKI Jakarta
df8e0a07,"Dr. Eko Lailasari, S.Sos",Dietitian,UD Firmansyah Waluyo Tbk,Jambi
2becd4ac,Anita Sitompul,Logistics and distribution manager,Perum Sudiati Waluyo,Aceh
5d44e18c,"Mahesa Nasyiah, S.Gz","Psychologist, sport and exercise",PT Utama Nasyidah,Jawa Timur
720e2098,Dr. Suci Sudiati,Government social research officer,CV Pradana,Jambi
13bafac6,dr. Kunthara Purwanti,IT trainer,Perum Purwanti,Maluku
7c7837c0,Faizah Uwais,"Lecturer, further education",CV Sihotang Hutapea,Papua Barat
915da765,"Sidiq Hidayat, M.Ak",Leisure centre manager,UD Mustofa Pradipta Tbk,Kalimantan Barat
cfc04e54,Jarwadi Saptono,"Scientist, product/process development",Perum Puspita Sihotang Tbk,Papua Barat
6c2eb99c,Padmi Susanti,Industrial/product designer,PT Uyainah Rajasa,Maluku
e4e5b8e7,Puji Purnawati,Environmental education officer,CV Prasetyo Pudjiastuti Tbk,Bengkulu
c5d2595e,Nadine Sitompul,"Horticulturist, amenity",PT Prakasa,Sulawesi Tenggara
64c056c1,"Hj. Tami Andriani, S.I.Kom","Teacher, music",Perum Wasita (Persero) Tbk,Bengkulu
c5c20fb7,Kuncara Mardhiyah,Microbiologist,PT Pratiwi (Persero) Tbk,Kepulauan Riau
012ccdf8,Asmuni Nasyidah,Youth worker,PD Prasetyo Riyanti,Papua
60424366,"Hj. Fathonah Wibisono, M.TI.",TEFL teacher,CV Suwarno Tbk,Bengkulu
1eb5c3ef,"Hj. Yuliana Thamrin, M.M.",General practice doctor,CV Mangunsong Tbk,Sulawesi Tengah
2f9ff4f7,"dr. Kayla Pangestu, S.Ked",Lawyer,Perum Sihotang Permata,Sulawesi Barat
f8d52b7b,R. Galur Padmasari,Clinical embryologist,UD Marpaung (Persero) Tbk,Kalimantan Utara
4a4721db,Ika Suartini,Product designer,PT Yuniar,Riau
28f69a0c,"Ridwan Purnawati, S.Kom",Claims inspector/assessor,PT Prabowo Nugroho,Nusa Tenggara Timur
bfe8890a,"Kalim Sihombing, M.TI.",Chartered certified accountant,PT Novitasari (Persero) Tbk,Nusa Tenggara Timur
34752d51,Anita Sihombing,Automotive engineer,CV Prasetyo,Kalimantan Timur
5c0b2c55,Sari Kuswoyo,Animator,Perum Anggriawan (Persero) Tbk,Kalimantan Utara
c74b33e0,"Ir. Kamila Kusumo, S.T.",Hospital pharmacist,CV Siregar Suryono (Persero) Tbk,Kalimantan Tengah
e09e14cf,Yance Yuliarti,"Teacher, music",CV Manullang Thamrin Tbk,Maluku
a114a094,Juli Saragih,"Nurse, adult",PT Riyanti (Persero) Tbk,Kalimantan Utara
82c2f147,Tgk. Restu Winarno,Recycling officer,CV Halim (Persero) Tbk,Maluku Utara
cbb245bd,Prakosa Firmansyah,Cytogeneticist,Perum Wasita Hariyah,Sumatera Barat
99c4f822,Dina Zulkarnain,Musician,UD Winarno,DKI Jakarta
22ff879d,"Marsito Waluyo, S.Pt",Chartered loss adjuster,PT Irawan,Gorontalo
fca63a9a,Violet Iswahyudi,"Engineer, water",Perum Purwanti Tbk,Riau
dabbc268,Gatra Permata,"Psychologist, occupational",PT Jailani (Persero) Tbk,Banten
6b32c636,Ami Kusumo,Quality manager,CV Susanti Iswahyudi (Persero) Tbk,Sulawesi Utara
8655611d,R. Citra Prastuti,"Engineer, electrical",Perum Siregar Utama,DKI Jakarta
7306d487,Mila Firmansyah,"Psychologist, forensic",PD Rajata Tbk,Bali
ed21cafb,Tgk. Gina Dongoran,"Therapist, occupational",PD Habibi Tbk,Kepulauan Bangka Belitung
45439f75,"Bella Sitompul, S.Kom",Human resources officer,PD Mardhiyah Zulaika Tbk,Bali
11f1754a,Marsito Siregar,Fashion designer,Perum Permata,Sumatera Utara
4ee89458,Utama Nababan,Corporate treasurer,Perum Januar,Sumatera Utara
37d98106,Cecep Dabukke,"Nurse, mental health",PD Wahyuni (Persero) Tbk,Maluku
d47766f0,Manah Handayani,Lobbyist,PD Agustina (Persero) Tbk,Maluku
d8d7c162,Hesti Palastri,Archaeologist,CV Wibisono Kurniawan,Bali
113863bd,Bakiadi Mardhiyah,Optometrist,UD Situmorang Tbk,Sumatera Selatan
9be91cf5,"R.A. Clara Setiawan, M.M.",Hospital pharmacist,Perum Hastuti,Kalimantan Timur
ba4d698f,Laila Latupono,Television floor manager,PD Santoso Anggriawan,Maluku
014560ae,Padma Siregar,"Administrator, local government",UD Pangestu Tarihoran Tbk,Sulawesi Tenggara
d4dd9a57,"drg. Jayeng Mandasari, M.Ak",Health service manager,CV Budiman Suryatmi,Aceh
382a3aae,Cahya Nasyiah,Call centre manager,UD Jailani Tbk,Sulawesi Tenggara
077c2475,Galak Prabowo,"Administrator, local government",UD Winarno Pradipta,Kepulauan Riau
c57dd4f3,"Ir. Gasti Halimah, S.E.I",Personal assistant,Perum Saputra Yuliarti,Kepulauan Riau
45fb5441,"Fitria Santoso, S.Ked",Electronics engineer,CV Astuti (Persero) Tbk,Maluku Utara
a1c5d7b9,"drg. Paramita Yuniar, S.Ked",Careers information officer,CV Budiman Nababan,Sumatera Barat
df484617,"R.A. Cornelia Oktaviani, S.IP",Chief Operating Officer,CV Haryanti,Papua
db1e46fe,Arsipatra Hidayanto,Estate manager/land agent,Perum Nugroho,Jawa Tengah
0fbe0531,Dr. Julia Permata,Armed forces operational officer,UD Hassanah Mandasari (Persero) Tbk,Lampung
3d095a3d,Patricia Kuswoyo,"Accountant, chartered public finance",UD Yulianti Lestari,Jawa Tengah
03051650,Ellis Wibowo,Herpetologist,PD Pangestu,Maluku
192abbef,Puspa Wastuti,Water quality scientist,PT Uyainah Lestari Tbk,Kalimantan Tengah
2eee17f5,Dr. Bambang Pangestu,Commissioning editor,Perum Simbolon Tbk,Papua Barat
2cc2672c,drg. Almira Dongoran,Private music teacher,PT Ardianto Jailani,Kalimantan Tengah
75307893,Clara Siregar,Health physicist,Perum Sihombing Susanti,Jawa Timur
8ec627db,Malik Sitompul,Water quality scientist,UD Samosir Tbk,Sulawesi Tengah
234e0806,Lukita Handayani,"Teacher, secondary school",PT Marpaung,Papua
ed97aac8,Tirta Sihotang,Trading standards officer,UD Pradipta Hakim (Persero) Tbk,Kalimantan Utara
b5517efb,Tira Sihombing,Music tutor,PT Samosir Susanti,Nusa Tenggara Barat
5f0868b8,Arta Halim,"Nurse, adult",PD Purwanti,Kalimantan Utara
91aca3c1,Jarwi Najmudin,"Administrator, education",CV Hutapea Nababan,Jawa Tengah
87e41d21,Vino Sudiati,Senior tax professional/tax inspector,Perum Nasyidah Nasyiah (Persero) Tbk,Jambi
2adf9b2a,Aurora Firgantoro,"Accountant, chartered",PT Pradipta (Persero) Tbk,Nusa Tenggara Barat
22756d87,Tantri Zulkarnain,"Education officer, environmental",CV Saputra Tbk,Jawa Tengah
8181675b,Purwa Suartini,"Engineer, petroleum",PT Wibisono Nasyiah Tbk,Maluku Utara
38e53cdf,Lanjar Purnawati,Tourism officer,PT Hidayat Prastuti (Persero) Tbk,Gorontalo
1278da14,Gamanto Budiyanto,"Buyer, industrial",PT Mandasari Mahendra,Jawa Timur
524705bf,Michelle Waluyo,Logistics and distribution manager,Perum Sitompul,Kepulauan Bangka Belitung
1ec31fbc,Ifa Gunarto,Cartographer,PD Halim Samosir Tbk,Kalimantan Timur
fbc8ca60,Luhung Mandala,"Engineer, petroleum",PD Winarno Narpati,Sumatera Selatan
8b708d68,Nurul Megantara,Planning and development surveyor,CV Maryati,Kalimantan Tengah
8a8cd0d8,"dr. Lidya Puspita, S.Sos",Geophysicist/field seismologist,Perum Sihotang Tbk,Sumatera Utara
258df1ed,"Balijan Halimah, S.Pd",Insurance risk surveyor,PT Utami Utama Tbk,Aceh
bce7dc77,Citra Haryanti,Patent attorney,Perum Natsir Gunawan,Riau
fb8a3942,R. Olivia Siregar,"Engineer, electronics",PD Najmudin Latupono Tbk,Sulawesi Tenggara
80931910,"Cemani Nainggolan, S.I.Kom",Research scientist (medical),PD Suryono Wijaya (Persero) Tbk,Nusa Tenggara Barat
0f3e33d9,R.M. Harsaya Rajasa,Public house manager,PD Oktaviani Uwais,Kalimantan Selatan
afefb5f8,Harja Prastuti,Web designer,Perum Kusmawati (Persero) Tbk,Kalimantan Tengah
af5b2be9,Tina Sihotang,"Exhibitions officer, museum/gallery",Perum Tarihoran Dabukke (Persero) Tbk,Lampung
23d49c35,Ira Wulandari,Personnel officer,PT Sihombing Waskita,Sulawesi Utara
b28d9e82,"H. Jono Winarno, S.Ked","Research officer, trade union",PT Prayoga,Papua
5a562f40,Cayadi Mustofa,Hospital doctor,Perum Sihombing (Persero) Tbk,Bengkulu
50ffef64,"R. Olivia Usada, S.I.Kom","Doctor, general practice",Perum Yuliarti,Papua
c43e5914,Ellis Maulana,"Journalist, broadcasting",CV Sirait Tbk,Lampung
0f9aa091,H. Praba Megantara,IT consultant,UD Haryanto,Kalimantan Utara
b7716cbb,Panca Wahyudin,Public house manager,PT Dabukke Manullang,Banten
c569b30c,Lega Hastuti,Fashion designer,PD Purnawati Budiman Tbk,Sumatera Utara
9aa2ad0a,Jaswadi Palastri,Primary school teacher,PD Megantara,Gorontalo
317c3f12,Drs. Betania Puspasari,Clinical embryologist,Perum Nugroho,Sulawesi Tenggara
3f3607a0,"Ir. Lamar Mustofa, M.Kom.",Information officer,UD Andriani Sudiati (Persero) Tbk,Kalimantan Utara
4b7d57d5,Yahya Putra,"Engineer, drilling",PT Riyanti Maheswara,Gorontalo
6d95a3ac,Dr. Zahra Riyanti,"Copywriter, advertising",Perum Santoso Tbk,Maluku Utara
1662434d,"Asman Dabukke, S.Farm",Insurance underwriter,PD Irawan Tbk,Jawa Tengah
4bf06b38,drg. Ayu Marpaung,Retail merchandiser,PT Nurdiyanti Tbk,DKI Jakarta
f65d6ea3,Sari Sinaga,Financial trader,CV Saptono Tbk,Sulawesi Tengah
7b1ff4c2,Yoga Maryati,"Scientist, physiological",PT Rajata Mustofa (Persero) Tbk,Sulawesi Selatan
742c0fa5,"Bella Budiyanto, S.IP","Surveyor, mining",Perum Marpaung Tbk,DI Yogyakarta
c1947808,"Ade Permata, S.Pt",Copy,CV Laksmiwati Wibowo Tbk,Kalimantan Barat
aed267bd,Kariman Natsir,Communications engineer,UD Sudiati Hidayanto (Persero) Tbk,DKI Jakarta
353ac4d8,"R. Lega Aryani, M.Farm","Surveyor, mining",PD Astuti Halim (Persero) Tbk,Sulawesi Barat
2c923918,Kuncara Marpaung,Early years teacher,Perum Pradana Purwanti,Kalimantan Utara
13b296d1,Ega Halim,Commercial art gallery manager,Perum Wacana (Persero) Tbk,Kalimantan Utara
f08286ec,Tri Jailani,"Scientist, research (maths)",UD Wibisono Namaga (Persero) Tbk,Papua Barat
b16b7595,T. Bagya Budiyanto,Data scientist,Perum Salahudin (Persero) Tbk,Bali
03fbdf93,Indah Mansur,Early years teacher,PT Rahayu Sihombing (Persero) Tbk,Gorontalo
40ea12db,Siska Maryadi,"Teacher, English as a foreign language",CV Sudiati,Kalimantan Timur
0caa9a83,dr. Bakiono Hakim,Tree surgeon,PT Prasasta,Gorontalo
07f1fdd6,Hasna Handayani,Control and instrumentation engineer,PT Suwarno,Lampung
4685beff,"Drs. Julia Budiyanto, S.T.","Runner, broadcasting/film/video",CV Usada Suartini,Sumatera Barat
a47c25eb,Harimurti Prasasta,Electrical engineer,CV Nuraini (Persero) Tbk,Kalimantan Selatan
fd83e1a7,Aswani Lestari,Medical secretary,PT Anggriawan,Riau
04edfb60,Qori Nugroho,Fish farm manager,Perum Prakasa Tarihoran,Gorontalo
c7e51cce,Irnanto Nainggolan,Retail buyer,UD Hutasoit Suryono (Persero) Tbk,Jawa Barat
ac6c7d3c,Banawa Mayasari,Hydrogeologist,PD Putra Tbk,Nusa Tenggara Timur
fd782be1,Darmaji Mahendra,Electrical engineer,CV Hakim (Persero) Tbk,Riau
807296cd,Dr. Rina Oktaviani,Higher education careers adviser,PD Utama Tamba Tbk,Maluku
53a56d6a,Icha Mayasari,Financial adviser,UD Iswahyudi Hariyah,Bali
a0b6498d,Perkasa Puspasari,Health physicist,Perum Narpati Prayoga,Bengkulu
d9211838,Nadine Sihombing,Mining engineer,PD Pranowo Samosir Tbk,Sumatera Utara
25359574,"Muni Saefullah, S.E.",Geographical information systems officer,PD Maryadi Siregar,Sulawesi Tengah
516c8c10,Surya Laksmiwati,Medical technical officer,PD Tamba Wahyudin,Kalimantan Selatan
63720bdf,Ciaobella Utami,Social researcher,PT Nasyiah Tbk,Nusa Tenggara Timur
bd91d1f7,Padmi Haryanto,Child psychotherapist,Perum Hartati (Persero) Tbk,Gorontalo
f34caa3b,Utama Uwais,"Scientist, marine",CV Narpati (Persero) Tbk,Kepulauan Riau
5b3945a8,"Puti Ulva Rajata, S.T.","Buyer, industrial",Perum Aryani Budiyanto (Persero) Tbk,Sumatera Barat
bab17d45,Uli Puspasari,Actuary,PD Sihotang Tbk,Maluku
33662775,Koko Pradipta,Bonds trader,UD Lazuardi,Sulawesi Utara
04efd9a5,Elon Wibisono,Production manager,Perum Putra Saputra Tbk,Papua Barat
f36b206b,Nova Fujiati,Trading standards officer,Perum Hassanah Pangestu (Persero) Tbk,Jawa Barat
04d2e10a,Usman Pertiwi,"Engineer, broadcasting (operations)",UD Maryati (Persero) Tbk,Riau
2118364b,Ana Rahimah,Waste management officer,CV Sitompul Mandasari (Persero) Tbk,DI Yogyakarta
9d1b0c63,"Eka Dongoran, S.H.",Television camera operator,Perum Oktaviani,Sumatera Selatan
e6215740,Lala Santoso,"Loss adjuster, chartered",PD Melani Tbk,Sulawesi Selatan
d0b7a47c,Raden Budiyanto,Film/video editor,PD Hidayat (Persero) Tbk,Jawa Timur
9eb03bfa,Capa Safitri,"Engineer, agricultural",CV Astuti,Sulawesi Tengah
70771274,Laswi Tampubolon,"Pharmacist, hospital",Perum Saptono Ardianto,Jambi
2dd67c29,"Sutan Harjasa Wijaya, S.I.Kom",Food technologist,CV Kuswandari Tbk,Sulawesi Tenggara
55e9e3d5,H. Dirja Januar,Restaurant manager,PT Megantara (Persero) Tbk,Bali
c8483a48,"T. Gangsar Hidayat, S.Farm",Physiological scientist,PT Tamba Prasetya Tbk,Lampung
74bb739a,"Ulva Wahyuni, S.Gz",Biomedical engineer,PD Firgantoro,Kepulauan Riau
7943bf1b,Wahyu Nuraini,Data scientist,PD Sihombing Sihombing Tbk,Sulawesi Selatan
a3b58160,Nilam Kuswoyo,Bonds trader,CV Pradipta Suryatmi Tbk,Papua Barat
c2941081,Heru Sitorus,"Teacher, primary school",Perum Fujiati Novitasari (Persero) Tbk,Bengkulu
321d05eb,Omar Pranowo,Forensic scientist,PD Manullang Tbk,DKI Jakarta
a5ca3646,Kasiyah Nasyiah,Proofreader,CV Mahendra Tbk,Kalimantan Barat
75b466bd,"Sakura Purwanti, M.M.",Animal nutritionist,CV Mansur (Persero) Tbk,Papua Barat
98783468,Tgk. Mariadi Thamrin,"Engineer, manufacturing",PD Widodo Safitri,Sulawesi Utara
4ba6c038,Maria Anggriawan,Armed forces logistics/support/administrative officer,PD Maulana Tbk,Gorontalo
01ebeaa5,"Sutan Laswi Kusumo, S.Ked",Clinical molecular geneticist,Perum Pratiwi Dongoran (Persero) Tbk,Sulawesi Utara
e1236462,H. Himawan Rajasa,Ceramics designer,CV Nasyiah Tbk,Nusa Tenggara Barat
2a8950ef,Hasan Salahudin,Environmental health practitioner,PD Laksmiwati,Jawa Barat
a8037290,"Mahesa Marbun, S.Farm",Chartered certified accountant,PD Susanti (Persero) Tbk,Kalimantan Barat
91b172db,Diana Yolanda,"Engineer, maintenance",CV Wahyudin Maheswara,Maluku Utara
22c4354d,Rini Wijaya,Educational psychologist,CV Permadi Pratama Tbk,Sulawesi Selatan
f3cb3c3c,"Kayun Waluyo, S.Farm",Oncologist,PT Puspita Tbk,Kalimantan Selatan
6db40ba7,Zamira Siregar,Office manager,PT Yulianti Hidayanto Tbk,Papua Barat
fbff514c,Taswir Pangestu,Risk analyst,UD Usada,Papua Barat
b4f8ce96,Puti Maida Mardhiyah,"Surveyor, insurance",PD Mansur Tamba,Gorontalo
c1dad236,Caket Purwanti,"Teacher, special educational needs",Perum Prasetyo,Sulawesi Selatan
d47dc0b1,Balapati Uyainah,"Engineer, control and instrumentation",PT Novitasari Tbk,Kepulauan Riau
bb79c5c7,"KH. Teddy Pranowo, S.Psi",Wellsite geologist,Perum Hassanah,Papua
7609370a,"Kayun Samosir, M.Pd",Secondary school teacher,PT Winarno Hassanah,Lampung
f3374d1a,R. Kamal Ardianto,"Administrator, charities/voluntary organisations",Perum Napitupulu Zulaika,Sulawesi Tengah
8a392de5,Sarah Damanik,Barrister,CV Najmudin Tbk,Sumatera Utara
5bde2d1c,"Ida Tarihoran, S.Ked",Nutritional therapist,CV Tarihoran Nasyiah,DKI Jakarta
8ba240b6,"Nugraha Kurniawan, S.I.Kom",Lobbyist,CV Kurniawan Rajasa Tbk,Jambi
2dbd134b,Amelia Saefullah,Furniture designer,PD Firgantoro Tbk,Gorontalo
b0b1cf7d,"R.M. Darmaji Gunawan, S.Pt",Gaffer,PD Wibisono Usamah Tbk,Bengkulu
3e9a970a,"R. Sabrina Laksmiwati, S.Farm",Government social research officer,UD Damanik Tampubolon,Sumatera Barat
4e10504e,Kemba Uwais,Commissioning editor,Perum Halim (Persero) Tbk,Kepulauan Riau
484c6c99,Gabriella Maryati,Physiological scientist,PD Mandasari Nugroho,Kalimantan Timur
74fc1a4a,Harimurti Jailani,Estate agent,UD Putra (Persero) Tbk,Nusa Tenggara Barat
f57f46c0,Ibrani Prayoga,Clinical psychologist,CV Prastuti,Nusa Tenggara Timur
8dd48581,"Sutan Setya Mustofa, S.E.I","Geologist, wellsite",Perum Sinaga,Aceh
bac937a6,Lamar Adriansyah,Television production assistant,UD Sitompul Waskita Tbk,Bali
1f6b242a,"Luhung Mayasari, M.TI.",Community education officer,CV Oktaviani (Persero) Tbk,Jawa Barat
5de947f9,Raina Lailasari,"Scientist, physiological",PD Rahimah (Persero) Tbk,Jawa Barat
c1b06c03,Daru Suryatmi,Hotel manager,CV Sihombing Prasetyo Tbk,DKI Jakarta
1eae2e30,"Karta Agustina, S.Farm",Chartered loss adjuster,CV Wijayanti Haryanto (Persero) Tbk,Kalimantan Barat
904e20f1,dr. Yani Sihombing,Geochemist,CV Suwarno,Gorontalo
574efe2f,Hardana Melani,"Designer, graphic",CV Usamah Handayani (Persero) Tbk,Sulawesi Tengah
98849cde,Cahyanto Sihotang,Make,UD Saefullah,Kepulauan Riau
9ea9c3e8,Kayla Wahyuni,Technical sales engineer,UD Laksita,Sulawesi Tenggara
5380a31e,Karman Hasanah,Music therapist,Perum Mansur Adriansyah Tbk,Jambi
f29af96f,Ulva Yolanda,"Programmer, multimedia",CV Mayasari Wulandari (Persero) Tbk,Kalimantan Selatan
cdc9e6c7,"Capa Nuraini, S.Pd",Chiropodist,Perum Lazuardi Pradana,Jambi
7887e66a,Ozy Novitasari,Dance movement psychotherapist,UD Sihombing,Maluku Utara
c508a440,Padma Wacana,"Engineer, drilling",CV Tarihoran Sitompul Tbk,Kalimantan Utara
ce3bb169,Tgk. Teddy Megantara,Special effects artist,PD Wibisono Irawan (Persero) Tbk,DKI Jakarta
a6300189,"Gilang Purnawati, S.IP",Ambulance person,PD Hidayat (Persero) Tbk,Gorontalo
f0551df3,Bakijan Rajasa,"Surveyor, building control",PD Hasanah (Persero) Tbk,Sulawesi Tengah
1f2d9743,Jessica Widodo,Jewellery designer,UD Mardhiyah Nasyiah (Persero) Tbk,Sulawesi Selatan
0bf0edd6,Chelsea Tarihoran,Electrical engineer,UD Santoso Salahudin,Jambi
0726cc6e,"KH. Cahyadi Hutasoit, S.Pt",Public relations officer,Perum Yulianti Purwanti,Kalimantan Utara
7b0ac428,Febi Rahimah,"Teacher, special educational needs",PT Mansur Tbk,Bengkulu
0d01eee6,Labuh Prasasta,"Journalist, magazine",PD Hastuti (Persero) Tbk,DKI Jakarta
c8e2623c,Asirwanda Pratiwi,Accounting technician,UD Gunarto,Jawa Timur
ec62c677,Atmaja Pratiwi,Theatre stage manager,UD Marbun Nasyidah Tbk,Jawa Timur
7443f0e5,Salimah Yuniar,Hospital doctor,CV Tarihoran Prayoga Tbk,Lampung
14e3a287,"Karta Widiastuti, S.Psi","Designer, exhibition/display",PT Wahyudin Saefullah,Kepulauan Riau
aa75b8e7,Hj. Fitria Nasyiah,"Horticulturist, amenity",CV Sirait Mandasari (Persero) Tbk,Jawa Barat
50222ab4,Makuta Hastuti,Health and safety inspector,Perum Usamah,Aceh
e17de80f,"Bakijan Kuswoyo, S.Kom","Engineer, energy",PT Widiastuti Tbk,Maluku Utara
2e52d169,Zahra Hidayat,Amenity horticulturist,PD Mustofa,Nusa Tenggara Barat
5da5001b,Pia Hariyah,Investment analyst,CV Sirait,Kalimantan Barat
e3c33016,Raina Suartini,Pharmacologist,PT Mandala Aryani,Kalimantan Barat
eb7c3780,Maria Saefullah,Actuary,PD Narpati Tbk,Kalimantan Utara
26e593c1,"Dr. Suci Winarsih, M.TI.",Public relations account executive,CV Suryatmi Hidayanto (Persero) Tbk,Aceh
5d9fd50c,T. Reksa Marbun,Aid worker,CV Utama Handayani,Riau
d48f99e8,Ozy Hardiansyah,Legal executive,UD Wijayanti Tbk,Jambi
1c49d69f,"Ibrahim Pratiwi, S.E.",Magazine journalist,Perum Haryanto,Sulawesi Barat
252735f7,Cornelia Budiman,International aid/development worker,UD Napitupulu Riyanti,Kalimantan Utara
54005383,Luwes Sinaga,Meteorologist,Perum Kusmawati,Nusa Tenggara Timur
6ee73362,Yani Mangunsong,Warden/ranger,PD Latupono Maryadi,Bali
2b0571f9,"R.A. Diah Irawan, S.H.",Glass blower/designer,Perum Najmudin Tbk,Banten
536b6402,Puti Winarno,Tree surgeon,PD Andriani Saptono (Persero) Tbk,Aceh
3e7e6245,Karsana Wahyudin,Chartered loss adjuster,Perum Tamba Widodo Tbk,Jawa Tengah
baa13b68,"Tgk. Lutfan Natsir, S.Sos","Scientist, product/process development",Perum Rahimah (Persero) Tbk,Sulawesi Tenggara
ae7ebcdd,Rahmi Iswahyudi,Theatre director,Perum Wahyudin,Kalimantan Selatan
88612655,Clara Novitasari,Acupuncturist,UD Yuliarti Sitorus Tbk,Bali
606e955f,"Jaswadi Natsir, S.H.",Corporate investment banker,UD Hutapea Agustina Tbk,Maluku Utara
b302164b,Sutan Kunthara Wasita,Interior and spatial designer,Perum Hariyah Nababan,DI Yogyakarta
b1fc9493,"Cut Nilam Hakim, S.T.",Energy manager,PT Hartati Tbk,Maluku
bcc3c73e,"Gasti Mulyani, M.Farm",Recycling officer,UD Utama Pudjiastuti Tbk,Aceh
2ddf587c,"Hj. Tina Waluyo, M.Farm",Emergency planning/management officer,PT Mandala Tbk,Maluku
8fd7e166,Margana Yulianti,Dietitian,CV Hakim,Sulawesi Selatan
0c4c3d86,Kariman Haryanti,"Producer, radio",PD Santoso (Persero) Tbk,Kalimantan Utara
ca1e29d9,"H. Pranawa Napitupulu, S.IP",General practice doctor,CV Prayoga Tbk,Jawa Tengah
fd18102b,Sarah Hutapea,Special educational needs teacher,Perum Suryatmi,Maluku Utara
dc45018b,Raina Najmudin,Oceanographer,PD Manullang Tbk,Riau
bfa7a888,Fitriani Nugroho,"Lecturer, higher education",Perum Suryono Lazuardi Tbk,Kepulauan Riau
d6b90e25,Edison Marbun,Artist,Perum Dongoran,DI Yogyakarta
dcb20922,Puti Thamrin,"Radiographer, therapeutic",CV Yulianti Aryani Tbk,Kalimantan Utara
d1df7da1,R.M. Tedi Najmudin,TEFL teacher,UD Nashiruddin,Sumatera Utara
66f03b3c,Harsanto Prasasta,Investment analyst,CV Oktaviani Tbk,Papua Barat
d7974d6d,Raisa Napitupulu,Chartered public finance accountant,PD Hidayanto Anggraini (Persero) Tbk,Maluku
25b0b67d,Maimunah Mahendra,"Producer, radio",PD Purnawati Uwais Tbk,Jawa Timur
de6c64a2,Hamima Rajata,Pension scheme manager,PD Pratiwi Sirait,Sumatera Barat
e1c9aa5d,Kasiyah Utama,"Nurse, mental health",UD Oktaviani Marbun Tbk,Kalimantan Utara
cc902ce1,"Janet Prakasa, M.TI.",Musician,PD Rahayu,Jawa Tengah
e2d4568c,Zamira Maheswara,Fast food restaurant manager,PD Hartati (Persero) Tbk,Kalimantan Timur
b7d19ce0,Warta Wasita,Psychiatric nurse,CV Hakim Nasyiah (Persero) Tbk,Papua Barat
1d124d53,R. Febi Lestari,Television camera operator,PD Hassanah Budiman,Jambi
ec36bbb8,Rendy Narpati,Catering manager,PT Usamah,Kalimantan Selatan
00255e85,Drs. Mustika Utami,"Engineer, production",UD Nashiruddin Situmorang,Jambi
df1462b7,Gawati Aryani,Physiotherapist,Perum Tarihoran Tbk,Aceh
a3f0af88,"Yulia Wasita, S.H.",Retail buyer,UD Setiawan Tbk,Kepulauan Riau
c840382c,Tgk. Kawaya Mardhiyah,Restaurant manager,PT Utama Suryatmi,Maluku Utara
b279440c,"Ika Narpati, S.T.",Volunteer coordinator,UD Uwais Hasanah,Sulawesi Selatan
0a833e41,Satya Permadi,"Administrator, education",CV Nurdiyanti (Persero) Tbk,Sulawesi Utara
7740ed7e,R.A. Vivi Mulyani,Newspaper journalist,CV Purnawati Tbk,Jambi
bfcc8a6e,Cakrabuana Waluyo,Paediatric nurse,PD Suartini Laksita (Persero) Tbk,Jambi
60557292,T. Kenari Susanti,"Accountant, chartered public finance",Perum Kusumo,Sulawesi Tenggara
7c769f7c,Putri Usada,Personal assistant,CV Simanjuntak (Persero) Tbk,Riau
d623fc31,"Sarah Laksita, S.E.I",Geochemist,PD Rahimah Budiyanto,Riau
6bfc9942,"dr. Ami Dongoran, S.E.",Colour technologist,CV Wastuti Tbk,Riau
f8f03e7a,Cut Iriana Saputra,Mental health nurse,CV Uwais Siregar Tbk,Sumatera Barat
9cf89249,Shakila Saptono,Health and safety adviser,CV Sirait Hidayat,Riau
509a03b2,"Rachel Sihombing, S.Gz",Insurance claims handler,CV Farida Laksmiwati,Kepulauan Riau
e53b70f4,Hartaka Hidayanto,"Psychotherapist, dance movement",Perum Mayasari,Nusa Tenggara Barat
8378adc1,Anita Aryani,Nutritional therapist,UD Pertiwi,DKI Jakarta
4e62990e,Nova Irawan,Haematologist,Perum Hariyah Tbk,Kalimantan Timur
4cc0ab42,Dt. Jarwa Pradipta,Recycling officer,CV Firgantoro Rahmawati,Sulawesi Selatan
caa14507,Olivia Permadi,Surgeon,CV Mandasari Farida Tbk,Kepulauan Riau
3b60e805,Ir. Tania Waskita,"Psychotherapist, child",PD Hastuti Manullang,Sulawesi Barat
16417342,Saka Saputra,"Production designer, theatre/television/film",CV Widiastuti,DI Yogyakarta
fe93f727,Kamaria Pradipta,Newspaper journalist,Perum Nainggolan Tbk,Nusa Tenggara Timur
88269a87,"Artawan Padmasari, S.Sos",Clinical molecular geneticist,PD Simanjuntak,Maluku Utara
1ba8d905,Baktianto Nasyiah,"Designer, interior/spatial",Perum Nurdiyanti Fujiati Tbk,Kalimantan Utara
27f13428,Sadina Hidayat,"Optician, dispensing",PT Haryanto,Sulawesi Barat
8d88d01c,"Kasusra Yuniar, S.Farm",Advertising account planner,CV Firmansyah Situmorang (Persero) Tbk,Sulawesi Barat
a3628a6d,"Harjo Saputra, M.Ak",Television camera operator,PT Susanti Pradana Tbk,Bengkulu
d700c89c,Nugraha Pradana,Immigration officer,PT Megantara,Sumatera Utara
3c819387,"Paulin Palastri, S.Sos",Commissioning editor,PT Salahudin Puspasari Tbk,Kalimantan Tengah
addf8518,R.A. Queen Nainggolan,Geographical information systems officer,Perum Suartini Kurniawan,Sulawesi Utara
cee37d50,Atmaja Rahayu,Air broker,UD Kuswoyo Napitupulu,Jawa Barat
1f12f6bd,"Salsabila Safitri, S.H.","Programmer, multimedia",UD Putra Sitorus (Persero) Tbk,Papua Barat
1ae669b0,Ilsa Astuti,Purchasing manager,PD Rajasa Tbk,DI Yogyakarta
066cc512,Dina Hutagalung,"Investment banker, operational",CV Pradipta (Persero) Tbk,Maluku Utara
3e8f887f,Baktiono Fujiati,"Programmer, systems",PD Lestari Najmudin,Kalimantan Selatan
edf62881,Tania Maryadi,"Research officer, government",PT Mandala Permadi,Riau
65b1dc99,Novi Siregar,Armed forces training and education officer,CV Haryanti Hutagalung Tbk,Kepulauan Riau
ae509f39,"Yusuf Maheswara, S.Pt",Fashion designer,Perum Suryono Tbk,Bengkulu
62855338,Safina Wacana,Insurance account manager,Perum Winarsih,Nusa Tenggara Timur
c8c71de3,Farah Manullang,Automotive engineer,CV Suryono Tbk,Kepulauan Bangka Belitung
194cba16,Virman Susanti,"Psychotherapist, child",PT Permadi Santoso,Bali
22ef4a1b,Chelsea Pranowo,Industrial/product designer,PD Wasita Tbk,Maluku Utara
87d4b26e,"Hari Utama, M.Farm",Chartered loss adjuster,UD Zulaika Nasyidah,Sumatera Utara
a5627b57,"Cut Unjani Saputra, S.Kom",Lobbyist,UD Pratiwi Tbk,Banten
4c781c26,Shania Marpaung,Lawyer,UD Kusumo Tbk,Jambi
bcf4a22b,Maimunah Mustofa,Insurance risk surveyor,UD Kusmawati Permadi (Persero) Tbk,Jawa Tengah
b2e65463,Kamaria Anggriawan,Broadcast journalist,PD Lailasari Putra Tbk,Bengkulu
eb6424dc,Gina Sinaga,Production engineer,UD Yulianti Tbk,Papua
f2f7ee96,"Saka Maryati, S.IP",Tour manager,UD Laksmiwati (Persero) Tbk,Sulawesi Selatan
9c50b623,Gatra Mandasari,"Engineer, communications",Perum Oktaviani Pratiwi Tbk,Kalimantan Selatan
fd3869a9,Hafshah Wijayanti,"Education officer, community",CV Maulana Suartini Tbk,Lampung
b71c6576,Irsad Rajasa,Sports coach,PD Hariyah (Persero) Tbk,Sulawesi Barat
375ce8d7,Padmi Sitorus,"Engineer, biomedical",Perum Usamah Wulandari (Persero) Tbk,Lampung
3aed1bd2,Kamila Marpaung,Commercial art gallery manager,CV Maryadi (Persero) Tbk,Aceh
e4f1e24f,Febi Nainggolan,"Education officer, community",Perum Natsir,Aceh
e46e4b25,Citra Yuliarti,Artist,UD Astuti Agustina,Kalimantan Barat
497bc508,Drs. Karen Usada,Agricultural engineer,UD Prakasa Tbk,Aceh
42aa5893,drg. Hesti Nuraini,Politician's assistant,UD Padmasari Hakim,Sulawesi Tengah
c63149da,Uchita Manullang,Public librarian,PD Purnawati Gunarto,Kepulauan Riau
30a21b4d,Calista Hariyah,Museum/gallery curator,UD Suartini Adriansyah Tbk,Lampung
cfbe66e4,Danuja Agustina,Barrister,Perum Najmudin,Jawa Barat
c54b0ab5,Dr. Salwa Susanti,Maintenance engineer,PT Waluyo Tbk,Kalimantan Utara
fdc42e71,Nilam Winarsih,Television production assistant,Perum Pranowo,Jawa Timur
1ebf2464,Uli Hasanah,Orthoptist,UD Laksmiwati Rahmawati,Sumatera Selatan
54116b4b,"Jamil Budiyanto, S.Sos",Equality and diversity officer,Perum Widiastuti,Sulawesi Tenggara
9fe83cd6,"Dt. Jamal Mulyani, S.Pd",Insurance claims handler,CV Hutagalung Kuswoyo,Lampung
05fc6344,Vera Sirait,Fine artist,CV Hutagalung (Persero) Tbk,Sumatera Barat
87f356f7,"Sari Oktaviani, M.Ak",Mining engineer,CV Winarsih Kurniawan,Kalimantan Barat
4d99e9ae,Lili Mangunsong,"Therapist, drama",PD Sihombing Tarihoran (Persero) Tbk,Sumatera Barat
223dde85,"Titi Tampubolon, S.Pt",Environmental health practitioner,UD Mulyani,Jawa Tengah
c58491f6,Citra Marbun,Mining engineer,UD Santoso (Persero) Tbk,Jawa Timur
a900d5a5,T. Taswir Pudjiastuti,Food technologist,CV Tampubolon (Persero) Tbk,Bali
650ca89f,"Luwar Pertiwi, S.Psi",Acupuncturist,PD Januar,Jawa Barat
0db61f02,Usyi Yuliarti,Dancer,CV Yulianti Lazuardi Tbk,Aceh
4aed0ccd,Ajiono Hutapea,"Teacher, music",PT Oktaviani Hutapea,Kepulauan Bangka Belitung
20c69f07,Vanesa Habibi,"Psychotherapist, dance movement",PT Puspasari Hardiansyah Tbk,Banten
e65811e4,"Hani Lailasari, S.H.",Sales executive,Perum Gunawan Mangunsong,Sumatera Barat
96b7efcf,Labuh Zulaika,Company secretary,CV Nasyidah Sihotang Tbk,Kalimantan Selatan
f056aa1d,Hendri Winarsih,Consulting civil engineer,CV Ardianto (Persero) Tbk,Jawa Timur
3a7fcb97,"Mumpuni Rajasa, M.Kom.",Chiropodist,PT Suartini,Jawa Timur
c444fc78,Ir. Ani Permadi,Horticultural consultant,PT Budiman Tbk,Maluku Utara
52f03320,"Kasiyah Gunarto, M.M.",Minerals surveyor,Perum Lazuardi Mustofa (Persero) Tbk,Papua Barat
314f51c9,"H. Warta Wibowo, S.Pt",Electronics engineer,UD Narpati Pratama Tbk,Maluku Utara
68d96efa,Ir. Yuni Budiyanto,Counselling psychologist,CV Napitupulu Laksita (Persero) Tbk,Bali
a011ba6d,Diah Yuliarti,Charity fundraiser,Perum Hutagalung Prakasa,Kalimantan Barat
57bd8895,Karen Andriani,Barrister,Perum Maulana Pangestu,Sumatera Selatan
0dbed11a,Warta Nainggolan,"Engineer, civil (contracting)",Perum Kuswandari Wijayanti,Nusa Tenggara Barat
1d8dbd7e,Patricia Marpaung,Special educational needs teacher,PD Wasita Najmudin,Sumatera Selatan
d61b875e,Eli Hardiansyah,"Engineer, maintenance (IT)",PT Mustofa Damanik Tbk,Banten
97e08369,Elvina Nashiruddin,Financial adviser,PT Widiastuti Tbk,Nusa Tenggara Barat
a3293cbd,dr. Alika Dongoran,"Geologist, engineering",CV Suryono (Persero) Tbk,Sulawesi Utara
cbf1281d,Tgk. Farah Hariyah,Housing manager/officer,Perum Astuti Wijaya Tbk,Riau
6a4e6329,Gilda Gunarto,"Optician, dispensing",UD Puspita Pradipta,Bengkulu
83a882ca,Balidin Kusmawati,Town planner,UD Palastri,Sumatera Selatan
983d42ab,Tgk. Qori Mangunsong,Recruitment consultant,UD Sitompul Tbk,Lampung
a032f427,"Clara Samosir, S.IP","Sound technician, broadcasting/film/video",CV Kusumo Tbk,Kepulauan Riau
11d11d9b,T. Tirta Utami,Metallurgist,PD Damanik Situmorang,Nusa Tenggara Timur
863910d5,Puput Sihombing,Ecologist,CV Mansur Salahudin Tbk,Papua
4a622710,Lidya Damanik,Government social research officer,UD Prasasta,Maluku
c92f2067,Alambana Ardianto,Production manager,PD Yulianti Nasyidah (Persero) Tbk,Kepulauan Riau
c6f7ecba,Yuni Adriansyah,Passenger transport manager,PT Januar Nurdiyanti,Maluku Utara
445ceb8e,Kasusra Latupono,"Psychologist, clinical",PD Nasyidah Simanjuntak,Nusa Tenggara Barat
2e9ee9e3,Liman Wulandari,"Education officer, museum",CV Lestari Prasetya,Sumatera Barat
63800c38,Hendri Utama,Visual merchandiser,CV Kuswandari,Jawa Tengah
c8f18feb,"Hana Pratama, S.IP",Social worker,UD Mulyani Manullang,Bali
e8d7ef69,Dalima Suryono,Farm manager,PD Aryani Widiastuti,Kalimantan Timur
f5717ced,"Dr. Ghaliyati Napitupulu, M.Farm",Holiday representative,PD Halimah,Kalimantan Timur
6c43dec3,Nyoman Hasanah,"Civil engineer, consulting",PD Adriansyah,Jawa Timur
debfd460,Puti Saptono,"Education officer, museum",PD Handayani Tbk,DI Yogyakarta
5e9a5f90,"Oni Maryati, S.E.I",Insurance underwriter,Perum Lazuardi,Kalimantan Utara
93cb5a19,T. Carub Mangunsong,Medical illustrator,UD Gunawan Wijaya Tbk,Jawa Tengah
94c248d0,"Ophelia Nuraini, S.IP",Quantity surveyor,CV Waluyo Hakim (Persero) Tbk,Jawa Tengah
2c7b5b7d,"Puti Rahayu Mahendra, M.TI.","Engineer, chemical",PD Sihotang Rajata (Persero) Tbk,Bengkulu
16f57381,Ozy Namaga,Sport and exercise psychologist,PT Dabukke,Kalimantan Utara
9b0e4305,drg. Dalima Zulkarnain,"Surveyor, commercial/residential",UD Wastuti Uyainah,Nusa Tenggara Timur
8fab380d,Sari Narpati,Visual merchandiser,PT Damanik,DKI Jakarta
6440c217,Vanesa Hardiansyah,Furniture conservator/restorer,PD Prakasa Tbk,Banten
93d2c913,"Cut Melinda Novitasari, S.Gz",Senior tax professional/tax inspector,PT Dabukke Tbk,Papua Barat
c5e091c9,Wani Laksmiwati,"Radiographer, therapeutic",Perum Haryanto,DKI Jakarta
b259ba70,Dartono Pangestu,Barrister's clerk,Perum Simbolon Mandala,Bengkulu
0b7ca8f8,"Najwa Purnawati, M.Farm","Editor, magazine features",Perum Setiawan Wijayanti Tbk,Kalimantan Tengah
9146f6c2,"Hj. Fathonah Usamah, M.Kom.",Insurance claims handler,PT Waluyo Wasita (Persero) Tbk,Lampung
a97618e2,Balamantri Aryani,Production engineer,CV Mustofa,Jawa Barat
532e3a7f,"Tgk. Diana Natsir, M.Kom.",Outdoor activities/education manager,PT Puspita (Persero) Tbk,Jawa Timur
2ce892bb,Devi Kusumo,TEFL teacher,UD Suryatmi Gunarto Tbk,Kalimantan Utara
fb99633d,Balidin Sitorus,Gaffer,CV Nurdiyanti Mahendra,Kalimantan Timur
6a90ba0e,"Mutia Januar, S.Pt",Local government officer,UD Hidayat Winarsih (Persero) Tbk,Nusa Tenggara Barat
972bbc2b,Victoria Waluyo,Facilities manager,Perum Mangunsong (Persero) Tbk,Sulawesi Selatan
5445c26e,dr. Anggabaya Hakim,Market researcher,PT Natsir,DKI Jakarta
9a4563de,"Galih Andriani, S.Farm",Actuary,CV Nababan Tampubolon,Aceh
93e4723f,Fitriani Sinaga,"Scientist, clinical (histocompatibility and immunogenetics)",Perum Hakim Widodo,Kepulauan Riau
3451f1b9,Vega Latupono,Nature conservation officer,Perum Hutasoit,Jawa Barat
7cde3257,Pia Novitasari,Research scientist (maths),CV Salahudin,Maluku
78997bdb,"Nurul Sudiati, S.H.",Estate manager/land agent,PT Widiastuti Widiastuti Tbk,Kalimantan Barat
f78150f6,Bahuwirya Suryatmi,Recycling officer,PD Pradipta Sinaga (Persero) Tbk,Sulawesi Tengah
8f16bae4,"Dr. Timbul Farida, S.T.","Scientist, biomedical",UD Firgantoro Hardiansyah,Bali
142b61fb,Gilda Pratama,IT sales professional,PT Nashiruddin Firmansyah Tbk,Kalimantan Barat
2278370f,"Shakila Utama, S.T.",Insurance risk surveyor,PT Laksmiwati (Persero) Tbk,Sulawesi Tengah
d8554083,Makara Agustina,"Administrator, sports",CV Agustina,Jawa Tengah
7eacefef,Puti Carla Sihotang,"Lighting technician, broadcasting/film/video",PD Simanjuntak Januar (Persero) Tbk,Sulawesi Tengah
73eb3d74,Atmaja Hutasoit,Industrial/product designer,PT Widiastuti,Sulawesi Tenggara
9fb35fc6,Elvina Waskita,Museum education officer,Perum Prasasta Tbk,DKI Jakarta
e546f80b,"Paramita Jailani, S.T.","Surveyor, hydrographic",Perum Nashiruddin Tbk,Sulawesi Tengah
693561b6,"Ir. Laila Laksita, M.Kom.",Medical illustrator,CV Samosir (Persero) Tbk,Sulawesi Selatan
2367017c,"Ridwan Prastuti, S.Psi",Financial controller,Perum Aryani Wasita (Persero) Tbk,Sulawesi Tengah
e25e5ef7,Pardi Wacana,Sport and exercise psychologist,PD Rahimah,Kalimantan Tengah
fb8ab6fb,Paris Wahyudin,Veterinary surgeon,CV Maryadi Rahimah,Sulawesi Selatan
fe6503d3,Prayogo Haryanto,Sales executive,CV Wibowo Hidayat,Maluku Utara
41039d05,Darmanto Gunawan,Civil Service administrator,Perum Purwanti Novitasari,Kalimantan Tengah
643a01a1,"Reksa Aryani, M.Ak",Tax inspector,UD Fujiati Handayani (Persero) Tbk,Bali
5fd70c11,"Drs. Wawan Utami, M.Kom.",Visual merchandiser,CV Sihombing,Kepulauan Riau
699239d2,Hasan Usada,Plant breeder/geneticist,CV Saputra Laksita (Persero) Tbk,DI Yogyakarta
3d919ded,Uda Farida,"Teacher, primary school",CV Widodo,Jawa Barat
6cd76f96,Paiman Utami,"Nurse, adult",CV Sihombing Hidayanto (Persero) Tbk,Kalimantan Timur
1bf9278d,"dr. Lalita Kuswoyo, M.Farm","Designer, multimedia",UD Suryono,Sulawesi Tenggara
584cea25,Dadap Mulyani,Ranger/warden,UD Namaga Siregar,Maluku Utara
985806d6,Ir. Dodo Hartati,Veterinary surgeon,Perum Halimah Tbk,Kepulauan Bangka Belitung
2e0a0c32,Imam Fujiati,Equality and diversity officer,Perum Firmansyah Wibowo,Sulawesi Tengah
9b71ab26,Ridwan Putra,Geographical information systems officer,UD Nuraini Firmansyah,Papua
68c3a4e2,Lala Mangunsong,TEFL teacher,CV Hakim Rahayu (Persero) Tbk,Nusa Tenggara Barat
78e5e798,Devi Damanik,Museum education officer,CV Widodo Januar (Persero) Tbk,Jawa Timur
f0a65ee7,Puti Putri Oktaviani,"Education officer, environmental",PT Nainggolan Mustofa,Kalimantan Tengah
1d506c88,"Panji Kuswandari, M.M.",Podiatrist,PT Adriansyah Anggriawan,Maluku
2e3f0419,Baktianto Irawan,Dance movement psychotherapist,PD Ramadan Tbk,Jambi
b936eb25,"Sutan Vinsen Budiyanto, S.H.",Planning and development surveyor,PD Mansur,Lampung
0175f249,Elvina Mardhiyah,Office manager,Perum Widiastuti Hastuti,Sulawesi Barat
e3c084b7,"Dr. Ulva Wibowo, S.I.Kom",Geophysicist/field seismologist,PD Prabowo Nugroho,Aceh
02177813,Ir. Hamzah Tampubolon,Learning disability nurse,PD Hidayat,Kalimantan Tengah
7c655ba7,KH. Aris Rahimah,"Surveyor, land/geomatics",UD Hutapea Purnawati (Persero) Tbk,DI Yogyakarta
45bf60c7,Wisnu Irawan,Magazine journalist,PD Mardhiyah Permata Tbk,Nusa Tenggara Barat
afa5437a,Drs. Shania Anggriawan,English as a second language teacher,CV Lailasari Tbk,Maluku Utara
937ed861,"Uda Mangunsong, S.Pt",Plant breeder/geneticist,PT Sihombing,Aceh
99237ee0,"Dt. Darijan Pradana, S.Psi","Scientist, biomedical",PD Lestari,Bengkulu
7351e1b6,Latika Mangunsong,Biomedical engineer,Perum Irawan Palastri,Kalimantan Tengah
3f3262fd,Jarwadi Permadi,Gaffer,CV Mardhiyah Oktaviani (Persero) Tbk,Sulawesi Selatan
8f75f08d,"Bella Uwais, M.M.",Technical author,PD Astuti Tbk,Kalimantan Utara
ef7e3abe,Tania Laksmiwati,Operational investment banker,Perum Kuswoyo,Sulawesi Selatan
a049c3e7,H. Raharja Simanjuntak,Animal technologist,CV Iswahyudi Mustofa,Kalimantan Timur
93e2ac99,Bagus Pranowo,Control and instrumentation engineer,UD Yolanda Natsir,Jawa Tengah
c5033c83,Dr. Gara Prasetya,Economist,Perum Sihombing,Sumatera Utara
f175bfc5,R.M. Xanana Nurdiyanti,"Engineer, mining",PD Nasyidah Halim,Nusa Tenggara Barat
ad4913a4,Gangsa Uwais,Agricultural engineer,PT Pangestu Tbk,Jawa Timur
a1a79d9a,Maryadi Andriani,Production manager,CV Dongoran Uwais,Kalimantan Selatan
8f188fb6,Hj. Zulfa Saragih,Hydrographic surveyor,Perum Agustina Nashiruddin (Persero) Tbk,Sulawesi Tengah
ea54a6bf,Tgk. Ajeng Usada,Animal nutritionist,PT Suryono Prabowo (Persero) Tbk,Sumatera Utara
351e8363,Lidya Purnawati,Occupational psychologist,PT Wasita Tbk,Kalimantan Tengah
14fd0add,Jane Sitompul,Production engineer,PD Hutasoit Tbk,Kalimantan Barat
97ff1d76,"Belinda Yulianti, M.Farm",Occupational psychologist,CV Firgantoro,Lampung
5e8059ba,Tina Manullang,Medical laboratory scientific officer,CV Saputra,Kepulauan Riau
ce4ff252,"Tgk. Maryanto Megantara, S.IP",Location manager,Perum Nasyidah Sirait,Bengkulu
22e5a8f1,Yuni Nuraini,Recycling officer,PT Wasita Uyainah,Nusa Tenggara Barat
0e738e88,Edison Nababan,Housing manager/officer,PT Maheswara Nainggolan Tbk,Kepulauan Bangka Belitung
fbfc02b7,Ibrahim Haryanti,Production engineer,PD Safitri Firmansyah Tbk,Sulawesi Utara
2d3a0834,Ismail Wacana,"Editor, magazine features",PT Suwarno Hakim,Maluku Utara
40d6b4ee,R. Dadap Tamba,Fitness centre manager,PT Wahyudin Waskita Tbk,Bengkulu
83f9944c,Kayun Nurdiyanti,"Production designer, theatre/television/film",PD Natsir,Kalimantan Tengah
3b4d6dd6,Eman Pratiwi,"Production assistant, radio",UD Prastuti,Papua Barat
0e1a4cbb,Qori Adriansyah,Warden/ranger,PD Wahyudin (Persero) Tbk,Kalimantan Barat
07504fd5,"Rosman Mansur, S.E.",Management consultant,PT Hutasoit Wijayanti Tbk,Sulawesi Barat
9a88f062,"Restu Prayoga, M.Ak",Investment analyst,PT Wasita,Lampung
1ad10812,Cici Widodo,Risk analyst,Perum Hastuti Najmudin,Kepulauan Bangka Belitung
66cbc765,Umay Uwais,Textile designer,PD Sitorus Pradipta Tbk,Bengkulu
1c5a65d0,"R.A. Irma Marbun, S.T.",Translator,PT Tampubolon Lailasari,Jawa Timur
4a3234d4,Indra Padmasari,"Development worker, community",PD Hutapea Firgantoro (Persero) Tbk,Sulawesi Barat
5e8429bd,Maman Marbun,Radio broadcast assistant,Perum Yuniar Prasasta (Persero) Tbk,Sulawesi Selatan
0d82db3d,Jamalia Namaga,Civil Service administrator,PT Sitompul,Kalimantan Utara
9d3a7d42,"Raihan Wastuti, M.Pd",Technical brewer,PD Hutasoit Hutapea (Persero) Tbk,Jambi
582ccc42,Ganjaran Winarno,"Scientist, research (life sciences)",PT Wasita,Sulawesi Barat
d4a84b26,"Bakiadi Hakim, S.Farm",Community arts worker,PD Novitasari,Sumatera Selatan
fe2f98eb,"Hj. Mala Firgantoro, M.M.","Surveyor, building control",PT Firmansyah Utama (Persero) Tbk,Jawa Tengah
040d5b69,Puti Sabrina Kurniawan,Politician's assistant,PT Saptono Usada (Persero) Tbk,Sumatera Barat
8472bbb1,Ir. Paramita Yolanda,Osteopath,UD Gunarto,Jawa Timur
9dddb326,Simon Waskita,Land/geomatics surveyor,CV Sihotang Wahyudin,Sumatera Selatan
3895a4ad,Dasa Salahudin,Animator,CV Winarno Tbk,Bali
17446061,"Paulin Laksmiwati, S.Gz",Social researcher,CV Hutagalung Andriani Tbk,Jawa Timur
c0311408,"Puti Puji Suryatmi, M.Farm",Energy manager,PT Hidayanto,Papua Barat
57e65203,T. Jono Gunarto,"Restaurant manager, fast food",PD Saefullah Permadi (Persero) Tbk,Kalimantan Utara
50496af7,Sakura Anggriawan,Veterinary surgeon,CV Hakim Aryani (Persero) Tbk,Gorontalo
61df779a,Dipa Fujiati,Civil Service fast streamer,UD Winarno Nugroho (Persero) Tbk,Kepulauan Riau
01cc33fe,Ridwan Oktaviani,Public relations account executive,CV Dabukke Hutagalung,Bengkulu
393472ae,"Drajat Pratiwi, S.T.",Trade union research officer,Perum Dabukke,Maluku Utara
e75a9aae,Farah Laksita,Multimedia specialist,UD Puspasari Utama Tbk,Sulawesi Utara
54202874,Atma Prakasa,Surgeon,Perum Wasita,Jawa Timur
0d72eb91,"Najam Zulaika, S.Farm",Graphic designer,Perum Hidayanto,Sulawesi Tenggara
c0155727,Dr. Baktiono Andriani,Microbiologist,CV Rajasa,Kalimantan Barat
eeba42be,Baktiono Pratama,Product/process development scientist,PD Widodo Nainggolan Tbk,Sulawesi Barat
2a210396,"Jumadi Mayasari, S.Pt",Media planner,PT Wijaya Laksmiwati,Lampung
9db6322a,Cut Kasiyah Yolanda,Media planner,Perum Zulkarnain,Sulawesi Utara
d1e6b20c,dr. Leo Pradipta,"Engineer, maintenance (IT)",Perum Suwarno Namaga Tbk,Kalimantan Utara
2298fe59,"Dr. Padma Pradana, S.Psi",Secondary school teacher,PT Wibisono Iswahyudi Tbk,Kalimantan Tengah
2f4365db,Dr. Siti Rahayu,"Runner, broadcasting/film/video",UD Laksita (Persero) Tbk,Kalimantan Tengah
95fe9014,Jabal Kuswoyo,Editorial assistant,PD Marbun (Persero) Tbk,Gorontalo
9f28bcd5,Padma Rahmawati,Database administrator,UD Dabukke Manullang,Kepulauan Riau
588b2d1e,Gatra Winarno,Magazine features editor,PD Laksita Tampubolon Tbk,Nusa Tenggara Timur
d8b67388,Rusman Farida,Firefighter,PD Dongoran Tbk,Sumatera Barat
19cdbddf,Hardana Susanti,Charity officer,PT Nashiruddin Wastuti Tbk,Kalimantan Tengah
eeb0e4e4,Bakiman Hartati,Equality and diversity officer,Perum Sudiati Prakasa (Persero) Tbk,Kepulauan Riau
49b7d689,Kayun Hasanah,Building services engineer,UD Situmorang Tbk,Nusa Tenggara Timur
58c13586,Makuta Mardhiyah,Volunteer coordinator,PD Firgantoro,Jawa Tengah
5c03d122,"Dipa Haryanto, M.M.",Site engineer,Perum Lailasari Situmorang,Maluku Utara
53964f5d,Ade Pradana,Barista,UD Winarno Winarno,Sumatera Barat
f1fff782,"Purwa Suwarno, S.Gz",Stage manager,UD Irawan Hariyah Tbk,Kepulauan Bangka Belitung
1c1b1f24,dr. Endah Gunawan,Health visitor,CV Irawan Prakasa,Bali
8a9bcad1,"Febi Usada, S.IP",Immigration officer,CV Maryadi (Persero) Tbk,Sumatera Utara
04c3f6a1,Widya Najmudin,Health visitor,CV Jailani Prastuti Tbk,Sulawesi Tengah
e81287e6,"Nyana Maryadi, S.H.",Economist,PT Wacana,Sulawesi Selatan
c8f64555,"Dalima Rahimah, S.Gz","Surveyor, quantity",CV Suryono,Kepulauan Bangka Belitung
57828557,"Cengkal Hartati, S.IP","Education officer, museum",UD Jailani (Persero) Tbk,DKI Jakarta
e2408f95,Cakrawala Mangunsong,"Accountant, chartered public finance",CV Sitompul Tbk,Riau
5d29e57a,Ganda Farida,"Geologist, wellsite",UD Situmorang (Persero) Tbk,Maluku
0d4f08ad,Rudi Maheswara,"Buyer, industrial",PT Sirait,Sumatera Barat
4e7b176c,R. Qori Suwarno,Land,UD Hartati Riyanti,Kalimantan Selatan
5e58aede,Jessica Prasetyo,"Teacher, adult education",PT Kuswandari,Bali
dfb1399f,Betania Hutapea,Chartered legal executive (England and Wales),UD Nurdiyanti Prakasa Tbk,Nusa Tenggara Timur
5347f803,"Hesti Fujiati, S.Sos",Industrial/product designer,Perum Namaga Mandasari (Persero) Tbk,Kalimantan Timur
1d6ba22b,Cici Januar,Energy manager,CV Nuraini Rahayu Tbk,Kalimantan Utara
bc8af8d8,drg. Ida Rahmawati,"Designer, graphic",Perum Pradana,DKI Jakarta
899d5d72,"Jabal Wasita, M.Farm","Geologist, engineering",PD Uwais (Persero) Tbk,Kalimantan Timur
3f84f3bf,Umay Maryati,"Designer, ceramics/pottery",Perum Palastri Hidayanto,Papua Barat
c53d8100,H. Nyana Saptono,Chief Technology Officer,Perum Lailasari Permata Tbk,Jawa Tengah
a5588fcd,Cahyo Saputra,Passenger transport manager,PT Lazuardi Tbk,DKI Jakarta
ffd01ffe,"Harto Nasyiah, S.IP",Financial controller,CV Adriansyah Habibi,DI Yogyakarta
8dd82f73,"Eli Haryanto, S.Gz",Freight forwarder,CV Zulaika Wijayanti Tbk,Bali
deb64286,Rachel Kusmawati,Herbalist,PD Simanjuntak Astuti Tbk,Nusa Tenggara Barat
32012180,"Drs. Keisha Wahyuni, M.TI.",Operations geologist,Perum Rahayu Prasetyo,Kepulauan Riau
705ed74f,Cahyadi Nasyidah,"Loss adjuster, chartered",UD Situmorang (Persero) Tbk,Kepulauan Riau
b7b8c3ce,Tantri Yulianti,Paediatric nurse,CV Zulaika (Persero) Tbk,Maluku
3828e82f,Faizah Zulaika,Sports coach,UD Andriani,DI Yogyakarta
6dce1d8c,Drs. Aisyah Mandasari,Structural engineer,Perum Pratama,DI Yogyakarta
035b0bb9,Gilda Ramadan,Education administrator,UD Hastuti (Persero) Tbk,Nusa Tenggara Timur
8bec2600,drg. Mutia Prasetyo,Private music teacher,Perum Iswahyudi,Banten
e2a379d5,Elisa Najmudin,"Designer, interior/spatial",PD Purwanti,Kalimantan Timur
d0087dd7,Julia Mayasari,Energy manager,CV Narpati Wibisono Tbk,Jambi
14472062,Juli Tampubolon,Health and safety inspector,CV Widodo Maryadi Tbk,Jawa Barat
9317563c,Drs. Hendra Permata,Advertising account planner,UD Wijayanti Anggraini Tbk,Sulawesi Utara
02460de6,"Rahmi Nababan, S.Gz","Sales professional, IT",PD Rahmawati,Maluku
6b579591,Shania Sihombing,Secondary school teacher,UD Permata Prastuti (Persero) Tbk,Gorontalo
b8c452b8,"Ir. Elon Uwais, S.E.",Counsellor,PT Mandasari (Persero) Tbk,Sulawesi Barat
e7050ae6,Keisha Wibowo,"Accountant, chartered management",Perum Pratiwi Firmansyah (Persero) Tbk,Aceh
41e395ba,Jasmani Mayasari,General practice doctor,CV Mulyani Waluyo Tbk,Nusa Tenggara Barat
111abc7d,Ani Saptono,Sports development officer,PT Habibi Waskita (Persero) Tbk,Riau
b96a6e1f,"Drs. Baktiadi Situmorang, M.M.",Hotel manager,PT Hakim Rajasa Tbk,Bengkulu
97878dfc,Drs. Tiara Wijayanti,"Engineer, petroleum",PT Halim Fujiati Tbk,Sumatera Selatan
4a0da68f,Puti Raina Widodo,"Scientist, forensic",CV Dabukke,Lampung
276a89b9,"R. Mitra Budiman, M.Kom.",Tree surgeon,UD Megantara Prabowo,Papua Barat
8aee37c8,Chelsea Gunawan,"Production assistant, radio",PD Prastuti Tbk,Kepulauan Riau
a4490b7b,Heryanto Najmudin,"Therapist, music",PT Nasyidah Prabowo (Persero) Tbk,Riau
46ec65ce,Cut Puspa Prasasta,Structural engineer,CV Wijaya (Persero) Tbk,Nusa Tenggara Timur
dc9ae10e,Kasim Santoso,"Solicitor, Scotland",PD Prastuti Pradana (Persero) Tbk,Kalimantan Tengah
0294a09f,"Bakianto Wijayanti, S.Pt",Industrial/product designer,PT Maryadi Tbk,Jawa Tengah
a95d287c,Winda Wahyuni,"Psychotherapist, dance movement",PD Suwarno Waluyo,Sulawesi Tenggara
3f9e21d5,Kairav Hastuti,"Pharmacist, community",CV Pratama,Nusa Tenggara Timur
019246de,Paiman Wijayanti,Financial risk analyst,PT Sihotang Megantara,Lampung
d323f657,R. Legawa Rajasa,"Psychologist, counselling",PT Namaga Saragih (Persero) Tbk,Jawa Timur
2a4821e1,Gina Sinaga,Printmaker,CV Budiyanto Tampubolon Tbk,Sumatera Utara
09b26fdb,"H. Reza Dongoran, S.Ked","Producer, television/film/video",Perum Sihombing Saptono Tbk,Papua
d21ceaa9,Dr. Karja Prasasta,"Surveyor, land/geomatics",Perum Sitorus Napitupulu,Gorontalo
a67b85d0,Kamidin Wahyudin,"Social research officer, government",PT Kurniawan Saefullah Tbk,Jawa Timur
18580adb,Rina Widodo,Hydrologist,PT Halimah Mandasari,Kalimantan Utara
4d1c4386,Gina Wulandari,"Programme researcher, broadcasting/film/video",CV Halimah (Persero) Tbk,Jawa Timur
9be3dc05,Kambali Damanik,Chartered legal executive (England and Wales),Perum Yolanda,Lampung
e16c7b1d,Yance Mahendra,Social worker,UD Tampubolon,Bengkulu
c5621138,Hasna Nurdiyanti,Press sub,CV Tamba Sihombing,Sumatera Selatan
d9ca5a9c,"Ir. Kayla Mardhiyah, S.Kom",Mining engineer,UD Hasanah,Sulawesi Selatan
fc160009,Michelle Pangestu,Dispensing optician,Perum Putra Tbk,Sumatera Barat
bdbb45d7,Shakila Hidayanto,"Solicitor, Scotland",Perum Safitri,Sumatera Utara
afce2d7d,Eli Mangunsong,Visual merchandiser,UD Wacana (Persero) Tbk,Sulawesi Barat
c5d81bf2,Ratna Fujiati,Scientific laboratory technician,CV Uwais Ramadan Tbk,Kalimantan Barat
c9088993,"Puti Sari Sihotang, M.Ak",Hydrographic surveyor,PT Nainggolan,Riau
bdc81e4c,"Drs. Koko Hutasoit, S.T.","Accountant, chartered",PT Suryono Mayasari (Persero) Tbk,Sumatera Utara
3f45eafa,Ajiman Safitri,"Engineer, civil (consulting)",Perum Hardiansyah Wijaya (Persero) Tbk,Bengkulu
78a80822,Alika Gunarto,Associate Professor,CV Sudiati Damanik,Kepulauan Bangka Belitung
a264f995,Latif Habibi,Actor,PT Marpaung Siregar (Persero) Tbk,Sumatera Barat
1ce9f718,Omar Putra,Landscape architect,PD Marbun Tbk,Sulawesi Selatan
e2f46686,Labuh Wasita,"Surveyor, quantity",PT Rajata Tbk,Maluku Utara
e06d88c9,Eli Tampubolon,Heritage manager,UD Wacana (Persero) Tbk,Kepulauan Bangka Belitung
19180d9b,Ir. Cahyono Mahendra,"Radiographer, diagnostic",Perum Budiman Wijaya,Jawa Timur
7a9139d7,Paramita Gunawan,Police officer,PD Simanjuntak (Persero) Tbk,Jambi
4f5f0944,Dr. Vanya Setiawan,Psychiatric nurse,PT Wasita Kurniawan (Persero) Tbk,Bengkulu
973cd341,"Sutan Ganep Pangestu, S.Psi",Senior tax professional/tax inspector,PT Latupono Setiawan,Sulawesi Tenggara
94d75467,"drg. Ira Damanik, S.H.",Records manager,PT Mansur Andriani Tbk,Nusa Tenggara Barat
700bfabb,Qori Sirait,Video editor,PD Yolanda Tbk,DKI Jakarta
d07b20cd,Hani Irawan,"Geologist, wellsite",PD Pradipta,Kepulauan Bangka Belitung
8834eb2d,"Unjani Winarno, M.Pd",Regulatory affairs officer,Perum Iswahyudi Tarihoran Tbk,Sulawesi Barat
f6c8c119,Kardi Mardhiyah,Osteopath,PT Rahmawati Yulianti Tbk,Sulawesi Barat
9fa14060,Prima Nababan,"Pharmacist, community",UD Yulianti Salahudin Tbk,Bengkulu
432b99e5,"Hana Megantara, S.Pt","Psychologist, forensic",UD Wijayanti Budiyanto Tbk,Sulawesi Barat
3fe2b5a6,Hairyanto Anggriawan,"Therapist, art",PD Hardiansyah Wastuti Tbk,Jawa Barat
317ad086,Dr. Sabrina Padmasari,Scientific laboratory technician,PT Wijaya Agustina Tbk,Kepulauan Bangka Belitung
cf2e1a74,Yosef Sinaga,Theme park manager,UD Sihombing Tbk,Sulawesi Tengah
0d57ba91,Tgk. Umay Waskita,"Geologist, engineering",PD Palastri Nuraini Tbk,Kalimantan Utara
57ecd00f,"Taswir Pudjiastuti, S.I.Kom",Mudlogger,Perum Suwarno (Persero) Tbk,DKI Jakarta
e582ecd4,Safina Kuswandari,"Lighting technician, broadcasting/film/video",UD Maheswara Thamrin (Persero) Tbk,Lampung
7bdcfd43,Lantar Nababan,Electronics engineer,UD Uyainah (Persero) Tbk,Banten
c5f21784,Juli Pradana,"Nurse, mental health",PD Widiastuti (Persero) Tbk,Nusa Tenggara Barat
7a732142,"Darijan Kurniawan, S.Psi","Surveyor, hydrographic",UD Saputra,DKI Jakarta
2609e9c0,Padma Prakasa,Commercial/residential surveyor,CV Budiman,Jawa Barat
6a2d73bf,Malika Januar,Ceramics designer,UD Rahayu Aryani Tbk,Riau
6e096959,"R.M. Harsanto Mangunsong, S.T.",Environmental manager,UD Prastuti Pranowo,Kalimantan Timur
a8ccf238,Jelita Maryati,Radio producer,PT Gunawan Nasyiah,Kepulauan Bangka Belitung
01724cc5,Ida Halimah,Film/video editor,PD Suryono,DKI Jakarta
a5ea0884,Bella Napitupulu,Event organiser,CV Purwanti Wibisono,Jambi
42f9c71d,Humaira Rajasa,IT consultant,PT Andriani Suryatmi,Jambi
aeb6abff,"Wardi Damanik, S.Kom",Financial planner,UD Dabukke Maheswara Tbk,DKI Jakarta
fcf1cb09,Amelia Anggriawan,Illustrator,UD Waskita Tbk,Sulawesi Barat
c1bd87d3,Nadine Nugroho,Wellsite geologist,PD Wibisono Puspasari (Persero) Tbk,Sulawesi Selatan
1fd49189,Maida Nababan,"Psychotherapist, dance movement",PD Halimah Wacana (Persero) Tbk,Kalimantan Utara
048db284,"Dt. Luis Marpaung, S.Farm","Designer, blown glass/stained glass",CV Utama,Lampung
76c67ba0,"dr. Tina Susanti, M.M.","Psychologist, occupational",CV Habibi,Kalimantan Tengah
03dcb5aa,Ir. Hasim Suwarno,"Designer, interior/spatial",PD Anggraini (Persero) Tbk,Sulawesi Utara
38a422ac,Alika Sihotang,Actuary,PT Puspasari,Kalimantan Barat
c51b684d,"Drs. Leo Wibisono, S.Kom","Administrator, arts",UD Saefullah (Persero) Tbk,Banten
a7b7843d,Dono Prabowo,"Psychotherapist, dance movement",PD Hakim,Sulawesi Tengah
4ff54948,Dipa Kusumo,Technical brewer,PT Susanti Saputra Tbk,Bengkulu
ddcc972e,Kenes Tamba,Textile designer,PT Nainggolan,Jawa Timur
ab72debd,Ir. Raisa Tarihoran,Mudlogger,PD Ardianto Gunarto (Persero) Tbk,Jambi
868e520b,Raisa Situmorang,Landscape architect,PT Saputra (Persero) Tbk,Banten
3fbf97c3,Tasnim Winarno,Barrister's clerk,CV Prakasa (Persero) Tbk,DI Yogyakarta
5fd5869a,T. Carub Sirait,Waste management officer,UD Wahyuni,Kalimantan Selatan
eb15988f,"Tgk. Lukita Zulaika, S.Pt",Financial risk analyst,UD Rajata,Maluku
e7dbf322,Ira Hasanah,Stage manager,PD Ardianto (Persero) Tbk,Kepulauan Riau
03290d11,"Dr. Paris Maryadi, S.T.","Editor, magazine features",UD Sinaga,Papua
39739424,Ani Samosir,"Chemist, analytical",PD Napitupulu (Persero) Tbk,Maluku
627ad97f,Fitria Saptono,"Scientist, product/process development",CV Nababan Tbk,Sulawesi Tenggara
9aa5d837,"Sabrina Mandala, M.Kom.",Dispensing optician,UD Anggraini,Jambi
e811f304,Gandi Tampubolon,"Scientist, research (physical sciences)",PT Hastuti,Kalimantan Barat
8e1dd7aa,Bala Wijayanti,Chemical engineer,CV Zulaika Winarsih,Sulawesi Tengah
1e6f1d09,Winda Maulana,Web designer,UD Widiastuti,Sulawesi Utara
18400e91,Ilyas Nasyiah,Engineering geologist,Perum Nugroho Hasanah (Persero) Tbk,Sumatera Selatan
d124a42e,"Puti Rachel Sihombing, M.Ak","Teacher, adult education",UD Irawan,Aceh
1d207b17,dr. Patricia Nababan,Chartered public finance accountant,PD Gunarto Wulandari,Maluku Utara
b9346618,Ir. Cornelia Mandasari,IT trainer,PD Padmasari,Kepulauan Bangka Belitung
5fffe3f3,Vanya Haryanto,Financial adviser,UD Nugroho,Maluku
78937f18,"Amalia Wijaya, S.Kom",Clinical psychologist,CV Rajata,Sumatera Barat
e15486f6,Hasna Nugroho,Advertising art director,PD Farida,Sulawesi Selatan
06e1f343,Kartika Prakasa,Sports coach,Perum Hutagalung,Kalimantan Timur
6080c524,"Wasis Wasita, S.E.",Make,Perum Mardhiyah Lazuardi (Persero) Tbk,Kalimantan Tengah
d193ed39,Hesti Latupono,Medical physicist,Perum Manullang (Persero) Tbk,Kalimantan Barat
fd5903ca,"Drs. Devi Rahmawati, M.Ak",Water engineer,PT Halim,Sumatera Utara
e266733b,T. Kambali Anggraini,Metallurgist,CV Uwais,Sulawesi Tenggara
abc62bc2,"Kamila Laksita, S.H.",Chartered certified accountant,PD Mardhiyah Farida,Sulawesi Utara
b98c26f4,Pandu Latupono,Astronomer,CV Winarno Tbk,Jawa Tengah
9ccc08d7,drg. Hesti Wahyudin,"Embryologist, clinical",UD Anggriawan Tbk,Kalimantan Selatan
8224fe81,Amelia Sudiati,Rural practice surveyor,PT Nashiruddin Yuniar,Sumatera Barat
e9b36904,Hj. Ratih Januar,"Therapist, art",CV Susanti,Maluku Utara
0b5b4483,Aurora Gunarto,Education administrator,PT Siregar Tbk,DKI Jakarta
4b0749f8,Natalia Anggriawan,Radio producer,PD Budiman Tbk,Riau
41e8333d,"Panji Agustina, S.Farm",Careers information officer,PD Suryono (Persero) Tbk,Kepulauan Riau
ee9d1259,Nilam Maryadi,Armed forces logistics/support/administrative officer,UD Sitompul (Persero) Tbk,Kepulauan Riau
b3efb392,"Tami Prastuti, M.TI.",Legal executive,Perum Rahayu Yuniar (Persero) Tbk,Sulawesi Tenggara
9b87b6ee,"Kasim Sudiati, S.Kom",Transport planner,UD Hutapea Nurdiyanti Tbk,Jawa Timur
d019980c,Wawan Hidayat,Artist,PT Sitompul (Persero) Tbk,Nusa Tenggara Barat
0fb249a7,"Julia Anggriawan, M.Ak",Trade mark attorney,CV Uyainah Usamah (Persero) Tbk,Kalimantan Barat
a578a3a0,Hamima Utama,TEFL teacher,Perum Wibisono,Banten
d61cb5b0,T. Jati Mansur,Fine artist,UD Mayasari Simanjuntak,Lampung
2bac88bf,"Puti Yani Iswahyudi, S.I.Kom",Chartered legal executive (England and Wales),UD Pudjiastuti Marpaung,Riau
14969eb7,Prabu Hardiansyah,Clinical cytogeneticist,UD Pangestu (Persero) Tbk,DKI Jakarta
4331b562,Bagus Lazuardi,Psychotherapist,UD Hutagalung (Persero) Tbk,Kalimantan Barat
a005d255,"Ir. Ilsa Najmudin, M.TI.",Occupational therapist,PT Prasasta,Sulawesi Barat
17cc20ad,Dinda Sitompul,"Designer, multimedia",CV Irawan (Persero) Tbk,DI Yogyakarta
04a24553,"Embuh Tarihoran, S.E.",Sports development officer,CV Rahmawati Mayasari,Kalimantan Tengah
ef3c9322,Maimunah Mangunsong,Research scientist (life sciences),PD Rahmawati Halim,Kalimantan Tengah
2319f8c2,R. Rafid Rahayu,Biomedical engineer,PD Uyainah,Kalimantan Tengah
f27fb748,Arta Wijayanti,"Clinical scientist, histocompatibility and immunogenetics",UD Jailani (Persero) Tbk,Sumatera Utara
46084053,Almira Nasyidah,Holiday representative,UD Dongoran (Persero) Tbk,Kepulauan Bangka Belitung
ee9f2366,Ibrahim Wacana,"Pilot, airline",CV Yolanda Tbk,Kalimantan Utara
34455e66,Pranata Kuswoyo,"Scientist, marine",PD Haryanto (Persero) Tbk,Bengkulu
a2a985bd,Umar Sihotang,"Horticulturist, amenity",CV Hakim Tbk,Kalimantan Selatan
5d172031,Rahayu Lailasari,Armed forces logistics/support/administrative officer,PT Utama,Sulawesi Tengah
2ef44580,R. Lidya Kuswoyo,Press sub,CV Andriani (Persero) Tbk,Jawa Tengah
845aa134,Raina Susanti,Community pharmacist,Perum Wulandari (Persero) Tbk,Kalimantan Tengah
5a32738b,"Jarwi Mardhiyah, M.TI.","Nurse, adult",CV Handayani Anggriawan,Riau
54126cec,Cici Maryadi,Soil scientist,UD Wibisono,Lampung
cd746cc0,Gabriella Safitri,Dentist,CV Lestari (Persero) Tbk,Sulawesi Selatan
5b986596,Erik Gunarto,"Scientist, product/process development",UD Wijaya Wibisono,Sumatera Barat
03db55a1,R.M. Makara Marpaung,Dance movement psychotherapist,PD Kuswandari Zulaika Tbk,Papua
a0c5ccd3,"Balidin Kusumo, M.Ak",Health service manager,PD Laksmiwati,Sulawesi Utara
5a621883,R. Mustofa Habibi,Technical sales engineer,PT Melani Hutagalung,Kepulauan Riau
c656586b,Icha Simanjuntak,Manufacturing engineer,UD Simanjuntak Mustofa,Papua
b2f9fe54,Amalia Wastuti,Intelligence analyst,CV Rajasa (Persero) Tbk,Kepulauan Bangka Belitung
f0c4ee22,"Fitria Kuswandari, M.Pd","Lighting technician, broadcasting/film/video",PD Purwanti,Sulawesi Tenggara
10ad0c61,Gawati Salahudin,Astronomer,PT Hutagalung Tbk,Kalimantan Tengah
e7fa0001,Arsipatra Zulaika,"Engineer, technical sales",UD Kuswoyo Hakim,Nusa Tenggara Timur
8f94d054,Syahrini Permadi,TEFL teacher,Perum Irawan Tbk,Sulawesi Utara
60133177,Vanesa Fujiati,Chartered public finance accountant,UD Maryadi,Sumatera Selatan
9efe88ff,"Nova Napitupulu, S.Farm",Claims inspector/assessor,PD Narpati (Persero) Tbk,Sulawesi Tengah
7d61956b,Farah Prasasta,Illustrator,PT Widiastuti,Maluku
cc0189ba,"Ika Wasita, S.Gz",IT consultant,Perum Halim Handayani,Sulawesi Utara
7a2535ef,Banawi Wibisono,Police officer,PT Sitorus Farida Tbk,Sumatera Barat
741c30be,"drg. Aisyah Andriani, S.Psi",Forest/woodland manager,PT Hidayat (Persero) Tbk,Gorontalo
b16e9434,Zulfa Prasetya,Clinical biochemist,PT Nuraini Permadi,Sumatera Utara
623a4841,"KH. Mustika Puspasari, S.IP","Therapist, speech and language",PD Tarihoran,Sulawesi Tenggara
85f8ccd8,"Sutan Bakijan Nainggolan, S.Sos","Surveyor, planning and development",UD Putra,Sumatera Barat
a909b7b7,Usyi Maulana,Oncologist,Perum Nugroho Farida Tbk,Sulawesi Barat
85b835fe,Kamila Palastri,"Surveyor, rural practice",CV Tamba Mustofa,Kalimantan Timur
e25d3395,Luis Kusmawati,Equality and diversity officer,PT Tampubolon Tbk,Riau
61c26df6,Arsipatra Zulkarnain,Field trials officer,PD Permata Budiyanto,Kalimantan Tengah
5ee7fd33,"Tgk. Ilsa Yuliarti, M.M.",Hydrographic surveyor,CV Novitasari (Persero) Tbk,Sumatera Selatan
310c9339,Tgk. Cagak Hastuti,Armed forces logistics/support/administrative officer,UD Setiawan,Maluku Utara
9f463236,Yusuf Uyainah,TEFL teacher,Perum Riyanti Pertiwi Tbk,Gorontalo
9f10be9b,"Ir. Putri Sirait, M.Ak",Advertising account executive,CV Nashiruddin,Bali
4952ed96,Ir. Hesti Pudjiastuti,Chartered legal executive (England and Wales),PT Kuswoyo Nashiruddin Tbk,Aceh
91c55ca2,H. Kamal Yuniar,Diagnostic radiographer,Perum Nasyiah (Persero) Tbk,Sulawesi Barat
79f2779c,"Jatmiko Utami, S.Kom",Chartered loss adjuster,UD Santoso Hakim,Jawa Timur
4e672eb8,Puji Zulaika,Psychotherapist,Perum Santoso Prayoga,Kalimantan Selatan
6f54abd6,"Pangestu Yolanda, S.Gz",Location manager,PT Prakasa Pradana Tbk,Kalimantan Timur
294ac9a2,Danang Sihotang,"Engineer, automotive",Perum Ardianto Wahyudin (Persero) Tbk,Kalimantan Tengah
a40cdc87,"Oman Simbolon, S.T.",Sports development officer,PT Pratiwi (Persero) Tbk,DI Yogyakarta
bbd0adfd,"Hj. Yuliana Nasyidah, S.Gz",Engineering geologist,PD Dabukke Tbk,Kalimantan Barat
d64b4e7f,"KH. Liman Firmansyah, M.M.",Advertising art director,CV Wijayanti (Persero) Tbk,Sulawesi Barat
0eded51c,KH. Lutfan Sitorus,Paramedic,PT Iswahyudi Tbk,Jawa Tengah
6dfc834e,Zelda Manullang,Investment analyst,PD Situmorang,Nusa Tenggara Barat
ffb84200,"R.M. Bakijan Budiman, S.Gz",Speech and language therapist,Perum Sihotang Andriani (Persero) Tbk,Jawa Tengah
ce97ad1e,Cut Vera Saragih,"Teacher, primary school",CV Puspasari (Persero) Tbk,Sulawesi Selatan
64834fbd,Cahyo Yulianti,Futures trader,PT Pertiwi Suryatmi (Persero) Tbk,Banten
6ace89b4,Hana Iswahyudi,Administrator,PT Nashiruddin Tbk,Bengkulu
128af86e,Hana Riyanti,Psychotherapist,UD Susanti Mustofa (Persero) Tbk,Banten
1b9e4524,drg. Silvia Santoso,Advertising copywriter,Perum Pratiwi,Papua Barat
78c9e4b4,Kamal Prasasta,Planning and development surveyor,CV Namaga Wibowo (Persero) Tbk,DKI Jakarta
6a3b428b,"Ir. Keisha Puspasari, M.TI.","Teacher, adult education",Perum Pangestu,Bali
82f0fd0b,Tirta Wibowo,Data processing manager,Perum Prasetya Andriani Tbk,Sumatera Utara
e58f7ff5,"dr. Dimaz Pangestu, S.E.I",Electronics engineer,PT Handayani Permadi,Bali
3393d0c5,"Bahuraksa Irawan, S.Pt","Loss adjuster, chartered",CV Oktaviani Tbk,Jawa Tengah
1e937675,Hamima Hidayat,Armed forces training and education officer,UD Hidayat Nurdiyanti,Aceh
b655e63e,"R.A. Zizi Namaga, S.I.Kom",Metallurgist,PD Susanti (Persero) Tbk,Kalimantan Barat
390f19cb,Ulya Saputra,"Horticulturist, commercial",PD Pradana Pudjiastuti,Kepulauan Bangka Belitung
e6ca67d8,"Yance Damanik, S.Farm","Biochemist, clinical",PT Lazuardi Tbk,Jambi
3080f8d1,"drg. Fathonah Suwarno, S.E.I",Company secretary,PT Mustofa Sirait (Persero) Tbk,Bengkulu
59dfed81,Daryani Situmorang,Health and safety inspector,UD Farida Hariyah,Nusa Tenggara Timur
923b5e0c,Rachel Suryono,Trade union research officer,UD Megantara Najmudin,Sulawesi Barat
72807073,Violet Pranowo,"Teacher, early years/pre",CV Pudjiastuti Yuniar,Sulawesi Tenggara
62d12ef4,Hamzah Gunawan,Chemical engineer,PD Manullang Widiastuti,Lampung
cc41e6e7,Darmaji Wulandari,Market researcher,Perum Nababan,Kepulauan Riau
1677da7f,Jail Nashiruddin,"Surveyor, planning and development",CV Lestari (Persero) Tbk,Jambi
b873c962,Hani Marpaung,"Accountant, chartered management",PD Nasyidah Fujiati,Papua
5c664f4a,"Hilda Hartati, S.Gz",Acupuncturist,PD Waluyo Prasetya,Banten
2310b2b4,Gadang Andriani,Homeopath,Perum Wijaya Tbk,Papua
ac2cbcb7,Puti Ellis Wasita,Special effects artist,UD Rajata Yolanda (Persero) Tbk,DI Yogyakarta
3696514f,Janet Habibi,"Therapist, drama",UD Melani Tbk,Kalimantan Tengah
ead7f364,Dina Maheswara,Make,UD Padmasari Rahimah,Papua Barat
8090432d,"Drs. Edward Zulkarnain, S.IP",Medical secretary,PT Hutagalung Hassanah (Persero) Tbk,Banten
80f82223,"Drs. Aisyah Melani, S.T.",Teaching laboratory technician,CV Prasasta,Jawa Tengah
2a15f257,R. Zamira Andriani,Child psychotherapist,PT Maryati (Persero) Tbk,Papua
05ebb292,Ismail Yuniar,Environmental education officer,CV Thamrin Hidayanto,Maluku Utara
e6f2f1f0,Bakiman Namaga,Broadcast journalist,CV Pertiwi Wibisono,Banten
6a2e0a5d,"R. Daniswara Gunarto, S.I.Kom",Energy engineer,Perum Prasasta Nashiruddin (Persero) Tbk,Kepulauan Bangka Belitung
2c0793bf,Rafi Uyainah,Public relations account executive,PT Nugroho,Bengkulu
61458af3,"Drs. Prabawa Kusumo, S.Kom","Surveyor, quantity",PD Permata Puspasari (Persero) Tbk,Kepulauan Riau
f4725de7,Nilam Mustofa,"Conservator, museum/gallery",Perum Winarsih (Persero) Tbk,Sumatera Barat
1221024e,Cager Saragih,"Journalist, broadcasting",PD Tamba Winarsih (Persero) Tbk,Sumatera Utara
ddb05250,"Dt. Mursinin Palastri, S.Gz",Cytogeneticist,PT Maryadi Lestari,Bali
80629b3e,Latika Rajasa,Politician's assistant,PD Hutapea (Persero) Tbk,Maluku
f6fef352,dr. Yoga Mandasari,Network engineer,CV Andriani Budiyanto (Persero) Tbk,Sumatera Utara
ad2135fa,dr. Shakila Mustofa,Travel agency manager,PT Wacana Mustofa,Aceh
c47b9f80,Ganda Padmasari,"Investment banker, operational",Perum Susanti,Banten
1c44e7f6,Sakti Permadi,Advertising art director,PD Gunawan Tbk,Banten
92abfc2f,"Ade Hardiansyah, M.Farm","Scientist, physiological",Perum Utami (Persero) Tbk,Sumatera Utara
0aedd4b8,Maman Suwarno,Claims inspector/assessor,PD Zulaika,Papua Barat
deeac5ac,Drs. Raditya Megantara,Lobbyist,Perum Usamah Siregar,Sulawesi Barat
22df7f75,Icha Yulianti,Building control surveyor,PD Utama Tbk,Sulawesi Tenggara
c615f8f3,Lidya Thamrin,Aid worker,Perum Hariyah Rahimah (Persero) Tbk,Kalimantan Tengah
932371e9,Nalar Kuswandari,Psychiatric nurse,CV Sihombing,Bali
3bb76862,Saka Natsir,Visual merchandiser,PT Usada,Sulawesi Utara
be8f72ba,Faizah Mahendra,"Biochemist, clinical",Perum Maryadi Pradipta,Kepulauan Bangka Belitung
60fde51b,Hari Safitri,Geophysicist/field seismologist,Perum Prakasa Tbk,DKI Jakarta
7db5bcde,Artanto Hardiansyah,Advertising copywriter,UD Waskita,Papua
e4e0ecb2,Salimah Halim,"Administrator, sports",PD Haryanto Pudjiastuti (Persero) Tbk,Kalimantan Barat
4ac5e644,Agnes Wulandari,Database administrator,PT Nugroho Haryanto (Persero) Tbk,Kalimantan Barat
abbd012b,Tira Sitorus,Gaffer,PT Utami (Persero) Tbk,Sumatera Selatan
990f22e4,Tgk. Capa Dongoran,"Engineer, maintenance",PT Hidayat Tbk,Nusa Tenggara Timur
a9c63225,Fathonah Nurdiyanti,"Teacher, primary school",CV Hutagalung,Sulawesi Utara
227bc5c3,Purwanto Nainggolan,Interpreter,Perum Najmudin Permata,Kalimantan Timur
0071e4a9,"R.A. Siska Handayani, S.Pd",Market researcher,CV Nasyiah Tbk,Kalimantan Barat
5f346d0d,"Ir. Satya Wijayanti, M.Pd",Multimedia specialist,CV Hartati Susanti,Nusa Tenggara Timur
44e5dc29,Dagel Santoso,Secondary school teacher,PT Maheswara (Persero) Tbk,Kalimantan Barat
4ed820a4,Dalimin Ardianto,"Editor, film/video",PT Haryanti Ardianto Tbk,DKI Jakarta
2126948a,Sutan Raden Jailani,"Copywriter, advertising",PD Utama,Sulawesi Tengah
eb9683ce,"Elvina Utama, S.H.",Secondary school teacher,CV Yolanda Tbk,Maluku Utara
8a574104,Dadi Susanti,Immunologist,CV Sihombing,Sulawesi Selatan
cd950f66,Cut Malika Usamah,Press sub,CV Mayasari Suryatmi Tbk,Kalimantan Barat
6e039066,Vera Ardianto,Editorial assistant,PT Latupono Budiyanto Tbk,Papua
78e4e2fe,Uchita Sirait,Sub,UD Kuswandari Mandasari,Lampung
f23e3271,"Cornelia Nurdiyanti, S.Farm",Ranger/warden,Perum Rajata,Bali
ba1da4f4,"Tgk. Indah Hakim, S.Ked",Tour manager,CV Habibi Winarsih,Nusa Tenggara Timur
2a0242af,Danu Sihotang,Architectural technologist,CV Tamba Kuswoyo Tbk,Maluku
b65b935a,"Bancar Wahyudin, S.T.",Dentist,CV Mansur Wastuti Tbk,Bali
678de553,H. Wadi Samosir,"Teacher, adult education",Perum Nuraini Andriani,Lampung
e194d6bd,drg. Eka Maryati,"Surveyor, building",UD Pradana Hutapea (Persero) Tbk,Lampung
d8b8ffe2,Raden Haryanti,Chartered management accountant,PT Pertiwi Zulkarnain Tbk,Kalimantan Selatan
dce1850f,Adiarja Hidayat,Water quality scientist,UD Purnawati Utami,Maluku Utara
c41eb487,Gada Sihombing,Chartered certified accountant,UD Latupono Tbk,Gorontalo
23d5bec4,Puti Melani,"Engineer, land",UD Nurdiyanti Maulana Tbk,Lampung
26ae6f85,Pia Safitri,Merchant navy officer,UD Prayoga Anggraini (Persero) Tbk,Jawa Tengah
733c4bfe,Kani Najmudin,Psychotherapist,UD Yulianti Oktaviani Tbk,Sumatera Selatan
ded00253,Limar Budiyanto,"Accountant, chartered certified",Perum Rajata Tbk,Sumatera Barat
221aaee0,"Zelda Wasita, S.Pt",Dealer,Perum Wacana Lazuardi,Sumatera Utara
bcb61a53,Cut Gilda Novitasari,International aid/development worker,PD Waluyo Tbk,Kepulauan Bangka Belitung
506077d0,"Ayu Susanti, M.Pd",Police officer,PT Permata,Jawa Tengah
0f95b7b1,Nyoman Santoso,Community arts worker,UD Nababan Tamba,Maluku
187d8e22,"Reksa Permadi, S.E.I",Social worker,PD Sirait,Kepulauan Bangka Belitung
5d3ab4ba,Usyi Handayani,"Surveyor, minerals",CV Hassanah Maheswara,Nusa Tenggara Timur
905ac524,Calista Maryati,"Therapist, music",UD Winarsih Andriani Tbk,Papua Barat
a17e6632,"Edison Waluyo, S.Kom","Surveyor, rural practice",UD Habibi Maulana,Aceh
2e287d3b,Puti Samiah Samosir,"Geologist, engineering",PT Tampubolon,Sulawesi Barat
a1e3b1fd,Ir. Najwa Uyainah,"Buyer, retail",CV Lestari Hidayanto Tbk,Nusa Tenggara Timur
6ed54d79,Muhammad Permata,"Surveyor, insurance",CV Yulianti Zulkarnain Tbk,Nusa Tenggara Timur
8fd8257e,H. Galar Prakasa,"Engineer, petroleum",PT Wijayanti,Kalimantan Timur
b689aab1,R. Novi Januar,"Conservation officer, nature",PT Hasanah Mansur,Kalimantan Barat
bb047c34,Ida Firgantoro,Tour manager,UD Nurdiyanti Hakim (Persero) Tbk,Sumatera Utara
d68f9c9f,Paramita Nasyidah,"Engineer, site",CV Putra Tbk,Banten
5f07d4f7,Edison Gunarto,Textile designer,PD Zulaika Putra,Sulawesi Barat
e89a9d13,Ciaobella Yuliarti,Chartered public finance accountant,Perum Simanjuntak,Maluku Utara
e4557b9c,Paramita Firmansyah,Sports development officer,Perum Wijaya Sitorus Tbk,Kalimantan Barat
37677402,Niyaga Firgantoro,Management consultant,Perum Ramadan Ardianto (Persero) Tbk,Sulawesi Selatan
3192592d,Tgk. Mahesa Mangunsong,Actuary,CV Purnawati,Maluku Utara
d96e50a8,Gangsa Padmasari,"Producer, radio",CV Pradipta,Sulawesi Selatan
9ea51488,Puti Uli Saptono,Mechanical engineer,UD Nasyidah Saragih (Persero) Tbk,Sulawesi Utara
c1aa18ef,"H. Lembah Mahendra, M.Farm",Fast food restaurant manager,UD Saputra (Persero) Tbk,Jawa Tengah
d06f2c14,"dr. Safina Narpati, S.Ked",Music therapist,Perum Sudiati Widiastuti,Jawa Barat
5c583fe0,"Zamira Thamrin, M.TI.","Horticulturist, commercial",CV Sitorus Safitri,Jawa Tengah
36bfc39b,"Ir. Cemani Wibisono, S.Pt",Petroleum engineer,PD Pangestu Tbk,Kalimantan Utara
d41069e6,Diana Rajata,Horticultural therapist,PT Maryadi,DI Yogyakarta
8739945f,Amalia Prasasta,Music therapist,CV Anggriawan,Bengkulu
9774dee9,Adiarja Jailani,Operations geologist,PT Yuniar Salahudin Tbk,Maluku Utara
25f732fc,Winda Nugroho,Prison officer,Perum Hutapea Namaga (Persero) Tbk,Kepulauan Bangka Belitung
7b71d615,"Kania Hastuti, M.TI.",Public librarian,PD Salahudin Yulianti,Sumatera Selatan
5e2c2a41,Karimah Pradipta,Artist,CV Hutasoit,Jawa Tengah
64aad5d3,"Drs. Ajeng Yuliarti, S.Pd","Editor, magazine features",Perum Puspita Kusmawati,Sulawesi Selatan
81f03cf0,Prima Iswahyudi,Paramedic,CV Natsir Hasanah,Bengkulu
93cbd690,"Ir. Tugiman Habibi, S.Farm",Careers information officer,PD Sihombing Utama (Persero) Tbk,Aceh
601dd4f8,"Faizah Habibi, S.Ked","Designer, textile",Perum Sudiati Pangestu (Persero) Tbk,Bali
e4a88aca,Eluh Permadi,Trade mark attorney,UD Mansur Tbk,Bengkulu
f526d054,"Lidya Purnawati, S.Pt",Professor Emeritus,UD Laksita,Gorontalo
d2486977,Juli Laksmiwati,Sports administrator,PT Widiastuti Pranowo (Persero) Tbk,Kalimantan Selatan
233531b4,Silvia Riyanti,Medical laboratory scientific officer,Perum Maheswara (Persero) Tbk,Kalimantan Selatan
9b12bd69,Irnanto Palastri,Civil Service administrator,Perum Usada,Bengkulu
d69aa5cf,Rama Mayasari,"Therapist, horticultural",CV Palastri,Banten
b70bbb78,Kasiyah Rajata,Higher education careers adviser,PT Halim Farida (Persero) Tbk,Riau
aa18b645,"Puti Cornelia Utami, S.Psi",Copy,PD Dabukke,Kalimantan Barat
ea4a62d7,"Darmanto Namaga, S.H.",Artist,PD Usada Sirait,Kalimantan Selatan
e2a90ce0,Farah Wahyuni,"Buyer, retail",UD Mustofa Nainggolan (Persero) Tbk,Kepulauan Bangka Belitung
fa19d0a0,Citra Maulana,Catering manager,CV Suartini,Maluku Utara
532a6948,R. Sadina Hutasoit,"Horticulturist, amenity",PD Suartini Santoso,Bengkulu
12d5c856,Tgk. Yahya Handayani,Dancer,PT Winarsih Tbk,Kepulauan Bangka Belitung
ee27c700,"Ir. Genta Haryanti, M.Ak",Bookseller,PT Mandala Nasyiah,DI Yogyakarta
740cf957,"Prasetya Iswahyudi, S.H.",Aeronautical engineer,UD Anggraini Farida (Persero) Tbk,Kepulauan Riau
8a5fb3be,"Hana Prabowo, S.H.","Nurse, adult",Perum Tarihoran (Persero) Tbk,Kepulauan Riau
33aeef7a,Hj. Pia Andriani,Horticultural consultant,PD Lestari (Persero) Tbk,Sulawesi Utara
f4891474,"Budi Mulyani, S.E.I",Acupuncturist,UD Suryono Tbk,Kepulauan Bangka Belitung
cef0dbba,"Najwa Tamba, M.Farm",Police officer,PT Maulana (Persero) Tbk,Kalimantan Tengah
e0f7659c,Emin Prasetyo,Phytotherapist,CV Mustofa,Kepulauan Bangka Belitung
a32d9a3b,Raisa Waskita,Recycling officer,UD Budiyanto Lazuardi (Persero) Tbk,Kalimantan Selatan
51bde113,Fitria Aryani,Metallurgist,CV Jailani Haryanto,Kepulauan Bangka Belitung
2b31b43a,Jelita Palastri,Pharmacologist,PD Wulandari Firgantoro,Kalimantan Tengah
a5bd9ae1,Gasti Mandasari,Special educational needs teacher,PD Setiawan,Nusa Tenggara Barat
05528e83,Koko Halimah,"Designer, television/film set",PT Pradipta Waskita,Kepulauan Bangka Belitung
d4cbef68,Kemba Waskita,Magazine features editor,PD Prastuti Suryono Tbk,Papua
38abc582,Balapati Anggriawan,Astronomer,Perum Wijaya Kuswandari,Papua
e63286a2,Cakrajiya Astuti,Customer service manager,UD Mulyani Budiman,Sumatera Selatan
f324c9ca,Mala Laksita,Retail banker,UD Uwais Tbk,Sulawesi Utara
602f3659,Jaeman Wibisono,"Civil engineer, consulting",PT Mardhiyah Hutagalung (Persero) Tbk,Maluku
41644e54,Clara Rajasa,Environmental consultant,CV Mustofa Prasasta Tbk,Banten
5a54984a,Sarah Palastri,Press sub,PT Nasyidah Mangunsong (Persero) Tbk,Bengkulu
9e5aa024,Drs. Patricia Mansur,Ambulance person,PD Santoso Tarihoran Tbk,Sulawesi Tengah
0904255d,Bagiya Wulandari,Teaching laboratory technician,PT Haryanti Pranowo (Persero) Tbk,Papua Barat
d618a34b,Dacin Habibi,Hotel manager,CV Sihotang Mustofa (Persero) Tbk,Sumatera Utara
998a278e,"Tgk. Laila Handayani, M.Pd","Exhibitions officer, museum/gallery",PT Januar Anggriawan,Kalimantan Utara
f718ccce,"Cut Yuni Habibi, S.Gz",Phytotherapist,CV Budiman Padmasari,Maluku
5c211374,"Opung Nababan, S.Ked","Programmer, applications",PT Kuswoyo Wahyudin,Gorontalo
2bae9beb,"Cut Puspa Utami, M.Ak",Legal executive,PT Napitupulu Puspita Tbk,Kalimantan Tengah
e3bd1950,"Tgk. Ratna Putra, M.Kom.",Graphic designer,PD Samosir (Persero) Tbk,DI Yogyakarta
c959e449,Tantri Nugroho,Sub,PD Hidayat Marpaung,Jawa Barat
c970eff0,"Siti Kurniawan, M.Ak",Claims inspector/assessor,Perum Mayasari,Jawa Tengah
99ad2aed,"Bancar Mulyani, S.Ked",Armed forces technical officer,CV Permata Tbk,Jawa Timur
cd7dcf67,Adhiarja Prakasa,Acupuncturist,PD Maheswara Tbk,Gorontalo
136e8fcb,"Drs. Harsanto Firmansyah, S.Sos",Farm manager,Perum Tarihoran Purnawati,Jambi
27846ca5,Ciaobella Tampubolon,Ophthalmologist,UD Yuniar (Persero) Tbk,Gorontalo
c05f2f98,Hairyanto Laksita,Trade union research officer,PD Iswahyudi Wijaya,Jawa Timur
8125eba3,Shakila Kuswoyo,"Engineer, petroleum",UD Zulaika Tbk,Kalimantan Timur
26a80405,R. Amelia Widiastuti,Copy,PT Susanti Uyainah Tbk,Kalimantan Utara
440dc6bb,Cager Yuliarti,"Surveyor, land/geomatics",PD Anggraini Saragih Tbk,Papua Barat
f0bdf6b3,"Drs. Ade Budiyanto, M.Pd",Higher education careers adviser,Perum Yulianti,Sumatera Selatan
921bd1d0,Wulan Uyainah,Theatre director,Perum Anggraini,Sulawesi Tengah
c33b94aa,"Ir. Patricia Wastuti, M.M.","Geologist, wellsite",Perum Melani Padmasari,Kalimantan Utara
9dc798ac,"T. Mahmud Sihombing, S.H.","Engineer, land",PT Lestari,Bengkulu
dd0d20b8,"Drs. Balijan Sihombing, S.Kom",Engineering geologist,PD Nababan Tbk,Bali
63bd7526,Jelita Wijaya,Manufacturing systems engineer,PD Utama (Persero) Tbk,Jambi
5a4c5aa2,Diana Yolanda,Ophthalmologist,UD Mansur Tampubolon,Kepulauan Riau
1e418392,Cemeti Hariyah,Mudlogger,UD Mulyani,DKI Jakarta
9b62ddcd,Digdaya Nurdiyanti,Glass blower/designer,PT Mangunsong (Persero) Tbk,Jambi
7fddf5b6,R. Kasiyah Waluyo,"Scientist, physiological",UD Haryanti Tbk,Jambi
d780ffec,Mutia Mandala,"Engineer, biomedical",PT Waskita Saptono,Jawa Tengah
6c60fff6,Darsirah Laksita,Mining engineer,Perum Nainggolan Susanti,Sumatera Selatan
6427d3c8,"Gawati Suartini, S.E.",Psychotherapist,CV Kuswandari (Persero) Tbk,Maluku Utara
f5e918f6,Lasmanto Susanti,Financial planner,UD Irawan Yolanda Tbk,Sulawesi Tengah
2bcb1680,"Ir. Ihsan Utama, M.Kom.","Production assistant, television",PT Putra Hidayanto,Papua
d1fb1660,Jane Megantara,Orthoptist,PT Permadi Megantara,Bengkulu
35a0787a,Yuni Budiyanto,Physiological scientist,UD Sitorus Thamrin (Persero) Tbk,Sulawesi Barat
86c9768a,Iriana Pudjiastuti,Restaurant manager,UD Uwais,Kalimantan Selatan
27f88e22,Ade Narpati,Equities trader,PD Puspita Prastuti,Sulawesi Tenggara
df9bcef9,Ikin Pratiwi,"Teacher, secondary school",CV Sihotang,Aceh
b41aacb4,"R. Adhiarja Permata, S.Farm",Surgeon,CV Najmudin Tbk,Nusa Tenggara Timur
4909e2b8,"Lala Saragih, S.Pd","Psychologist, sport and exercise",PD Adriansyah Rahayu,Jawa Barat
78404c7e,Pandu Sitompul,Social researcher,PD Irawan,Riau
08dcc767,Yessi Halim,"Biochemist, clinical",UD Utama Sirait (Persero) Tbk,Jawa Timur
802721f0,Devi Puspita,Chartered loss adjuster,CV Agustina,Jambi
c18573a9,"Cut Tari Tamba, S.Gz",Metallurgist,PD Pangestu Tbk,Sulawesi Barat
de407505,KH. Cayadi Hasanah,"Teacher, English as a foreign language",CV Susanti Tbk,Papua Barat
61734fe6,Anom Natsir,Radio broadcast assistant,Perum Wahyudin Nababan (Persero) Tbk,Sumatera Utara
76ece19e,Vera Habibi,Medical illustrator,Perum Anggriawan (Persero) Tbk,Lampung
219b5089,dr. Clara Setiawan,Computer games developer,CV Damanik (Persero) Tbk,Jawa Timur
2ec079ea,Septi Sinaga,Transport planner,PT Firgantoro,Papua
56084270,Jamalia Setiawan,"Psychologist, educational",PD Suwarno Tbk,Kalimantan Tengah
4cccb981,"Najwa Hakim, S.IP",Geoscientist,UD Ardianto Tbk,Kalimantan Tengah
013164f8,drg. Prabawa Januar,Acupuncturist,CV Nurdiyanti (Persero) Tbk,DI Yogyakarta
f3332b4f,Prasetya Wasita,Interior and spatial designer,UD Ramadan Wahyudin Tbk,Kalimantan Tengah
fd1824a7,"Dian Utami, S.Sos",Data scientist,UD Waluyo (Persero) Tbk,Riau
347d3c18,"Alika Astuti, M.Farm",Press sub,CV Prakasa (Persero) Tbk,Jawa Timur
a522240d,Zulaikha Samosir,Film/video editor,PT Widodo Wastuti Tbk,Nusa Tenggara Barat
71e50358,Jane Mustofa,Research scientist (maths),CV Saefullah,Sulawesi Tenggara
c28149e9,"KH. Jatmiko Hutagalung, S.Farm",Civil Service fast streamer,CV Wijaya Nasyidah,Kalimantan Utara
a23c97bc,"H. Argono Hastuti, S.Psi","Engineer, production",PT Zulkarnain Samosir,Kalimantan Timur
ce0b3069,"R. Sakura Wijaya, S.Psi","Conservation officer, historic buildings",CV Prabowo Kurniawan Tbk,Nusa Tenggara Timur
925d5098,T. Cayadi Melani,Forest/woodland manager,PT Mandasari Prakasa,Kalimantan Utara
e4f2f356,"Raden Halimah, M.Kom.",Secondary school teacher,UD Hastuti Wasita Tbk,Bengkulu
2fe42326,Azalea Tampubolon,Actor,CV Rajasa Tbk,Kalimantan Selatan
0071a5f6,"Sutan Daliono Prayoga, S.Gz",Chartered management accountant,PT Zulkarnain Irawan (Persero) Tbk,DKI Jakarta
d6c64802,T. Usman Yuliarti,Quarry manager,UD Uwais Tbk,Papua
dcbd37b5,Lukita Lestari,"Editor, commissioning",PD Yuliarti,Aceh
9b2cde3d,Janet Lazuardi,Fitness centre manager,PD Halim,Jawa Tengah
667a94a7,Siti Santoso,Sub,UD Mahendra,Kepulauan Riau
2c561b3e,Citra Purnawati,Production manager,PT Waluyo,Sumatera Barat
2a89c082,"Karimah Marpaung, S.T.","Engineer, broadcasting (operations)",Perum Mulyani Utama Tbk,Jawa Barat
78a2a4d2,dr. Ayu Maheswara,Academic librarian,PD Siregar Uwais,Gorontalo
e762fae5,Nyana Puspasari,Diplomatic Services operational officer,Perum Jailani Gunawan,Kepulauan Bangka Belitung
f4ea465d,Raina Safitri,Environmental health practitioner,CV Latupono Gunarto,Jawa Timur
ba872db7,Sadina Halimah,Ceramics designer,PT Adriansyah (Persero) Tbk,Kalimantan Tengah
aa681104,Putu Salahudin,Broadcast engineer,Perum Zulaika (Persero) Tbk,Sulawesi Tenggara
bbfe82a0,Ikin Nuraini,Land/geomatics surveyor,UD Pertiwi,Sulawesi Selatan
19dea437,Marsito Utama,"Nurse, learning disability",PT Marpaung Halim,Jawa Timur
ce920162,Nrima Firgantoro,"Development worker, international aid",PT Sihombing Hidayat,Aceh
6bc6cbb9,"Zulaikha Prabowo, M.Pd",Special effects artist,PD Sihombing,Maluku
8f0b09a5,Vino Iswahyudi,Pathologist,CV Rahimah (Persero) Tbk,Gorontalo
5de6f4e1,H. Jasmani Pranowo,Advice worker,Perum Nasyiah Purnawati (Persero) Tbk,Sumatera Barat
e58bda35,"Dr. Silvia Ardianto, S.E.",Advertising art director,CV Rahmawati Usada (Persero) Tbk,Sumatera Utara
f7d453d9,H. Cahyanto Usada,Mental health nurse,PD Zulkarnain,Kalimantan Tengah
2ac3b079,Adika Widodo,"Engineer, water",PT Melani Tamba Tbk,Sulawesi Utara
89e711da,Kasusra Wijaya,Metallurgist,Perum Yuliarti,Sulawesi Selatan
a516d42c,Kasiyah Maryati,Manufacturing engineer,CV Waluyo Pratama,Maluku
9c7a4895,Rahmi Pudjiastuti,Herpetologist,CV Wijayanti Suartini (Persero) Tbk,Banten
b71c257c,"R.A. Vanesa Rahimah, S.H.",Brewing technologist,PT Hidayanto,Kalimantan Utara
bea43a9f,Vicky Namaga,Data scientist,UD Gunawan Tbk,Papua Barat
37922e65,"Kartika Suryono, S.Kom",Fashion designer,CV Prakasa Damanik (Persero) Tbk,DI Yogyakarta
546dd865,Adikara Wacana,Public relations officer,CV Widiastuti Nainggolan,Bengkulu
4eb28d5b,Jaka Prasasta,"Radiographer, therapeutic",CV Siregar,Sulawesi Tengah
6a06c7d5,Dr. Yuni Latupono,"Designer, blown glass/stained glass",CV Hardiansyah Prabowo,Maluku
f03b0c90,"Prakosa Maryati, S.E.","Geologist, engineering",UD Nababan Tbk,Nusa Tenggara Timur
62c1dd5e,Adikara Halim,Advertising copywriter,PD Waskita (Persero) Tbk,Sulawesi Tenggara
11dc746d,"Ir. Tantri Mayasari, S.E.I",Operational investment banker,PT Handayani Yuliarti Tbk,Riau
837f93d7,Tasdik Palastri,"Engineer, production",UD Hartati (Persero) Tbk,Papua
5f2187f6,R. Prima Natsir,Landscape architect,CV Nababan Damanik,Kalimantan Tengah
775c546b,Karsa Yolanda,Educational psychologist,CV Ardianto (Persero) Tbk,Gorontalo
65a1d8c9,Hj. Maida Prabowo,Environmental health practitioner,PD Maheswara Mustofa,Papua Barat
2203933e,Gabriella Nashiruddin,Sports coach,Perum Suwarno Fujiati (Persero) Tbk,Kepulauan Bangka Belitung
cb6dc8d8,Yuni Susanti,"Scientist, clinical (histocompatibility and immunogenetics)",CV Ramadan (Persero) Tbk,Riau
7f8d461f,"Drs. Sarah Damanik, M.Kom.","Engineer, mining",Perum Permata,Aceh
1982727e,"H. Virman Tampubolon, S.Gz",Publishing copy,PT Firmansyah Tbk,Jambi
37f11488,Virman Wastuti,Audiological scientist,PD Hidayat,Sulawesi Barat
90dfaf38,Wirda Latupono,Broadcast journalist,UD Kuswoyo Prasetyo Tbk,Sulawesi Tenggara
661142bf,Dadap Yuliarti,Rural practice surveyor,PD Gunarto,Nusa Tenggara Barat
1d08b723,Dr. Usyi Mandasari,Special effects artist,CV Suwarno Siregar (Persero) Tbk,Bali
f4522e6d,Ratna Melani,"Research officer, government",Perum Anggriawan,Sulawesi Barat
87a7395c,"R.A. Tania Januar, M.M.",Counselling psychologist,Perum Pratiwi,Kalimantan Selatan
351965bd,Qori Pradipta,Water quality scientist,UD Dabukke,Jawa Timur
013c3ad7,Tari Dongoran,Occupational therapist,Perum Astuti Mustofa,Aceh
a5ee43c5,Dt. Yahya Kuswandari,"Engineer, automotive",PD Yolanda Tbk,Sulawesi Selatan
88ef9ebd,"Tira Oktaviani, M.Farm","Geologist, engineering",PT Pudjiastuti,Sulawesi Selatan
95ffed30,"Puti Hilda Wasita, S.Gz",Broadcast journalist,CV Mustofa Sihombing,Gorontalo
9b4dd0b8,Titi Latupono,Haematologist,PD Namaga Tarihoran (Persero) Tbk,Sulawesi Utara
395674ab,Kayla Waluyo,Charity fundraiser,CV Kusumo Kuswoyo,Nusa Tenggara Barat
0fb4855b,"Ika Saefullah, S.T.",Police officer,UD Melani Rajata (Persero) Tbk,Aceh
2f2c913d,Danu Mayasari,"Administrator, sports",CV Wahyudin Tbk,DKI Jakarta
c36303b7,"Dt. Jindra Putra, S.Gz",Sub,PD Halimah,Sulawesi Barat
5d204eea,"Tgk. Tiara Suartini, S.Gz",Health promotion specialist,PT Situmorang Nugroho Tbk,Jawa Tengah
5d3f8599,"Nurul Safitri, S.Ked",Science writer,PD Simbolon,Jawa Timur
1822d2ce,Liman Sitompul,Ranger/warden,CV Lailasari Habibi,DI Yogyakarta
c05969d4,"Yuni Sudiati, S.Ked",Acupuncturist,PD Anggraini Usamah Tbk,Kalimantan Barat
b5b70b37,Indah Laksita,Financial manager,PT Megantara Tbk,Maluku Utara
24ad91d6,Betania Puspasari,"Engineer, petroleum",UD Prasetya,Maluku Utara
cfb41847,"Drs. Mahfud Lestari, S.E.I",Geoscientist,PT Yulianti Zulaika Tbk,Sulawesi Tengah
c99f1aee,Jamalia Maheswara,Forensic psychologist,UD Gunawan,Jawa Timur
c148227b,Siti Samosir,Exercise physiologist,UD Marbun Irawan Tbk,Kalimantan Barat
b02d01df,dr. Martaka Farida,Commissioning editor,UD Ardianto,Nusa Tenggara Timur
05eb773b,Luis Prasetyo,Social worker,PT Hassanah,Sulawesi Tengah
45c5a7c3,Jarwa Pratiwi,Futures trader,PD Mulyani Samosir (Persero) Tbk,Nusa Tenggara Timur
5c141702,Erik Hutagalung,"Conservator, furniture",Perum Hidayanto,Papua
8de687d9,drg. Jindra Laksita,Fast food restaurant manager,PT Tamba,Sulawesi Selatan
55e07d0b,Kusuma Wijayanti,"Surveyor, planning and development",CV Wahyuni,Sulawesi Tenggara
7f27bdb8,R.A. Ajeng Simanjuntak,"Nurse, adult",PT Nainggolan Wibowo,Aceh
76109a84,Ir. Septi Puspasari,IT trainer,PD Utama Puspasari (Persero) Tbk,Riau
96950f36,"Ir. Muni Suartini, S.IP",Fitness centre manager,CV Permata (Persero) Tbk,Sulawesi Tengah
27c29b49,Jamalia Budiman,Media buyer,CV Hidayat,Kalimantan Tengah
19e42cd7,Dimas Laksmiwati,"Clinical scientist, histocompatibility and immunogenetics",PT Utami Zulaika Tbk,Nusa Tenggara Timur
8d88200d,Azalea Suartini,"Engineer, water",Perum Samosir Firmansyah (Persero) Tbk,Jawa Tengah
aa85dbfe,Ratih Halim,Best boy,UD Mandasari Budiyanto,Bengkulu
4c01cc23,Ega Mandala,Textile designer,UD Purnawati,Bali
da1ddefc,"Kemal Firmansyah, S.E.",Interpreter,Perum Hidayat Tbk,Riau
266e9456,Kayla Setiawan,Research scientist (life sciences),PD Siregar Astuti (Persero) Tbk,Sulawesi Tenggara
3302f49e,"Edward Gunawan, M.Ak",Product designer,Perum Nugroho (Persero) Tbk,Sumatera Selatan
5f7bc0a4,Dina Waskita,Corporate investment banker,Perum Usamah (Persero) Tbk,Maluku Utara
59e7477d,Elisa Kuswoyo,"Secretary, company",PD Permadi,Sulawesi Barat
3c5d7100,"Dt. Dimaz Sudiati, M.Pd",Counsellor,CV Wacana Marpaung,Kalimantan Utara
1ce2fe77,Ir. Mahdi Najmudin,Fish farm manager,CV Habibi,Gorontalo
f039aaf9,"Eka Tarihoran, S.H.",Rural practice surveyor,PT Mardhiyah Suartini Tbk,Jawa Tengah
aaa9db8b,Cut Ilsa Laksita,Police officer,Perum Nashiruddin,Kalimantan Tengah
c4050e27,"Icha Lestari, S.Psi","Engineer, aeronautical",CV Purnawati Jailani,Kalimantan Utara
db06b26c,Yuni Melani,"Chemist, analytical",CV Wijayanti Tbk,Nusa Tenggara Timur
b786d837,Suci Wacana,"Designer, furniture",PD Namaga Saptono Tbk,Kalimantan Barat
e9e4cd08,Hamzah Saptono,"Designer, industrial/product",CV Hutapea Tbk,Bali
203d50d2,Harsanto Nainggolan,Computer games developer,PD Iswahyudi Purwanti,Bengkulu
f2cb3d8e,"Eli Siregar, S.Ked","Buyer, industrial",Perum Ardianto (Persero) Tbk,Jawa Barat
b6030308,Intan Prayoga,"Scientist, clinical (histocompatibility and immunogenetics)",PT Saputra,Kalimantan Tengah
91aae37a,"dr. Yance Permadi, S.Sos",Patent examiner,PT Lazuardi Narpati,Maluku Utara
a33ab08d,"H. Kadir Ardianto, S.E.I",Education administrator,Perum Maryadi (Persero) Tbk,Riau
c9453eb3,Garang Wahyuni,Wellsite geologist,PT Uyainah Pudjiastuti,DI Yogyakarta
78010316,Salwa Suartini,"Editor, magazine features",CV Namaga Dongoran,Lampung
a5af4396,"Kunthara Maulana, S.I.Kom","Production assistant, television",Perum Winarno Agustina,Jawa Barat
26fbe211,Najwa Wijaya,Garment/textile technologist,Perum Palastri,Jawa Barat
f243b065,"Emil Rahmawati, M.Farm",Commercial horticulturist,UD Wasita Haryanto (Persero) Tbk,Kalimantan Barat
ced91eec,"Tgk. Bakianto Putra, M.TI.",Heritage manager,PT Halimah,Bali
0762ae50,Bambang Gunarto,"Teacher, English as a foreign language",PD Hakim Wijaya Tbk,Kalimantan Tengah
54ede959,Putu Hutapea,"Engineer, aeronautical",Perum Permadi Usada (Persero) Tbk,Jawa Barat
656bc735,Iriana Puspasari,Radio broadcast assistant,CV Kusmawati Tbk,Banten
dff71fe3,Gabriella Hutasoit,Interpreter,Perum Saragih,Gorontalo
a6e85e9b,Yosef Hardiansyah,Industrial buyer,CV Marpaung Gunawan,Banten
1e7cbb3c,"Drs. Digdaya Sinaga, S.Gz","Editor, magazine features",UD Gunawan Megantara,Maluku Utara
dce28944,Raden Najmudin,"Scientist, biomedical",CV Napitupulu Yuniar,Sulawesi Tengah
dee4b6fb,"Drs. Rini Hidayanto, M.Kom.",Biomedical engineer,PD Pertiwi Tbk,DI Yogyakarta
70218302,Ira Astuti,Computer games developer,PD Kuswandari,Nusa Tenggara Barat
d7100088,"Yunita Irawan, S.Sos",Education administrator,Perum Anggraini Hassanah,Maluku
89b6865b,Zizi Tampubolon,Network engineer,UD Zulaika,Sulawesi Barat
9153f948,Restu Yulianti,Surgeon,CV Prastuti Waluyo (Persero) Tbk,Sumatera Barat
0a65030b,Labuh Saragih,Haematologist,CV Puspita Salahudin Tbk,DI Yogyakarta
d2633ca2,"Hj. Betania Farida, S.E.",Research scientist (life sciences),PD Gunawan Tbk,Jawa Barat
551ffa9f,"Tgk. Narji Nasyiah, S.I.Kom","Production assistant, television",CV Mahendra Situmorang,Sulawesi Tengah
b0342d4e,Puti Lidya Uyainah,"Surveyor, planning and development",CV Zulaika (Persero) Tbk,Bengkulu
7d5a8b37,Vanesa Utama,"Investment banker, operational",PD Permadi,Kepulauan Bangka Belitung
59cee7ba,"drg. Dadap Zulaika, M.TI.",Museum/gallery exhibitions officer,UD Hidayat,Kalimantan Tengah
0d1f0c21,Laila Siregar,Animal nutritionist,Perum Susanti Purnawati Tbk,Nusa Tenggara Barat
ffd3d28a,Halim Gunarto,Animator,CV Permata,Sumatera Utara
86c8b27a,Raden Gunarto,Commercial/residential surveyor,Perum Rajata Mansur,Lampung
03bf696d,Iriana Prakasa,"Engineer, electronics",CV Lazuardi (Persero) Tbk,Jambi
28357890,Janet Yulianti,Clothing/textile technologist,PT Budiyanto Prasasta Tbk,Nusa Tenggara Timur
2f9b4b57,Fitriani Setiawan,Hospital pharmacist,PD Suryono (Persero) Tbk,Kalimantan Selatan
0dfdc431,Asmianto Hardiansyah,Higher education careers adviser,CV Pradipta Pradana (Persero) Tbk,Sulawesi Selatan
a82e0715,"Zelda Wijayanti, S.Sos",Psychotherapist,PT Lailasari,Kalimantan Barat
fad9c157,"R. Uchita Namaga, S.Pd",Seismic interpreter,PD Gunarto,Aceh
db8caf4c,"Drs. Jarwi Latupono, S.H.",Nature conservation officer,Perum Mustofa Uwais,Kalimantan Timur
7d4065bb,Najwa Kuswandari,Environmental consultant,CV Winarsih,Kalimantan Barat
9ff72d25,Bella Kusumo,Event organiser,PT Napitupulu Tbk,Banten
b796ab3b,"Drs. Yosef Rajata, S.E.I",Health and safety inspector,Perum Zulkarnain Handayani (Persero) Tbk,Nusa Tenggara Barat
3c4ef64f,"Puti Maimunah Iswahyudi, S.Kom",Furniture designer,UD Budiyanto,Sulawesi Tenggara
81de52af,Salsabila Kuswandari,Armed forces logistics/support/administrative officer,UD Prastuti (Persero) Tbk,Nusa Tenggara Barat
f7e33d34,Lintang Haryanto,Systems developer,PT Melani,Papua
5f0e1978,Gamblang Firmansyah,Financial adviser,Perum Tamba Iswahyudi,Jambi
91fd0ac3,Novi Uyainah,Passenger transport manager,CV Prayoga Yuliarti Tbk,Sulawesi Selatan
03bfa1b3,Titi Waluyo,Merchant navy officer,PT Halimah Tbk,Kalimantan Tengah
cfc22c2d,Diah Putra,Land/geomatics surveyor,CV Safitri Permata,Banten
f9dd14f5,Wirda Pratama,Water quality scientist,UD Mustofa Nasyiah,Banten
b0e2ed94,Talia Wacana,Environmental health practitioner,CV Novitasari Tbk,Sulawesi Tengah
b7e4eb3b,"drg. Eli Aryani, S.Sos",Seismic interpreter,Perum Budiman Latupono (Persero) Tbk,Bali
1093e5a2,Aurora Lestari,"Sound technician, broadcasting/film/video",UD Sirait,Kepulauan Bangka Belitung
8316126e,Saka Suryatmi,Farm manager,PD Prayoga (Persero) Tbk,Sulawesi Utara
d99dddea,Jessica Mangunsong,Occupational hygienist,CV Rahmawati Melani,Aceh
5f903e72,Balidin Hariyah,Statistician,PT Kusumo (Persero) Tbk,Papua Barat
c00421af,Ida Yuliarti,Petroleum engineer,Perum Sihombing (Persero) Tbk,Aceh
3d94a969,Dian Megantara,Magazine features editor,CV Situmorang Puspita,Sumatera Barat
fe689874,"dr. Pranawa Uyainah, S.Psi",Technical brewer,PD Saptono,Sulawesi Tengah
5ecc3238,Wani Putra,"Engineer, electrical",Perum Gunawan Tbk,Kepulauan Bangka Belitung
bac4b2f5,Gasti Wijaya,"Lecturer, higher education",PD Pradana Tbk,Sulawesi Tengah
5310661e,"Dr. Nurul Pangestu, S.H.",Counsellor,Perum Prayoga Sihotang (Persero) Tbk,Kepulauan Riau
07a196c8,Maras Farida,Editorial assistant,PT Hutapea Tbk,Sulawesi Utara
72b1f2b2,H. Manah Susanti,Agricultural consultant,PT Dabukke Wastuti (Persero) Tbk,Gorontalo
6ce2e61c,Farah Pranowo,"Programme researcher, broadcasting/film/video",PT Dabukke,Sulawesi Utara
84235961,Yuni Haryanto,Media buyer,PT Wahyuni Firgantoro Tbk,Sulawesi Tenggara
93350ed0,"Puti Gina Rahimah, M.Pd",Industrial buyer,PT Rajasa Prakasa,Kepulauan Riau
0c96b281,Edi Saragih,Estate agent,UD Mandala Tbk,Maluku Utara
11633f21,Puti Fitria Widodo,Environmental consultant,PT Melani Pertiwi,Jawa Barat
b7d04a4e,Faizah Gunawan,Pensions consultant,UD Halim Setiawan (Persero) Tbk,Papua Barat
f6098790,"Azalea Permadi, M.Kom.",Artist,Perum Wastuti Tbk,Sumatera Barat
431f1225,Lintang Rajata,"Engineer, agricultural",CV Rahimah Najmudin,Sumatera Selatan
6099d7ed,"Najib Hasanah, S.H.",Musician,PD Lailasari (Persero) Tbk,DKI Jakarta
371bd087,Jabal Napitupulu,Town planner,UD Siregar Prastuti (Persero) Tbk,Sulawesi Utara
1933d973,Purwanto Zulaika,Materials engineer,PD Utama Kusumo,Jawa Timur
98409b89,Kani Pradipta,"Conservator, museum/gallery",PT Narpati Pradana (Persero) Tbk,DKI Jakarta
8b1c951d,Elvina Widodo,Community pharmacist,PD Simbolon Narpati,Kalimantan Timur
93718704,"drg. Syahrini Hartati, S.Pt",Risk manager,UD Mandala (Persero) Tbk,Sulawesi Tenggara
2beb79b4,Reza Kuswoyo,Pension scheme manager,PD Mandala Situmorang,Jawa Timur
d625068e,Ophelia Usada,Careers adviser,PD Situmorang,Nusa Tenggara Timur
bdeac77a,Bakianto Widodo,"Administrator, local government",PT Palastri Saptono Tbk,Kalimantan Tengah
007c4878,Azalea Marbun,Metallurgist,PT Rahmawati,DKI Jakarta
2d4a2ff9,Hafshah Narpati,"Geneticist, molecular",Perum Nuraini (Persero) Tbk,Papua
c0eb0db6,Zelda Waluyo,Homeopath,CV Mandasari,Kepulauan Riau
ca8cc206,Elisa Purnawati,IT technical support officer,Perum Suryatmi Rahimah,Kalimantan Utara
1d5c336f,Bakianto Suryono,Water engineer,PD Ramadan Kusmawati Tbk,Kepulauan Riau
328aefaa,Samsul Megantara,"Investment banker, corporate",CV Astuti,Jambi
89c4b262,H. Bahuwarna Hidayanto,"Geneticist, molecular",PT Irawan Tbk,Sulawesi Tenggara
aefc255a,drg. Syahrini Rajasa,Commercial/residential surveyor,PD Wibisono Sudiati Tbk,Maluku
48efc387,Bancar Pradana,Writer,PT Najmudin Purwanti (Persero) Tbk,Sumatera Utara
d4e4e100,Qori Putra,Naval architect,UD Mandala,Jambi
72f1832b,Yulia Prakasa,"Scientist, research (maths)",PD Hidayanto,DI Yogyakarta
45894f1b,Pia Melani,Sports therapist,PT Sihombing,DI Yogyakarta
0daf8e4c,R. Ellis Yuliarti,"Optician, dispensing",UD Narpati (Persero) Tbk,Kalimantan Selatan
44949b98,Karimah Halim,"Administrator, local government",UD Waluyo Tbk,Jawa Timur
0a2851da,Lala Kusmawati,Minerals surveyor,PD Siregar Utama,Kalimantan Tengah
b056bd5d,"Ir. Eka Waluyo, M.Farm",Publishing rights manager,UD Manullang Handayani,Nusa Tenggara Barat
4bdb9dee,"dr. Timbul Yuliarti, S.Sos",General practice doctor,UD Siregar Tbk,Maluku
69b0835e,Gatot Nababan,Hydrologist,UD Ardianto Tbk,Sumatera Utara
83cb472b,Drs. Salsabila Wastuti,Tax inspector,PT Nugroho Wibisono Tbk,Riau
16a3c88b,Garang Hakim,Advice worker,PD Tarihoran Tamba Tbk,Kalimantan Utara
1e1cec9f,"Pia Megantara, S.Gz",Systems analyst,PD Situmorang,Sulawesi Tenggara
325e0f96,Lukman Hariyah,Technical author,PT Kuswandari Tbk,Nusa Tenggara Timur
61b99ad9,T. Satya Saragih,Volunteer coordinator,PD Anggriawan Winarno (Persero) Tbk,Aceh
bb7d47da,Icha Saragih,Farm manager,UD Pratiwi Jailani,Jawa Barat
5fb213df,"Dr. Ade Salahudin, S.Pt","Investment banker, corporate",PT Utami Mangunsong (Persero) Tbk,Jawa Timur
f992a835,R.A. Karimah Tampubolon,"Civil engineer, contracting",PD Nababan,Banten
2bf10750,"Dr. Setya Irawan, S.Pt",Customer service manager,PT Kurniawan,DKI Jakarta
54d723e3,Salimah Siregar,"Engineer, mining",UD Hidayat (Persero) Tbk,Kepulauan Bangka Belitung
fc6c8836,Taswir Pratama,Tourist information centre manager,UD Adriansyah,Kalimantan Selatan
38a40c4e,T. Aswani Mahendra,Event organiser,UD Pratiwi (Persero) Tbk,Kalimantan Tengah
b6b57c41,Rusman Wacana,Insurance underwriter,PD Hartati Tbk,Kalimantan Timur
89900939,Aris Mandasari,"Accountant, chartered public finance",PD Oktaviani,Sulawesi Barat
752e0825,Langgeng Haryanto,Amenity horticulturist,PD Sinaga Maryati,Jambi
960c722a,Patricia Saptono,Veterinary surgeon,Perum Mayasari (Persero) Tbk,Sumatera Utara
0483105b,drg. Luthfi Nasyiah,Environmental health practitioner,PT Iswahyudi Simbolon,Sulawesi Tengah
e507d929,Jagaraga Aryani,"Research officer, political party",Perum Nababan (Persero) Tbk,Jawa Tengah
28a7561f,Kemal Safitri,Solicitor,UD Mandala Hardiansyah,Bengkulu
758f17a0,Martaka Rajata,Health and safety adviser,Perum Suartini Nababan (Persero) Tbk,Nusa Tenggara Barat
e8dab433,"Michelle Hutagalung, M.Pd",Farm manager,Perum Maheswara Nuraini,DKI Jakarta
fa49a467,Hadi Susanti,"Designer, multimedia",CV Hardiansyah,Nusa Tenggara Timur
310e5a2d,"Fitriani Laksmiwati, S.E.I",Best boy,PD Latupono,DKI Jakarta
4d0d5000,"KH. Daru Hasanah, S.I.Kom",Horticultural consultant,Perum Haryanto Napitupulu,Kepulauan Bangka Belitung
b99070f5,Ida Halimah,Media buyer,CV Maulana (Persero) Tbk,Aceh
94025bca,Fathonah Mayasari,Commercial horticulturist,PD Prasasta Uyainah,Bengkulu
ab38be3b,Iriana Megantara,Amenity horticulturist,PT Winarsih Tbk,Kepulauan Bangka Belitung
f6669955,Rini Waluyo,Social researcher,UD Mansur Tbk,Sulawesi Selatan
baeeb35d,"Drs. Lala Gunarto, M.Farm",Astronomer,Perum Mahendra Tbk,Maluku Utara
95e91c1b,"Hj. Novi Saputra, S.Psi",Herbalist,PD Aryani (Persero) Tbk,Kepulauan Bangka Belitung
44a7dca3,"Purwadi Palastri, S.Kom",Retail merchandiser,CV Yuniar Pratiwi (Persero) Tbk,Sulawesi Tengah
2b40f06b,dr. Ratna Aryani,Ship broker,PD Habibi Firgantoro (Persero) Tbk,Papua
00637ea3,Olga Wastuti,Dentist,CV Budiman Samosir,Sulawesi Selatan
69a8d7c9,Puti Zamira Mandala,Food technologist,Perum Hutagalung Haryanti,Maluku
149b591f,"Eva Anggriawan, S.T.","Engineer, aeronautical",UD Budiman Sudiati,Kalimantan Utara
29f19fb0,Elvina Anggriawan,"Engineer, site",Perum Yolanda,Bengkulu
53bf91e5,Maimunah Puspita,"Buyer, retail",UD Wastuti Tbk,Bali
42ee3589,Asmadi Wahyuni,Economist,UD Usamah Rajasa Tbk,Sulawesi Barat
19bdffa9,Rini Zulkarnain,Network engineer,CV Mulyani Fujiati,Bengkulu
e7996c65,Karna Mahendra,Ergonomist,PD Tamba Tbk,Jambi
2c5f80a4,Galur Pratiwi,Further education lecturer,UD Situmorang,Maluku
de5f4590,Drs. Wirda Nashiruddin,Brewing technologist,PT Anggriawan,Sulawesi Utara
6e3c5a74,Cakrawala Winarno,"Development worker, community",UD Winarno Utami (Persero) Tbk,Jambi
0f6e3195,Elisa Nasyidah,Emergency planning/management officer,PD Santoso Marpaung,Sumatera Barat
b506699a,Mutia Mustofa,Government social research officer,UD Dabukke Anggraini,Sumatera Utara
fa74182d,"Upik Mustofa, M.Farm",Associate Professor,PD Widodo,Riau
588d886e,Asmianto Halimah,"Therapist, sports",UD Natsir Hasanah Tbk,Papua Barat
073b08e3,"Gilda Salahudin, S.H.",Forensic psychologist,PD Natsir Tbk,DI Yogyakarta
25bfd709,Kanda Tampubolon,Advertising copywriter,CV Mansur Uyainah,Sulawesi Tengah
a2c19c84,"R. Malika Dabukke, S.Pd","Loss adjuster, chartered",CV Laksita Tbk,Sulawesi Barat
49a7aab6,Ir. Nadine Rahimah,Sports coach,PT Uwais,Sulawesi Utara
b173fbfd,"Sutan Oman Winarno, S.Sos","Surveyor, hydrographic",CV Rahmawati Utami,Lampung
85674c71,Maimunah Putra,"Designer, fashion/clothing",UD Pradipta Pratama,Jawa Barat
cf957db0,"Drs. Salimah Sinaga, S.Pt",Editorial assistant,PD Sihombing Situmorang,Kepulauan Riau
06b7f54d,Ir. Mala Prasetya,"Journalist, newspaper",PD Manullang (Persero) Tbk,Lampung
56674f04,Rika Anggraini,Civil Service administrator,UD Maheswara Tbk,Aceh
75834391,"Mahfud Maryati, M.TI.",Manufacturing engineer,Perum Riyanti,Nusa Tenggara Timur
fdae498f,Safina Marbun,Biomedical scientist,CV Lestari (Persero) Tbk,Kalimantan Selatan
f6d03865,"Luwar Mardhiyah, S.I.Kom",Print production planner,UD Hidayanto Wulandari,Kalimantan Selatan
0bd8043e,Ciaobella Melani,Sub,PT Widodo Situmorang,Sulawesi Tenggara
a72b78e9,Aslijan Setiawan,"Research officer, political party",UD Zulkarnain,Banten
b2127677,Puti Zelda Purwanti,Furniture conservator/restorer,PD Susanti Siregar,Kalimantan Tengah
b5f0eb6c,Ir. Ajiono Setiawan,Scientific laboratory technician,PD Wacana Tbk,Nusa Tenggara Barat
b07bb385,Ir. Cahyo Zulaika,Financial controller,Perum Rahmawati Siregar Tbk,DKI Jakarta
0294c771,"R. Akarsana Laksita, M.M.",Museum/gallery exhibitions officer,CV Wahyuni Tbk,Sulawesi Barat
94a0336e,Anastasia Hutagalung,Adult guidance worker,CV Santoso Permata,Nusa Tenggara Timur
ac0664c3,Drs. Nyoman Mustofa,Chief Financial Officer,CV Oktaviani Suwarno,Papua
9cf9f499,Mulya Puspasari,Archivist,PT Prayoga Puspasari Tbk,Sulawesi Tengah
599af153,Utama Fujiati,Neurosurgeon,CV Wahyuni Farida,Kalimantan Tengah
3609281b,Marwata Situmorang,Pathologist,CV Firgantoro Manullang (Persero) Tbk,Banten
5ecaba85,"Hj. Mala Wulandari, S.Sos",Data processing manager,UD Prastuti,Sulawesi Tenggara
85f91b18,Anita Jailani,Market researcher,Perum Wibowo,Kalimantan Timur
b755a37c,Laswi Prasetya,Financial planner,PD Haryanto Santoso,Papua
0553aac3,Ir. Elvina Wibisono,Geophysicist/field seismologist,PD Marpaung,Sulawesi Tengah
e2ea4bb6,"dr. Dalimin Hardiansyah, S.Psi",Clinical research associate,PT Rahimah,Kalimantan Timur
3296890b,Cemplunk Pratiwi,Manufacturing engineer,UD Fujiati (Persero) Tbk,Sulawesi Barat
26fad803,"R.A. Ayu Hutagalung, S.Ked","Designer, textile",UD Zulaika Yolanda (Persero) Tbk,Bali
96425dcf,Candra Mayasari,Water quality scientist,UD Permata,Nusa Tenggara Barat
4d4ec255,"Puti Tari Wastuti, S.Ked",Surgeon,PD Hariyah Widiastuti (Persero) Tbk,Kalimantan Utara
72be8563,Harjasa Sitompul,Energy engineer,UD Zulaika Tbk,Sumatera Selatan
58032b6e,"Raden Widiastuti, S.Farm",Magazine journalist,UD Puspasari Mahendra (Persero) Tbk,Jawa Barat
75a78eb5,"Purwa Adriansyah, S.E.",Dentist,PT Anggraini Hidayanto,Jawa Barat
3f440e06,Karsana Wibowo,Newspaper journalist,PD Laksmiwati Mardhiyah (Persero) Tbk,Banten
ebd43cf8,Betania Suartini,Learning disability nurse,PD Suartini Maheswara,Bengkulu
d24ebee9,Uda Mandasari,"Nurse, learning disability",UD Prasetya (Persero) Tbk,Riau
32870e09,Diah Manullang,"Programmer, multimedia",PT Purnawati Manullang,Sumatera Selatan
080070d4,Maya Prasetya,Orthoptist,PD Wastuti Tbk,Jambi
58e46bab,"Ratna Utama, S.Sos",Armed forces technical officer,Perum Mardhiyah (Persero) Tbk,Papua Barat
0f05cec6,Violet Jailani,Audiological scientist,CV Suryatmi (Persero) Tbk,DKI Jakarta
a2774e25,T. Sakti Budiyanto,Oncologist,PT Putra Tbk,Sulawesi Tengah
ef3e62dc,Drs. Legawa Suryatmi,Bookseller,UD Gunawan Prakasa Tbk,Bali
605af8b4,Yessi Prakasa,Mechanical engineer,UD Anggraini,Aceh
4b4a149c,Kayla Jailani,Quality manager,PD Yolanda (Persero) Tbk,Jawa Barat
6090b972,"Ir. Danuja Marbun, M.Kom.",Actuary,PD Suwarno Kurniawan Tbk,Kalimantan Timur
d1d9b547,Hardana Kuswoyo,Product manager,PD Suryono (Persero) Tbk,Riau
856f9a91,"T. Emong Mayasari, S.Gz","Conservation officer, historic buildings",Perum Kurniawan,Kepulauan Riau
f445ee7b,"Prasetyo Narpati, S.I.Kom","Social research officer, government",PT Tamba Mahendra (Persero) Tbk,Jawa Barat
de9399fd,Ciaobella Nasyidah,"Social research officer, government",CV Puspasari Tbk,Sulawesi Selatan
2ffcf849,"Vanesa Novitasari, M.Pd",Medical laboratory scientific officer,UD Pudjiastuti,Sulawesi Selatan
a560e6f4,Zelaya Prastuti,"Designer, exhibition/display",UD Irawan Tbk,Kalimantan Selatan
c32f8a26,dr. Luluh Wijaya,Historic buildings inspector/conservation officer,Perum Hasanah,Papua Barat
bccc2d95,Dodo Irawan,"Surveyor, mining",PT Sihombing Sihotang,Jawa Tengah
d65b67d3,Kardi Nuraini,Financial controller,UD Novitasari Tbk,Sumatera Barat
cf9c71df,"Ozy Siregar, S.H.","Presenter, broadcasting",UD Mandala Purwanti (Persero) Tbk,Kalimantan Barat
18a140ab,Hilda Suryono,Graphic designer,Perum Safitri Mangunsong,Riau
2be8cbf1,Kamila Kusumo,"Scientist, research (physical sciences)",PT Maulana Samosir,Kalimantan Tengah
c51bf40b,"Wasis Padmasari, S.Pt",Acupuncturist,UD Yolanda Sihombing,Nusa Tenggara Barat
13f47139,"Karen Sudiati, M.Ak",Insurance risk surveyor,CV Pertiwi Tbk,Kalimantan Selatan
32f8154a,Harsana Farida,"Geologist, wellsite",PT Sinaga Kuswandari (Persero) Tbk,DKI Jakarta
77e05b21,Daru Kuswoyo,Market researcher,PT Nasyidah Widiastuti (Persero) Tbk,Riau
a72f1362,"Drs. Saiful Waskita, S.Kom","Engineer, energy",Perum Rajata,Jawa Tengah
e0eb4285,"Hj. Julia Tampubolon, M.Farm",Meteorologist,PD Wastuti Sihombing,Papua
f4ca2745,"Cagak Jailani, S.Kom",Chief Technology Officer,CV Mulyani Situmorang Tbk,Bengkulu
0e74662d,Puspa Gunawan,Site engineer,PD Nurdiyanti Suwarno (Persero) Tbk,Papua
4f2ac06b,Sabri Uwais,Chartered public finance accountant,PD Laksita Marpaung Tbk,Bengkulu
9aecb5cc,"R. Labuh Santoso, S.T.",Scientific laboratory technician,UD Susanti Suryatmi,Jawa Tengah
8e032f92,Widya Saragih,Airline pilot,PT Hasanah (Persero) Tbk,Jawa Tengah
76a62675,Puspa Hasanah,"Programmer, systems",PD Latupono Tbk,Kalimantan Tengah
fc416c84,"Dr. Pangestu Nainggolan, S.E.I","Administrator, arts",PT Mardhiyah Tbk,Sulawesi Barat
7459898f,"Sutan Harjasa Haryanto, S.Ked",Careers information officer,PT Winarno,Jawa Timur
fa1d9e2e,R. Gara Megantara,"Production assistant, radio",CV Fujiati Tbk,Sulawesi Selatan
ddd53401,Gamanto Pranowo,"Scientist, water quality",UD Astuti Usamah,Maluku
7a5ccd45,Wulan Hasanah,Maintenance engineer,PT Hidayat Utami (Persero) Tbk,Maluku
1ec9fbab,Maria Agustina,Operational investment banker,Perum Jailani Hasanah (Persero) Tbk,DI Yogyakarta
55de0d47,"Virman Widodo, S.H.",Mining engineer,CV Puspita Maryati,Bengkulu
75f92a69,"Farhunnisa Narpati, S.Ked",IT technical support officer,Perum Hastuti Simanjuntak,Papua Barat
80d66069,drg. Liman Laksmiwati,Community arts worker,UD Halimah,Sumatera Utara
893ac221,Estiono Napitupulu,Research scientist (life sciences),UD Mayasari Tbk,Sumatera Barat
13c8d99f,"Citra Hutagalung, M.TI.",Outdoor activities/education manager,UD Napitupulu Pratama,Nusa Tenggara Timur
41c48a5a,"Hj. Ciaobella Haryanto, S.E.","Nurse, adult",UD Iswahyudi Maheswara (Persero) Tbk,Sumatera Selatan
24b4a8af,"Intan Rahmawati, S.IP","Designer, television/film set",UD Yulianti Tbk,Bali
784ad541,Nasim Pradipta,Management consultant,CV Haryanti,Papua
b79b2d25,Marsudi Prabowo,Hydrographic surveyor,UD Utama Usamah,Sumatera Utara
cfbd039d,"R.A. Ira Wulandari, S.Pt",Telecommunications researcher,CV Jailani Kurniawan (Persero) Tbk,Bali
b4f892bf,"Novi Maryadi, S.Gz","Engineer, agricultural",Perum Kurniawan Natsir (Persero) Tbk,Papua Barat
b302b30d,Murti Gunawan,Accommodation manager,Perum Sinaga Aryani,Maluku Utara
293be7e7,Gaman Uyainah,Orthoptist,PD Puspita,Nusa Tenggara Timur
8d3e1b4a,Tgk. Danuja Kusmawati,Education administrator,UD Wibisono Tamba (Persero) Tbk,Nusa Tenggara Timur
16e5f4d6,Puti Maya Mangunsong,Media planner,CV Mandala,DKI Jakarta
6cfb2973,Kemba Utami,Environmental education officer,Perum Ardianto Tbk,Sumatera Utara
df755bfe,"Puti Zelaya Gunarto, S.T.",Patent attorney,PD Dongoran,Riau
7fdce5ff,Putri Wulandari,Site engineer,Perum Hutagalung Latupono,Jawa Barat
f95d4442,Kacung Agustina,Translator,CV Sihombing,Jawa Tengah
2a5c07e4,"Ir. Kalim Tarihoran, S.Pd",Physiological scientist,Perum Siregar,Kalimantan Timur
47a210c1,Janet Sihotang,Lexicographer,Perum Oktaviani Pratiwi Tbk,Sulawesi Utara
e632e77d,Dipa Sinaga,Radiation protection practitioner,PT Suartini Fujiati,Maluku Utara
c09e1868,Tugiman Novitasari,"Geologist, wellsite",PT Sudiati Yulianti (Persero) Tbk,Bali
75565fd4,Atma Mangunsong,Customer service manager,PT Putra Pudjiastuti,Papua Barat
c262e904,Gandi Usamah,Transport planner,UD Wahyudin Winarsih (Persero) Tbk,Nusa Tenggara Barat
ef662946,"Hj. Shakila Wibisono, S.Pd",Pensions consultant,UD Nainggolan Kusumo,Gorontalo
0d647f8e,"drg. Nadia Hutasoit, S.Gz",Operational researcher,Perum Nugroho (Persero) Tbk,Kalimantan Timur
4de257cf,Rafi Hutapea,Film/video editor,CV Saputra Tbk,Nusa Tenggara Barat
43452dac,Irnanto Kusumo,"Accountant, chartered",Perum Maheswara,Banten
9844bb78,"KH. Ibun Prasasta, M.Kom.",Sports development officer,UD Hakim (Persero) Tbk,Nusa Tenggara Timur
7e03f032,Yoga Hutapea,Multimedia programmer,PT Saputra,Sulawesi Barat
17d9dab6,"Kemba Suryono, M.Kom.",Product/process development scientist,UD Simanjuntak Nurdiyanti (Persero) Tbk,Jawa Tengah
dd0f1827,Ir. Taswir Wahyuni,Technical author,UD Laksita Waskita Tbk,Kalimantan Tengah
e430ba2d,Ilsa Putra,Make,UD Prabowo (Persero) Tbk,Kepulauan Bangka Belitung
0c4b423c,"Harja Wacana, S.Farm",Homeopath,CV Handayani Tbk,Papua
300f2888,Dr. Baktiono Lestari,Aid worker,PD Saptono (Persero) Tbk,Kalimantan Tengah
d99e0f36,"Dr. Pranata Prabowo, S.I.Kom","Sales professional, IT",CV Gunawan Kurniawan,Sumatera Selatan
355df98d,Candrakanta Pranowo,Nature conservation officer,CV Utami Yolanda (Persero) Tbk,Lampung
0656d6c2,Nasim Ardianto,"Civil engineer, contracting",PT Nasyidah Puspasari,Sumatera Selatan
4ee2d8bc,Maya Handayani,Sports therapist,UD Suartini (Persero) Tbk,Kalimantan Utara
3a0022a5,drg. Juli Kusmawati,Dealer,PT Tamba,Sulawesi Tengah
0fa5f17c,"T. Ghani Puspasari, S.E.","Education officer, community",Perum Nainggolan,Nusa Tenggara Barat
00359122,"R.A. Wirda Gunawan, S.Kom",Information systems manager,PD Saefullah Tbk,Kalimantan Timur
f7638e77,"Mumpuni Najmudin, S.Pt",Chartered accountant,Perum Suwarno,Maluku Utara
9038faae,Ratna Yulianti,"Administrator, arts",UD Hakim,Jambi
cef93bb0,Zahra Maheswara,Community arts worker,CV Pratiwi Tbk,Maluku Utara
a2315a93,"Dr. Vanesa Tarihoran, M.M.","Investment banker, corporate",PD Iswahyudi,Sulawesi Selatan
578e412a,Darman Mustofa,Health visitor,UD Mandasari Ardianto,Bali
be83250d,dr. Maimunah Pranowo,"Journalist, newspaper",Perum Setiawan Waluyo Tbk,Jawa Tengah
06088615,Gatra Sudiati,Occupational psychologist,CV Utama,Sumatera Selatan
94276439,R.M. Kalim Thamrin,Theatre manager,CV Nashiruddin,Lampung
6af34dd7,"Devi Hutapea, S.IP",Magazine features editor,PT Suartini Winarsih,Aceh
cb0d1ff2,Fitria Simanjuntak,English as a foreign language teacher,PD Kuswandari Sihombing,Jawa Tengah
5682f5cb,Lala Uyainah,Financial trader,PD Wijayanti Kuswoyo,Kalimantan Timur
9cfefb09,Amelia Mardhiyah,Local government officer,PT Hutasoit Hasanah Tbk,DKI Jakarta
4ee85970,Liman Laksmiwati,Chief Strategy Officer,Perum Nuraini Widiastuti,Jawa Timur
297aedbf,Ella Puspita,Radio producer,CV Hasanah Halim,Bali
ea028f66,Restu Samosir,"Engineer, communications",CV Handayani,Maluku Utara
11aea5c1,Tgk. Jasmin Megantara,Pharmacologist,Perum Kusumo Prasetyo Tbk,Lampung
c933748b,Dr. Ira Anggraini,Seismic interpreter,PT Mangunsong Mandala,Lampung
045d5e87,"Ir. Dian Marpaung, S.Kom",Teaching laboratory technician,PD Hassanah (Persero) Tbk,Papua
2ae8761f,"Luwar Megantara, S.I.Kom",Public house manager,CV Waluyo Agustina,Maluku
90056fe7,Febi Mandasari,Energy manager,UD Marbun Hardiansyah (Persero) Tbk,DI Yogyakarta
9c6a4963,"Emil Padmasari, S.T.",Waste management officer,UD Pradana,Banten
ae16d222,Cut Raina Hardiansyah,Health and safety adviser,CV Iswahyudi Riyanti,Kalimantan Selatan
b5e11612,"Tgk. Nrima Widodo, M.Ak",Advertising copywriter,UD Gunawan,Papua Barat
70283041,Ani Latupono,Naval architect,CV Marpaung Prasetya,DI Yogyakarta
2665d15d,"Mulya Megantara, S.E.I","Engineer, maintenance",Perum Pangestu (Persero) Tbk,Sulawesi Barat
31f2dd7c,Karna Ramadan,"Surveyor, quantity",Perum Hariyah Tbk,Sulawesi Utara
303b6cb3,Karimah Maryadi,Higher education lecturer,PT Halim,Nusa Tenggara Timur
420601c4,Aris Maryati,"Psychotherapist, child",UD Sudiati Setiawan Tbk,Maluku Utara
a028a6d7,Pranawa Wasita,"Therapist, art",PT Kuswoyo Firgantoro,Kalimantan Selatan
cddcbdb9,Cornelia Andriani,Statistician,CV Mayasari Tbk,Kalimantan Barat
79f125eb,Gambira Dongoran,Dietitian,CV Yolanda,Nusa Tenggara Barat
e8a99984,"Wahyu Gunawan, M.Farm",Occupational therapist,PD Pradipta,Gorontalo
3ae940f6,"dr. Opan Irawan, S.T.",Gaffer,PD Nababan Handayani Tbk,Kalimantan Timur
c6577855,Dt. Embuh Novitasari,"Designer, multimedia",PT Saefullah Halim,Nusa Tenggara Timur
26b0f600,Adikara Hasanah,"Lecturer, further education",UD Rajata Wulandari,Sumatera Utara
7e39ded8,Rahmi Kusmawati,"Engineer, manufacturing systems",PT Firmansyah,Kalimantan Selatan
2c9d37ec,"Saka Pradana, S.Psi",Arts development officer,PD Prastuti Dongoran (Persero) Tbk,Lampung
90e87464,Ir. Azalea Siregar,Industrial/product designer,PT Suryatmi,DI Yogyakarta
afa8d2c7,Nadine Mardhiyah,Estate agent,Perum Santoso Tbk,Sulawesi Selatan
308fbc6d,"Caket Rahmawati, S.E.I",Chief Executive Officer,Perum Firgantoro Uwais Tbk,Sulawesi Tenggara
f421dbc5,Clara Marpaung,"Chemist, analytical",CV Tampubolon,Kalimantan Barat
bb98a6cc,"Talia Sudiati, S.T.",TEFL teacher,CV Narpati Hakim (Persero) Tbk,Sumatera Barat
1bb2d83e,Suci Zulaika,Operational researcher,CV Astuti Laksmiwati Tbk,Papua Barat
5e599374,"Halima Sirait, M.Ak",Chief Financial Officer,PD Hasanah Prasasta Tbk,Sulawesi Utara
3d8be87b,Luhung Pudjiastuti,"Loss adjuster, chartered",CV Wasita Prasetyo,Sulawesi Utara
e732cbd0,Ana Saefullah,Set designer,Perum Pertiwi Nababan,Maluku Utara
2868b90e,"Asirwanda Najmudin, M.Ak",Marine scientist,CV Sudiati Agustina,Banten
b3bed9bb,Latika Yolanda,"Engineer, manufacturing systems",UD Nasyidah Hidayat,Banten
161398be,Gaiman Wijaya,"Engineer, water",UD Namaga Tbk,Riau
dd0c2ce8,"Dr. Ika Sinaga, S.Psi","Engineer, building services",Perum Marbun,Jawa Tengah
95c1dbaa,Nurul Riyanti,Electronics engineer,UD Wasita Mustofa Tbk,Lampung
03979ee8,Azalea Pratiwi,"Accountant, chartered",CV Haryanti,Kalimantan Timur
de060188,Laila Widiastuti,Fisheries officer,PD Prayoga Firgantoro (Persero) Tbk,Sulawesi Tengah
33e6f64e,Kawaya Rajata,Industrial/product designer,PD Novitasari,Kepulauan Bangka Belitung
9cb21395,Reza Permadi,Sports administrator,Perum Saefullah,Gorontalo
f18cb895,Dt. Atma Permata,TEFL teacher,UD Hasanah Mulyani,Sulawesi Tenggara
3d1b9afe,Kardi Yuliarti,"Sales professional, IT",CV Sudiati Simanjuntak Tbk,Nusa Tenggara Barat
179657fe,Nardi Pangestu,Photographer,CV Natsir Wasita (Persero) Tbk,Sulawesi Barat
b0bde45e,"R.A. Yunita Maryati, M.TI.",Technical sales engineer,PT Yulianti Suryatmi,Jawa Barat
ce4e93cc,Drs. Cecep Siregar,Wellsite geologist,Perum Hartati Haryanto,Bali
37921f6c,Syahrini Fujiati,Prison officer,PD Winarno Novitasari (Persero) Tbk,Bengkulu
e4dbbb27,Asmuni Ramadan,Financial planner,Perum Hutasoit Marpaung (Persero) Tbk,Papua
d0f20ad5,Olivia Hutasoit,Civil Service administrator,CV Widodo (Persero) Tbk,Kepulauan Riau
b5113f69,Salman Sihombing,Surgeon,PT Uyainah,Banten
5f76a097,Irnanto Padmasari,Counsellor,UD Nainggolan Adriansyah Tbk,Banten
bc18dd69,"Vino Yolanda, S.Gz",Customer service manager,PD Lailasari Wulandari,Jambi
b99a93a3,Jayeng Wijayanti,"Therapist, sports",Perum Sihombing Widodo Tbk,Sumatera Utara
79847683,Cawisono Setiawan,"Psychologist, sport and exercise",CV Prasasta Mansur,DI Yogyakarta
79273ed0,"Adhiarja Wibowo, M.M.",Retail banker,PD Sitompul,Kalimantan Selatan
513a6228,Ridwan Yuniar,Hydrographic surveyor,CV Waluyo Kurniawan,DI Yogyakarta
f3004953,Silvia Sihombing,Retail banker,PT Gunarto,DKI Jakarta
f6dfc93b,"Wadi Uwais, S.Pt",Health and safety adviser,CV Padmasari Suryatmi,Jawa Timur
1e818388,"Usyi Oktaviani, S.E.I",Probation officer,PD Dongoran Pradana,Jawa Barat
bde85d43,Luwes Usamah,Publishing rights manager,UD Nuraini (Persero) Tbk,Kalimantan Utara
246cbb96,Garda Sitompul,"Designer, blown glass/stained glass",UD Nugroho Tbk,Sulawesi Barat
9ce1918d,"dr. Prima Kurniawan, S.Farm",Banker,PT Padmasari Hidayanto,DI Yogyakarta
16a4d8d0,Cut Lili Nababan,Immunologist,CV Waskita,Jawa Tengah
8150266f,Emin Prasasta,"Scientist, forensic",PT Prasasta Dabukke Tbk,Sulawesi Selatan
67f4c649,Tantri Simanjuntak,Tour manager,PT Wahyuni,Papua Barat
ad4843dd,Prima Dongoran,Chartered legal executive (England and Wales),PD Maheswara Namaga (Persero) Tbk,Aceh
af096a72,"Cici Purnawati, S.Farm",Astronomer,CV Purwanti Tbk,Kepulauan Riau
729c94ba,"Dt. Prabawa Yulianti, S.Ked","Nurse, learning disability",PT Widiastuti Kurniawan,Jawa Barat
68c71043,Karimah Mandala,Site engineer,Perum Budiman,Maluku Utara
e6e671c0,Chelsea Melani,Forensic psychologist,PT Agustina,Nusa Tenggara Timur
900f4913,Hamzah Aryani,Operational investment banker,UD Jailani (Persero) Tbk,DI Yogyakarta
f21b685c,"Laras Laksita, S.Pd",Quantity surveyor,CV Utami (Persero) Tbk,Jambi
03c16751,Zelaya Astuti,"Surveyor, building control",PD Pudjiastuti,Bali
7fcdd788,Drs. Gantar Prastuti,Geophysical data processor,UD Maryati,DKI Jakarta
ad1096fb,Dwi Nurdiyanti,"Designer, graphic",PD Oktaviani Santoso Tbk,Maluku Utara
f11e66f8,"Waluyo Pudjiastuti, M.Kom.",Learning disability nurse,CV Oktaviani (Persero) Tbk,Kalimantan Barat
23c0aed8,Padmi Mandala,Horticultural consultant,Perum Farida Wahyuni,Nusa Tenggara Barat
e249cf95,"Ir. Paiman Mayasari, M.Pd","Development worker, international aid",Perum Napitupulu Tbk,Kalimantan Timur
ce352ed4,Tgk. Talia Iswahyudi,Ship broker,PD Hidayanto,Jambi
b0321890,Tami Prasasta,"Surveyor, hydrographic",PD Jailani Maryati (Persero) Tbk,DKI Jakarta
bd4bd3d6,Tami Santoso,Forensic scientist,PD Salahudin Anggraini Tbk,Nusa Tenggara Barat
13f8dee9,"R. Ajeng Nasyidah, S.Ked",Cartographer,UD Pudjiastuti Tbk,Sulawesi Utara
a317b286,Umaya Widiastuti,"Surveyor, minerals",CV Prasetya Ardianto,Gorontalo
41c14a49,Violet Palastri,Seismic interpreter,PT Wibowo Pertiwi,Aceh
29e63ee9,Cut Kiandra Lazuardi,Arts administrator,CV Mansur Pratiwi,Banten
45f08be6,"drg. Diah Samosir, S.I.Kom",Petroleum engineer,PD Wastuti Usada,Riau
deea1fbb,Salwa Riyanti,Database administrator,CV Marbun,Bali
3e8f6749,"dr. Dipa Fujiati, S.IP",Advertising account planner,PD Hartati Tbk,Sulawesi Barat
9cf5d217,Dr. Tina Oktaviani,"Conservation officer, historic buildings",PD Wacana,Sulawesi Selatan
44767216,Radika Iswahyudi,"Restaurant manager, fast food",PT Haryanto Marbun (Persero) Tbk,Aceh
faddc16a,Amalia Hutagalung,IT sales professional,PD Maulana (Persero) Tbk,Sumatera Barat
b23a8579,Febi Megantara,Town planner,PT Oktaviani (Persero) Tbk,Jawa Timur
8e561d8c,"Nilam Pradipta, M.M.",Homeopath,Perum Yolanda Adriansyah,DI Yogyakarta
416de137,Nasim Simanjuntak,Learning disability nurse,CV Handayani Lestari,Kalimantan Tengah
a490777d,"Ir. Cahya Habibi, M.Farm",Mental health nurse,PT Farida (Persero) Tbk,Kalimantan Utara
d5bbe24c,"Gabriella Sitompul, M.Pd",Publishing rights manager,UD Hariyah,DI Yogyakarta
9dcf0910,Yance Saefullah,"Psychologist, occupational",PT Ardianto Suryono (Persero) Tbk,Sulawesi Barat
14ed4740,Kajen Fujiati,"Nurse, adult",PD Puspasari,Sulawesi Tengah
9005a229,Ir. Heryanto Samosir,"Doctor, hospital",Perum Nugroho,Kepulauan Riau
2d33baf0,"Safina Oktaviani, S.Gz",Careers information officer,UD Mansur Tbk,Lampung
10a10fe9,Irwan Wahyuni,"Administrator, Civil Service",UD Melani Putra,Jawa Tengah
cc3a1744,"drg. Rini Maryati, S.Pt",Restaurant manager,Perum Susanti Megantara Tbk,Gorontalo
1efcc643,Taswir Dabukke,"Engineer, site",Perum Nugroho Habibi Tbk,Kalimantan Timur
d0046b12,Pardi Rahayu,Immigration officer,PD Rajata Farida,Kalimantan Utara
dfb5f0f6,"R.A. Fitriani Purnawati, S.T.",Educational psychologist,UD Mangunsong Gunarto Tbk,Aceh
b35fedd8,Kunthara Rajata,Public relations officer,Perum Handayani Rajasa (Persero) Tbk,Sulawesi Tengah
a90c204e,"Yusuf Rahmawati, S.Gz",Television production assistant,CV Simbolon Setiawan,Aceh
36839cf8,Zalindra Marbun,"Engineer, production",PT Widiastuti,Riau
ef443e5a,"Usyi Damanik, M.Farm",Horticultural therapist,UD Budiyanto Iswahyudi,Nusa Tenggara Barat
e53d9f9b,Gading Handayani,Publishing rights manager,PD Wibisono,Lampung
6047827a,"Cut Faizah Yulianti, M.Ak",Archaeologist,PD Wijayanti Tbk,Banten
5796e606,Dina Wahyudin,Electronics engineer,Perum Siregar Pradipta,Sulawesi Tenggara
b68fcc2a,"Nabila Sinaga, S.Kom",Web designer,PD Mulyani,Jawa Timur
922dfbfb,Latika Lailasari,Chief Operating Officer,PD Saputra Sihombing,Kalimantan Tengah
e2737a5a,Radika Mardhiyah,Historic buildings inspector/conservation officer,PT Mahendra,Sumatera Utara
82a81e20,"Puti Mutia Simbolon, M.Pd","Pharmacist, hospital",CV Wahyudin Uwais,Bengkulu
ae6e5d0a,"Hadi Sudiati, M.TI.",Chartered certified accountant,Perum Pranowo Prasetya,Jambi
e6e33095,"Mursinin Latupono, M.Ak",Production manager,Perum Hassanah,Sumatera Barat
0c89a089,"Dono Uyainah, S.Psi","Designer, blown glass/stained glass",UD Rajata,Nusa Tenggara Barat
6549a65f,Drs. Umar Samosir,Fine artist,CV Wulandari,Maluku
a7afdda6,Winda Utami,Glass blower/designer,PT Nurdiyanti Saragih,Sumatera Utara
7b31dbb0,"Adika Palastri, S.I.Kom",Chief Marketing Officer,PD Gunarto,DI Yogyakarta
20e54efd,Rini Lazuardi,Biomedical scientist,Perum Prasetya Sinaga,Jawa Timur
659399d5,"Patricia Saptono, S.E.I","Producer, radio",PD Suartini Gunawan (Persero) Tbk,Kepulauan Bangka Belitung
dc7a37a7,Faizah Irawan,Marine scientist,PD Manullang (Persero) Tbk,Nusa Tenggara Barat
7e10564a,Candra Maheswara,Field trials officer,UD Natsir Mulyani,Sulawesi Utara
de63b33e,Ratna Tamba,Advertising account planner,PT Damanik,Jawa Timur
eee9bfaa,Tgk. Lidya Mahendra,"Scientist, product/process development",CV Tampubolon Nugroho,Maluku
1eda7fe6,Ozy Pertiwi,Retail buyer,Perum Oktaviani Kurniawan Tbk,DI Yogyakarta
602875f7,Caraka Napitupulu,"Psychologist, prison and probation services",PT Novitasari Tarihoran (Persero) Tbk,Jambi
229e1f5b,Novi Hartati,Site engineer,CV Kuswandari,Kalimantan Timur
bfbe7b76,Dimaz Marbun,Retail banker,UD Prakasa Saragih Tbk,Maluku Utara
179de5d7,"R.A. Diah Sihotang, M.TI.",Prison officer,PD Pratama Maryadi Tbk,Kalimantan Timur
e4b9e374,Emil Sihombing,Operational researcher,PT Hariyah Namaga,Kepulauan Bangka Belitung
757050c0,Citra Lestari,Furniture conservator/restorer,PT Yulianti Tbk,Sumatera Barat
a7de95cd,Taufik Zulkarnain,Clinical embryologist,PT Oktaviani Maulana Tbk,Banten
a5575a68,Victoria Namaga,Environmental health practitioner,PD Marbun Simanjuntak (Persero) Tbk,Sulawesi Tenggara
73730adb,Zulaikha Yulianti,Public librarian,Perum Wastuti,Nusa Tenggara Timur
3c09cc6f,Ani Iswahyudi,Building surveyor,PD Ramadan Tbk,Nusa Tenggara Barat
cafb8b3b,Intan Utama,Speech and language therapist,PT Budiman,Sulawesi Tenggara
b838e6e2,Puti Eka Wastuti,Artist,CV Usada Ramadan,Kalimantan Tengah
75f9609d,Ika Kusumo,Physiological scientist,PD Firgantoro Pradipta Tbk,Kalimantan Barat
2b4539e6,R. Julia Purnawati,Adult nurse,PD Prayoga,Nusa Tenggara Barat
f113d008,Zelda Setiawan,Advertising account executive,CV Pratiwi Nasyidah (Persero) Tbk,Kepulauan Riau
9523c33f,Drs. Galih Wulandari,"Biochemist, clinical",UD Yolanda Pradipta (Persero) Tbk,Kalimantan Tengah
9c665e07,R. Icha Marbun,Colour technologist,UD Wijayanti Maryadi (Persero) Tbk,Kalimantan Barat
35dd5726,Bakijan Iswahyudi,"Engineer, control and instrumentation",UD Hasanah Hariyah,Gorontalo
f3d6ad67,Najwa Wastuti,Field trials officer,Perum Permadi Januar,Bengkulu
6db3373c,Tania Padmasari,Music tutor,Perum Sihombing Rahmawati (Persero) Tbk,Banten
f19a40b8,Rina Lazuardi,Chief Financial Officer,PD Lazuardi Suartini,Gorontalo
dc806ff2,Tgk. Gasti Gunarto,"Therapist, nutritional",PD Yolanda Mahendra,Sumatera Barat
ffd5494b,"Cut Ellis Aryani, S.Pt",Operations geologist,PD Novitasari Adriansyah,Gorontalo
5f13d62f,Carub Uyainah,Osteopath,Perum Habibi Mandasari Tbk,Sumatera Selatan
60c3de22,"Dalima Haryanti, M.Farm",Investment analyst,PD Siregar Tbk,Kalimantan Selatan
a49ac089,Puti Belinda Suryono,Materials engineer,CV Maryati Maryati (Persero) Tbk,Maluku Utara
8fd109eb,Malik Zulaika,"Therapist, speech and language",CV Pradipta Tbk,Kalimantan Timur
4e2796b2,Puji Rahimah,"Surveyor, building control",PT Hakim,Kalimantan Timur
aad930e7,Winda Lailasari,Video editor,PT Siregar Suryatmi,Sumatera Utara
d0acf57a,"R.A. Ilsa Santoso, S.Kom",Pharmacologist,Perum Usada,Sumatera Utara
263b8955,Julia Halimah,"Education officer, community",Perum Tarihoran Laksmiwati Tbk,Nusa Tenggara Timur
f4e3b676,Ratna Hasanah,Marketing executive,CV Waluyo Tbk,Jawa Barat
651c4508,Tgk. Wirda Situmorang,Print production planner,UD Wacana Sihotang,Sumatera Selatan
00a00bd7,"Dt. Wasis Megantara, S.E.I",Barista,PD Pratama,Kepulauan Riau
42f5d5af,Rika Pertiwi,Patent attorney,PD Waluyo Anggraini,Sumatera Utara
3069abc9,R.A. Diah Anggriawan,Community arts worker,UD Dongoran Usamah,Sulawesi Utara
5d725005,Purwadi Hidayat,Recruitment consultant,UD Sihombing Wijaya,Maluku Utara
319550de,"dr. Hafshah Fujiati, S.H.","Horticulturist, commercial",PD Ramadan Thamrin,Sulawesi Tengah
d631ff19,Vinsen Pertiwi,"Conservator, furniture",CV Siregar (Persero) Tbk,Sulawesi Selatan
c0fc7339,Cemani Utama,Medical laboratory scientific officer,CV Hasanah Sihombing (Persero) Tbk,Kalimantan Utara
b2c18139,Puti Calista Puspita,Engineering geologist,PT Dongoran Tbk,Maluku Utara
9a41e0bc,Estiono Tampubolon,Counselling psychologist,CV Lestari Maryadi,DI Yogyakarta
d894b957,Ridwan Kurniawan,Theatre manager,UD Wasita (Persero) Tbk,Kalimantan Tengah
b0098bcf,Dr. Hafshah Rajata,Physiological scientist,PT Padmasari Tbk,Riau
cfaf538b,Narji Budiman,Landscape architect,Perum Nuraini Astuti (Persero) Tbk,Riau
b9b28414,"Eva Prasasta, S.H.",Television camera operator,Perum Hasanah Aryani Tbk,Papua
bdc3f276,Dr. Asmadi Saputra,"Copywriter, advertising",PD Pertiwi Hartati (Persero) Tbk,Jambi
4608c8c0,Makara Maryadi,Tax inspector,UD Gunarto,Maluku
529aa7e1,Nurul Widodo,Investment analyst,CV Pradana Uwais Tbk,Riau
f0bff7c6,Tgk. Kayun Ramadan,Bonds trader,Perum Halim Tbk,Gorontalo
f5635f8a,"H. Perkasa Wijaya, S.Psi","Administrator, arts",UD Hassanah,Sumatera Utara
cd6013c1,Latika Mayasari,Graphic designer,PT Tampubolon Haryanti,Jawa Timur
81e259cf,"Puti Aisyah Pratama, M.Kom.",Photographer,CV Kusumo Uyainah,Sumatera Utara
0edf4849,"Victoria Winarsih, S.Gz","Teacher, English as a foreign language",UD Prakasa Tbk,Papua Barat
6185d893,Mila Permata,"Buyer, industrial",CV Adriansyah Kuswoyo Tbk,Sumatera Selatan
d0819531,"Chelsea Wahyudin, S.Kom",Herpetologist,PT Wasita Tbk,Sumatera Utara
9734c2ba,Tgk. Sabrina Setiawan,Exhibition designer,Perum Hakim Fujiati,Maluku
d8c29417,"Tgk. Tami Sitompul, S.Farm",Oncologist,PD Pudjiastuti Napitupulu (Persero) Tbk,Aceh
4cabce5d,"Agnes Nababan, S.Kom",Insurance broker,Perum Suwarno Tbk,Jawa Timur
901e7e5f,Himawan Rajasa,"Administrator, education",PD Waluyo,Maluku Utara
2abd2c5e,Mustofa Hastuti,Banker,UD Winarsih Tbk,Jambi
b3ea7db2,Ikin Hakim,Special effects artist,PT Widodo Wijayanti,Maluku Utara
a55ac087,"Asirwanda Sitompul, S.IP",General practice doctor,PD Hidayanto (Persero) Tbk,Lampung
bf3a9759,"Gasti Budiman, S.Psi",Psychiatric nurse,PD Saragih Budiyanto Tbk,Kalimantan Selatan
f27038ee,Qori Mandala,Waste management officer,PT Pangestu Mustofa,Gorontalo
7546b72e,"Bagya Aryani, M.Kom.",Radiation protection practitioner,PD Wibisono Wacana,Riau
8873398d,Radika Kuswandari,Economist,CV Najmudin Dongoran (Persero) Tbk,Sulawesi Utara
a59da4f8,Ivan Situmorang,Travel agency manager,PD Melani Anggriawan,Jawa Tengah
4086be2c,Danuja Damanik,Printmaker,CV Mandasari Tbk,Jawa Barat
49ae43f1,R. Cici Hutapea,Firefighter,CV Natsir Tbk,Sulawesi Tenggara
83440bab,Nasim Tarihoran,Airline pilot,CV Sudiati Tbk,Sulawesi Selatan
00a58cc1,Hj. Chelsea Melani,Tour manager,Perum Tarihoran Tbk,Jambi
08191518,Lalita Melani,Corporate treasurer,PT Wastuti (Persero) Tbk,Sumatera Utara
6657be9f,"Dono Wibisono, S.T.",Psychotherapist,PT Nasyidah Anggraini,Nusa Tenggara Barat
81b10a20,Zaenab Widiastuti,Waste management officer,CV Wasita Tbk,Papua
4d57e946,Hamima Ardianto,Financial adviser,Perum Hariyah Tbk,Sumatera Utara
d72c3411,"Ir. Ibrahim Halimah, S.Pd","Journalist, broadcasting",PT Nurdiyanti Lestari,Kalimantan Selatan
392e130a,Gara Prastuti,Newspaper journalist,PT Simbolon Kurniawan,Gorontalo
c36e536d,"R. Cemani Putra, S.IP",Arts administrator,CV Sihombing Farida,Jawa Timur
93534aa9,Anastasia Budiman,Counselling psychologist,CV Dongoran,Kalimantan Barat
c28b8da8,Bahuwarna Simanjuntak,Bonds trader,PD Yulianti,Banten
165b5d25,drg. Elma Santoso,"Social research officer, government",Perum Halimah Tbk,Jambi
da009e62,"Cut Sadina Winarsih, M.Pd","Exhibitions officer, museum/gallery",UD Puspita Safitri (Persero) Tbk,Kalimantan Barat
d6be14b6,"Dr. Irfan Nasyiah, S.Psi",Garment/textile technologist,CV Mangunsong Puspasari,Jambi
b3d340c3,Gaiman Hutapea,Medical sales representative,PD Yulianti Mulyani (Persero) Tbk,Gorontalo
98e1a9a1,"dr. Ajeng Pangestu, S.Sos",Recycling officer,Perum Budiyanto Tbk,Jawa Barat
518dc5ed,Capa Mandasari,Product/process development scientist,UD Hasanah Widodo (Persero) Tbk,Kepulauan Bangka Belitung
6897ff55,"Dr. Chandra Wahyudin, S.E.","Designer, multimedia",PD Sitompul Yuliarti,Kalimantan Tengah
1b36cf02,Raina Sihombing,"Administrator, education",PD Sinaga Hassanah Tbk,Sumatera Utara
cfd0e9e2,"Dr. Joko Mulyani, S.Pt",Diplomatic Services operational officer,PD Pranowo Kuswoyo,Sulawesi Utara
e2f8b7ef,Nurul Prasasta,"Therapist, art",Perum Mangunsong Prasasta,Kepulauan Riau
09045bd7,Umay Wijaya,Special educational needs teacher,PD Novitasari Najmudin Tbk,DKI Jakarta
b7ff200b,"R.A. Kamila Hardiansyah, S.Farm",Museum/gallery conservator,UD Sinaga,DKI Jakarta
f2319b9a,"Hj. Jamalia Suwarno, S.Ked","Surveyor, minerals",Perum Mardhiyah,Lampung
8ef28f2f,KH. Purwanto Sihombing,Horticultural therapist,UD Rahmawati (Persero) Tbk,Kepulauan Bangka Belitung
c9e4cdf7,"Drs. Lukman Latupono, S.E.",Immunologist,Perum Marpaung Tbk,Kepulauan Riau
b0f84bd6,Mutia Maheswara,Medical sales representative,CV Puspasari Napitupulu (Persero) Tbk,Sumatera Barat
b9cc5814,Ir. Tantri Adriansyah,Community education officer,PT Yulianti Wasita,Sulawesi Utara
4e0cbb5f,Elvina Wibowo,Police officer,UD Gunarto Mayasari Tbk,Kalimantan Selatan
db86662f,"Ir. Gilda Puspasari, S.Farm",Learning mentor,PT Suryatmi Oktaviani,Jawa Timur
7c7e25a1,"H. Lembah Yuliarti, S.IP","Engineer, water",PD Budiyanto Haryanto Tbk,Jambi
2aac55b5,Jelita Wacana,Amenity horticulturist,PT Mayasari Tbk,Kalimantan Tengah
d4eeb4df,Caraka Wibisono,Haematologist,UD Puspita Sitompul,Aceh
aa1c7a97,Cengkir Melani,Petroleum engineer,PD Anggraini Riyanti Tbk,Kalimantan Timur
d5fbd017,Sakti Palastri,Agricultural engineer,CV Lailasari (Persero) Tbk,Maluku Utara
6fff81ca,Olivia Waluyo,Recycling officer,PD Dabukke,Jawa Barat
25fc55b0,Sabrina Hutasoit,"Physicist, medical",Perum Zulkarnain (Persero) Tbk,Sumatera Utara
36cdc1ff,Hilda Padmasari,"Programmer, multimedia",Perum Sihotang Pertiwi,Gorontalo
b4e704ea,Eli Wastuti,Camera operator,UD Hariyah Halimah Tbk,Kalimantan Barat
1ab54be2,Joko Maryadi,Illustrator,UD Manullang,Jawa Barat
f1c98715,Drs. Eka Mayasari,Multimedia specialist,CV Hutasoit (Persero) Tbk,Sumatera Utara
bcab0c13,Bella Permadi,Corporate investment banker,UD Oktaviani Anggriawan Tbk,Kalimantan Selatan
905c615e,Tgk. Julia Mandala,Therapeutic radiographer,UD Wibisono Aryani (Persero) Tbk,Kalimantan Tengah
0c556278,"Puti Yuliana Sitompul, S.Gz",Lexicographer,CV Thamrin Tbk,Sulawesi Barat
6aefe3a6,"drg. Agus Prayoga, S.E.",Environmental manager,Perum Mandala Gunarto,Kalimantan Selatan
50df26df,Ilyas Fujiati,Engineering geologist,CV Pradipta Prastuti (Persero) Tbk,Sulawesi Barat
851ff468,Kartika Kurniawan,Race relations officer,UD Haryanti,Papua Barat
88629a3a,Samsul Usamah,Wellsite geologist,UD Budiyanto Anggriawan Tbk,Sulawesi Selatan
d20b17e1,Jane Palastri,Radio broadcast assistant,PT Novitasari Tbk,Maluku
b12ecd83,Elma Widiastuti,Ceramics designer,PD Damanik Habibi (Persero) Tbk,Kalimantan Timur
df883e89,"R.M. Galar Hutasoit, S.Pt",Consulting civil engineer,PD Nasyiah Pertiwi,Maluku
6a4c2e1b,"Aswani Santoso, S.Gz","Engineer, site",PD Maheswara Prakasa,Papua Barat
61e87c9e,Elma Kuswandari,Engineering geologist,UD Gunawan (Persero) Tbk,Papua Barat
4a0c35ad,"Betania Suartini, S.E.I",Financial planner,PD Saragih,Jawa Barat
c427e9bd,"Opung Setiawan, S.Farm",Charity officer,PD Setiawan,Kalimantan Barat
90baf490,"R.A. Vivi Namaga, S.IP",Minerals surveyor,CV Halimah Wastuti Tbk,Sulawesi Tengah
6dfc6706,"Padmi Utami, S.E.I",Contractor,CV Sinaga Tbk,Sumatera Utara
a7e5fced,Lidya Winarno,Town planner,Perum Saefullah Padmasari,Riau
cef1619b,Samiah Nasyiah,General practice doctor,PT Lailasari (Persero) Tbk,Kalimantan Barat
9a665e14,R.M. Kasusra Riyanti,"Designer, television/film set",Perum Prasetyo,Riau
52175c71,Ir. Karma Puspasari,"Engineer, chemical",CV Mahendra Saragih,Jawa Barat
4334eb53,Rahmi Andriani,Freight forwarder,UD Utami Pertiwi,Kalimantan Barat
cd2d36cb,"Sutan Danuja Santoso, S.E.I",Occupational psychologist,PT Mayasari Nashiruddin (Persero) Tbk,Aceh
0fb9ffb9,Lala Saputra,Insurance account manager,PD Sirait,Sulawesi Utara
560af29f,"Heru Haryanti, S.I.Kom","Librarian, public",Perum Ardianto Mangunsong (Persero) Tbk,Riau
ca2cf9d2,Ir. Shakila Sudiati,"Horticulturist, commercial",UD Pudjiastuti Gunawan,Nusa Tenggara Timur
c0da47c2,Edi Widodo,Planning and development surveyor,PT Putra (Persero) Tbk,Bengkulu
8ceb4b7d,"Emong Hartati, M.Pd",General practice doctor,UD Wahyudin (Persero) Tbk,Jambi
c7bcc895,Dr. Teguh Irawan,Freight forwarder,PT Yuniar Nababan (Persero) Tbk,Bengkulu
94c77b1a,"Tgk. Endah Zulkarnain, S.Psi","Presenter, broadcasting",CV Padmasari,Sulawesi Tenggara
d4da2c2a,dr. Paramita Namaga,Secondary school teacher,UD Rahayu Putra (Persero) Tbk,Kepulauan Bangka Belitung
cba2d630,Puti Kezia Megantara,"Accountant, chartered public finance",PT Pangestu,Jawa Tengah
46a65a36,Harsana Usada,Chartered management accountant,UD Hastuti,Sulawesi Tenggara
6e0a4287,Cut Diana Prasetyo,Building control surveyor,UD Sudiati Susanti Tbk,Bali
2f035ca4,Drs. Atmaja Megantara,Personnel officer,PD Hariyah,Sumatera Barat
6e5b75a1,"Putri Simanjuntak, S.Pd","Buyer, retail",PT Thamrin Sirait (Persero) Tbk,Sulawesi Selatan
17419f92,Banawa Saputra,Location manager,UD Kuswoyo,DKI Jakarta
967203f7,"R.M. Hadi Hassanah, M.M.","Secretary, company",CV Melani Kusmawati,Jawa Tengah
9b0e283b,"Darimin Hastuti, S.H.",Product manager,CV Saefullah,Kalimantan Utara
7f0f530f,Puji Maheswara,Food technologist,PD Nainggolan (Persero) Tbk,Sumatera Selatan
7d200dc1,Saadat Namaga,"Designer, interior/spatial",CV Lestari,Jawa Barat
b5725b6e,"Dt. Daliman Putra, S.T.",Site engineer,CV Sudiati Tbk,Jawa Tengah
f69eac35,Salwa Handayani,Environmental health practitioner,UD Santoso,Maluku Utara
09290ae6,Sutan Latif Puspasari,"Surveyor, quantity",CV Habibi (Persero) Tbk,Bali
a987394f,Suci Sudiati,Insurance risk surveyor,CV Nurdiyanti,Lampung
ff2271f3,Cakrawangsa Usada,"Editor, film/video",PT Uwais (Persero) Tbk,Kepulauan Bangka Belitung
21219321,"Lantar Safitri, S.E.I",Physiotherapist,Perum Firgantoro,Kalimantan Utara
e0236104,Ir. Prabu Rahmawati,Brewing technologist,PD Sirait Purnawati,DKI Jakarta
3fcf4116,"Oliva Purwanti, S.Pt",Bonds trader,PT Pertiwi Kusumo,Sulawesi Tenggara
4e9e6609,Tomi Rahimah,"Designer, graphic",CV Hidayat,Sulawesi Barat
d401b112,Makara Sitorus,Pathologist,PT Prayoga Prasetyo (Persero) Tbk,Sumatera Utara
c97d0c05,"Drs. Keisha Prasetyo, M.Farm","Designer, graphic",UD Uwais Yuliarti (Persero) Tbk,Jawa Timur
ab53d82e,Dr. Ami Santoso,Newspaper journalist,PT Puspita Sihombing (Persero) Tbk,Riau
b4aa245b,"drg. Ozy Nasyidah, M.M.",Health physicist,UD Wijayanti,Kalimantan Barat
34fbedd0,Tasdik Usada,Tax inspector,PT Budiyanto Mandasari (Persero) Tbk,Kalimantan Utara
bab663ae,Dt. Panji Hasanah,"Physicist, medical",PD Rajasa Rahimah (Persero) Tbk,Kalimantan Barat
f8ae7114,"Fitria Lazuardi, M.Farm","Psychologist, clinical",UD Wibisono Sitorus Tbk,Lampung
60c4de79,Drs. Jail Wijaya,"Nurse, adult",PT Iswahyudi Purwanti,Kepulauan Bangka Belitung
2d0abac3,Gadang Wacana,"Engineer, broadcasting (operations)",PT Nugroho,Kalimantan Barat
83b3a5b7,Cut Humaira Namaga,Biomedical scientist,CV Pudjiastuti Lestari,Maluku Utara
91bf3e59,"Dr. Uchita Nurdiyanti, S.Ked",Commercial art gallery manager,Perum Sihombing Widiastuti Tbk,Kalimantan Tengah
ee631c1f,"Zahra Saefullah, S.E.I","Scientist, marine",PD Suryono Hutasoit,Kalimantan Utara
9e483466,Arta Halimah,"Engineer, mining",PT Hutapea Najmudin,Maluku
5bdaafdf,"Tgk. Prima Farida, S.Pd","Presenter, broadcasting",PD Haryanto Halimah,DI Yogyakarta
4f4efff9,Melinda Thamrin,"Engineer, materials",PD Natsir Waskita,Kepulauan Bangka Belitung
80fb298b,Belinda Handayani,Architectural technologist,PT Saragih,Aceh
a408bfc1,dr. Wisnu Rajasa,"Secretary, company",CV Kurniawan Yulianti,Kalimantan Timur
1f158916,Caket Aryani,Research scientist (physical sciences),PT Siregar,Jawa Timur
78b6de83,Ellis Lailasari,"Investment banker, operational",UD Haryanti Santoso,Papua
0bb2ed4d,"Sarah Simbolon, S.Sos","Administrator, education",CV Pratama Nasyiah,Jambi
8fbce0a6,"Indra Rajata, S.IP",Textile designer,PT Maheswara Simbolon,Lampung
1488675a,Nasab Firgantoro,Art therapist,UD Rahayu,Banten
448bc393,Dt. Damar Andriani,Energy manager,CV Jailani Tbk,Kalimantan Utara
048070b5,Eka Kurniawan,"Teacher, primary school",Perum Salahudin Mardhiyah,Papua
8a79d621,Mutia Suwarno,Environmental education officer,Perum Suartini Prastuti (Persero) Tbk,Kalimantan Selatan
20a4c1fe,Wasis Winarno,Geochemist,UD Ramadan Agustina (Persero) Tbk,Jawa Tengah
25fa3463,Adiarja Maheswara,"Research officer, government",Perum Sihombing (Persero) Tbk,Maluku
bc3d6fcc,Mutia Prayoga,"Development worker, international aid",CV Suwarno (Persero) Tbk,Papua
150d2b9b,Citra Saptono,Production manager,PT Lestari Pratama,Bali
765fd268,Bakijan Utama,General practice doctor,PT Pratiwi Tbk,Nusa Tenggara Timur
ff4e089a,Dt. Langgeng Waskita,Dentist,UD Nugroho Purnawati Tbk,Sulawesi Tenggara
5345297d,Akarsana Usamah,"Designer, multimedia",PT Zulaika,Sulawesi Barat
a2906568,Aslijan Samosir,"Journalist, magazine",Perum Anggraini Rajata,Sumatera Utara
79600711,Endah Usada,"Pilot, airline",UD Fujiati,Kepulauan Riau
5adcd908,"Saka Suwarno, S.T.",Commercial art gallery manager,PT Firmansyah,Papua
7e3715da,Iriana Jailani,IT technical support officer,CV Megantara Tbk,Maluku
05dba1fb,Utama Mansur,Government social research officer,PD Maryadi Jailani Tbk,Sulawesi Tenggara
335acb66,Harimurti Mustofa,Air traffic controller,Perum Usada Agustina,Lampung
5326bee6,Bakiman Tarihoran,Print production planner,CV Uyainah (Persero) Tbk,Sulawesi Barat
a3213f83,Galak Putra,"Designer, multimedia",UD Natsir Tbk,Papua
2e3911eb,Ifa Aryani,Arts development officer,PD Iswahyudi Tbk,Nusa Tenggara Barat
8d94cf09,Gabriella Sihotang,Museum/gallery conservator,PT Mayasari,Aceh
a489c58e,Ir. Malika Aryani,"Buyer, retail",CV Thamrin (Persero) Tbk,Papua Barat
fe1f5ff4,T. Harsaya Widodo,Medical secretary,CV Nasyidah,Sumatera Selatan
c9a2c99b,Tgk. Bakiono Mansur,Personnel officer,Perum Mulyani Namaga Tbk,Sumatera Selatan
eecdc164,Salimah Nasyiah,"Restaurant manager, fast food",PD Hariyah Gunawan,Lampung
d8195a86,Kenari Winarno,Regulatory affairs officer,CV Zulaika Tbk,Jawa Timur
04e9f49d,Tiara Hartati,Tourism officer,CV Oktaviani Lazuardi (Persero) Tbk,Sulawesi Selatan
e7a35544,Farhunnisa Prabowo,"Therapist, nutritional",UD Ardianto Mandasari,Sulawesi Utara
46e0c5a7,"R.A. Lala Fujiati, S.Pt","Investment banker, corporate",CV Fujiati Tarihoran Tbk,DKI Jakarta
e396dfb5,"Ellis Usada, S.Kom",Radio producer,PD Latupono,Nusa Tenggara Timur
027e9c98,KH. Mustika Tampubolon,Regulatory affairs officer,UD Simanjuntak Rajata Tbk,Jawa Barat
a9ea85c5,Cindy Aryani,IT technical support officer,PT Hartati Hardiansyah Tbk,Maluku Utara
06042a56,"drg. Jasmin Hutasoit, M.Farm","Therapist, art",UD Winarno Simbolon Tbk,Jawa Timur
5dec49a6,Kawaya Hakim,Museum/gallery exhibitions officer,UD Hasanah Tbk,Sumatera Selatan
8036ee03,Puti Cindy Wibowo,Child psychotherapist,UD Prasasta Purwanti,Maluku
8d87ad62,Bambang Oktaviani,"Conservator, museum/gallery",PD Suryono,Papua
89101a21,R.A. Salsabila Astuti,Cytogeneticist,PD Pradipta Tbk,Jambi
d546572b,Amelia Situmorang,Pension scheme manager,PD Marpaung,Sulawesi Tenggara
82445f44,Edi Safitri,Physiotherapist,PT Mahendra (Persero) Tbk,Papua Barat
946eb195,Adiarja Siregar,Marine scientist,PT Samosir Tbk,Jawa Tengah
ee2d16ff,Virman Riyanti,Toxicologist,PT Sitompul Megantara,Papua
e03fe13a,"R.A. Maria Gunarto, S.Pt","Surveyor, commercial/residential",Perum Mustofa Sudiati,Riau
2960c2b9,drg. Ajeng Pratiwi,"Physicist, medical",Perum Hastuti Latupono (Persero) Tbk,Banten
93db283d,Ifa Hardiansyah,Community education officer,PD Pradipta Halim (Persero) Tbk,Sumatera Selatan
ad1fc2a7,"Cahyo Widodo, M.M.","Engineer, water",CV Novitasari,Sulawesi Selatan
80075fc5,Mustofa Lailasari,Professor Emeritus,PT Sihotang Tbk,Bengkulu
02bbe8c9,Dirja Dongoran,Lobbyist,PD Jailani Maryati,Nusa Tenggara Barat
d7f3dde2,"Bakti Tampubolon, S.Kom",Human resources officer,CV Halim Wasita Tbk,Kalimantan Timur
f5dd84b4,Tugiman Simanjuntak,Music therapist,Perum Suwarno Winarsih,Kepulauan Bangka Belitung
95fe1e42,dr. Gina Jailani,Higher education careers adviser,Perum Haryanto Sitompul Tbk,Banten
0f0e9cde,Vicky Winarsih,Landscape architect,PT Suryatmi Wacana (Persero) Tbk,Sulawesi Tengah
a4c53c19,Lala Pangestu,Energy manager,Perum Ardianto (Persero) Tbk,Sulawesi Utara
19084db6,Dt. Tasdik Lestari,Music tutor,CV Kusmawati Kuswandari Tbk,Lampung
f503e76e,Cinta Wibisono,"Education officer, environmental",PD Kurniawan (Persero) Tbk,Kalimantan Barat
90fad73b,Cakrabirawa Prasetyo,"Doctor, hospital",CV Hariyah Thamrin Tbk,Nusa Tenggara Timur
52df31b9,dr. Malik Kusmawati,"Geologist, engineering",PD Simanjuntak (Persero) Tbk,Kalimantan Selatan
d57f1ac4,Elvina Megantara,Water engineer,CV Sitorus (Persero) Tbk,Kalimantan Timur
dbc3b3d9,Among Haryanto,Chartered management accountant,PT Nasyiah,Kepulauan Bangka Belitung
04398685,"Dian Tarihoran, S.Sos","Surveyor, mining",PT Hassanah Hutapea (Persero) Tbk,Jambi
be4f94d4,"Puti Fitriani Yuniar, S.Sos",Field seismologist,UD Utami Habibi Tbk,Banten
e18361fd,Dagel Sihombing,"Journalist, broadcasting",UD Mangunsong,Kalimantan Barat
79c79ce0,Puti Kasiyah Usada,Print production planner,PD Aryani,DKI Jakarta
eeae38c4,Dr. Hamima Hardiansyah,Senior tax professional/tax inspector,PT Hutasoit Sitompul Tbk,Nusa Tenggara Timur
6399fef1,Maimunah Hutapea,"Lecturer, further education",PD Palastri (Persero) Tbk,Sumatera Selatan
e8e80907,"Iriana Firmansyah, S.E.I",Environmental consultant,UD Farida,Maluku Utara
7dca3b2d,Cengkal Habibi,"Civil engineer, contracting",PT Jailani Habibi (Persero) Tbk,Papua
5829965a,Raditya Puspasari,Purchasing manager,PD Natsir Gunarto (Persero) Tbk,Nusa Tenggara Timur
0ee764a5,Drs. Diah Yuniar,Building control surveyor,CV Haryanti Pradana (Persero) Tbk,Gorontalo
3454a385,Cut Uli Yolanda,Estate manager/land agent,PD Situmorang,Kalimantan Timur
8a50ad5c,"Makuta Yuniar, S.T.","Teacher, adult education",UD Firgantoro Marbun,Bengkulu
e9060a27,Agus Wahyudin,"Accountant, chartered management",Perum Waluyo Wastuti,Jambi
26755046,Nyana Siregar,Hospital pharmacist,PT Gunawan Adriansyah,Maluku
79492bc0,Dr. Juli Wasita,Market researcher,PD Mandasari Oktaviani Tbk,Lampung
79af4fd3,"Tantri Wibisono, S.H.",Industrial/product designer,PT Purnawati Tbk,DKI Jakarta
259fdb63,"Tgk. Usyi Situmorang, M.Pd",Interior and spatial designer,UD Oktaviani,Sulawesi Utara
a7d92e18,drg. Yance Mardhiyah,"Horticulturist, commercial",PD Maryati,Papua Barat
44d99164,Nilam Prasetyo,Advertising art director,UD Nainggolan Tbk,Papua Barat
e0e14b43,Hesti Siregar,Personal assistant,CV Wulandari Maryati,Kalimantan Tengah
2ee4f214,Winda Oktaviani,Advertising account planner,Perum Suartini,Sumatera Barat
20e964ad,Rudi Riyanti,Systems developer,Perum Saragih Siregar (Persero) Tbk,Jawa Tengah
eae53893,Ajiono Kurniawan,"Pharmacist, hospital",UD Budiyanto,Gorontalo
a43dbea7,Gangsar Susanti,"Designer, industrial/product",CV Wastuti Permata,Papua
466baaf5,Gamblang Waskita,Consulting civil engineer,Perum Pranowo Firgantoro,Kalimantan Timur
63b354f9,R.A. Ciaobella Andriani,"Investment banker, operational",PT Mandasari Tbk,Nusa Tenggara Timur
3976eb4a,Ellis Budiyanto,Paediatric nurse,CV Marbun,DKI Jakarta
b53cc807,Raditya Pratama,"Programmer, applications",PD Puspasari (Persero) Tbk,Aceh
73031f9d,R. Cindy Situmorang,Insurance claims handler,Perum Wacana,Banten
40aef09e,"Tgk. Maida Narpati, S.Gz",Administrator,PT Prasasta Adriansyah (Persero) Tbk,Sumatera Selatan
8629f6ed,Eka Safitri,"Librarian, public",PT Maryati Suryono Tbk,Jambi
ee109b76,"Drs. Maimunah Winarsih, S.Kom",Clothing/textile technologist,PD Mahendra Nasyiah (Persero) Tbk,Bali
f005da86,"Rika Kusmawati, S.IP",Control and instrumentation engineer,PD Purnawati Nasyiah (Persero) Tbk,Nusa Tenggara Barat
627b1287,Prasetyo Kusumo,Interior and spatial designer,PT Irawan (Persero) Tbk,Banten
d004c29e,Gabriella Firgantoro,Air cabin crew,Perum Prabowo,Riau
23699f42,Jane Usamah,"Horticulturist, amenity",UD Namaga Suartini,Banten
c198a8ae,"Nasim Mandala, S.Kom",Audiological scientist,PD Simanjuntak (Persero) Tbk,Kalimantan Tengah
6079f018,Drs. Farhunnisa Wijayanti,Operations geologist,Perum Prabowo Hidayat (Persero) Tbk,Kalimantan Timur
fbe950f7,Emong Firmansyah,Health and safety adviser,UD Farida Manullang,Kalimantan Barat
548af79e,Humaira Habibi,Theatre manager,UD Pratama,Maluku
eb4258e3,Waluyo Samosir,Ecologist,PT Sihombing (Persero) Tbk,Aceh
f70ffda8,Jelita Widiastuti,Orthoptist,CV Dabukke (Persero) Tbk,Sulawesi Tengah
d4ea2894,Cakrawangsa Novitasari,Counselling psychologist,CV Sirait Zulkarnain,Kepulauan Riau
59e17767,Rachel Wulandari,Marine scientist,CV Andriani Permata,Sumatera Utara
3dfd12f8,Purwa Wasita,Art therapist,Perum Uwais Tbk,Nusa Tenggara Barat
03cff323,Paulin Puspita,Volunteer coordinator,PT Sihombing Wacana,Sumatera Utara
860ffa31,Teguh Namaga,Petroleum engineer,Perum Hakim Tbk,Sumatera Selatan
aa264922,"Drs. Pardi Kuswoyo, M.TI.","Surveyor, land/geomatics",UD Najmudin Adriansyah Tbk,Jawa Barat
660e36ef,"Kemba Prastuti, M.Farm",Management consultant,PD Wasita,Sumatera Selatan
5efdd008,Diana Pradipta,Dietitian,CV Salahudin,Jambi
3037672f,Dt. Mahmud Mahendra,Fitness centre manager,CV Pradana Budiman,Kalimantan Selatan
40c8c004,R.M. Setya Widiastuti,Lexicographer,PT Saputra Hassanah Tbk,Kepulauan Riau
33537008,Maida Dabukke,Music therapist,Perum Puspita Rajata (Persero) Tbk,Nusa Tenggara Timur
1e10a4ce,Natalia Prasetyo,Armed forces technical officer,UD Purnawati Hakim Tbk,Kalimantan Tengah
616554b2,Tina Ramadan,Event organiser,PT Siregar Winarno Tbk,Sulawesi Tengah
ed1444f6,"Lega Rajasa, S.T.",Audiological scientist,Perum Saputra Sudiati Tbk,Jawa Tengah
1e328042,Violet Melani,Ceramics designer,CV Suryono Laksita Tbk,Papua
92b09aa8,Balangga Waluyo,Records manager,PD Nashiruddin Novitasari,Kepulauan Bangka Belitung
342f84b0,Rina Wijaya,Fashion designer,CV Laksmiwati,Gorontalo
58e14644,"Dt. Balapati Halim, M.Farm",Technical brewer,Perum Jailani,Kepulauan Riau
d73de7e5,"Wakiman Manullang, S.Pt",Art therapist,PT Wasita (Persero) Tbk,DKI Jakarta
a86a714b,drg. Ganep Lailasari,Geographical information systems officer,UD Handayani Mardhiyah,Kalimantan Timur
21fb0c4d,T. Taswir Prasetya,Records manager,UD Yuniar,Sulawesi Selatan
0d42cb36,Nadine Siregar,"Scientist, marine",PT Rahmawati Pranowo (Persero) Tbk,Sulawesi Utara
d71a7162,Cahya Rajata,Museum/gallery curator,CV Budiyanto,Aceh
076c186a,Maimunah Simanjuntak,Soil scientist,PD Lazuardi Tbk,Kalimantan Timur
6afd00ec,Waluyo Latupono,"Conservator, furniture",PT Putra,Banten
899ba9c8,"Banawi Siregar, M.TI.",Health visitor,Perum Palastri Yolanda (Persero) Tbk,Kalimantan Selatan
76300f21,Suci Firmansyah,Phytotherapist,UD Maulana (Persero) Tbk,DKI Jakarta
1434edbe,R.A. Ulya Kusumo,Fitness centre manager,PT Hariyah Tbk,Sulawesi Barat
4f0261bd,"Ir. Johan Jailani, S.H.","Engineer, building services",CV Saragih Haryanto (Persero) Tbk,Jawa Tengah
8fdef8c6,"drg. Hafshah Iswahyudi, S.Gz",Call centre manager,Perum Siregar Tbk,DKI Jakarta
ab64ca7d,Nabila Pertiwi,Archivist,PD Wibisono,Sumatera Utara
ad656802,Endra Irawan,"Lecturer, further education",Perum Sihombing,Sulawesi Tenggara
6b3b519c,Ajimat Prakasa,Financial adviser,UD Nasyiah Tbk,Kepulauan Riau
1f543ca0,Eva Sihombing,Magazine features editor,UD Pangestu (Persero) Tbk,Kalimantan Tengah
2499f67b,dr. Hartana Natsir,"Therapist, drama",PT Budiyanto Yuniar (Persero) Tbk,Sulawesi Tengah
b36e693a,Citra Pratiwi,Investment analyst,UD Hartati,Sulawesi Selatan
413f6ac7,Puti Mila Hidayat,Charity fundraiser,PD Sinaga,Banten
24f1654f,Balapati Ramadan,"Programme researcher, broadcasting/film/video",CV Permadi Usada Tbk,Maluku Utara
bf9cf053,Anastasia Melani,Contractor,CV Wastuti Rajata Tbk,Sulawesi Selatan
8edd9158,"dr. Imam Suryatmi, S.Gz",Personnel officer,UD Nasyidah,Sumatera Utara
e6590fc0,Kani Winarsih,"Programme researcher, broadcasting/film/video",PT Marbun (Persero) Tbk,Nusa Tenggara Timur
af642d1a,R.M. Elvin Winarno,Operations geologist,Perum Mustofa Mayasari,Kalimantan Barat
281e80ac,Ilyas Nainggolan,Community pharmacist,CV Mustofa Winarno (Persero) Tbk,Sumatera Utara
065c22b8,Carla Budiman,Television floor manager,UD Tamba Mangunsong,Kalimantan Tengah
84306222,Olga Napitupulu,Communications engineer,PT Usada,Lampung
070797fb,"Paramita Prakasa, S.E.I",Mental health nurse,UD Sitompul Hassanah,Papua
85d8d2c8,Darman Winarsih,Site engineer,PT Sihotang Wacana Tbk,Jambi
9c4383dd,Jamalia Hutagalung,Audiological scientist,UD Astuti Yuniar,Kalimantan Barat
5a177b90,Yahya Iswahyudi,"Horticulturist, amenity",UD Pranowo Tbk,Riau
650904f4,"Cahya Kusmawati, S.Psi",Furniture designer,PT Saragih Oktaviani,Kalimantan Timur
2b909db2,Wasis Wibowo,Fitness centre manager,CV Putra,Riau
9aef9367,"Suci Nainggolan, S.Gz",Health visitor,PD Sirait Firmansyah,Riau
9988d1e6,Puti Vera Prabowo,Systems analyst,PD Yolanda Pratiwi (Persero) Tbk,Kalimantan Timur
c99fc869,Wulan Maulana,"Engineer, communications",UD Agustina (Persero) Tbk,Banten
b828c3ef,"T. Mitra Aryani, S.Farm",Visual merchandiser,PD Ardianto Hidayanto Tbk,Kepulauan Riau
4898f995,Soleh Haryanto,"Pilot, airline",UD Situmorang (Persero) Tbk,Papua Barat
9d7779c9,Martaka Sihombing,Broadcast presenter,Perum Wulandari Tbk,DI Yogyakarta
f0a8f6be,drg. Wadi Permata,Television/film/video producer,CV Hardiansyah Sinaga,Lampung
2741e7c2,R.A. Sadina Santoso,Architectural technologist,PT Tarihoran Sinaga (Persero) Tbk,Jawa Barat
57789943,"KH. Johan Winarsih, S.I.Kom",Clinical embryologist,PT Wahyudin Sihotang Tbk,Gorontalo
36a364f3,Vivi Novitasari,Armed forces operational officer,PD Mulyani,DI Yogyakarta
b1486b41,"Wulan Hakim, S.T.",Clinical research associate,PD Pradipta Yulianti (Persero) Tbk,Jambi
5cfe8249,Dadi Riyanti,"Engineer, chemical",CV Uyainah,Sulawesi Selatan
9a5874e1,"Vega Prabowo, M.Pd","Exhibitions officer, museum/gallery",PT Kurniawan Rahayu,Bengkulu
214f8fcb,"Rina Prakasa, M.Ak",Financial planner,PD Simbolon,Lampung
aef1213b,Amalia Saputra,"Runner, broadcasting/film/video",PT Rahimah,DKI Jakarta
ab76cc64,Suci Rahmawati,Catering manager,CV Yulianti,Sumatera Utara
0daeb739,Indah Zulaika,"Teacher, secondary school",UD Maryadi Prasetyo Tbk,Kalimantan Utara
6df0f47f,Kezia Palastri,Ophthalmologist,CV Iswahyudi (Persero) Tbk,Jawa Timur
7686d22a,H. Reksa Utama,"Research officer, trade union",PD Saefullah Hakim Tbk,Gorontalo
1e7e1dee,"Anita Sihombing, S.I.Kom","Producer, radio",UD Yulianti Siregar,Papua Barat
291d6e6d,"R. Jarwa Saputra, M.TI.",Insurance underwriter,UD Nasyidah Thamrin Tbk,Papua
8df8b72d,Safina Tampubolon,Occupational therapist,Perum Agustina Yuniar,Sulawesi Selatan
d4cba5f9,"Aisyah Dabukke, S.Kom",Dance movement psychotherapist,PD Kuswandari Tbk,Riau
6cf2e5fe,Caturangga Agustina,Mudlogger,Perum Iswahyudi Wibisono (Persero) Tbk,Lampung
8b64e3de,Kiandra Adriansyah,Press sub,PT Namaga (Persero) Tbk,Kalimantan Utara
2f9ec6fd,Bakijan Nasyidah,Architect,Perum Tamba,Papua Barat
1db99753,Genta Palastri,Landscape architect,CV Nurdiyanti,Sulawesi Tenggara
83ad56fb,Patricia Wulandari,Call centre manager,UD Yuniar,Jawa Timur
4f396b2a,Dr. Hilda Pratiwi,Building surveyor,PD Ramadan Wijaya,Bali
d84dfa9b,"Drs. Sakura Hardiansyah, S.Farm","Civil engineer, contracting",PT Kusmawati,Jawa Timur
6e849aa3,Laksana Pradipta,"Research officer, government",Perum Rahayu,Lampung
8f60a73a,Ghaliyati Waluyo,Health physicist,PD Nurdiyanti (Persero) Tbk,Kalimantan Selatan
1f88bb7b,Dadi Uyainah,Agricultural engineer,PT Santoso Tbk,Kepulauan Riau
83ca500f,drg. Yessi Lestari,Advertising account executive,PT Palastri Prabowo (Persero) Tbk,Jawa Timur
5660f593,"Laila Purnawati, S.Psi",Training and development officer,UD Tampubolon Maulana,Banten
3e14ceb8,Samiah Salahudin,Minerals surveyor,Perum Tampubolon Saputra Tbk,Kepulauan Bangka Belitung
aaa821f3,dr. Tri Natsir,"Social research officer, government",Perum Prayoga,Gorontalo
c743c869,Liman Pranowo,Medical physicist,PT Prayoga (Persero) Tbk,Sulawesi Utara
902273b0,Titi Susanti,"Journalist, broadcasting",CV Thamrin Waluyo Tbk,Riau
76dde749,Mila Hutapea,Tourist information centre manager,PT Nasyiah Puspasari,Jawa Barat
b066ec99,Oni Pratama,Licensed conveyancer,UD Samosir (Persero) Tbk,Sulawesi Utara
3e8c40c4,Eko Utami,"Producer, television/film/video",Perum Thamrin Tbk,Sulawesi Utara
a1a3425b,Intan Pratiwi,"Psychologist, forensic",Perum Laksmiwati (Persero) Tbk,Sumatera Selatan
7bc1a84b,Elvina Thamrin,Adult guidance worker,UD Firgantoro Wasita,Sulawesi Tenggara
55f0f8b0,Dina Maryadi,Transport planner,UD Aryani Tbk,Nusa Tenggara Barat
68eab0ef,Dewi Hidayanto,Clothing/textile technologist,CV Simbolon Purwanti Tbk,DKI Jakarta
9372762f,"Panji Zulkarnain, M.Ak","Sound technician, broadcasting/film/video",Perum Kusmawati Pratama,Kalimantan Selatan
d0d8d72e,"Dt. Warsa Jailani, S.E.","Surveyor, land/geomatics",PT Situmorang Wibisono,Gorontalo
421f95ac,Juli Siregar,"Engineer, control and instrumentation",Perum Simanjuntak Ardianto,DKI Jakarta
d56151bb,"Cagak Nurdiyanti, M.Farm",Insurance account manager,UD Novitasari Handayani,Bengkulu
64836852,Ajimin Rajata,Chief Executive Officer,CV Yulianti Saputra,Bengkulu
b281fa07,"Septi Hutagalung, S.Sos",Professor Emeritus,PT Latupono Nurdiyanti Tbk,Bali
b00f25a9,"Dr. Najwa Pradana, S.Gz",Operational investment banker,CV Novitasari Gunawan,Gorontalo
7fb59269,Makara Aryani,Primary school teacher,PT Uyainah Palastri (Persero) Tbk,Kalimantan Selatan
5ef83db1,"Ir. Jail Lailasari, S.H.","Engineer, aeronautical",PT Wulandari,Bengkulu
35b60651,Drs. Enteng Tarihoran,Trading standards officer,CV Hutagalung Hakim Tbk,Bali
30a166a2,Kiandra Pangestu,Archivist,CV Pradana Hidayanto (Persero) Tbk,Sulawesi Selatan
f925751b,"drg. Hairyanto Januar, S.Pt","Scientist, research (life sciences)",Perum Iswahyudi,Kepulauan Bangka Belitung
dc12536e,Okta Halimah,"Engineer, aeronautical",Perum Sirait Tbk,Lampung
bb5a324f,Jumari Prastuti,Medical laboratory scientific officer,Perum Megantara Hutagalung,Jawa Timur
aad05042,Melinda Kusumo,Housing manager/officer,Perum Habibi Tbk,Sulawesi Selatan
089978ae,"Drs. Gatra Hassanah, S.Pd",Interpreter,Perum Nasyiah Nugroho Tbk,Sulawesi Utara
42dc5251,Johan Wasita,Metallurgist,CV Hastuti,Sulawesi Utara
e9caece5,Dinda Najmudin,Air cabin crew,CV Hidayat Tbk,Nusa Tenggara Timur
76b074cd,Gandewa Mansur,Medical secretary,Perum Wulandari,Banten
7826dc94,"Ir. Purwanto Namaga, M.Farm",Data processing manager,UD Nasyidah Tbk,Kalimantan Timur
7c0eb878,Samsul Wulandari,Public relations account executive,Perum Lazuardi,Sumatera Selatan
62211f87,Jatmiko Uwais,"Pilot, airline",PD Kusumo (Persero) Tbk,Maluku Utara
52adea05,Betania Thamrin,"Editor, commissioning",PT Marpaung Laksita,Lampung
7042a40c,"Respati Ardianto, S.I.Kom","Sales professional, IT",Perum Nainggolan Thamrin (Persero) Tbk,Sulawesi Utara
c8a0ff06,Tedi Pratiwi,Fashion designer,UD Situmorang Hutagalung,Kalimantan Barat
d299f02d,"Darijan Ardianto, S.Sos",Product manager,PT Lestari,Maluku
9ab2cb82,"Gamani Pertiwi, M.Farm","Teacher, secondary school",CV Saputra,Kepulauan Riau
9ee6b86f,Ir. Yani Mangunsong,Historic buildings inspector/conservation officer,CV Hardiansyah Habibi (Persero) Tbk,Maluku
b7842a67,"Suci Yulianti, S.Kom",Farm manager,UD Firgantoro Najmudin,Kalimantan Utara
008e214b,R.M. Jaeman Thamrin,Theatre manager,CV Rahayu (Persero) Tbk,Jawa Timur
5b9b8011,Balidin Nababan,Records manager,PD Hassanah Napitupulu (Persero) Tbk,Gorontalo
010c00a4,Titin Zulkarnain,Warehouse manager,UD Budiman Sudiati (Persero) Tbk,Bali
80558ada,"Elisa Nurdiyanti, S.I.Kom",Health and safety inspector,Perum Hutapea Usamah Tbk,Sulawesi Tengah
25c50704,Prabawa Gunawan,Museum/gallery curator,UD Ardianto Anggriawan (Persero) Tbk,Kalimantan Barat
44fadc40,"Jamal Marpaung, M.M.","Administrator, education",Perum Zulkarnain,Kepulauan Riau
0a148a06,Ella Rahayu,Forest/woodland manager,UD Nababan,Sulawesi Barat
84f65d1b,Heru Irawan,Bonds trader,PD Halim Tbk,Kepulauan Riau
aaf7ba79,Keisha Anggriawan,"Investment banker, corporate",CV Pudjiastuti Dabukke Tbk,Jawa Barat
cbdc396d,Tantri Novitasari,Best boy,UD Thamrin Budiyanto,Maluku
7e684893,Drs. Janet Widiastuti,Archivist,PT Mayasari Hutasoit (Persero) Tbk,Nusa Tenggara Barat
aad0affe,Dr. Hasan Suryono,"Designer, textile",CV Situmorang (Persero) Tbk,DKI Jakarta
7de4b8a0,drg. Hadi Simbolon,Telecommunications researcher,UD Prasetya (Persero) Tbk,Papua Barat
cce917cb,Puji Simbolon,Manufacturing engineer,CV Marbun Tbk,Jambi
af3d3f88,Baktiadi Irawan,Financial risk analyst,Perum Uwais,Jawa Barat
91ee212f,Zelda Wahyudin,Radio producer,CV Prakasa Irawan,Bali
f6cbc6bc,Pranawa Suryono,Emergency planning/management officer,PT Narpati,Kalimantan Tengah
c7350783,"R. Darijan Winarsih, M.Ak","Editor, film/video",UD Wahyuni Tbk,Sumatera Barat
19a36320,"Prabawa Sitorus, M.Ak",Art gallery manager,UD Saputra (Persero) Tbk,Kalimantan Selatan
c895057d,Dr. Elma Firgantoro,Landscape architect,PD Novitasari Ardianto,Kalimantan Timur
26a7da05,"Tari Sirait, M.TI.",Set designer,PD Pertiwi Situmorang,Nusa Tenggara Timur
118b0b4e,Caturangga Prasasta,Dramatherapist,CV Hariyah (Persero) Tbk,Sulawesi Tenggara
622cc4ff,Dr. Salsabila Simanjuntak,Charity officer,UD Habibi Uyainah,Nusa Tenggara Timur
a3a3a7e6,Ayu Latupono,Building control surveyor,PT Nuraini Puspita,Sulawesi Tengah
473f283e,"Jessica Nasyiah, S.Pd",Translator,PT Usamah Melani,Kepulauan Bangka Belitung
5c883ead,Ilsa Marbun,"Geneticist, molecular",UD Mardhiyah Andriani,Jawa Timur
774e8d6c,Natalia Sitompul,Licensed conveyancer,UD Wibowo Tbk,Nusa Tenggara Barat
ad886753,Jaya Maulana,"Buyer, industrial",Perum Thamrin,Sumatera Barat
ea61f62a,Maya Kusmawati,"Engineer, technical sales",CV Sitompul Usada Tbk,Sulawesi Tengah
0bff1fc8,Puti Eva Oktaviani,Data processing manager,CV Agustina (Persero) Tbk,Jambi
d4d6bec3,Maya Sihombing,"Research officer, political party",PT Purnawati Kuswoyo (Persero) Tbk,Banten
ab48382a,"Gatra Hutagalung, M.Kom.","Scientist, research (life sciences)",Perum Padmasari Tbk,Kalimantan Selatan
ef0c0d5b,drg. Diana Wijaya,"Engineer, chemical",CV Mandasari Sihombing,Kalimantan Timur
2bb6ec3b,"Hj. Karen Sirait, M.Kom.","Surveyor, insurance",CV Suryatmi Hartati,Nusa Tenggara Barat
00c04f42,"Wardi Firgantoro, M.Ak","Horticulturist, commercial",CV Mayasari Samosir,Kalimantan Barat
76b523d3,Alika Oktaviani,Television production assistant,Perum Nugroho,Sulawesi Utara
be506b20,"T. Radit Simbolon, S.Sos",General practice doctor,PD Widiastuti,Banten
ccad1332,"Lalita Pranowo, M.Pd","Teacher, primary school",UD Uwais,Kalimantan Tengah
05aaacb6,Manah Yolanda,"Accountant, chartered certified",PD Prakasa Siregar (Persero) Tbk,Gorontalo
5527aa98,"R. Ozy Kurniawan, M.Pd",Learning disability nurse,PD Latupono Tbk,Bengkulu
091964a5,Dr. Cakrabuana Maheswara,Petroleum engineer,PT Hidayat Tbk,Riau
e3bcd44d,"Cahya Januar, M.Farm","Engineer, manufacturing systems",Perum Wibowo Pratama (Persero) Tbk,Kalimantan Timur
478a490a,"R. Anom Anggriawan, S.Psi",Building control surveyor,UD Laksita (Persero) Tbk,Kepulauan Bangka Belitung
fdc97301,Gandi Halimah,Contracting civil engineer,PD Pratama Tbk,Maluku Utara
766b77c2,Kamal Permadi,"Chemist, analytical",PD Purnawati Tbk,Sulawesi Barat
c6ed58b9,Ganep Sitorus,Air cabin crew,PT Manullang Rahimah,Jawa Tengah
3e7b1b53,"Betania Anggraini, S.I.Kom","Geneticist, molecular",PT Nasyidah Jailani Tbk,Sulawesi Utara
b90bde81,"KH. Perkasa Safitri, S.T.",Teaching laboratory technician,Perum Waskita Manullang,Bengkulu
c3afb6ba,"Sabrina Kuswandari, S.Pd",Further education lecturer,PT Damanik Mulyani,Sulawesi Utara
2c537a16,Ikin Rajasa,Management consultant,PT Pertiwi Megantara Tbk,DI Yogyakarta
cbad8d02,Soleh Narpati,Nutritional therapist,PT Uyainah Tamba,Sulawesi Selatan
84c3622b,Mila Haryanto,Optometrist,CV Sinaga Sudiati,DKI Jakarta
ad32a7b7,"Drs. Ana Wacana, S.Pt","Surveyor, building control",UD Gunawan Prastuti (Persero) Tbk,Papua
5dc71bde,Wasis Lailasari,Chartered accountant,CV Nugroho Tbk,Jambi
ed260543,Cici Padmasari,Make,PD Siregar Tbk,Papua
08ccf69a,Alika Latupono,"Nurse, mental health",Perum Rahimah,DI Yogyakarta
185987c1,Aisyah Nasyidah,"Accountant, chartered",PT Prasasta Hutagalung Tbk,Nusa Tenggara Timur
a1ab1dd2,drg. Natalia Rajasa,Illustrator,PD Iswahyudi Zulaika (Persero) Tbk,Sulawesi Tenggara
5c78de3c,Bagiya Habibi,Communications engineer,CV Lazuardi Haryanti Tbk,Bali
b0c79bef,"Zahra Mahendra, S.E.","Development worker, international aid",Perum Novitasari Nugroho Tbk,Kalimantan Barat
bafc9859,Cemani Yolanda,Neurosurgeon,CV Nuraini,Sulawesi Utara
bb425e7e,Slamet Salahudin,Geographical information systems officer,UD Haryanti Simanjuntak (Persero) Tbk,Sulawesi Barat
a1f91c6b,R. Widya Suwarno,Commissioning editor,PT Kurniawan Utami (Persero) Tbk,Sulawesi Barat
87b7e4c0,Ciaobella Riyanti,Engineering geologist,PT Santoso (Persero) Tbk,Lampung
f60c6fa1,Maida Halimah,"Investment banker, corporate",PD Suwarno Tbk,DI Yogyakarta
5bb34eff,"Dr. Aslijan Tampubolon, M.Kom.",Meteorologist,UD Fujiati Tbk,Kalimantan Timur
1981ade4,Ibrahim Kusmawati,Clinical molecular geneticist,PD Tarihoran Hidayat Tbk,Kalimantan Selatan
52d930a9,Maria Sihotang,Television production assistant,Perum Pratama,Maluku Utara
ee7779dd,Hafshah Usamah,Marketing executive,UD Rahayu,Kepulauan Bangka Belitung
075b8822,Gasti Gunarto,Sports therapist,PT Wulandari,Kalimantan Utara
93abeb9b,"dr. Cindy Iswahyudi, S.Sos",Occupational psychologist,UD Hidayat Wastuti Tbk,Jawa Barat
89188401,"R. Janet Yulianti, S.Pt","Engineer, electronics",Perum Irawan,Gorontalo
120ac5a0,Paris Haryanti,Financial manager,CV Kuswandari (Persero) Tbk,Sulawesi Tengah
d74adcb0,Imam Mandasari,Race relations officer,PD Mardhiyah Wijayanti (Persero) Tbk,Aceh
5bae19a2,Cut Almira Melani,Advertising art director,CV Zulkarnain,Jambi
a94fe9eb,Eko Simbolon,"Radiographer, therapeutic",CV Wahyudin,Kepulauan Bangka Belitung
ef597bd5,"Wani Yulianti, S.I.Kom",Customer service manager,CV Permadi Pudjiastuti (Persero) Tbk,Kalimantan Selatan
3b59e198,Calista Pudjiastuti,"Nurse, children's",Perum Pranowo Utama,Sulawesi Barat
9d10187d,Dian Winarno,Warden/ranger,UD Wulandari Lailasari (Persero) Tbk,Bali
16af3d16,Yunita Hastuti,Midwife,UD Kuswandari (Persero) Tbk,Jawa Barat
b691d88f,Drs. Ulva Maulana,"Chemist, analytical",Perum Waluyo Jailani,Aceh
7eb2e20b,drg. Yunita Yuliarti,Print production planner,UD Lazuardi (Persero) Tbk,Maluku
3f608543,Kamaria Puspita,Interior and spatial designer,UD Nugroho (Persero) Tbk,Kepulauan Riau
8841d5de,Bakda Rahayu,Counsellor,CV Uyainah Wibisono,Bengkulu
46a20db2,Sidiq Andriani,Theatre stage manager,CV Pratiwi (Persero) Tbk,Banten
afbfeb31,Dina Sitompul,Product manager,CV Mandala Haryanti,Kalimantan Utara
1cd44b23,Cut Cinta Andriani,"Pharmacist, community",Perum Wahyuni Utami,Kepulauan Riau
cd3e495b,Martaka Yulianti,Aid worker,PT Purnawati Napitupulu,Maluku Utara
c86c2d82,"Adinata Pertiwi, S.H.",Health service manager,PT Nainggolan,Sulawesi Barat
52ddc0e4,Nasrullah Namaga,Occupational psychologist,CV Widiastuti,Kalimantan Selatan
34ea0404,Shania Simanjuntak,"Surveyor, rural practice",PT Haryanto Putra (Persero) Tbk,Jambi
37c23114,Ir. Adhiarja Wacana,"Development worker, international aid",PT Ardianto (Persero) Tbk,Maluku Utara
9526775a,Laila Utami,"Editor, film/video",PD Pradana Tbk,Riau
91fe7934,"Safina Puspasari, M.Pd","Accountant, chartered management",UD Hakim,DI Yogyakarta
0749cd55,Warji Siregar,Office manager,PD Najmudin Tbk,Kalimantan Utara
478859db,Karma Salahudin,Radio producer,UD Prasetyo Tbk,Sumatera Barat
ac037e20,R. Sari Fujiati,Animal nutritionist,UD Pradana Rahmawati,DKI Jakarta
8bb239c9,Maya Tarihoran,Soil scientist,PD Mandasari Utama (Persero) Tbk,Sulawesi Tenggara
34bc789e,Ir. Gamanto Nugroho,Cartographer,CV Melani (Persero) Tbk,Lampung
703078a0,Cinthia Pradana,Patent attorney,PT Nashiruddin (Persero) Tbk,Sumatera Selatan
27a03d45,"Shakila Zulkarnain, S.T.",Academic librarian,Perum Nainggolan,Jawa Timur
bb814f1a,Shakila Sirait,Catering manager,Perum Ramadan Rahimah Tbk,Nusa Tenggara Timur
23e0b9ed,Danu Hutapea,Tour manager,UD Laksita,Bengkulu
201c6b78,Ir. Prayitna Pradana,"Secretary, company",PT Tampubolon Simbolon (Persero) Tbk,Kalimantan Selatan
397f50b4,"Ciaobella Laksmiwati, M.M.",Land,PD Dongoran Winarno,Kalimantan Selatan
5e029af7,Cut Amelia Sihombing,Media buyer,Perum Maryati Hakim Tbk,Jawa Tengah
d6bf9635,"drg. Karen Usada, M.Pd",Best boy,CV Astuti Tbk,Maluku Utara
5b08a034,Qori Padmasari,Marine scientist,PT Marpaung (Persero) Tbk,Jambi
aa931dd2,Cut Putri Purwanti,Dietitian,UD Wasita (Persero) Tbk,Bali
7d4193ac,"Tgk. Dewi Samosir, S.Pt",Medical physicist,PD Irawan,Sumatera Barat
2b913435,Adika Melani,"Surveyor, commercial/residential",Perum Lailasari,Nusa Tenggara Barat
cf48c308,"Cut Ayu Wulandari, S.Farm",Comptroller,Perum Yolanda,Banten
2fb8c1a4,Ajimat Sihombing,"Journalist, newspaper",Perum Zulaika,Sulawesi Tenggara
7074963d,Najib Dongoran,Risk manager,PD Handayani (Persero) Tbk,Gorontalo
70d08d61,Nadine Usada,Geographical information systems officer,Perum Mandala,Sumatera Barat
c7111d77,"Hj. Titi Suwarno, S.I.Kom",Toxicologist,CV Kusumo (Persero) Tbk,Lampung
2aa91b33,Dt. Ajiono Wijaya,Television floor manager,PD Usamah,Banten
19ea1131,Ibrani Rahmawati,Conference centre manager,UD Pranowo,Kalimantan Timur
b0297820,Galih Tampubolon,"Therapist, speech and language",Perum Purnawati,DKI Jakarta
4dd0f59f,Kamila Iswahyudi,Toxicologist,PD Prayoga (Persero) Tbk,DI Yogyakarta
65c271d2,Rama Uwais,Oceanographer,PT Sudiati,Kepulauan Bangka Belitung
f16a6c71,Ani Puspasari,Housing manager/officer,Perum Purwanti Tbk,Sulawesi Tenggara
9a83be1f,Malika Sinaga,Music tutor,PD Ardianto Siregar Tbk,Aceh
3afddb11,"Ir. Hani Rajasa, M.Ak",Health and safety inspector,PT Purnawati Fujiati (Persero) Tbk,Kalimantan Timur
b4237d6a,Raina Nababan,Armed forces training and education officer,PD Mandala Farida Tbk,Papua Barat
956ab163,"R.M. Vero Januar, M.Kom.",Air cabin crew,UD Pangestu Prakasa (Persero) Tbk,Jawa Barat
c2e48f4b,"Diah Napitupulu, M.Kom.",Energy manager,PT Permata Tamba,Sulawesi Tenggara
65b9ae8c,Sabrina Lestari,"Horticulturist, amenity",PT Utami Hidayanto,Sumatera Barat
ec41b0cf,Gatot Prasetya,Information systems manager,CV Wasita,DKI Jakarta
a3d9521d,Maria Hardiansyah,"Engineer, production",PT Namaga (Persero) Tbk,Kalimantan Tengah
5390471a,"R. Nasim Farida, M.M.",Event organiser,CV Farida Tbk,Sulawesi Utara
d04c4bda,Iriana Haryanto,"Embryologist, clinical",PT Zulkarnain (Persero) Tbk,Riau
66a4eb26,Elvin Hutasoit,Diagnostic radiographer,Perum Andriani Samosir Tbk,Gorontalo
063d5e8b,"Salman Latupono, S.Gz",Structural engineer,CV Suryatmi Nainggolan,Jawa Timur
146ce3c2,Rini Anggriawan,Insurance claims handler,Perum Sihombing,Papua Barat
813cf497,Jamalia Samosir,Soil scientist,PD Laksita Agustina Tbk,Jambi
6cf7e8b1,"Tgk. Harimurti Nurdiyanti, M.TI.",IT consultant,UD Winarsih Laksita Tbk,DI Yogyakarta
d3b341a1,Jamal Suryono,Database administrator,PD Damanik Tbk,Lampung
ce61de44,Emin Zulkarnain,Energy manager,UD Widiastuti,Kalimantan Utara
f40920e4,Dr. Tirta Utama,Careers adviser,CV Putra (Persero) Tbk,Riau
be2ec429,Damar Fujiati,Publishing copy,PT Saefullah Habibi,Banten
214a1816,"Naradi Nugroho, M.Pd",Public librarian,CV Damanik,Sumatera Utara
0a68cfee,"Tgk. Asmadi Sihombing, S.T.","Research officer, political party",Perum Waskita (Persero) Tbk,Jawa Timur
c07f3e17,Gawati Mardhiyah,Agricultural consultant,PD Hartati Utami Tbk,Sumatera Selatan
32baea08,Paramita Susanti,"Engineer, chemical",PD Gunawan Permata Tbk,Sulawesi Utara
5d236720,"Tgk. Tiara Pranowo, S.Farm",Art gallery manager,Perum Salahudin Habibi,Aceh
05f57935,Puti Cindy Prasasta,Magazine features editor,Perum Suryatmi Dabukke,Jawa Timur
6ca3f793,"Siska Haryanto, S.Sos","Clinical scientist, histocompatibility and immunogenetics",CV Pratama (Persero) Tbk,Banten
2bea87b3,Vanya Utama,Advertising copywriter,CV Suryatmi Prayoga Tbk,Kalimantan Tengah
68594bd6,"Tgk. Aisyah Prakasa, S.IP",Writer,Perum Pudjiastuti,Kalimantan Tengah
12767f54,Talia Pangestu,Music tutor,UD Hastuti Tbk,Jawa Timur
79633a36,Ira Utami,Town planner,Perum Hutapea,Papua
15b1bce1,Tgk. Timbul Permata,"Psychologist, sport and exercise",Perum Oktaviani Nasyidah,Kalimantan Barat
4bbbf978,Ulva Puspasari,Firefighter,CV Kurniawan Utama,Kalimantan Selatan
428de659,Hilda Waskita,Drilling engineer,CV Hassanah,Sulawesi Utara
e01d0a1b,Maya Oktaviani,Sub,UD Hidayanto (Persero) Tbk,Nusa Tenggara Timur
9dff8f97,"T. Gangsa Gunarto, S.H.",Sports therapist,PT Palastri Fujiati,Jambi
a41bb8bc,Bahuwarna Rahayu,Plant breeder/geneticist,PT Sihotang Pertiwi,Kalimantan Barat
cee98b2a,"H. Luwar Saputra, M.Ak",Diplomatic Services operational officer,Perum Mustofa (Persero) Tbk,Sulawesi Barat
586a03f7,R.A. Jane Samosir,Automotive engineer,PT Siregar,Banten
56e7feca,Karma Hidayat,"Psychologist, educational",UD Setiawan,Sulawesi Utara
d699568e,Hj. Cornelia Wulandari,Insurance broker,PD Puspasari Prasetya,Jawa Tengah
564b62fd,Abyasa Suartini,Retail buyer,PD Rahimah (Persero) Tbk,Sulawesi Tengah
6f29b1b3,Sutan Praba Januar,Surgeon,CV Novitasari Pradana,Sumatera Barat
b72d8dba,"Raden Saefullah, S.E.I","Designer, furniture",CV Nasyiah Hardiansyah,Banten
19037b1a,"KH. Jefri Susanti, M.Ak","Engineer, electronics",CV Iswahyudi Halim,Sulawesi Tengah
17f2fee4,"Anita Santoso, S.Pt",Make,PD Pertiwi Rahimah Tbk,Sulawesi Tengah
acbe46ed,Zaenab Saefullah,Manufacturing systems engineer,Perum Hutapea Prayoga Tbk,Sumatera Selatan
91f229b7,Mujur Prasasta,Broadcast engineer,PD Hutapea Maulana (Persero) Tbk,Lampung
ded46f24,Tgk. Gilda Hutagalung,"Administrator, education",Perum Oktaviani Permata,Bali
ec88d5af,Balijan Puspita,Contracting civil engineer,CV Putra,Bengkulu
748e4bf2,Eli Palastri,Firefighter,PT Halimah Andriani Tbk,Papua Barat
426ebd12,Harjasa Lestari,Applications developer,PT Sihotang Tampubolon Tbk,Kalimantan Utara
2c66c142,Laras Hasanah,"Buyer, industrial",UD Prasasta Waluyo (Persero) Tbk,Banten
2596635b,Sutan Gara Saragih,Magazine features editor,Perum Handayani Tbk,Jawa Timur
e9c123ca,Halima Rajasa,"Engineer, mining",CV Prakasa,DI Yogyakarta
4b39121c,Rahmi Puspita,Learning mentor,Perum Handayani Adriansyah Tbk,Kalimantan Selatan
97ec5655,Edi Simbolon,Transport planner,PT Wijayanti (Persero) Tbk,Kalimantan Timur
7656f9c6,Kajen Suryono,Acupuncturist,PD Lestari Gunarto Tbk,Sulawesi Selatan
82562dbf,Eluh Santoso,Technical author,Perum Wastuti,Sulawesi Selatan
e9538112,Nabila Sirait,Multimedia programmer,PT Hidayat Farida Tbk,Sumatera Utara
afe19842,"Ida Zulaika, S.I.Kom",Electrical engineer,PT Nuraini Aryani (Persero) Tbk,Kalimantan Timur
af4a5d7d,Agnes Hutagalung,Financial controller,PT Siregar,Sulawesi Selatan
1818ff66,"R.A. Tina Handayani, S.Ked",Social researcher,PD Hutasoit Prasasta (Persero) Tbk,Sumatera Utara
8edc19f4,Drs. Irnanto Pangestu,Sales promotion account executive,Perum Salahudin Winarno Tbk,Papua Barat
670007cd,Irma Hidayanto,Nature conservation officer,Perum Ramadan Hutapea,Sulawesi Utara
3260236e,"Widya Saptono, M.Farm",Museum/gallery curator,Perum Hidayat,Sumatera Selatan
731bc55b,Tgk. Utama Mansur,Illustrator,PT Mandasari Tbk,Nusa Tenggara Barat
55dccfbf,Sutan Wardi Puspita,Further education lecturer,Perum Firgantoro Mandala,Sulawesi Selatan
a9b7e294,"Tami Najmudin, S.Farm",Corporate treasurer,CV Yuliarti Sudiati (Persero) Tbk,Maluku
6dc3f2f8,Talia Sudiati,"Accountant, chartered public finance",UD Napitupulu Tbk,Jawa Tengah
aefebd11,Pranata Siregar,Historic buildings inspector/conservation officer,PT Mardhiyah Wijayanti,Kalimantan Barat
e4d69b8f,Bagya Wulandari,Electrical engineer,UD Situmorang Haryanti,Sulawesi Tenggara
834d35bc,Sabrina Purnawati,"Investment banker, corporate",UD Situmorang Oktaviani (Persero) Tbk,Sulawesi Barat
88c5f7ae,Gaduh Safitri,"Surveyor, commercial/residential",UD Mulyani (Persero) Tbk,Kalimantan Tengah
f07adb1d,Danuja Gunawan,"Research officer, government",PT Uyainah Susanti,Sumatera Utara
e4444837,"Ami Yulianti, S.I.Kom","Engineer, mining",PD Sitompul,Jambi
320dd453,"R. Laila Iswahyudi, S.I.Kom",Gaffer,Perum Yuliarti,Papua Barat
0b7099f5,Violet Tamba,"Programme researcher, broadcasting/film/video",CV Prabowo Tbk,Kalimantan Selatan
a2402818,R. Sarah Nasyidah,Optometrist,PT Damanik,Riau
84dc492f,Amelia Permata,Media buyer,UD Mansur (Persero) Tbk,Jambi
667c0e26,Hartana Tamba,Commercial art gallery manager,Perum Winarsih,Maluku
db1b4723,"Adikara Wibowo, S.Pd",Medical illustrator,PD Sihombing,Bali
34c6672e,Gaduh Yuliarti,Community development worker,UD Siregar Hutasoit Tbk,Kalimantan Selatan
98fd040f,Liman Iswahyudi,Herpetologist,PD Marbun Yuliarti,Jawa Timur
a6c159e2,"Edison Agustina, M.TI.","Therapist, sports",CV Salahudin Kurniawan,Sulawesi Tengah
774514ad,Gandi Permata,"Scientist, clinical (histocompatibility and immunogenetics)",Perum Sirait Prayoga,DKI Jakarta
77cf8577,drg. Ade Waluyo,Accounting technician,PD Yuniar,Lampung
82060fe6,"R. Gina Permadi, S.Kom",Product designer,Perum Mangunsong Padmasari,Sumatera Utara
30c80f60,Unjani Mustofa,Environmental education officer,PT Megantara Mansur,Bengkulu
2cab33cd,Tgk. Zulaikha Budiyanto,Advertising copywriter,UD Dongoran Tbk,Maluku
4d97c573,Mutia Maryadi,Ship broker,UD Tamba,Kalimantan Tengah
5cef5696,"T. Slamet Simbolon, S.Pd","Education officer, community",PT Laksmiwati Tbk,Kalimantan Barat
baef2bd1,"Malika Marpaung, M.M.",Music therapist,CV Wacana Haryanto,Sulawesi Barat
d04acb32,"Anastasia Megantara, M.M.",Sports administrator,PT Samosir Prayoga (Persero) Tbk,Jawa Timur
4e20ddcb,"Cakrabirawa Sitompul, S.E.I",Health service manager,Perum Utama Tbk,Sumatera Selatan
eec69d28,"Dr. Eva Sitompul, S.Psi",Educational psychologist,CV Rajasa (Persero) Tbk,Maluku Utara
2160a00c,Ir. Paiman Sinaga,"Scientist, research (medical)",UD Farida Tbk,DKI Jakarta
9622f3a4,Tiara Sudiati,Quality manager,Perum Nuraini Pranowo,Bengkulu
8d548a5e,Uchita Prasetya,Television production assistant,CV Haryanto Adriansyah,DKI Jakarta
87915b2b,Kezia Ardianto,Surgeon,Perum Zulaika,Gorontalo
881deefc,"Dr. Hani Aryani, S.Kom",Data scientist,CV Oktaviani,Nusa Tenggara Timur
53a8cedc,Nova Simbolon,Brewing technologist,PD Budiman Fujiati (Persero) Tbk,Papua Barat
cd9d11a4,Rosman Nurdiyanti,Market researcher,UD Budiyanto (Persero) Tbk,Riau
e82dd2c4,"Jatmiko Suryono, S.Sos",Broadcast journalist,CV Mansur,Lampung
29274c71,Laras Nasyidah,Ranger/warden,Perum Gunawan Simanjuntak Tbk,Papua
598adc6c,Tgk. Azalea Mulyani,"Engineer, communications",PD Riyanti,Jawa Tengah
c7b8e457,Febi Anggraini,Art gallery manager,CV Pudjiastuti Mandasari (Persero) Tbk,Maluku Utara
cd63338e,Kamal Habibi,Chartered accountant,CV Sudiati Waskita Tbk,DI Yogyakarta
23ad7509,"Cut Salsabila Marbun, S.E.",Office manager,Perum Maulana Sirait,Sulawesi Utara
a937f952,Hana Zulaika,"Journalist, newspaper",PT Wastuti,Kepulauan Bangka Belitung
357b6627,Okto Winarsih,Artist,PD Rahayu,Kalimantan Selatan
fef75f90,Zelaya Sitompul,"Social research officer, government",Perum Yuniar Novitasari,Papua Barat
c6ea3b97,"Dr. Kani Hutasoit, S.T.",Data scientist,PT Purwanti Mardhiyah,Gorontalo
806554aa,Damar Kurniawan,"Clinical scientist, histocompatibility and immunogenetics",PD Sudiati Widodo Tbk,Gorontalo
dd988449,Dimas Ramadan,IT sales professional,Perum Uwais,Papua
74363919,"Hairyanto Andriani, S.Pt",International aid/development worker,CV Astuti,Nusa Tenggara Barat
b6d7ab11,Cahya Firmansyah,Private music teacher,Perum Winarno,Riau
15cde8dd,Tira Laksita,Chartered legal executive (England and Wales),UD Pranowo Tbk,Lampung
6e60f922,"Pia Suwarno, M.Pd",Financial risk analyst,CV Samosir Purwanti Tbk,Kalimantan Barat
b9806280,"Tgk. Septi Rajata, S.E.I",Best boy,Perum Nuraini,Sulawesi Tenggara
24c4fb80,Siska Halim,Haematologist,UD Suryono Wacana Tbk,DKI Jakarta
8a919614,"Syahrini Purwanti, S.T.",Recruitment consultant,PD Kuswoyo Yolanda Tbk,Lampung
f93f1374,Eva Mandasari,Transport planner,PD Prayoga (Persero) Tbk,Maluku Utara
237eded6,Fathonah Rajata,Community development worker,PT Usada,Papua Barat
c4277605,Clara Saefullah,IT technical support officer,PD Prasasta Nurdiyanti Tbk,Papua Barat
ba2cf48e,Satya Budiyanto,Senior tax professional/tax inspector,UD Simanjuntak Rahmawati,Sulawesi Barat
a467551f,Irfan Ramadan,Automotive engineer,PD Anggriawan Ramadan,Riau
8e617b30,Bagas Jailani,Chief Operating Officer,PD Sihombing Nasyidah (Persero) Tbk,Banten
08df69dd,Zulfa Utama,Materials engineer,PT Damanik Nashiruddin Tbk,Sumatera Selatan
aac5e4ab,Gilang Hutagalung,Associate Professor,UD Lazuardi Tbk,Maluku Utara
cc8f38c7,"Lili Winarno, S.Sos",Clinical research associate,UD Hidayanto Tbk,Sulawesi Barat
ccd03dcd,"R.M. Elon Winarsih, S.Psi",Operational researcher,Perum Hutapea Hutapea Tbk,Aceh
95112bda,Dimaz Wijayanti,Database administrator,CV Nuraini Suwarno,Sulawesi Tenggara
1e530126,"Cut Dewi Agustina, S.Psi",Translator,Perum Yuliarti,Sumatera Utara
11da1499,Julia Widodo,Airline pilot,Perum Gunarto Hariyah (Persero) Tbk,Kepulauan Riau
11e154e3,Cayadi Salahudin,"Production assistant, radio",Perum Maryadi Siregar,Jambi
0f29c8b9,Dr. Ayu Puspasari,"Pilot, airline",UD Hardiansyah Hariyah (Persero) Tbk,Sumatera Barat
65873394,Almira Kusumo,Midwife,PD Permata (Persero) Tbk,Sulawesi Tenggara
7c2c255c,"Dr. Gamblang Aryani, S.E.I",Commissioning editor,PT Anggraini,Gorontalo
b5e84a17,drg. Gading Habibi,Public librarian,Perum Santoso,Kepulauan Riau
055c86e5,Gilda Rajasa,"Engineer, maintenance (IT)",Perum Saputra,DI Yogyakarta
5c9c219a,Jelita Rajata,Primary school teacher,PT Mangunsong,Sulawesi Tenggara
f8fb9a92,"Darmaji Prasetyo, S.H.",Primary school teacher,CV Mustofa Kusumo Tbk,Sulawesi Barat
aef2d7aa,"Eko Wibowo, S.E.I",Television/film/video producer,Perum Yolanda,Kalimantan Barat
4a6f147d,Yusuf Wibisono,Nature conservation officer,PD Utami Wahyuni Tbk,Kalimantan Selatan
c1eee696,Mutia Hariyah,Operational researcher,CV Simbolon,Maluku
e6527972,Cahyadi Nasyiah,Research scientist (maths),UD Salahudin,Kepulauan Bangka Belitung
945f10c7,Vanesa Astuti,"Scientist, research (life sciences)",UD Usada (Persero) Tbk,Jawa Timur
eae24916,"Dt. Emin Sirait, M.Ak",Technical author,CV Yulianti Januar,Lampung
6ea283c8,Najwa Santoso,"Engineer, petroleum",PD Oktaviani,Sulawesi Utara
2eb6dc31,Calista Aryani,Operational investment banker,UD Rajata Tbk,Kalimantan Selatan
20b36f02,"Dinda Zulkarnain, M.Farm","Surveyor, mining",PD Yuliarti,Kepulauan Bangka Belitung
b963f69c,"Ir. Jamal Astuti, M.M.",Tourist information centre manager,CV Wasita Winarno,Maluku Utara
2b4a56e3,Rusman Prastuti,Scientific laboratory technician,PD Megantara,Kepulauan Bangka Belitung
90c0d21b,Damu Samosir,"Production assistant, television",UD Nasyidah Tbk,Maluku
d8f32f84,Wirda Sirait,Medical technical officer,PT Prastuti (Persero) Tbk,Kepulauan Bangka Belitung
c110d8d3,"T. Kacung Suartini, S.Psi",Academic librarian,PD Permadi,Kalimantan Selatan
0ee2cf31,Emil Wastuti,Sports development officer,PD Safitri Ardianto Tbk,Lampung
b3517807,Candra Hutagalung,Drilling engineer,PT Kusmawati,Kepulauan Bangka Belitung
c52d140b,Mahesa Laksmiwati,"Engineer, materials",UD Permata Maryadi Tbk,Sumatera Barat
7666bdea,Saka Waskita,"Psychotherapist, child",Perum Purnawati,Maluku Utara
d42ae039,Caraka Prakasa,Learning mentor,Perum Napitupulu Tbk,Banten
cd4a6744,R.A. Michelle Januar,Environmental education officer,PD Halim Kuswandari,Jambi
48f0b9a7,Shania Hutapea,Theatre stage manager,UD Halimah,Lampung
0f6d15d5,Nabila Andriani,Make,CV Rajasa Nugroho Tbk,Bali
8b937ccf,"R.M. Teddy Hutagalung, S.Kom",Commercial art gallery manager,UD Ramadan,Sulawesi Utara
81e6c5ee,"KH. Karja Riyanti, S.I.Kom","Education officer, museum",PT Yulianti Haryanto,Kalimantan Barat
8ed85b2e,"Enteng Zulkarnain, S.Kom",Magazine features editor,PD Mardhiyah,Sulawesi Tengah
63b97fe0,Marwata Maryati,Podiatrist,PT Adriansyah Tbk,Banten
d9782537,"Intan Wibowo, M.Farm",Broadcast engineer,PD Gunawan Tbk,Kalimantan Timur
2eea399c,"Syahrini Siregar, M.Kom.",Mudlogger,CV Puspasari (Persero) Tbk,Nusa Tenggara Timur
240a3ae4,"dr. Waluyo Kusumo, S.IP",Dramatherapist,PT Ardianto Tbk,Kalimantan Tengah
5e02720e,"drg. Mala Maulana, S.Farm",Database administrator,CV Budiyanto Wibisono,Nusa Tenggara Barat
7c284344,"Tgk. Prayitna Setiawan, S.T.",Primary school teacher,Perum Hariyah Tbk,Sulawesi Utara
7529549e,Among Thamrin,"Scientist, research (maths)",CV Samosir Farida (Persero) Tbk,Aceh
757e6685,Lutfan Sitorus,Chief Strategy Officer,CV Hardiansyah (Persero) Tbk,Sumatera Barat
e4749d09,Melinda Situmorang,Banker,PD Aryani,Sumatera Barat
9e371f81,Argono Purwanti,Games developer,Perum Wacana Purwanti (Persero) Tbk,Sulawesi Selatan
26febace,"R. Ilsa Prasetyo, S.Psi","Accountant, chartered",PT Saputra Tbk,DI Yogyakarta
fd3b738c,"Hj. Elvina Nurdiyanti, S.Psi","Therapist, occupational",PD Damanik Tbk,Jawa Tengah
f6a1f4a5,"Cut Rika Nurdiyanti, S.Pt",Pharmacologist,Perum Saefullah Tbk,Aceh
e8c39732,Danu Sihotang,"Investment banker, operational",PD Simbolon (Persero) Tbk,Jawa Tengah
ce818aae,"Lanjar Farida, S.E.I","Engineer, water",PT Agustina Tbk,Kalimantan Tengah
47201e2d,Nova Suartini,Logistics and distribution manager,Perum Maryati Iswahyudi,Bali
cd84ed0d,Banawi Padmasari,Agricultural engineer,PD Nashiruddin Rajata (Persero) Tbk,Riau
cb1876d3,R. Hani Laksmiwati,Mining engineer,PD Wahyuni Novitasari,Jawa Tengah
24fc05fc,Vero Pertiwi,Mechanical engineer,Perum Utama (Persero) Tbk,Kepulauan Bangka Belitung
3f6a497a,Darsirah Fujiati,"Surveyor, commercial/residential",UD Anggriawan Nainggolan (Persero) Tbk,Sulawesi Tengah
7af594c3,Hari Wulandari,Radio producer,PT Dabukke,Maluku
7f0175aa,"Maras Gunawan, S.Pd",Arts development officer,CV Prasetyo Budiyanto Tbk,Jawa Timur
366d5ac1,Prabawa Situmorang,Psychiatrist,PT Prasasta Iswahyudi Tbk,DI Yogyakarta
95a9e099,"Drs. Uli Rahmawati, S.Pt",Occupational therapist,PT Wibisono Wijaya,Sumatera Selatan
a47c3733,Calista Mustofa,Environmental health practitioner,PD Mayasari (Persero) Tbk,Sulawesi Barat
e1158c07,Zulaikha Anggriawan,Agricultural consultant,PT Latupono Padmasari,Maluku Utara
573a4f9e,Jarwi Puspasari,"Restaurant manager, fast food",UD Saputra Nasyidah,Kepulauan Bangka Belitung
7a6d092f,Dr. Jefri Gunarto,Chartered certified accountant,UD Suartini Thamrin Tbk,Riau
a6805bf0,"Tgk. Parman Hakim, S.Kom",Quantity surveyor,UD Mulyani Kusumo,Sumatera Utara
31265cd2,Zelda Latupono,"Designer, furniture",UD Mangunsong Tbk,Kalimantan Barat
5540b3bb,Kartika Mandala,Air broker,PT Hariyah Tbk,Jawa Barat
18744f81,Kawaya Natsir,"Pharmacist, community",Perum Hariyah Hardiansyah (Persero) Tbk,Jawa Timur
9a9cb717,Sutan Elvin Gunarto,Web designer,Perum Melani Tampubolon Tbk,Sumatera Selatan
44942ee4,Bakianto Nababan,Community pharmacist,PD Permata Permata (Persero) Tbk,Maluku Utara
d96f18bb,Daru Nurdiyanti,Television camera operator,Perum Wibisono Rahayu (Persero) Tbk,Kalimantan Utara
997e7ac5,Hadi Pradipta,Lawyer,PT Sitompul Zulaika,Nusa Tenggara Barat
55f7fcd9,"Drs. Akarsana Winarsih, S.IP","Conservation officer, historic buildings",UD Anggriawan,Sumatera Barat
2ea811c4,dr. Lalita Nashiruddin,Research scientist (medical),PD Suryatmi Tbk,Riau
6f57f7ca,Lembah Rajata,Theatre manager,CV Kurniawan Prasasta Tbk,Jawa Tengah
9b445b60,"Galang Sinaga, S.E.",Database administrator,CV Prayoga Rahimah,Sumatera Barat
6d85c12c,Dariati Sihombing,"Lecturer, further education",UD Melani Waskita,Kalimantan Utara
d33ccb97,Genta Andriani,IT trainer,Perum Kuswandari,Papua
4128df1f,"Ika Hidayat, M.Kom.",Advertising account planner,Perum Wacana Susanti,Aceh
996eb1d8,Chelsea Jailani,"Investment banker, operational",Perum Yolanda Megantara Tbk,Nusa Tenggara Barat
d66daa8f,Sabri Damanik,"Teacher, secondary school",CV Prastuti,Kalimantan Barat
21894239,Umaya Budiman,"Engineer, drilling",UD Simanjuntak,Papua
c9d59b1a,Salwa Budiyanto,Adult guidance worker,CV Oktaviani Mandala,Nusa Tenggara Barat
b7db104a,Hj. Elma Kusmawati,Financial risk analyst,Perum Wijayanti (Persero) Tbk,Sulawesi Tenggara
948eaa44,Syahrini Saputra,Accommodation manager,PD Wijayanti Setiawan,Bengkulu
83917898,Malika Melani,"Administrator, Civil Service",PT Widodo Padmasari,Sulawesi Utara
bccd4953,Chandra Prastuti,Education administrator,Perum Puspasari Mandala,Jawa Tengah
029cccb6,Rosman Samosir,"Accountant, chartered public finance",UD Wasita Tbk,Kepulauan Riau
d380dc38,"dr. Safina Marpaung, S.Kom",Architect,UD Hidayanto Ramadan Tbk,Bengkulu
75ca5fe9,"R.M. Banawi Lazuardi, S.Psi",Bookseller,PD Haryanti Rajasa Tbk,Lampung
7109a73b,Ir. Kemba Wibisono,"Surveyor, land/geomatics",PT Hutasoit Safitri Tbk,Kalimantan Selatan
e676d59e,Putu Wibowo,Civil Service fast streamer,UD Palastri Tbk,Nusa Tenggara Timur
d5e1b17d,Laila Winarsih,Public relations account executive,CV Simbolon Ramadan Tbk,Kepulauan Bangka Belitung
5b14ee92,"Febi Melani, M.Ak",Claims inspector/assessor,PD Mayasari Tbk,Gorontalo
fed115a6,Liman Laksita,Training and development officer,UD Lazuardi,Sulawesi Tengah
f0175be7,Lukita Prakasa,Information systems manager,PT Wahyuni Usamah,Maluku
0088a7d2,Cut Ulva Thamrin,Air traffic controller,CV Hasanah Tbk,Riau
2672712a,Kani Novitasari,Leisure centre manager,CV Natsir Utami,Nusa Tenggara Timur
2a090097,Latif Sinaga,Mental health nurse,PT Utama (Persero) Tbk,Kalimantan Selatan
1e1d2323,"R.M. Embuh Sihombing, S.E.",Telecommunications researcher,Perum Yulianti Marpaung Tbk,Kalimantan Timur
390da3f1,Danang Utami,"Teacher, English as a foreign language",CV Winarno (Persero) Tbk,Kalimantan Utara
2b896ad9,"Puti Intan Utama, S.Sos","Librarian, public",PD Puspita,Sumatera Utara
dee75ca8,Jasmani Pratama,Advertising account executive,PD Saptono (Persero) Tbk,Sulawesi Tenggara
e3903caf,Chelsea Yuniar,Commercial horticulturist,PT Maryati,Sumatera Barat
bfb70299,Pia Wasita,Commercial horticulturist,UD Aryani Lailasari Tbk,Kepulauan Riau
2ebd1481,Galiono Laksita,"Surveyor, hydrographic",CV Purnawati Tbk,Banten
6046a590,"Yulia Maheswara, S.Pd",Historic buildings inspector/conservation officer,PT Uwais (Persero) Tbk,DI Yogyakarta
4b838492,"dr. Cemplunk Nainggolan, M.Farm",Air traffic controller,PD Hardiansyah (Persero) Tbk,Nusa Tenggara Barat
c081f7b0,"Tami Prasetya, M.Pd",Advertising account executive,Perum Nugroho Anggriawan,Nusa Tenggara Timur
b7d80dba,Banawi Wijayanti,Research scientist (life sciences),Perum Marbun Pratama Tbk,Kalimantan Selatan
ed271513,Ir. Karimah Wacana,Production engineer,Perum Mansur Handayani (Persero) Tbk,Kalimantan Utara
96fe0979,Cemeti Irawan,"Engineer, manufacturing",UD Kusumo Thamrin Tbk,Bengkulu
531b6083,Agnes Palastri,"Producer, radio",CV Habibi Sihombing,Sumatera Utara
8c4ed1f6,Vanya Mansur,Petroleum engineer,CV Zulkarnain Utami,Kalimantan Tengah
926dd2a6,Gading Irawan,"Scientist, research (medical)",PT Hariyah,Kalimantan Utara
a05a6cd4,"Drs. Zelaya Novitasari, S.Psi",Clinical molecular geneticist,PD Suartini,Sulawesi Tengah
0b026f30,Raina Iswahyudi,Theatre manager,PT Wibisono (Persero) Tbk,Sumatera Utara
dc07c2e6,Nasab Padmasari,Financial planner,CV Gunawan Tbk,Kalimantan Selatan
813f34cc,Galuh Uyainah,Community pharmacist,PT Wahyuni Suwarno (Persero) Tbk,Jawa Timur
c7f61c04,Ina Pratiwi,Seismic interpreter,PD Palastri Pudjiastuti,Jambi
1de9a315,Emil Safitri,"Designer, graphic",CV Saptono (Persero) Tbk,Banten
fe0b0cca,Diah Prasetyo,Aid worker,CV Dongoran Nurdiyanti,DI Yogyakarta
a27af113,Ella Astuti,Plant breeder/geneticist,Perum Adriansyah Tbk,Maluku Utara
6242098d,"dr. Kenzie Hassanah, S.H.",Mechanical engineer,PD Nugroho Mulyani,Jawa Tengah
d9081573,Samsul Kuswandari,Adult nurse,PT Irawan,Lampung
db4c2e5a,Mutia Hutasoit,Air traffic controller,PT Gunawan Pertiwi (Persero) Tbk,Sulawesi Utara
37e7e278,"Ajimat Narpati, S.T.",Estate manager/land agent,PT Agustina (Persero) Tbk,Maluku Utara
284c0dcd,Gabriella Laksmiwati,Multimedia specialist,UD Purwanti (Persero) Tbk,Sulawesi Tenggara
2c0e984c,"Ayu Prasetyo, S.T.",Banker,CV Mardhiyah Tbk,Kalimantan Barat
55c85df5,Puput Safitri,Purchasing manager,Perum Novitasari Tbk,Sulawesi Barat
67d96b7d,Cayadi Pradipta,Retail banker,Perum Tamba Hastuti,Kepulauan Riau
ac634cfb,"Puti Uchita Wijayanti, S.T.",Secretary/administrator,PT Agustina (Persero) Tbk,Nusa Tenggara Barat
ee8e895b,"Mursinin Widiastuti, S.Pd","Surveyor, building control",CV Mansur,Papua Barat
e9cbe703,Daliman Habibi,Interpreter,Perum Wulandari Tbk,Papua
c0dabc6c,Sutan Jaka Mahendra,Contracting civil engineer,PT Safitri Tbk,Sumatera Barat
e06ec1d9,Citra Maheswara,Volunteer coordinator,CV Dongoran Halim,Kalimantan Timur
6badcf2a,Zulaikha Fujiati,Publishing rights manager,UD Susanti (Persero) Tbk,Papua Barat
3668d24b,"Argono Safitri, S.Farm",Science writer,UD Hasanah Tbk,Nusa Tenggara Timur
e0b18b79,"R. Vera Maryadi, M.Ak",Acupuncturist,CV Uyainah Marpaung (Persero) Tbk,Sulawesi Tengah
a3ea1da6,"Dt. Mulya Hariyah, S.I.Kom",Hydrographic surveyor,Perum Salahudin Tbk,Sumatera Utara
231cbf38,Lasmono Pratiwi,"Surveyor, commercial/residential",PD Hidayat,Sulawesi Tengah
629c46a5,Oman Sitompul,Special educational needs teacher,UD Simbolon Tbk,Kalimantan Selatan
09169c68,"Calista Haryanto, S.I.Kom",Research scientist (maths),Perum Hardiansyah Tbk,Riau
c1643ff7,Iriana Mansur,Chief of Staff,Perum Hutapea,Bali
b9df7082,Ratih Hidayat,Nature conservation officer,Perum Tampubolon,Nusa Tenggara Timur
5ed8386d,"Anita Mayasari, S.I.Kom","Therapist, music",CV Pradipta,Jawa Tengah
2c3e3d6b,"Tari Kusmawati, S.Gz",Higher education careers adviser,Perum Saragih,Jawa Tengah
085850dd,Ghani Zulkarnain,Media planner,CV Yuliarti Tbk,Kalimantan Utara
3808c5eb,Najib Rajata,Civil Service fast streamer,UD Mulyani Nababan,Sulawesi Selatan
fc615e70,Cornelia Haryanti,Mining engineer,PT Kurniawan Aryani,Sulawesi Utara
6ceefd62,Vivi Usada,Rural practice surveyor,PT Dabukke Tbk,Sumatera Barat
e91879a3,"dr. Syahrini Utami, S.T.",Acupuncturist,PT Widodo,Sumatera Utara
de150a3e,Ifa Gunawan,Private music teacher,CV Prabowo (Persero) Tbk,Kalimantan Selatan
5a8815d6,"Ir. Kiandra Wacana, M.Ak",Occupational hygienist,PD Utami Tbk,Maluku
0553afa9,Warsita Sudiati,Licensed conveyancer,UD Saragih (Persero) Tbk,Maluku Utara
7cdffc9c,"Julia Rahimah, M.Kom.","Teacher, special educational needs",PD Novitasari (Persero) Tbk,Kalimantan Selatan
ad33beea,Jayadi Kurniawan,Corporate treasurer,PD Yulianti Tbk,Bali
b72f37f3,Drs. Putri Iswahyudi,Broadcast presenter,UD Sinaga (Persero) Tbk,Sumatera Barat
84fee4c0,"Tgk. Kamila Hariyah, S.H.",Health and safety adviser,CV Marpaung Riyanti,Jawa Tengah
aac3eec7,Belinda Handayani,Data scientist,CV Puspita Saefullah (Persero) Tbk,Kepulauan Bangka Belitung
0432a186,Jarwa Simanjuntak,Heritage manager,CV Pratiwi Tbk,DKI Jakarta
3c2fd402,"Cut Kamila Nainggolan, S.Pd","Horticulturist, amenity",PD Budiman Pudjiastuti,Kalimantan Tengah
c1939f7c,Hafshah Dabukke,IT sales professional,CV Lazuardi Halim Tbk,Bengkulu
5588facb,Estiono Sinaga,Dentist,PD Nasyiah Hardiansyah Tbk,Sumatera Utara
2a8b2253,Yuliana Widodo,Clinical biochemist,Perum Aryani Habibi (Persero) Tbk,Kalimantan Barat
74cb4390,Karta Prabowo,Drilling engineer,PT Yulianti Firgantoro,Kalimantan Selatan
bcf014f7,"Usman Simbolon, S.Ked",Planning and development surveyor,CV Mahendra (Persero) Tbk,Bali
fa204813,Parman Kuswandari,"Psychologist, prison and probation services",PD Winarno,Kalimantan Timur
19b54de5,Raden Riyanti,Field seismologist,CV Dongoran Mandala,Nusa Tenggara Barat
3b5f0fed,T. Rafid Sihombing,"Runner, broadcasting/film/video",PT Wibowo Kusumo (Persero) Tbk,Nusa Tenggara Timur
14f025ef,Zizi Dabukke,Arts administrator,Perum Wacana Lazuardi Tbk,Sulawesi Tengah
f012dbce,Yani Wijayanti,Applications developer,PT Utami,Sulawesi Tengah
dbefdfb5,"Drs. Bahuwirya Suryatmi, S.Gz",Museum/gallery conservator,PT Astuti (Persero) Tbk,Sulawesi Barat
055b1cbf,"Indah Padmasari, S.T.",Fast food restaurant manager,UD Rajata,Papua Barat
9ff5e626,"Yulia Farida, M.Pd",Armed forces technical officer,Perum Kuswandari (Persero) Tbk,Jawa Tengah
da36a340,KH. Ibrani Wacana,"Scientist, research (life sciences)",PT Hartati Sinaga,Kalimantan Timur
3646f058,Uli Puspasari,Ceramics designer,PT Prakasa Ramadan Tbk,Papua Barat
036fc4de,Cakrajiya Wasita,Politician's assistant,PD Ramadan Widiastuti (Persero) Tbk,Lampung
81f2e9c5,"Jarwi Pradipta, S.H.",Police officer,UD Hakim,Sulawesi Selatan
3d889a90,"dr. Maras Sihombing, M.Pd","Engineer, chemical",PT Budiman Mansur Tbk,Gorontalo
661d49eb,Nasab Sitorus,"Designer, furniture",Perum Hutapea Simbolon Tbk,Riau
883ba8f2,"Yahya Permadi, M.TI.","Surveyor, building control",PT Wastuti Saptono,Nusa Tenggara Timur
c9c2b059,Ella Tarihoran,Exercise physiologist,UD Wasita Prayoga,Lampung
29171fb4,"Puti Julia Saptono, M.Pd","Administrator, arts",UD Gunarto Natsir,Sumatera Selatan
541d22d5,Maimunah Permata,Social worker,CV Pradipta (Persero) Tbk,Kepulauan Riau
9ef3a00d,Nurul Kuswandari,Private music teacher,UD Wibisono Sudiati,Riau
bb62635e,Ozy Damanik,Customer service manager,CV Laksita Tbk,Jawa Barat
b2bd7eac,"Dr. Kartika Najmudin, S.I.Kom",Financial adviser,CV Tarihoran Rahayu,Kalimantan Barat
7fcf0bc8,Dina Mahendra,"Programmer, applications",PT Waskita (Persero) Tbk,Aceh
ac14d89a,Dr. Ira Firmansyah,"Scientist, biomedical",UD Halimah (Persero) Tbk,Kalimantan Tengah
dc35fd6d,dr. Kacung Dabukke,Accounting technician,UD Kurniawan Tbk,Kalimantan Timur
7824c285,R. Ayu Yolanda,Sports coach,PT Nuraini Hutapea,Sumatera Selatan
bada801c,Novi Santoso,Arts development officer,Perum Prasetya,Jawa Timur
ace8ecc4,Nadia Hutasoit,"Administrator, sports",CV Halim (Persero) Tbk,Papua Barat
69e41bc8,Diah Waskita,Charity officer,UD Purwanti,Banten
d1421642,Emil Zulkarnain,Drilling engineer,Perum Purwanti Tbk,Jambi
b2290851,Pia Tarihoran,General practice doctor,Perum Manullang,Kepulauan Riau
1bece20a,Dipa Jailani,"Development worker, international aid",CV Palastri (Persero) Tbk,Sumatera Utara
d11015ee,Ir. Endah Damanik,"Investment banker, corporate",Perum Kuswoyo Ramadan,Riau
d2ee40b2,"Sutan Hamzah Ardianto, S.I.Kom","Programmer, systems",Perum Yolanda,Sumatera Utara
5d3721d6,Jayadi Simanjuntak,Adult guidance worker,PD Putra Rajasa,Bali
6285afeb,R.M. Hasim Hassanah,Proofreader,PT Hassanah (Persero) Tbk,Sulawesi Tengah
99692095,"Cagak Prayoga, S.T.",Biomedical scientist,PD Rahayu Tbk,Kalimantan Timur
55cc6c33,Zulaikha Budiyanto,Ophthalmologist,CV Prayoga,Sumatera Selatan
9686a997,Galih Kusmawati,Land,PD Laksmiwati Mandasari Tbk,Lampung
92187060,Daruna Uwais,Private music teacher,UD Puspasari,Sumatera Barat
d27e90b8,"Leo Halim, S.Gz",Commercial/residential surveyor,Perum Prasetyo (Persero) Tbk,Bengkulu
94a8ece7,"Bella Pradana, S.E.","Radiographer, therapeutic",Perum Pratiwi (Persero) Tbk,Sulawesi Barat
13cabbae,Gasti Hidayanto,Race relations officer,PT Tamba,Maluku
7dde4d90,"Hj. Hasna Hardiansyah, M.Ak","Psychologist, counselling",PD Halim (Persero) Tbk,Jawa Barat
bb1903b1,"Padmi Rahayu, S.IP",Comptroller,PD Rahimah Tbk,Sulawesi Barat
f7d344dd,"H. Yosef Sitorus, M.TI.",Forest/woodland manager,PD Rajata Tbk,Riau
057e21a5,Nadine Nuraini,Psychiatric nurse,CV Susanti,Maluku
6a1383b4,Eko Riyanti,Colour technologist,Perum Anggraini Tbk,Kalimantan Barat
bad5e001,"Dina Nababan, S.Psi",Chiropodist,Perum Narpati Laksita,Jawa Tengah
b80ea1b6,T. Karsana Iswahyudi,"Engineer, petroleum",Perum Purwanti Santoso,DKI Jakarta
1ad7995c,Virman Situmorang,Environmental consultant,UD Pradipta Hutagalung,Sumatera Selatan
f06b929b,Wani Sirait,Professor Emeritus,CV Farida Prakasa,Aceh
fc6813f2,"Gaiman Laksmiwati, M.Farm","Development worker, community",UD Manullang,Kalimantan Selatan
bb968c3c,drg. Zizi Uyainah,Dispensing optician,PT Mardhiyah,Nusa Tenggara Timur
2f56ad4a,Yulia Marpaung,Ceramics designer,UD Mulyani Nurdiyanti Tbk,Sulawesi Tengah
b0a43772,Eli Hakim,IT technical support officer,CV Marpaung (Persero) Tbk,Maluku
f122eb69,Rudi Handayani,"Administrator, Civil Service",Perum Melani,Riau
639cb92e,"Danang Usamah, S.Farm",Legal secretary,UD Rahayu Gunawan,Bali
e8efae68,Ira Kuswandari,"Librarian, public",CV Utami Pratiwi,Sumatera Selatan
5adad14e,"Sutan Gambira Nainggolan, S.E.","Scientist, research (life sciences)",Perum Usada,Sulawesi Tengah
788b788b,Tania Sihotang,Best boy,CV Januar Simbolon,Riau
c0d3f63f,Fitriani Melani,"Programmer, multimedia",PT Rahimah,Sulawesi Utara
e106f1b4,Dr. Labuh Zulaika,Artist,Perum Kusumo Padmasari Tbk,Kalimantan Barat
73d7d57b,Hasna Tamba,"Sales professional, IT",Perum Kuswandari Tbk,Papua
caf03219,"Dr. Tantri Tarihoran, S.IP",Hotel manager,Perum Puspasari Saptono,Maluku
2efa1938,Prima Tamba,Human resources officer,CV Prasetya (Persero) Tbk,Banten
509f188c,Patricia Yulianti,Photographer,Perum Setiawan Tbk,Papua Barat
0dfd1d15,Daniswara Hutagalung,Community pharmacist,CV Adriansyah Kuswandari Tbk,Bengkulu
1a13b98f,Tira Nasyidah,Patent attorney,UD Sihombing Tbk,Kalimantan Tengah
718075c1,Bakianto Firmansyah,IT consultant,Perum Pudjiastuti Kuswandari,Kalimantan Barat
2341cc08,"Tgk. Lalita Suartini, S.Gz",Solicitor,PT Januar,DKI Jakarta
75be3614,drg. Puspa Saputra,Estate agent,PD Rajasa,Sulawesi Selatan
47ece545,Raisa Simbolon,Engineering geologist,PT Zulkarnain Narpati (Persero) Tbk,Sulawesi Selatan
db89566e,Aisyah Suryatmi,Tour manager,CV Hidayat Wijayanti,Sulawesi Tengah
8fa36922,Himawan Palastri,Medical illustrator,UD Marbun Hardiansyah (Persero) Tbk,Sumatera Barat
4ef1d698,"Hj. Mutia Purwanti, S.Pd",Art therapist,PT Rahayu Tbk,Maluku
5e4e0b5d,Kanda Permadi,Audiological scientist,Perum Padmasari Permadi (Persero) Tbk,Bali
9d47b7ce,Lukman Yolanda,Sports development officer,PD Hutagalung Prakasa,Sulawesi Barat
3f8d0cc8,Gaduh Novitasari,Toxicologist,PT Puspita Lazuardi,Papua
e03c371e,Amalia Rahmawati,"Geologist, wellsite",Perum Siregar Utama Tbk,Maluku Utara
55893963,Gaman Palastri,"Programme researcher, broadcasting/film/video",PT Iswahyudi Tbk,Sulawesi Utara
eb07f83c,"Drs. Umi Anggraini, S.Farm","Psychologist, prison and probation services",UD Marpaung (Persero) Tbk,Kalimantan Tengah
2b97c654,Jumari Winarsih,"Engineer, electrical",PD Melani,Sulawesi Tenggara
c0b61f6e,Tantri Mardhiyah,"Civil engineer, contracting",CV Thamrin Tbk,Sumatera Selatan
87ff15cc,Ghaliyati Mustofa,"Engineer, automotive",PD Wasita,Banten
86e55f37,Ir. Lurhur Kuswoyo,Air cabin crew,UD Gunarto,Sumatera Barat
75c2ac1d,Devi Kusumo,Actor,CV Nugroho Mandala,Kalimantan Timur
efa6dcd2,"Jumari Mahendra, M.Ak",Adult guidance worker,CV Mansur Rahimah (Persero) Tbk,Aceh
9896d2c9,"dr. Cengkir Saefullah, S.T.",Metallurgist,Perum Purnawati Yolanda (Persero) Tbk,DKI Jakarta
b5dbebdb,"Cut Paramita Samosir, S.Kom",Firefighter,PT Habibi Dabukke (Persero) Tbk,DKI Jakarta
5f33bf4e,Yuliana Mahendra,Industrial/product designer,PT Suartini Wastuti (Persero) Tbk,Sulawesi Barat
add95d3b,Aditya Rahmawati,Research scientist (maths),Perum Hastuti Lailasari,Lampung
24c0803d,Zizi Tarihoran,Fashion designer,Perum Hassanah Tbk,Kalimantan Timur
f31f7ddb,"R.A. Zizi Handayani, M.Pd",Civil Service fast streamer,PT Wibisono Halimah,Aceh
2bb7df82,Ir. Oman Safitri,Medical laboratory scientific officer,UD Simbolon Uwais,Riau
897d5e56,Ghaliyati Winarno,Toxicologist,CV Wibowo,Kalimantan Tengah
67652b63,Umar Wibowo,Acupuncturist,UD Uwais,Kepulauan Bangka Belitung
c2fa32a9,"R.M. Bajragin Dabukke, S.Farm",Haematologist,UD Widiastuti Pranowo Tbk,Riau
172fb87a,Jabal Haryanto,Meteorologist,UD Haryanti Megantara,Papua
003e07fa,Hamima Rahayu,"Optician, dispensing",CV Hassanah,Jawa Barat
daa9023f,Gading Wasita,Control and instrumentation engineer,CV Mayasari,Sulawesi Selatan
936bf8e5,"Mala Setiawan, S.IP",Graphic designer,PD Yolanda,Papua
364635ee,"Ir. Tugiman Santoso, S.E.",Chief Technology Officer,PT Najmudin (Persero) Tbk,Kepulauan Bangka Belitung
ca93e639,"Ir. Cornelia Yulianti, M.Kom.",Osteopath,UD Zulkarnain,DI Yogyakarta
548db7f3,Iriana Halimah,Environmental health practitioner,CV Mandala Yolanda Tbk,Jawa Tengah
a6b080a0,Julia Rajasa,"Lecturer, higher education",PD Oktaviani Aryani (Persero) Tbk,Kepulauan Riau
e77cbe89,"Jane Laksmiwati, S.Pd",Farm manager,PD Fujiati Dongoran,Kalimantan Timur
aba3e45c,Drs. Putri Hidayat,"Loss adjuster, chartered",UD Haryanti Situmorang Tbk,Bengkulu
78e4d69f,"R. Cindy Fujiati, S.Pd",Meteorologist,Perum Hartati Pangestu,Gorontalo
60ccec33,"Ihsan Thamrin, S.I.Kom",Immigration officer,UD Sirait Prasetyo Tbk,Riau
cf47cd64,"Shania Iswahyudi, S.T.",Primary school teacher,PT Mustofa,Jawa Barat
71c7825e,Cinthia Hasanah,Insurance claims handler,PT Ardianto Lestari,DI Yogyakarta
c4196ee2,"Dadi Firgantoro, M.Pd",Translator,PT Suryatmi,Sulawesi Barat
ecf5b0fb,"Eka Anggraini, S.Gz",Hotel manager,PT Mangunsong Handayani Tbk,Nusa Tenggara Barat
bb30cac7,Cahyadi Nashiruddin,Waste management officer,Perum Megantara Simanjuntak (Persero) Tbk,Jambi
0808055f,"Maida Rajata, M.Kom.","Pharmacist, hospital",PD Mardhiyah Rahimah,DKI Jakarta
8dabf6f5,"Arsipatra Putra, S.Gz",Environmental manager,PD Jailani Wulandari (Persero) Tbk,Sulawesi Selatan
b14708a2,"Ir. Jais Kuswoyo, S.Pd",Print production planner,UD Irawan Kusmawati,Riau
28195527,Ir. Puput Nasyiah,"Conservator, furniture",CV Wulandari Nurdiyanti (Persero) Tbk,Riau
65c3e9c9,Maman Safitri,"Research officer, trade union",Perum Maryadi Nurdiyanti Tbk,Aceh
de1b6ff0,Dewi Kuswoyo,Animal nutritionist,PT Haryanti,Kepulauan Riau
860cbfea,Ulya Maryadi,Contracting civil engineer,PT Kusumo Tbk,Bali
2a1b916a,"R.M. Warji Winarno, S.Kom","Presenter, broadcasting",PT Wulandari Napitupulu,Bengkulu
bab77343,"Cemplunk Ramadan, M.M.",Dispensing optician,UD Hasanah Tbk,Bengkulu
26d1bfc7,Emong Utama,Barrister's clerk,UD Sinaga Salahudin Tbk,Sulawesi Tenggara
a02a445f,Asmuni Natsir,Accommodation manager,Perum Ramadan (Persero) Tbk,Sumatera Barat
7f88caf6,"Drs. Sarah Wastuti, M.Ak",Teaching laboratory technician,Perum Mandasari Hutasoit Tbk,Kalimantan Timur
4e9b4599,Eva Suryono,Customer service manager,UD Damanik Tbk,Sulawesi Selatan
d624f7ba,"Dr. Praba Maheswara, S.T.","Merchandiser, retail",UD Maheswara Sihombing (Persero) Tbk,Kepulauan Bangka Belitung
cebb3046,"Carla Wijaya, M.Ak",Cabin crew,Perum Palastri Sirait Tbk,Kalimantan Timur
860b66c6,Darman Mansur,Secretary/administrator,UD Yuliarti Hartati,DI Yogyakarta
c96ad0a9,"Darimin Aryani, M.Ak",Health service manager,CV Latupono (Persero) Tbk,Sulawesi Selatan
5caf0f86,Umay Winarno,Cabin crew,PT Habibi,Maluku Utara
dc879f6f,Shania Hutasoit,Primary school teacher,PD Hastuti,Nusa Tenggara Timur
5a8d7a8d,Aisyah Saefullah,"Engineer, mining",UD Latupono Tbk,Jawa Tengah
1123edc8,Vicky Wasita,Hydrographic surveyor,PD Saptono (Persero) Tbk,Gorontalo
e83174b6,Hafshah Siregar,Air cabin crew,PT Puspita Usada (Persero) Tbk,Kalimantan Timur
54837da5,T. Lukita Thamrin,Dentist,PD Najmudin (Persero) Tbk,Kalimantan Selatan
90da0f33,"Tgk. Ika Marpaung, S.IP","Engineer, materials",PT Kuswandari (Persero) Tbk,Kalimantan Tengah
b9a240f0,Kartika Januar,Tax inspector,PT Susanti,Aceh
ecd8b861,Drajat Firgantoro,"Doctor, general practice",PD Pratama Mangunsong (Persero) Tbk,Kalimantan Utara
b4420e2f,R. Nyana Ramadan,"Journalist, broadcasting",PD Pertiwi,Kalimantan Barat
c78fe5c3,Pardi Tamba,Osteopath,PD Najmudin,Jawa Barat
5bfc5567,Intan Kusmawati,Film/video editor,PD Pratiwi Puspita,Riau
5588db3d,"drg. Samsul Ardianto, M.Ak","Education officer, museum",CV Permata,DKI Jakarta
734c0a0e,drg. Rachel Pranowo,Air broker,UD Mayasari Tarihoran (Persero) Tbk,Bengkulu
593853c8,Dr. Galang Lazuardi,"Journalist, magazine",PT Iswahyudi (Persero) Tbk,Sulawesi Tengah
d58f621f,Garda Maulana,Social researcher,PD Hastuti Oktaviani Tbk,Kalimantan Tengah
ac0b7c51,R. Purwa Puspasari,Call centre manager,PT Jailani Palastri (Persero) Tbk,Bali
a966bfc8,"H. Harsaya Susanti, S.H.",Media planner,CV Farida,Kalimantan Timur
b873a168,Raihan Mulyani,Fisheries officer,PD Lailasari,Kalimantan Timur
e1793df6,Wulan Mandala,Geographical information systems officer,Perum Haryanti Nasyiah,Sumatera Utara
9ac21a37,"drg. Anastasia Hariyah, S.IP",Armed forces logistics/support/administrative officer,UD Uyainah,Maluku
2aef3413,Aurora Handayani,Television floor manager,PT Kurniawan,Sulawesi Barat
8e6e39b1,Calista Prayoga,Soil scientist,CV Wijaya Tbk,Sumatera Utara
3b5a7f7e,Tantri Yuliarti,IT sales professional,CV Gunawan Lazuardi,Jambi
25822bce,Wahyu Tamba,Airline pilot,PT Budiyanto,DI Yogyakarta
ea2e8345,Genta Mandala,"Designer, multimedia",UD Novitasari Purwanti,Sulawesi Barat
2bdd7653,Cemplunk Winarsih,"Designer, blown glass/stained glass",Perum Rahayu,Lampung
8cf82f18,"dr. Prasetyo Lailasari, S.T.",Food technologist,UD Dabukke Anggriawan,Papua Barat
f69dd430,Jaya Megantara,Video editor,PT Tampubolon Wijayanti,Gorontalo
5c78544f,Bakiadi Haryanto,"Programmer, applications",CV Nurdiyanti (Persero) Tbk,Jawa Timur
3d80af93,Nurul Adriansyah,"Scientist, audiological",Perum Sudiati Tbk,Jawa Barat
077adeea,"Drs. Betania Adriansyah, S.H.",IT consultant,PD Mustofa Sihotang,Sumatera Selatan
409d2bc5,Melinda Halimah,Bookseller,PT Hartati Dongoran (Persero) Tbk,Aceh
58a88110,Raden Suwarno,Aeronautical engineer,PT Kuswandari Winarsih,Papua
785be074,Drs. Lintang Budiyanto,Warden/ranger,Perum Yulianti (Persero) Tbk,Sulawesi Utara
95a31645,Kiandra Lestari,Gaffer,Perum Kuswoyo,Sumatera Utara
f50a4f79,Laila Gunarto,Forensic scientist,Perum Wacana Pertiwi,Kalimantan Utara
5b20df2c,"Cindy Safitri, M.M.",Veterinary surgeon,PT Laksmiwati,Papua Barat
9ea7eead,Cut Oni Hartati,Clinical cytogeneticist,UD Agustina (Persero) Tbk,Kepulauan Riau
b4441be0,Raden Dongoran,"Surveyor, minerals",Perum Najmudin (Persero) Tbk,Sulawesi Tenggara
e4d95d31,Kayla Permata,Paediatric nurse,PD Budiyanto Pratiwi,Sumatera Barat
9a293454,Darimin Melani,Web designer,UD Rajata Prabowo (Persero) Tbk,Sulawesi Tenggara
7459d1e8,"Najwa Sinaga, M.Ak",Operations geologist,PT Rahmawati Rahimah,Kalimantan Barat
69b734ff,Diah Rajata,Rural practice surveyor,CV Mansur Tbk,Jawa Tengah
b5e65d4b,H. Lulut Kuswandari,Risk analyst,CV Suartini,Maluku Utara
95cc749f,Narji Mahendra,Arts administrator,PT Widodo,Sumatera Barat
63e0b790,Karsana Damanik,"Radiographer, therapeutic",CV Irawan,Jambi
01206498,"Padmi Napitupulu, M.Ak",Illustrator,CV Utama Prabowo (Persero) Tbk,Kalimantan Barat
6209a295,"drg. Zaenab Tarihoran, S.Pd",Data scientist,CV Hartati Santoso (Persero) Tbk,Kalimantan Utara
0d73a02e,Galiono Mustofa,Film/video editor,CV Kusmawati Suwarno Tbk,DI Yogyakarta
a6e9bbf0,Saka Wahyudin,Actor,Perum Suryatmi Maryati,Sulawesi Selatan
d995f281,Elvin Halim,Quantity surveyor,CV Latupono Wastuti,Sulawesi Selatan
67f22623,"Prayoga Aryani, M.M.","Teacher, music",PT Wulandari Prayoga,Sulawesi Tengah
9d14bba1,Laras Mansur,Transport planner,PD Handayani Marbun (Persero) Tbk,Kalimantan Tengah
991ff15e,"Genta Marbun, S.E.",Seismic interpreter,CV Maulana (Persero) Tbk,Jawa Barat
ae868f10,Tasnim Prayoga,Graphic designer,CV Handayani Nashiruddin,Nusa Tenggara Barat
c9f2cc36,"Melinda Nasyiah, S.E.I",Purchasing manager,UD Kuswoyo Wulandari,Papua
13d76c86,KH. Karma Sihotang,Retail merchandiser,PD Wahyudin Irawan Tbk,Bali
3d27aedd,Chelsea Usamah,Metallurgist,PT Wijaya,Papua
4654a01f,"Marsito Kusmawati, S.Pd",Medical laboratory scientific officer,CV Thamrin Wahyuni,Kepulauan Riau
7358aefc,"Keisha Uyainah, M.TI.",Sports administrator,CV Usada,Sulawesi Tenggara
f2cf4646,Jono Saefullah,"Exhibitions officer, museum/gallery",PD Saefullah Tbk,Kalimantan Barat
01332658,Dian Purnawati,Chief Technology Officer,Perum Prakasa,Sumatera Selatan
4f8dff21,Raditya Prastuti,"Nurse, learning disability",UD Wasita,Banten
0dab883d,"Ophelia Widiastuti, M.M.",Plant breeder/geneticist,PD Suryono Sudiati,Aceh
5f333689,"H. Luhung Handayani, S.IP",Barista,UD Wijaya Puspita,Jawa Timur
77f7f9f7,"R. Vanesa Gunawan, S.E.",Theatre manager,PD Setiawan Yolanda,Sulawesi Tenggara
bed7d647,Pia Permadi,Police officer,CV Tampubolon (Persero) Tbk,Lampung
59ab6b04,"Bakda Pertiwi, S.I.Kom","Buyer, industrial",PT Hidayat,Kalimantan Tengah
4ba19ed6,"dr. Tina Maryadi, S.Kom","Librarian, academic",CV Yuliarti Permata Tbk,Lampung
a305ec9b,R. Cemani Pertiwi,Diagnostic radiographer,UD Widodo Winarno (Persero) Tbk,Jawa Tengah
f08be571,"Zulfa Napitupulu, M.M.",Management consultant,CV Oktaviani Zulaika Tbk,DI Yogyakarta
bee556b1,Elvina Utama,"Sound technician, broadcasting/film/video",CV Wibowo,Sumatera Utara
41fe4f18,"R.A. Maria Suwarno, S.E.","Engineer, communications",Perum Nababan,Sulawesi Tengah
3cb146e2,Ridwan Wahyudin,Insurance claims handler,UD Uyainah (Persero) Tbk,Kalimantan Utara
708c15e3,"Hj. Farhunnisa Melani, M.Kom.",Arboriculturist,PD Dongoran Maulana Tbk,Kepulauan Riau
803e95aa,Najwa Namaga,Television floor manager,UD Santoso Anggriawan Tbk,Sulawesi Utara
af684191,Galak Marpaung,Print production planner,CV Yulianti (Persero) Tbk,Jawa Timur
fc06fb07,Okta Palastri,Materials engineer,PT Widodo,Sulawesi Tenggara
2c8134a7,Jelita Hartati,Site engineer,UD Sitompul Tbk,Nusa Tenggara Barat
a05b0184,"R. Jamil Halim, S.Gz",Corporate investment banker,Perum Nasyiah (Persero) Tbk,Papua
6660d348,Zaenab Ardianto,Osteopath,PT Iswahyudi (Persero) Tbk,Aceh
5aa411f3,Melinda Gunarto,Housing manager/officer,UD Latupono Purnawati (Persero) Tbk,Sulawesi Tenggara
795b103e,"Drs. Clara Astuti, S.Psi",Immunologist,UD Santoso Tampubolon Tbk,Sumatera Barat
0f3788b6,Amelia Wahyudin,Public relations account executive,PT Maryadi Nashiruddin,Maluku Utara
b929ab8d,Unjani Maryati,Clothing/textile technologist,UD Wijaya Rahayu Tbk,Kalimantan Selatan
c725944c,"H. Jabal Kurniawan, S.H.",Public relations account executive,CV Saragih Mustofa,Kalimantan Barat
e7540c9e,"Nalar Winarno, S.Kom",Arboriculturist,Perum Puspita Tbk,Sulawesi Barat
bc18a7cb,Kawaya Budiman,Diplomatic Services operational officer,Perum Wastuti Tbk,Bengkulu
05f69ca6,Safina Susanti,Occupational therapist,PD Jailani Tbk,DI Yogyakarta
95f7d5c2,Tgk. Prasetya Saragih,Garment/textile technologist,PD Permata Mandala,Riau
e6a663e6,Adhiarja Anggraini,Senior tax professional/tax inspector,Perum Yuliarti Purwanti (Persero) Tbk,Riau
6f3bcacf,Sabrina Prastuti,Oncologist,CV Pertiwi (Persero) Tbk,Sulawesi Tenggara
d55e2d44,Dalimin Mahendra,"Accountant, chartered management",UD Yolanda Halim,Gorontalo
1236d7f1,Balapati Mulyani,Homeopath,UD Jailani,Kepulauan Bangka Belitung
b1a521ba,Lulut Puspasari,Meteorologist,PT Rahmawati Najmudin Tbk,Bengkulu
f34fa4b1,"Unjani Pertiwi, S.E.I",Gaffer,PT Maheswara Tbk,Nusa Tenggara Barat
dc6440d6,Dr. Raditya Prakasa,"Scientist, audiological",UD Najmudin Tbk,Sulawesi Tengah
7b33ff0c,Kani Mansur,Optometrist,PD Palastri,Nusa Tenggara Barat
05cb666d,Bakda Haryanto,Science writer,Perum Pertiwi,Sumatera Utara
b6ba3908,"Tgk. Siska Simanjuntak, M.M.",Commercial horticulturist,CV Purwanti,Kepulauan Bangka Belitung
8af9daff,Dacin Farida,"Therapist, music",UD Prakasa Hassanah,Bengkulu
edc5fe67,"Cut Rahmi Simanjuntak, S.Kom",Mudlogger,PD Sinaga Latupono (Persero) Tbk,Gorontalo
6a68ec5f,Rafid Natsir,Occupational hygienist,UD Handayani (Persero) Tbk,DI Yogyakarta
67d5267b,Zelaya Astuti,Industrial buyer,CV Firgantoro (Persero) Tbk,Kalimantan Utara
0fcd04e3,"R. Jaka Rahayu, M.Pd","Administrator, arts",PT Hardiansyah Tbk,Sulawesi Selatan
2141f636,"Patricia Putra, S.IP",Chartered certified accountant,CV Maryadi Tbk,Gorontalo
50500e82,R. Anastasia Hutagalung,Occupational hygienist,UD Prakasa Marpaung,Papua
814cc83a,Ghaliyati Jailani,Government social research officer,PT Napitupulu,Nusa Tenggara Timur
03179e3e,R. Saiful Sirait,Financial risk analyst,PD Uwais,Sulawesi Barat
49fa64fc,Muhammad Narpati,"Investment banker, operational",Perum Usamah,Jawa Tengah
4da72c84,Syahrini Pangestu,Advertising account planner,PT Pratama Yuliarti,Sulawesi Utara
c4303521,Zelda Novitasari,Psychiatrist,PD Jailani,Sumatera Utara
d5fbd924,"Indah Simbolon, M.M.",Comptroller,CV Winarno Hastuti,Kepulauan Bangka Belitung
e233d63d,Bahuwarna Dabukke,Tourist information centre manager,Perum Farida,Sulawesi Tengah
b4ed4e61,Hj. Fitriani Nababan,Physiotherapist,Perum Pertiwi Prayoga,Kalimantan Tengah
626ab4f9,Galuh Sihombing,Heritage manager,PD Aryani Mulyani,Maluku
43596f3f,Ciaobella Waluyo,"Designer, textile",PD Permadi,Jawa Tengah
3cff858e,"Nadine Mulyani, M.Farm",Recycling officer,PT Napitupulu Wijaya Tbk,Sumatera Selatan
5924b629,Harimurti Nababan,Social worker,UD Simanjuntak,Maluku Utara
e5bc2cab,Michelle Putra,Training and development officer,UD Suartini,Kepulauan Bangka Belitung
c3f4a8f5,Karsa Zulaika,"Scientist, clinical (histocompatibility and immunogenetics)",PT Wibisono Wahyudin (Persero) Tbk,Sumatera Utara
06a038b5,Latif Sirait,Publishing rights manager,UD Sirait Wibowo Tbk,Kalimantan Selatan
04d8038b,dr. Eli Aryani,"Therapist, occupational",CV Haryanto Mustofa Tbk,Kalimantan Selatan
52940acd,"Ir. Paris Nuraini, S.Psi",Geochemist,PT Mansur Tbk,Jawa Tengah
9596db27,Gilda Anggraini,Arts development officer,UD Yuniar,Riau
edf42f46,"Salimah Gunawan, S.IP",Dietitian,UD Agustina Sihombing Tbk,Maluku
9416d4c3,Zamira Purnawati,Industrial/product designer,PT Prasetyo Tbk,Maluku Utara
285a2013,"Tgk. Cici Melani, M.Ak",TEFL teacher,Perum Melani,Maluku Utara
7a3b710c,dr. Taufan Astuti,Geophysicist/field seismologist,CV Mahendra (Persero) Tbk,Kalimantan Barat
f71e3954,Lintang Prasasta,"Teacher, English as a foreign language",PT Suwarno Kurniawan,Sulawesi Selatan
c2ab0221,Uchita Lailasari,Clinical biochemist,UD Wahyuni Utami (Persero) Tbk,Maluku
8a081535,Hj. Clara Puspasari,Hydrographic surveyor,UD Novitasari,Sumatera Utara
523e423a,"dr. Nadia Hassanah, S.Kom","Psychologist, clinical",PD Winarno Usada,Sulawesi Tengah
78590b22,Safina Winarno,"Designer, television/film set",UD Oktaviani Yuniar (Persero) Tbk,Papua
523ac508,Chandra Mandasari,Operational investment banker,PT Halim (Persero) Tbk,Sulawesi Tengah
3cc03226,Tgk. Anita Siregar,Technical author,UD Pangestu Prasetya,Kepulauan Riau
5e22778f,"Siska Nasyidah, S.Ked","Designer, fashion/clothing",Perum Rajata (Persero) Tbk,Kepulauan Riau
a26ee7e9,Zahra Mandala,Counselling psychologist,CV Tamba Wahyudin (Persero) Tbk,Maluku
b20b3b39,Hilda Yuniar,Company secretary,CV Wasita Manullang,Riau
ecb0b175,"Warsa Wastuti, S.T.","Designer, textile",UD Kuswoyo Mansur Tbk,Maluku Utara
3c1ad5e2,"Puti Lintang Mandala, M.TI.",Firefighter,PD Anggriawan Tbk,Bali
91ac7319,"Ian Yuliarti, S.Pd",Estate agent,CV Laksmiwati Puspasari Tbk,Jawa Tengah
a2aefd3b,"Baktiono Kusmawati, S.Sos",Garment/textile technologist,PD Siregar Nasyiah,Sulawesi Tenggara
1cb77ff3,Azalea Lailasari,"Designer, graphic",PD Damanik,Jawa Barat
e9a7ef9c,"Gabriella Pranowo, M.M.","Engineer, mining",PT Latupono,Sulawesi Tenggara
32628e29,Halim Sudiati,Youth worker,Perum Wibowo,Kalimantan Barat
6dd32ea4,Ilsa Siregar,"Journalist, magazine",CV Wibowo,Sulawesi Tengah
8b56df92,Lala Wasita,"Engineer, energy",PD Saputra,Bengkulu
417c7cd6,Kayun Pradana,Associate Professor,PD Prasasta Safitri (Persero) Tbk,Kalimantan Utara
947f232d,Oskar Sihombing,Dietitian,UD Mandasari Tbk,Kepulauan Bangka Belitung
4339b7c2,T. Maras Ardianto,"Therapist, horticultural",UD Dabukke Tbk,Jawa Tengah
27925107,"Puti Elisa Mardhiyah, M.Farm","Sales professional, IT",PT Yuniar Mangunsong Tbk,Lampung
28712d67,"Hj. Ika Najmudin, S.Kom","Designer, interior/spatial",PT Hutasoit Suryatmi (Persero) Tbk,Nusa Tenggara Timur
64e79b8d,"Drs. Prabawa Pratiwi, M.Kom.",Careers information officer,Perum Ardianto,Sulawesi Tenggara
061f2f47,Bajragin Narpati,Office manager,UD Marpaung,Banten
fa3badc4,Daliman Sudiati,Chief of Staff,PT Budiyanto Wahyudin (Persero) Tbk,Kalimantan Utara
4d946843,Danu Ramadan,Financial controller,PD Marbun Simanjuntak,Sulawesi Tengah
dd6c360a,Irsad Saragih,Furniture designer,CV Melani Tbk,Jawa Timur
44124e7c,"Dt. Wahyu Waluyo, M.Pd",Health visitor,CV Maheswara Haryanto (Persero) Tbk,Nusa Tenggara Barat
7b18f6df,Drs. Pardi Hutasoit,Solicitor,Perum Rajasa Aryani (Persero) Tbk,Kalimantan Selatan
a3f534bd,Mutia Irawan,"Conservation officer, historic buildings",Perum Damanik Tampubolon Tbk,Kalimantan Tengah
e7e3dd28,Jatmiko Waskita,"Programmer, systems",PT Natsir,Riau
7d999d50,Zaenab Nashiruddin,Chief Technology Officer,PT Salahudin Tbk,Gorontalo
460c4311,"Dimaz Nuraini, S.I.Kom",Aid worker,CV Puspita Puspita,Bengkulu
47cd675b,Eka Manullang,"Therapist, drama",UD Prasetya Tbk,Kalimantan Timur
874a05e8,Sadina Pratiwi,Production manager,PT Prakasa Tbk,Riau
b174d307,Kartika Megantara,Veterinary surgeon,PD Jailani Mulyani Tbk,Sulawesi Tenggara
cb7c740f,"Luhung Lazuardi, M.Pd",Social researcher,UD Pudjiastuti (Persero) Tbk,Papua
c3dcf144,drg. Cahyono Laksita,Editorial assistant,PD Salahudin,Bengkulu
91975384,Jasmani Winarsih,Civil Service fast streamer,PD Pangestu Santoso,Maluku Utara
4db54763,Kenzie Dongoran,Television camera operator,Perum Nababan Ramadan,Jambi
e24e66df,Hani Agustina,Freight forwarder,PT Utama Mulyani (Persero) Tbk,Papua
fb42b1b7,Jaswadi Usamah,Planning and development surveyor,CV Lestari Budiman (Persero) Tbk,Sulawesi Barat
994b6685,Dalima Siregar,Tax inspector,CV Pradipta Rahayu,Lampung
c54d58fe,Yahya Damanik,Psychotherapist,CV Puspasari Tbk,Sulawesi Utara
f4e1318c,Chandra Natsir,Actuary,UD Setiawan,Jawa Tengah
81f7cf7d,"Titi Wahyuni, S.Farm",Farm manager,CV Safitri Laksita (Persero) Tbk,Sulawesi Tengah
398da97e,Amelia Mandala,Phytotherapist,CV Mulyani (Persero) Tbk,Kepulauan Bangka Belitung
7527eba9,Tina Budiman,Systems developer,CV Maulana Nurdiyanti,Sulawesi Barat
e0feae47,"Lintang Zulaika, M.Pd",Accounting technician,CV Prasetyo Tbk,Jawa Tengah
dcc430dc,Rosman Hartati,Paramedic,Perum Wasita Permata (Persero) Tbk,Sumatera Selatan
f6efc577,Shakila Winarno,"Education officer, environmental",UD Zulkarnain,Kalimantan Utara
4a4e435a,Jane Laksita,Geoscientist,Perum Pratama Narpati,Papua Barat
8f656780,R. Janet Widodo,Barista,PT Pertiwi Zulkarnain,Sulawesi Utara
9a063d37,Salimah Yolanda,Lobbyist,PT Prabowo Lailasari,Nusa Tenggara Timur
71b65deb,"Tgk. Karen Jailani, S.I.Kom",Nature conservation officer,Perum Anggraini Narpati,Kalimantan Utara
906bb0db,"Hana Marpaung, M.M.",Information officer,Perum Fujiati,Sulawesi Tengah
7ac6d917,"Tirta Najmudin, S.E.I",Health visitor,PD Mayasari,Jawa Barat
90ed0b44,Rina Wastuti,Electrical engineer,CV Budiyanto,Kalimantan Selatan
bd7e118f,Akarsana Megantara,Secretary/administrator,Perum Usada (Persero) Tbk,Aceh
dd95e1dc,Dt. Nasab Anggriawan,Office manager,UD Sihotang (Persero) Tbk,Papua Barat
82ac135b,Hartana Mansur,Sports development officer,PT Wibisono Suartini,Sulawesi Barat
330fe3d6,Dinda Mardhiyah,Regulatory affairs officer,CV Lestari Tbk,DI Yogyakarta
d02f8520,Gantar Prasasta,"Education officer, museum",Perum Riyanti Winarno (Persero) Tbk,Riau
3c96c24e,"Ir. Tasdik Melani, M.TI.",Clinical research associate,PD Yulianti Tbk,Jambi
539465d1,Dr. Kenes Kurniawan,"Therapist, music",CV Utami Suartini,Jawa Timur
1352db5b,R. Eli Habibi,Building control surveyor,PD Wahyudin Simbolon,Jambi
5edc0715,"R.M. Jumadi Prasetyo, S.Pt",Sports coach,CV Sihotang Pradipta Tbk,Kalimantan Selatan
cd66ace4,Kasusra Tampubolon,Further education lecturer,Perum Yulianti (Persero) Tbk,Maluku Utara
c05c231a,Rahmi Tarihoran,Network engineer,UD Palastri Irawan,Maluku Utara
b0c85a3c,Septi Suwarno,Building services engineer,CV Usada Tbk,Bali
257f4c28,Gamblang Nasyidah,Technical sales engineer,Perum Latupono Hakim,DKI Jakarta
15aac391,Raden Maryati,Radio broadcast assistant,CV Hutasoit Gunarto (Persero) Tbk,Kepulauan Riau
9b06ff9c,Icha Thamrin,Phytotherapist,PT Zulkarnain Tbk,Kepulauan Riau
6e7a3ea9,Ganjaran Laksmiwati,Forensic scientist,PT Nainggolan,Nusa Tenggara Barat
98d2daec,Luhung Sudiati,"Nurse, adult",PD Gunawan,Sulawesi Selatan
b2f58c15,"Elisa Safitri, M.Pd",Water engineer,Perum Nasyidah Hastuti,Lampung
a8eca755,Koko Irawan,"Research officer, political party",Perum Thamrin (Persero) Tbk,Lampung
48a9e77c,Mulyanto Yolanda,"Therapist, sports",PT Habibi Fujiati,Kalimantan Utara
f513876f,Eluh Pradana,Nature conservation officer,PT Hartati,Jambi
0a2c219a,Drs. Danang Padmasari,"Engineer, drilling",UD Padmasari Maryadi Tbk,Papua Barat
7ef9f506,Ir. Sadina Maryati,Building surveyor,PT Kusumo Firmansyah (Persero) Tbk,Sumatera Utara
20ab8fc8,dr. Heru Pradipta,Health and safety inspector,Perum Prakasa (Persero) Tbk,Jawa Tengah
72d688fb,"Sutan Cawisono Permadi, S.Kom","Copywriter, advertising",PT Suryono,DKI Jakarta
4708ef1a,"Karja Samosir, S.I.Kom",Museum/gallery conservator,UD Januar (Persero) Tbk,Sumatera Selatan
8525b3af,Hj. Ciaobella Hariyah,Chief Operating Officer,PT Marpaung,Papua Barat
9b1cc269,"Dr. Nasab Mangunsong, S.Gz",Clinical cytogeneticist,UD Anggriawan Hardiansyah,Kalimantan Barat
f06b37b9,Almira Samosir,Academic librarian,Perum Haryanto Ardianto Tbk,Sulawesi Utara
029a1fdd,"Vivi Rajata, S.Farm",Production engineer,PT Safitri Saputra,Sulawesi Selatan
8638575b,Cut Yuni Nuraini,Child psychotherapist,PT Kuswoyo,DKI Jakarta
3548a8bf,"Maimunah Latupono, S.Pd",Ship broker,UD Pratiwi Hartati (Persero) Tbk,Kalimantan Timur
ca53da80,Tgk. Ajiono Tamba,Emergency planning/management officer,PT Aryani,Jawa Tengah
ba8d17e5,"Jarwa Anggraini, S.Pt","Engineer, building services",PT Gunarto Pudjiastuti (Persero) Tbk,Papua
356a8afb,Hilda Manullang,Amenity horticulturist,PT Widiastuti Utama,Sulawesi Utara
1b10faa0,Wardi Saragih,"Exhibitions officer, museum/gallery",CV Safitri Tbk,Banten
7b747fa8,"Tgk. Ratna Jailani, S.Sos",Wellsite geologist,PT Pranowo Nasyidah,Bali
27fd65aa,Prabowo Manullang,Customer service manager,UD Mayasari,Jawa Barat
36391333,"Dt. Kenari Simbolon, S.I.Kom","Surveyor, planning and development",PD Sihombing,Riau
526ac43f,Tgk. Latif Prasetya,Press photographer,UD Anggraini Nashiruddin,Kalimantan Barat
526fbc36,Mustofa Damanik,Sports administrator,PD Sihotang Tbk,Bengkulu
4d07402a,Juli Wahyudin,Mining engineer,PD Haryanto Lestari,Aceh
8677d175,Zaenab Rajata,Secretary/administrator,Perum Maryati Haryanto Tbk,Kalimantan Barat
f3f72093,Marwata Budiyanto,Osteopath,Perum Suwarno Melani,Riau
529a14dc,Karman Hidayanto,"Journalist, magazine",Perum Laksmiwati Uyainah (Persero) Tbk,Sulawesi Barat
7ba7f3d1,Rachel Firmansyah,"Journalist, broadcasting",CV Gunarto Waluyo,Sulawesi Tengah
cb047c95,Nurul Purwanti,Brewing technologist,Perum Napitupulu,Sumatera Selatan
a6cb170c,Halima Gunarto,"Engineer, broadcasting (operations)",PT Pradipta Pradipta,Bali
bb02e223,Olivia Rahayu,Art therapist,PT Sinaga Suryono Tbk,Maluku Utara
1fbd3abc,Gaiman Pangestu,"Geneticist, molecular",CV Wahyuni Melani Tbk,Sumatera Barat
15ca1b32,"Puti Rika Manullang, S.Pd",Psychotherapist,UD Waskita,DI Yogyakarta
646b87fa,Tgk. Diah Susanti,"Conservation officer, historic buildings",CV Lestari Suwarno,Kepulauan Bangka Belitung
d6bdbb81,Raina Marpaung,Applications developer,PD Maheswara Wibowo Tbk,Bali
cf559e21,Ibrani Marbun,Occupational therapist,PT Marpaung (Persero) Tbk,Kalimantan Utara
b68788b5,Raina Nasyidah,Science writer,PD Budiman,Jambi
637f37c5,Olivia Prasasta,"Engineer, water",UD Lestari (Persero) Tbk,Sumatera Utara
fcadeb5c,Eman Wastuti,Gaffer,CV Saptono,Nusa Tenggara Timur
3ac2baa4,Daruna Yolanda,"Scientist, marine",PT Iswahyudi Mayasari Tbk,Sulawesi Utara
cdc028a2,Nilam Hassanah,Astronomer,Perum Tamba,Nusa Tenggara Timur
0a4cf7f0,Puti Vicky Simbolon,"Teacher, early years/pre",PD Permata Kurniawan,Riau
3e30492c,"Tgk. Tira Prastuti, S.Psi",Herpetologist,PD Utama,Sumatera Utara
36ff4cf7,"Nilam Rajasa, S.Psi",Sub,CV Hardiansyah Simanjuntak (Persero) Tbk,Maluku
8a88bf40,Leo Saefullah,"Horticulturist, amenity",Perum Napitupulu,Lampung
651bf407,"R. Aurora Ramadan, M.M.",Museum/gallery curator,PD Rahmawati,Lampung
9b8d0fc2,Endah Kuswoyo,Tree surgeon,Perum Mahendra Latupono Tbk,Nusa Tenggara Barat
fb51fdb9,Azalea Saputra,Patent attorney,PT Mangunsong Tbk,Bengkulu
b764e664,Artanto Haryanti,Training and development officer,UD Rajata Manullang Tbk,Papua
e62dbde4,Dalima Wibowo,Product designer,Perum Sihombing,Papua
4d5ea2ae,"R.A. Fathonah Thamrin, S.H.","Engineer, biomedical",CV Najmudin Permata,Banten
847beffc,Bala Anggriawan,Copy,UD Mansur (Persero) Tbk,DKI Jakarta
723d2c09,"Dr. Argono Gunawan, S.Farm",Armed forces operational officer,UD Wijaya Prakasa Tbk,DKI Jakarta
0d44c044,Nadia Zulaika,Herbalist,PD Agustina Wastuti Tbk,Papua Barat
975e87c5,"Dr. Dian Usada, S.Farm","Surveyor, building control",Perum Kuswandari,Sumatera Utara
66b47262,"Hafshah Narpati, M.Kom.","Clinical scientist, histocompatibility and immunogenetics",UD Sitompul Permadi Tbk,Sumatera Barat
0cf3eb31,"Padmi Haryanto, S.Gz",Call centre manager,PD Lazuardi Siregar,Sulawesi Barat
5150d74a,dr. Nugraha Putra,"Designer, textile",PD Damanik,Riau
ccfe26f8,Jindra Dabukke,Seismic interpreter,PD Wijayanti,Sumatera Selatan
bb92bd20,Luhung Budiyanto,Furniture conservator/restorer,CV Mangunsong Haryanto (Persero) Tbk,Kalimantan Barat
573e6702,Puti Zalindra Thamrin,Soil scientist,Perum Hidayat,Sumatera Selatan
740549f5,Ulya Hutagalung,Geophysical data processor,UD Nasyidah Setiawan,Sulawesi Tengah
8cbe523e,Cemeti Sudiati,Fast food restaurant manager,PT Waluyo Iswahyudi (Persero) Tbk,Sulawesi Barat
57bb71ab,Harjaya Pratiwi,"Teacher, English as a foreign language",CV Sitompul Halimah Tbk,Aceh
6f5021c7,Ciaobella Setiawan,Control and instrumentation engineer,PD Wacana Usada,Jawa Timur
fd2e429e,"Vivi Pudjiastuti, M.Pd",Water engineer,PT Firmansyah,Kalimantan Tengah
95bd77ec,Zizi Megantara,"Administrator, charities/voluntary organisations",PT Astuti (Persero) Tbk,Kepulauan Riau
97906f0a,Prasetya Damanik,Amenity horticulturist,PT Riyanti Yolanda Tbk,DKI Jakarta
e89ff2a3,"dr. Mila Hidayanto, S.T.",IT technical support officer,UD Lestari (Persero) Tbk,Sulawesi Tengah
1f56af7d,"Dr. Wani Situmorang, S.Gz",Theatre manager,PD Farida Hariyah,DKI Jakarta
73c45604,"Cut Elisa Hidayat, M.TI.","Teacher, special educational needs",CV Fujiati Novitasari,Lampung
2bd60866,Harja Maryati,"Conservation officer, historic buildings",Perum Wasita,Bali
7f28af1a,Luwar Latupono,Meteorologist,Perum Kusmawati Nugroho (Persero) Tbk,Jawa Barat
82bcadf2,"Drs. Bambang Wahyudin, M.Pd",Radiation protection practitioner,PD Uwais,Nusa Tenggara Timur
2af6c3a0,Shania Yuliarti,"Programmer, applications",PT Pradipta (Persero) Tbk,Gorontalo
a35d9625,"Mulyono Wahyudin, M.Ak","Engineer, technical sales",PT Saptono Purwanti (Persero) Tbk,Sumatera Barat
30b97a46,"Daru Purnawati, M.Ak",Materials engineer,Perum Narpati Kurniawan (Persero) Tbk,Jawa Tengah
a3f04a4d,"Gilda Fujiati, S.I.Kom",Clinical cytogeneticist,CV Usamah Tbk,Sumatera Utara
cd1a04e5,Argono Palastri,Counselling psychologist,CV Thamrin,Sulawesi Tengah
d3e11151,H. Maryanto Sihombing,Podiatrist,UD Namaga (Persero) Tbk,Sulawesi Tenggara
53fe3f91,"Uda Nasyiah, M.Kom.",International aid/development worker,UD Nuraini Iswahyudi Tbk,Sulawesi Utara
a4d97744,"R. Eka Oktaviani, S.Sos",Occupational therapist,Perum Pertiwi Tbk,Bengkulu
1961c335,"R. Kenes Novitasari, S.H.","Engineer, agricultural",PT Suryatmi Anggraini (Persero) Tbk,Maluku Utara
3747e5fd,Dt. Garan Anggriawan,Garment/textile technologist,Perum Pratiwi Sirait,Sumatera Utara
49176f88,Agus Santoso,Risk manager,UD Suryatmi (Persero) Tbk,Nusa Tenggara Timur
b94c576c,Kambali Januar,Trade mark attorney,PT Wijayanti (Persero) Tbk,Jawa Tengah
a1553c03,Yunita Simbolon,"Nurse, learning disability",PT Kurniawan (Persero) Tbk,Sumatera Utara
b498b846,Hj. Zelda Mandasari,"Loss adjuster, chartered",Perum Hidayat,Bengkulu
c17f9b2f,Padmi Hartati,Manufacturing engineer,PT Napitupulu Salahudin,Kalimantan Selatan
f4013178,Tania Manullang,Accommodation manager,PT Andriani Laksmiwati (Persero) Tbk,Aceh
fe4c102a,"Chandra Pudjiastuti, S.Psi",Herbalist,Perum Maulana Tbk,Riau
a42358e5,dr. Gilda Sihombing,Pharmacologist,CV Pudjiastuti Salahudin (Persero) Tbk,Jawa Tengah
b934d699,Kezia Uyainah,"Engineer, manufacturing",CV Situmorang Tbk,DI Yogyakarta
cef732d8,"Elma Pradana, M.Ak","Engineer, aeronautical",Perum Sinaga Prastuti,Papua
447f1c1a,Drs. Dagel Irawan,Community education officer,CV Megantara Suryatmi,Kepulauan Riau
878029cc,"Akarsana Laksmiwati, S.Ked","Optician, dispensing",PT Sitompul Hidayanto,Bali
39f5bbff,"dr. Perkasa Sihotang, S.Sos",Electrical engineer,Perum Susanti Wibowo,Sumatera Utara
2c6b6405,Jindra Aryani,Acupuncturist,PD Permata,Jawa Tengah
c13a8d1b,Clara Mulyani,Materials engineer,PD Samosir Tbk,Kalimantan Utara
b2c8ca0a,Makuta Rajata,Building surveyor,UD Sudiati Pradipta (Persero) Tbk,Sumatera Utara
043daeea,Narji Andriani,Manufacturing systems engineer,PT Prabowo Mahendra (Persero) Tbk,Sulawesi Utara
4f3ada03,"Hj. Pia Maryati, S.E.I",Lexicographer,CV Megantara Purwanti (Persero) Tbk,Jawa Barat
9cc77257,"Dr. Zelda Saefullah, M.Kom.",Adult nurse,Perum Napitupulu Halimah (Persero) Tbk,Kalimantan Utara
c409be09,"Cahyo Puspita, M.M.",Sales promotion account executive,Perum Firgantoro Nasyidah,Banten
8b6821a7,Dagel Firgantoro,Publishing rights manager,Perum Palastri,Sulawesi Tenggara
35040eec,R. Indra Fujiati,"Scientist, product/process development",Perum Pradipta Safitri (Persero) Tbk,Kalimantan Timur
889a2b3a,Dr. Radika Permata,"Conservator, museum/gallery",UD Prayoga Tbk,Sulawesi Tengah
1c28b248,Gasti Hassanah,Press photographer,PT Purwanti Tbk,Kalimantan Tengah
02a62641,Ella Kurniawan,Charity fundraiser,UD Yulianti (Persero) Tbk,Kalimantan Selatan
0e9eacee,"Bagya Mangunsong, S.T.","Restaurant manager, fast food",UD Lestari Marbun,Bengkulu
5dd549f0,Nasrullah Manullang,"Clinical scientist, histocompatibility and immunogenetics",UD Ramadan Lazuardi (Persero) Tbk,Sulawesi Selatan
1d611a2b,"Dr. Raisa Wijaya, M.TI.",Advertising account planner,UD Handayani Sitorus (Persero) Tbk,Sumatera Utara
af0cc424,Lantar Waskita,Paediatric nurse,Perum Prastuti Siregar (Persero) Tbk,Jambi
1fa52f9f,Dr. Omar Tamba,Academic librarian,Perum Jailani Suryatmi,Kepulauan Bangka Belitung
09b6a591,"Tgk. Bella Damanik, M.Farm",Insurance claims handler,PD Nashiruddin (Persero) Tbk,Kalimantan Barat
20c4d707,Mutia Zulaika,Automotive engineer,Perum Maulana Adriansyah,Kepulauan Riau
1ea08afa,Asirwada Nurdiyanti,Tax inspector,Perum Haryanto,Lampung
39299eb0,Dadap Dabukke,Electrical engineer,PD Lailasari Tarihoran (Persero) Tbk,Kalimantan Tengah
c74dad14,Genta Aryani,Purchasing manager,PT Nainggolan Mardhiyah,Nusa Tenggara Timur
ddeeef6f,"Tantri Usada, S.Ked",Multimedia programmer,PD Yulianti Hasanah,Kalimantan Tengah
642daeb9,"Malika Wahyudin, S.Ked",Food technologist,CV Latupono Maulana,Banten
5bc448f3,"Raisa Wibisono, M.Farm",Neurosurgeon,CV Suartini,Bali
2cf7b98f,Calista Utama,"Education officer, community",PD Thamrin,Jambi
18efb6fc,Marwata Irawan,Television production assistant,PD Mardhiyah Laksita Tbk,Kalimantan Utara
43da5637,"Tgk. Laras Aryani, M.M.",Analytical chemist,Perum Usamah Aryani,Papua
a66f6bac,Gandi Wahyuni,TEFL teacher,PT Utama Irawan Tbk,Kalimantan Timur
6bc7147b,Eli Hutagalung,Environmental health practitioner,PD Manullang (Persero) Tbk,Kalimantan Barat
0fc886d4,H. Kurnia Palastri,"Psychotherapist, child",Perum Anggraini Najmudin Tbk,Sulawesi Selatan
18869973,Lintang Mandala,Secondary school teacher,UD Irawan,Sulawesi Barat
3ae5b307,Gangsa Safitri,Freight forwarder,PT Utami,Nusa Tenggara Barat
d0bdd3f8,Puti Habibi,Media planner,UD Pertiwi,Jambi
218dac50,Siska Narpati,Health service manager,PT Saptono Saputra (Persero) Tbk,Nusa Tenggara Timur
3aba5960,Wadi Putra,Materials engineer,PD Uyainah Uwais (Persero) Tbk,Sulawesi Utara
aaeaa28c,"Kanda Prasetyo, S.Gz","Investment banker, corporate",PT Pradipta Tbk,Papua Barat
2a4d82e2,Salsabila Kusumo,Podiatrist,CV Siregar Padmasari,Bengkulu
3f2958b0,Rika Hutasoit,Building control surveyor,UD Novitasari (Persero) Tbk,Jawa Barat
41a18889,"Prakosa Kuswoyo, S.Gz","Librarian, academic",PT Manullang (Persero) Tbk,Bengkulu
3fa1d337,Violet Nuraini,Pensions consultant,Perum Iswahyudi Astuti,Papua Barat
7340b2e7,Kasim Utami,Clinical cytogeneticist,PD Wasita Hastuti,Papua Barat
c3b04e56,Yusuf Mahendra,Gaffer,UD Nainggolan,Sumatera Utara
9f103415,"Salman Purwanti, S.Sos","Doctor, hospital",CV Haryanto,Kepulauan Bangka Belitung
eaca7cf1,Prakosa Iswahyudi,"Conservation officer, historic buildings",PT Oktaviani Tbk,Sumatera Selatan
749d67a3,Tgk. Warta Suryono,Broadcast journalist,PD Suwarno Tbk,Kepulauan Riau
4e9c5cc7,Indah Utama,Electronics engineer,PT Mardhiyah Rajasa,Aceh
255c3d08,Cakrawala Utama,"Therapist, nutritional",CV Suryatmi (Persero) Tbk,Jawa Barat
c95ce30d,"R. Pia Nashiruddin, S.H.",Training and development officer,PD Hakim Lestari (Persero) Tbk,Sulawesi Utara
29000f07,"Ulva Marbun, S.Ked",Scientific laboratory technician,UD Rajasa,Kalimantan Selatan
292fcf8f,Slamet Prabowo,Economist,CV Mardhiyah Purwanti Tbk,Bengkulu
2533606e,Eli Simanjuntak,"Engineer, electrical",CV Salahudin,Sulawesi Tengah
83bcb72c,Karimah Latupono,"Conservator, furniture",PD Sitorus Yolanda,Kepulauan Bangka Belitung
af1a39fa,Drs. Oliva Oktaviani,Associate Professor,PT Pertiwi Damanik,Kepulauan Bangka Belitung
28a9a7b3,"Kasusra Maryati, M.Pd","Sound technician, broadcasting/film/video",UD Pranowo,DKI Jakarta
f668f890,"Ir. Muni Kuswoyo, M.Ak",Armed forces logistics/support/administrative officer,CV Ramadan Sitompul (Persero) Tbk,Maluku
c076505b,T. Bakiono Prasetya,"Scientist, research (maths)",UD Pratiwi Winarsih,Kalimantan Timur
7c3f04d0,"Salwa Wahyudin, M.Kom.",Data processing manager,Perum Halimah Wijayanti (Persero) Tbk,Kalimantan Barat
e4892731,"Tgk. Tasnim Laksmiwati, S.Ked",Phytotherapist,PT Narpati Waskita (Persero) Tbk,Lampung
05805e2e,Zelda Astuti,"Surveyor, minerals",PD Sinaga,Maluku Utara
e5541317,Kamila Oktaviani,Tourist information centre manager,UD Dongoran Suwarno,Bengkulu
54fcd6e8,Rika Narpati,"Programmer, systems",PD Budiyanto (Persero) Tbk,Maluku Utara
d58c9f32,"Humaira Wasita, M.Ak",Building services engineer,Perum Halimah,Maluku Utara
3038c650,Rudi Lazuardi,Insurance account manager,Perum Wastuti Hidayat,Jawa Tengah
5ee7cc7d,Karya Padmasari,Careers information officer,PD Maryadi Sudiati,Aceh
264f269b,"Luis Samosir, S.Sos","Surveyor, building",UD Sihotang Winarsih (Persero) Tbk,Kalimantan Utara
9b8979fb,Ir. Martana Saputra,Ranger/warden,PD Padmasari,Sumatera Barat
0ac9a2e6,Kiandra Hidayat,Pensions consultant,PT Kusumo,Gorontalo
e2ccde90,Karimah Santoso,"Engineer, petroleum",PD Wacana,Bengkulu
f3802eca,Alika Wasita,"Surveyor, mining",CV Uwais Marbun,Jawa Barat
5742c7b7,Devi Nugroho,Private music teacher,Perum Prabowo,Kalimantan Timur
040e2ef4,Jessica Saragih,Community education officer,UD Oktaviani Wibisono,Aceh
1d3a1e47,Karja Suwarno,Field trials officer,PT Pradana Hutagalung (Persero) Tbk,Kepulauan Bangka Belitung
0eb9f7b9,Anggabaya Samosir,Office manager,CV Padmasari Hidayanto,Kepulauan Riau
83bfd83d,"R.M. Setya Kusmawati, M.M.","Administrator, charities/voluntary organisations",PT Wacana Prabowo,Kalimantan Barat
d2f6a5e6,Jasmani Kusumo,Ophthalmologist,PD Firmansyah Tbk,Gorontalo
5d7eea12,Aurora Aryani,Psychiatrist,Perum Anggraini Mahendra Tbk,DKI Jakarta
8b5616a2,Dimas Wibowo,Contracting civil engineer,UD Mustofa Saefullah,Kalimantan Timur
9f9d96ff,Jane Puspita,Medical illustrator,PT Padmasari (Persero) Tbk,Sumatera Utara
0bc6437f,Kani Jailani,Hydrographic surveyor,PT Hutapea,Kalimantan Tengah
cffde84b,Suci Nababan,Air broker,PT Samosir,Papua
8ee837db,"Lala Laksmiwati, M.Farm",Magazine features editor,Perum Mandala,Bengkulu
6a4c63df,Alambana Simanjuntak,Ship broker,PT Prastuti,Bengkulu
6cd529f3,Nova Rahmawati,"Librarian, public",CV Puspasari,Maluku
f8e4ce2c,"Drs. Malika Nugroho, S.E.I",Haematologist,Perum Purnawati Permata,Kalimantan Utara
03e1dfe8,Cut Yani Astuti,Magazine journalist,CV Haryanti Anggraini,Lampung
31f16bb0,Kartika Wastuti,Medical physicist,CV Hartati Namaga,Sumatera Utara
52037f8b,Taufan Kuswoyo,Audiological scientist,UD Halimah Damanik,Bengkulu
8c3133e5,Tgk. Garda Lestari,Lexicographer,Perum Winarno Hutapea (Persero) Tbk,Bengkulu
496a1159,Hendra Nasyidah,Music tutor,PT Hardiansyah Sihombing (Persero) Tbk,Sulawesi Utara
471dc453,"Hj. Salsabila Prayoga, S.Gz",Materials engineer,PD Putra Tbk,Gorontalo
d1a3977b,Ajeng Gunawan,"Therapist, sports",PT Tampubolon Tbk,Sulawesi Tengah
d24e9aec,"Puti Najwa Novitasari, M.Ak",Theatre director,PT Prasetya Tbk,Bali
9f9e6b65,Shakila Mustofa,Logistics and distribution manager,PT Narpati,Sulawesi Tengah
80f1f9db,Drs. Yance Wastuti,Phytotherapist,CV Hardiansyah (Persero) Tbk,Sulawesi Tenggara
e0c38371,Cagak Firmansyah,Freight forwarder,PD Thamrin Tampubolon (Persero) Tbk,Kalimantan Tengah
be4fd129,Rahmi Suartini,Historic buildings inspector/conservation officer,PT Nainggolan Mulyani,Banten
bb81ef72,Samiah Pratama,"Administrator, Civil Service",UD Sihotang Halim,Kalimantan Tengah
e5e09b9b,"Gina Maryadi, M.TI.",Contracting civil engineer,PT Widiastuti Tbk,Sulawesi Utara
877ad853,Victoria Permadi,"Programmer, applications",CV Prasetyo Budiyanto Tbk,Jawa Tengah
cafe6320,Tgk. Karman Yuliarti,Psychotherapist,PT Nuraini (Persero) Tbk,Kalimantan Tengah
4e527d8b,Ir. Aisyah Najmudin,Hydrogeologist,CV Hardiansyah Mangunsong (Persero) Tbk,Sulawesi Tengah
b7483060,Halim Mahendra,Paediatric nurse,CV Pertiwi Agustina (Persero) Tbk,Jawa Timur
c40b5aac,Septi Usamah,Pension scheme manager,PD Siregar,Jawa Timur
d8dc8a55,drg. Rahman Padmasari,"Producer, radio",Perum Najmudin Jailani,Nusa Tenggara Timur
d641358e,Hj. Tantri Hutapea,Neurosurgeon,PT Oktaviani,Jawa Timur
92572c63,"Cut Aurora Januar, M.Ak",Clinical embryologist,PD Napitupulu,Nusa Tenggara Timur
f8466c39,Dr. Alika Laksita,Energy engineer,Perum Damanik (Persero) Tbk,Sulawesi Tengah
d91eef7a,Aisyah Wasita,"Engineer, mining",UD Sudiati Suartini,Sulawesi Selatan
8dfeba74,Bagiya Tamba,Risk manager,CV Waluyo Saputra Tbk,Nusa Tenggara Timur
d18123b7,"Cemplunk Maheswara, S.I.Kom",Gaffer,CV Budiyanto,Sulawesi Barat
e0dae648,Tugiman Damanik,"Psychologist, counselling",Perum Anggraini,Jawa Timur
143dd2ad,R.A. Febi Hakim,"Engineer, materials",PD Palastri (Persero) Tbk,Maluku
53cf812b,Aurora Putra,Ship broker,PD Salahudin Prakasa (Persero) Tbk,Maluku Utara
a4655561,"Drs. Vicky Dabukke, S.H.",Naval architect,CV Yuliarti,Bali
a71df4dd,Dr. Carla Nainggolan,Economist,Perum Permadi Wahyudin,Papua Barat
2ce305d4,Cut Lintang Mahendra,Chartered certified accountant,UD Pranowo (Persero) Tbk,Kalimantan Barat
64997e39,Yulia Prasetyo,"Teacher, adult education",Perum Haryanti Hardiansyah Tbk,Sumatera Barat
6caa1fab,dr. Cinta Adriansyah,Insurance underwriter,UD Pertiwi Hidayat,Kalimantan Timur
d639e9cb,Okta Halim,International aid/development worker,PT Megantara,Sulawesi Tenggara
6dc2cd50,Ir. Elon Prayoga,Aeronautical engineer,PT Iswahyudi Sitompul,Sumatera Barat
2930f263,"R.M. Ridwan Hariyah, S.I.Kom",Chartered certified accountant,Perum Rahimah (Persero) Tbk,Jawa Tengah
23d481d8,Puti Hana Winarsih,"Journalist, newspaper",PT Tampubolon Prayoga Tbk,Kalimantan Barat
ad364b55,Jamil Susanti,Printmaker,UD Prasetya Samosir,Riau
ddc8e531,Jaya Wastuti,Lawyer,UD Dongoran Tbk,DI Yogyakarta
2756efe4,Hj. Malika Puspasari,Building services engineer,Perum Pradana Wacana,Nusa Tenggara Barat
d44ae159,Cornelia Kuswoyo,Chartered management accountant,CV Pratiwi,Gorontalo
a39184ba,Faizah Sihombing,Regulatory affairs officer,PT Usamah Widodo,Lampung
de532345,Uli Simbolon,Nutritional therapist,CV Utami Tbk,Sumatera Utara
e20b39bb,"Hj. Jasmin Adriansyah, S.Pt",Clinical molecular geneticist,CV Padmasari Tbk,Papua
46bea69f,H. Yoga Wastuti,Counsellor,PD Sudiati (Persero) Tbk,Maluku
7612419b,Hardana Nasyidah,Youth worker,PT Iswahyudi Astuti Tbk,Riau
93f4df3d,Tasdik Usamah,Quantity surveyor,CV Rajasa Setiawan (Persero) Tbk,Jawa Barat
e6e34df4,"drg. Simon Wijayanti, M.M.","Producer, television/film/video",Perum Dongoran,Maluku Utara
b61f4672,dr. Clara Sihotang,Orthoptist,PD Laksmiwati Mandala (Persero) Tbk,Sumatera Barat
54a51007,"Ida Mahendra, S.Psi",Sport and exercise psychologist,Perum Laksita Putra (Persero) Tbk,Maluku
8166b870,Emin Samosir,Environmental health practitioner,PT Widodo,Nusa Tenggara Barat
b63cc221,"Puti Vanesa Situmorang, S.H.",Engineering geologist,CV Maryadi (Persero) Tbk,Jawa Tengah
8ba57573,Heryanto Januar,Chartered public finance accountant,PT Fujiati,Riau
e62d14ef,Paris Mangunsong,"Scientist, clinical (histocompatibility and immunogenetics)",UD Wastuti Prasetya,Riau
db0203b0,Dr. Prayogo Sirait,Trading standards officer,PT Palastri Nurdiyanti,Kalimantan Tengah
080ecaee,Pardi Hidayat,Wellsite geologist,Perum Hidayat Hariyah,Kalimantan Tengah
6ad39dbe,R. Gasti Lazuardi,Plant breeder/geneticist,PT Rajasa Tbk,Sulawesi Selatan
f863bcb4,Dwi Prastuti,Civil Service fast streamer,Perum Uyainah,Sulawesi Tenggara
077440ba,Ir. Yosef Anggraini,Animal technologist,PT Lazuardi Prakasa,DI Yogyakarta
66e10414,"Puti Amalia Marpaung, S.I.Kom",Ophthalmologist,PT Suartini (Persero) Tbk,Aceh
36b2420d,Alambana Mandala,Furniture conservator/restorer,CV Prasetya Fujiati Tbk,Jawa Timur
61dc1c22,Wisnu Widodo,Furniture designer,PT Salahudin Yulianti Tbk,Kepulauan Bangka Belitung
507329fc,R. Argono Mandala,Musician,PD Setiawan Latupono,Sumatera Selatan
c334d225,"Respati Halimah, S.Sos",Database administrator,PD Pudjiastuti Sihombing,Nusa Tenggara Barat
419ea7ad,Kasim Uwais,"Programmer, applications",UD Iswahyudi Yuliarti,Sulawesi Barat
47b858bb,Wirda Putra,Tax adviser,Perum Widodo,Gorontalo
bf17e874,Zulaikha Sinaga,"Engineer, manufacturing systems",Perum Gunawan Prayoga (Persero) Tbk,Riau
04b307a5,"drg. Cinta Siregar, S.E.","Sound technician, broadcasting/film/video",CV Rahimah Waluyo,DKI Jakarta
5a933eb0,"Omar Setiawan, S.Pt","Producer, radio",PD Hutagalung,Kalimantan Barat
384f1bb0,Tania Budiyanto,Communications engineer,Perum Nuraini Rajasa (Persero) Tbk,Kepulauan Riau
833604ec,R.A. Farah Hidayanto,Leisure centre manager,PT Utama Ramadan Tbk,Papua
bcb6d49b,"Kayun Winarno, M.Pd",Publishing rights manager,UD Narpati Tbk,Kalimantan Utara
d95bfaff,Edi Sitompul,Medical secretary,Perum Anggraini Tbk,DI Yogyakarta
f272915b,Intan Firmansyah,Sports administrator,PT Puspasari Narpati Tbk,Jawa Timur
511a1010,Talia Wahyuni,Research scientist (medical),UD Handayani Hariyah Tbk,Gorontalo
b4d16522,Nilam Wulandari,"Surveyor, rural practice",CV Firgantoro Mustofa (Persero) Tbk,Kalimantan Timur
3b562f53,Kadir Mardhiyah,Environmental education officer,UD Sinaga Tbk,Nusa Tenggara Barat
a076b588,Cakrabirawa Saputra,Manufacturing engineer,PD Dongoran Lazuardi (Persero) Tbk,Aceh
7534a623,Estiono Samosir,"Nurse, learning disability",CV Pradana (Persero) Tbk,Nusa Tenggara Barat
6fad107f,Xanana Simanjuntak,Travel agency manager,PT Waluyo Mahendra,Kalimantan Timur
7db740f6,"Galiono Prasetyo, M.Kom.",Surgeon,Perum Mandala Pudjiastuti (Persero) Tbk,DKI Jakarta
2d0fd4b7,Fathonah Hutapea,Futures trader,PT Pratiwi (Persero) Tbk,Aceh
3d61f421,"Septi Halim, S.IP",Occupational hygienist,UD Marpaung Novitasari (Persero) Tbk,Sulawesi Tenggara
eba4c44b,Ir. Citra Nurdiyanti,Broadcast engineer,CV Hutagalung Usada Tbk,Bali
9389bae4,H. Mitra Pangestu,Soil scientist,PT Susanti,Maluku
0f2e3ac2,Panji Rajasa,"Engineer, water",CV Hastuti Januar Tbk,Sulawesi Utara
d376ff12,Edi Safitri,Politician's assistant,Perum Saputra,Sulawesi Tenggara
1d93edbe,"Bakda Prastuti, S.H.",Retail manager,PD Nainggolan Mandala (Persero) Tbk,Jawa Tengah
33fb2a4a,Yuni Hariyah,"Engineer, materials",Perum Sitompul Maheswara,Sulawesi Utara
08f57367,Gandi Halimah,Clinical psychologist,UD Handayani,Sulawesi Tenggara
200af7c3,Among Waskita,Health service manager,UD Novitasari (Persero) Tbk,Gorontalo
9a12ebd8,Mutia Wibisono,"Research officer, trade union",UD Anggraini (Persero) Tbk,Kepulauan Bangka Belitung
687764a3,"Kayun Zulkarnain, M.Ak",Transport planner,PD Rahimah Situmorang Tbk,DKI Jakarta
a201fe7d,Drs. Diana Pangestu,Agricultural consultant,CV Sinaga,Kalimantan Utara
39720704,"Hendra Simanjuntak, S.Pt",Clinical research associate,CV Mansur,Aceh
effb9838,Septi Wastuti,Land,CV Kuswoyo,Kepulauan Bangka Belitung
d742bdfe,Dewi Melani,Theatre director,Perum Aryani,Bengkulu
d532278a,drg. Galuh Novitasari,Production engineer,PD Haryanto (Persero) Tbk,Sumatera Utara
6426bc7b,"Maria Wahyudin, S.H.",Systems developer,PD Nasyiah Haryanti,Papua Barat
18fc398e,Olivia Nashiruddin,Market researcher,PD Gunarto Mayasari,Kalimantan Timur
f348992e,Maimunah Ramadan,Ambulance person,Perum Putra Tbk,Sumatera Selatan
5c7b0245,Tgk. Indah Agustina,Animal technologist,UD Mandala (Persero) Tbk,Sulawesi Barat
a124cb48,"Rina Sitompul, S.Psi",Call centre manager,PD Mulyani Prasetyo (Persero) Tbk,Kalimantan Timur
d531b36a,Salman Napitupulu,Barrister's clerk,PT Maulana Situmorang,Jambi
27171cdb,"Ella Palastri, S.Farm",Medical physicist,PT Usada (Persero) Tbk,Banten
2b1e35c8,Kambali Prasasta,Lawyer,Perum Waskita Habibi Tbk,Papua
22af4f45,"drg. Jaya Saragih, M.Pd",Automotive engineer,PT Budiman Januar (Persero) Tbk,Gorontalo
df79df76,Ana Yulianti,Social researcher,PD Melani,Kalimantan Barat
d388e8c7,"Dasa Suwarno, S.Pd",Multimedia programmer,PD Maryati,Kalimantan Barat
624a11bf,Caturangga Permadi,Company secretary,PT Utami Saefullah Tbk,Kalimantan Tengah
283ab8d2,Hamima Hutasoit,Therapeutic radiographer,UD Winarsih Yolanda,Jambi
c7d9e0a3,Indah Rajasa,"Surveyor, building",Perum Rahmawati Tbk,Gorontalo
908cedf5,Unjani Nasyiah,Nature conservation officer,Perum Uwais (Persero) Tbk,Papua
86f6e768,Jane Nababan,Materials engineer,PD Hastuti,Nusa Tenggara Timur
da206bda,Elon Dongoran,Planning and development surveyor,PT Najmudin Manullang,Sulawesi Tenggara
ad263524,Kamal Nuraini,Sport and exercise psychologist,Perum Saefullah Nuraini Tbk,Sumatera Barat
411f09fc,"Rafi Wastuti, S.E.",Fitness centre manager,Perum Melani Rajata,Kalimantan Utara
0da59cb5,"Puti Tina Rajasa, S.T.","Pharmacist, community",Perum Handayani Waluyo,Aceh
22a67323,"Icha Hidayat, S.Ked","Surveyor, quantity",PD Pertiwi Kuswoyo,Nusa Tenggara Barat
4a19c3b4,Budi Pertiwi,Local government officer,PT Nababan Lazuardi,Nusa Tenggara Timur
0d87b6d8,Wani Hakim,Financial adviser,PT Prasetya Novitasari,Sumatera Utara
6d604c93,"T. Bagya Kurniawan, S.Pt",Animal nutritionist,PT Mahendra Hutagalung (Persero) Tbk,Jawa Barat
0d3aa8dc,Sabrina Adriansyah,"Scientist, research (life sciences)",UD Halim,Papua Barat
13eb9529,Dacin Maulana,"Exhibitions officer, museum/gallery",Perum Mansur Tbk,Sumatera Barat
34a94dda,Jessica Zulkarnain,Records manager,PT Winarno Tbk,Papua Barat
a3129177,"Hasta Mandala, S.Ked",Civil Service fast streamer,Perum Wibowo,DKI Jakarta
df4c8204,Lamar Irawan,Dentist,CV Nasyiah Budiman (Persero) Tbk,Sumatera Utara
5950058e,Ir. Mutia Hasanah,Fast food restaurant manager,UD Widodo,Gorontalo
9c8563e1,Wulan Hutasoit,Financial manager,PT Irawan (Persero) Tbk,Gorontalo
645cb187,"R.M. Reksa Siregar, S.Sos","Research officer, political party",PD Fujiati Wijaya (Persero) Tbk,Sulawesi Barat
d96e759c,"Nadine Mulyani, S.Pd",Adult nurse,PD Purnawati Mandala,Jawa Barat
5f1fada2,Ana Mardhiyah,Pensions consultant,CV Nainggolan Namaga (Persero) Tbk,Jambi
47a640de,"Gabriella Megantara, S.Ked",Horticultural therapist,CV Agustina Hastuti Tbk,Kalimantan Selatan
ea7a19af,Kamaria Rajata,Armed forces logistics/support/administrative officer,UD Irawan (Persero) Tbk,Papua
c1fc916b,R.M. Bakidin Prasetyo,"Scientist, audiological",PT Widiastuti Widodo,Jawa Tengah
4c5927f3,Fitriani Riyanti,Counselling psychologist,PT Laksmiwati Tbk,Bali
56f6c8c4,"Cut Diana Narpati, S.T.","Scientist, product/process development",CV Uyainah Sihombing,Banten
fb33dacc,Tgk. Maida Permadi,Field trials officer,Perum Anggraini,Jawa Barat
eb453349,Ika Haryanti,Tax adviser,UD Santoso Tbk,Banten
ff37e94b,Gamblang Kuswoyo,Airline pilot,PT Dongoran Widiastuti,Papua
6f3f1f73,"KH. Gada Gunawan, S.Farm",Adult nurse,Perum Saptono (Persero) Tbk,DKI Jakarta
7db43278,"dr. Bella Wibisono, S.IP",Product manager,CV Uwais,Sulawesi Tengah
bef9f9e0,"KH. Karman Hutapea, S.Kom",Meteorologist,Perum Gunarto Tbk,Kalimantan Selatan
1916f418,Keisha Rajasa,Music therapist,PT Pangestu Ardianto,Gorontalo
cbf8e4fe,Lala Mandala,"Engineer, site",UD Lailasari Hutagalung,DI Yogyakarta
5b81e31f,Silvia Mulyani,Chief Technology Officer,Perum Suryono Prastuti Tbk,Kepulauan Riau
c30a99ba,Jane Fujiati,Dispensing optician,PD Wijayanti,Kalimantan Selatan
0d859e9e,Malika Simanjuntak,Educational psychologist,PD Prayoga (Persero) Tbk,Kepulauan Bangka Belitung
bee958f2,drg. Hafshah Usamah,Museum/gallery curator,UD Haryanti,Sumatera Utara
30b940c9,Tina Budiman,Museum education officer,PT Permadi,Kalimantan Tengah
4a5b070b,"Nyana Mulyani, S.Psi",Maintenance engineer,CV Utami Wahyuni Tbk,DKI Jakarta
99786d0e,Rachel Permata,Insurance risk surveyor,CV Kuswoyo Simanjuntak (Persero) Tbk,Sulawesi Tengah
8066eb28,"Sakti Prastuti, S.Pd",Best boy,PT Hartati Hutasoit,Sulawesi Utara
f3f3da52,Juli Nugroho,"Clinical scientist, histocompatibility and immunogenetics",PT Suwarno Tbk,Kalimantan Selatan
32732039,Nurul Prasetya,"Pilot, airline",Perum Sinaga Suartini,Kalimantan Timur
aedd2d4f,Wani Mansur,Exercise physiologist,UD Wibisono Tbk,Kepulauan Bangka Belitung
08818c94,Daruna Yuliarti,Rural practice surveyor,PT Prakasa Tbk,Lampung
27f04928,Ida Nuraini,Ophthalmologist,Perum Wahyudin Nurdiyanti Tbk,Gorontalo
e20cef15,Tgk. Hairyanto Nainggolan,Chartered management accountant,CV Hardiansyah,Maluku
2aaf3e6c,Ratna Kurniawan,"Therapist, drama",CV Mayasari (Persero) Tbk,Bengkulu
50ba5b14,Gada Dongoran,Architectural technologist,PD Yulianti (Persero) Tbk,Banten
0eae3e85,Ciaobella Utami,Health physicist,Perum Andriani,Nusa Tenggara Timur
0c58dd55,Latika Tampubolon,"Administrator, Civil Service",CV Mansur,Jawa Tengah
3ac682e3,Hendra Saptono,"Biochemist, clinical",Perum Gunawan Januar (Persero) Tbk,Nusa Tenggara Timur
3f3a3e0d,Ganep Waluyo,Manufacturing systems engineer,PT Dabukke (Persero) Tbk,Jawa Barat
306abe75,Ella Wibisono,Market researcher,Perum Permadi (Persero) Tbk,Aceh
bd795450,Opung Nasyiah,Drilling engineer,UD Tampubolon Widiastuti,DKI Jakarta
ab8b45c8,Ir. Purwanto Padmasari,Maintenance engineer,Perum Pratama,Sulawesi Selatan
9a68c2ba,"dr. Kasiyah Maryadi, S.Gz",Musician,UD Widodo Prasetyo (Persero) Tbk,Sumatera Selatan
748905ec,Rama Uwais,Marketing executive,CV Pradipta Tbk,Kepulauan Riau
c1522510,"Ajeng Wahyuni, M.Pd","Nurse, mental health",CV Hutapea Marbun Tbk,Sumatera Utara
5809b852,Dr. Harja Gunarto,Lobbyist,Perum Prasasta Putra,Lampung
3e0cdf8b,Kalim Rahimah,Systems analyst,PT Usamah,DI Yogyakarta
8d45994c,"Indah Sitompul, M.Ak",Herbalist,CV Andriani (Persero) Tbk,Jambi
cb93e295,"R. Ulva Zulaika, S.Kom","Presenter, broadcasting",UD Hakim Napitupulu Tbk,Nusa Tenggara Barat
93646e85,"Puji Prakasa, S.Pt",Pension scheme manager,PT Prayoga,Bali
01d4f480,Vanesa Lailasari,"Therapist, speech and language",CV Hidayanto,Kalimantan Tengah
c7d2b466,"Darijan Sirait, M.Pd","Editor, magazine features",CV Oktaviani Mulyani (Persero) Tbk,Kalimantan Timur
02558be6,Clara Kuswandari,Midwife,PD Rahmawati,Kepulauan Riau
c701056f,Rahmi Anggriawan,Customer service manager,PD Natsir,Sulawesi Selatan
1857858f,"Eva Mardhiyah, S.Gz",Health promotion specialist,PD Pranowo Tbk,Nusa Tenggara Barat
0e921178,Hasna Setiawan,Outdoor activities/education manager,Perum Pratiwi Tbk,Maluku Utara
0cb48dfb,Banara Melani,"Lecturer, further education",Perum Yuliarti Firmansyah Tbk,Riau
0c442750,Gamanto Hutasoit,"Civil engineer, contracting",UD Rahmawati Ramadan Tbk,Sulawesi Tenggara
d1dc866a,Artanto Usamah,Location manager,CV Maheswara Hidayanto Tbk,Lampung
3476271b,"Nadine Waluyo, M.Pd",Water quality scientist,PT Safitri Saragih,Sumatera Barat
4239cd04,"Cakrabuana Thamrin, S.T.",Travel agency manager,PT Laksita Tbk,Sulawesi Selatan
7698e358,Tomi Hastuti,Therapeutic radiographer,PT Iswahyudi (Persero) Tbk,Gorontalo
df86cb8a,"R.M. Cakrajiya Maryati, S.Ked",Call centre manager,UD Riyanti (Persero) Tbk,Aceh
862344f0,Puspa Firgantoro,Outdoor activities/education manager,UD Saputra,Bengkulu
8000854b,Ir. Alika Yulianti,Pension scheme manager,PT Wijaya Tbk,Sumatera Utara
9690de44,Febi Novitasari,Mechanical engineer,CV Nababan Rahayu (Persero) Tbk,Maluku Utara
1a727c32,Galuh Saputra,Herpetologist,PT Purnawati (Persero) Tbk,Sulawesi Selatan
e8fd990c,"Limar Kusumo, S.Gz","Production designer, theatre/television/film",PT Lestari Tbk,Kalimantan Barat
f6826a72,Lili Salahudin,"Teacher, English as a foreign language",PT Suryono,Jawa Timur
d1c76f0e,Prayogo Sinaga,Pathologist,CV Wulandari Mansur Tbk,Sulawesi Selatan
4c2b3d4e,"Drs. Garang Haryanto, S.Sos",Multimedia programmer,CV Simbolon,Sulawesi Barat
4df287d6,Siska Susanti,"Loss adjuster, chartered",UD Nuraini,Sumatera Utara
e4d102e7,"Janet Manullang, S.IP",Theme park manager,Perum Rajasa,Papua Barat
c81ce122,Clara Simanjuntak,Operations geologist,PT Nuraini Namaga Tbk,Jawa Tengah
9a13112e,Nasab Siregar,Risk manager,CV Manullang Wastuti,Sumatera Utara
3ac2c872,Ir. Betania Sitompul,Printmaker,PD Widodo Wasita Tbk,DKI Jakarta
a01e7212,"Kasiran Laksmiwati, S.Kom",Microbiologist,PT Jailani Mayasari,Kalimantan Timur
5815c533,Ami Saragih,Hospital pharmacist,CV Andriani Tbk,Sulawesi Selatan
eb538a33,"R. Shania Kuswoyo, S.Farm",Chief Strategy Officer,PT Sihotang Sirait Tbk,Aceh
f9a01244,Waluyo Uwais,"Therapist, speech and language",PD Dabukke Nasyidah,Kalimantan Tengah
24c50f38,Pangestu Yuliarti,Garment/textile technologist,PD Zulaika Prakasa,Sulawesi Barat
42fb4e6a,Hadi Hakim,Chief Executive Officer,CV Habibi Manullang (Persero) Tbk,Jawa Barat
ce4868e4,Ismail Budiman,"Designer, television/film set",PT Rahayu Nuraini Tbk,Kepulauan Bangka Belitung
530d55ee,Gina Wastuti,Land,Perum Samosir Tamba Tbk,Jawa Tengah
56d2222e,Tantri Kurniawan,Medical technical officer,UD Putra Tbk,Papua Barat
213634c3,Faizah Wibowo,Theme park manager,Perum Uwais Hutapea Tbk,Riau
786ad9ce,"Gina Zulkarnain, S.Pt",Cabin crew,UD Nababan Usada,Sulawesi Utara
c04f18fe,"Fathonah Namaga, S.Ked","Teacher, special educational needs",CV Situmorang Hardiansyah (Persero) Tbk,Nusa Tenggara Barat
910fb474,"Zamira Irawan, S.T.",Animator,UD Waluyo Wijayanti Tbk,Papua
336b6068,Septi Nainggolan,Investment analyst,CV Yulianti (Persero) Tbk,Kalimantan Selatan
b612fd51,Paris Winarno,Ambulance person,UD Wijaya Saputra,Kepulauan Riau
5dfa4f01,Hj. Raina Mandasari,Chief Operating Officer,PT Kurniawan,Nusa Tenggara Timur
6fbf41ee,Raden Putra,Radiation protection practitioner,PD Rahayu Rahmawati,Nusa Tenggara Barat
9f4594f9,Jasmin Pratama,Health promotion specialist,CV Maryadi Sitorus,Kepulauan Bangka Belitung
bee3a357,Drs. Wage Mustofa,"Administrator, education",UD Narpati Haryanto (Persero) Tbk,Gorontalo
f2c311f6,KH. Harimurti Riyanti,Social worker,UD Ardianto,Kalimantan Tengah
84e050a6,Mila Hidayat,Intelligence analyst,UD Pratiwi Melani,Kepulauan Bangka Belitung
e37ae781,Ismail Nasyidah,Ecologist,PD Anggriawan Tbk,Nusa Tenggara Timur
7e878988,Elon Zulaika,"Optician, dispensing",PD Nugroho Thamrin,Maluku
7623439a,"Dr. Rahmi Permata, S.IP","Exhibitions officer, museum/gallery",UD Waskita (Persero) Tbk,Bali
0dd551a1,Bahuwarna Jailani,Food technologist,Perum Putra Prastuti,Nusa Tenggara Timur
db41b869,"Bakda Widiastuti, S.Sos",Dramatherapist,PD Haryanti,Sumatera Selatan
890bfe73,Hilda Simbolon,Ranger/warden,CV Andriani Sihombing (Persero) Tbk,Nusa Tenggara Barat
750b7001,"Tgk. Bagus Nuraini, S.Farm",Information officer,PT Permadi Tbk,Aceh
f4f85859,Zamira Tamba,Community pharmacist,CV Puspasari (Persero) Tbk,Papua
8a25a387,Zulaikha Sitompul,Television/film/video producer,UD Mangunsong Lazuardi Tbk,Sumatera Barat
7c69d481,"Ir. Titin Permadi, M.Ak",Trade mark attorney,CV Wibisono Suryono,Nusa Tenggara Barat
4491433a,Janet Puspasari,Operational investment banker,PT Halim Ramadan Tbk,Sumatera Selatan
83a0dae0,Zelaya Wijayanti,"Conservation officer, nature",CV Suartini,Kalimantan Selatan
5364fbb1,Ratih Marbun,Broadcast engineer,Perum Halimah Sihombing Tbk,DI Yogyakarta
e62705e3,Clara Situmorang,"Geneticist, molecular",Perum Zulkarnain Mustofa (Persero) Tbk,Kalimantan Utara
f643bb91,drg. Xanana Jailani,Chemical engineer,UD Yuniar Nashiruddin Tbk,DKI Jakarta
f04489c4,Kayla Gunarto,"Geologist, engineering",PD Mulyani Hidayanto Tbk,DKI Jakarta
f74e3b11,KH. Daniswara Pradipta,Social researcher,PD Adriansyah Tbk,Maluku
ce66711d,R. Citra Hastuti,Early years teacher,Perum Budiman (Persero) Tbk,Jawa Tengah
51602822,Hj. Mutia Jailani,Armed forces operational officer,PD Kusumo,Lampung
73d9cfba,Mulyanto Hidayat,Homeopath,Perum Namaga Pudjiastuti,Sulawesi Tenggara
61a6bcc4,"Maida Wasita, S.Pd","Psychologist, counselling",PD Dabukke (Persero) Tbk,Kalimantan Selatan
6d1ee4e8,R. Hasim Agustina,Hydrogeologist,Perum Yulianti Yuliarti (Persero) Tbk,Lampung
86d24b69,Ganjaran Pratama,Geochemist,PT Agustina (Persero) Tbk,Jambi
16736cdd,"dr. Zulaikha Rahmawati, S.Psi","Embryologist, clinical",PT Palastri Safitri,Riau
7f9766df,Endah Sihombing,"Editor, commissioning",PT Hariyah,Bengkulu
f51cabdb,Praba Handayani,Brewing technologist,Perum Prabowo (Persero) Tbk,Maluku Utara
60a1f2a7,Eluh Rahmawati,Sales executive,Perum Mayasari,Jawa Timur
f3b20a1b,"T. Jumari Hakim, S.I.Kom",Building control surveyor,Perum Permata Tbk,Bengkulu
d95d6a66,Raharja Hardiansyah,"Designer, exhibition/display",Perum Hardiansyah,Sumatera Utara
88ccc499,dr. Rina Prasasta,"Psychologist, counselling",PT Permata (Persero) Tbk,Banten
7fe44277,Nadia Yolanda,Archivist,Perum Wacana,Jawa Timur
c2b79eaa,Baktianto Uyainah,Retail buyer,CV Pangestu Kusmawati,Sumatera Selatan
c3b39811,Karta Hassanah,Solicitor,UD Uwais,Sumatera Barat
0d7b5cf5,Cinthia Hidayat,Marine scientist,PT Lailasari,Papua
857dd9a0,Hilda Mahendra,Artist,PD Irawan Uwais,Nusa Tenggara Timur
61273a91,Yance Kusmawati,"Nurse, learning disability",PD Zulaika Dongoran,Kalimantan Tengah
1b7d0382,Candra Mulyani,Jewellery designer,UD Santoso Siregar Tbk,Sulawesi Tenggara
34028318,Cut Eva Mangunsong,"Designer, industrial/product",CV Nababan Habibi,DI Yogyakarta
31694880,Aisyah Rajata,Radiation protection practitioner,UD Firgantoro Wulandari,Sumatera Barat
b28e5da0,Ilsa Sirait,Counselling psychologist,Perum Narpati (Persero) Tbk,Sulawesi Barat
920c462e,"Ir. Nabila Halim, M.M.","Administrator, charities/voluntary organisations",Perum Setiawan Adriansyah,Maluku
16f8d9a7,Asirwada Namaga,Market researcher,PT Najmudin Tbk,Jambi
0f47f7bd,Upik Rahmawati,"Engineer, building services",CV Halimah,Sumatera Selatan
9ae4695e,"Kasiyah Pradana, M.M.",Herbalist,PT Widiastuti Astuti (Persero) Tbk,Jawa Tengah
ef881fb9,"Najwa Hassanah, S.Pt",Chartered certified accountant,Perum Winarno,Sulawesi Utara
c570a59e,"Salimah Usada, S.Kom","Therapist, music",Perum Pudjiastuti Tbk,Nusa Tenggara Barat
f5eb51e9,R. Sidiq Puspasari,Equality and diversity officer,Perum Gunawan,Sulawesi Barat
69d409c3,Raisa Safitri,"Therapist, sports",PT Saefullah,Sumatera Utara
9c0e8f1c,"R.M. Harjo Pradipta, M.Ak",Event organiser,UD Pratama,Sulawesi Tengah
6b5fdf41,"dr. Lala Kusmawati, S.Kom",Building services engineer,Perum Thamrin Samosir,Sulawesi Selatan
45cbbb38,Genta Tampubolon,Historic buildings inspector/conservation officer,Perum Kusmawati Namaga,Riau
69451199,Hadi Winarno,"Teacher, primary school",PT Tarihoran,Jambi
422d4424,"Cut Halima Yolanda, S.T.",Regulatory affairs officer,PT Pradipta (Persero) Tbk,Kepulauan Riau
b1935609,Ihsan Simbolon,Civil Service fast streamer,UD Salahudin Wasita,Sumatera Selatan
fa9848cf,"Drs. Wani Megantara, S.E.I",Geoscientist,UD Farida,Jawa Tengah
f32df685,"R. Dewi Manullang, S.Pd",Applications developer,CV Mandala Tbk,Nusa Tenggara Timur
f9fdd2e9,Maria Pangestu,Lobbyist,Perum Suartini,Maluku
9de8525e,Jono Uyainah,Software engineer,PT Dongoran Suartini,Sumatera Selatan
c05a0fd9,Timbul Nasyidah,Armed forces operational officer,Perum Iswahyudi Tbk,Jambi
25437a4f,Hartaka Yuniar,Environmental education officer,PT Ardianto,Kalimantan Barat
c8bd70a0,"Tgk. Emin Gunarto, S.Kom","Engineer, water",Perum Mansur Tbk,Maluku Utara
9c927272,KH. Dimaz Latupono,Veterinary surgeon,PT Wijaya Nasyidah,Papua Barat
d4d9367a,R. Putri Zulkarnain,Interior and spatial designer,Perum Irawan Tbk,Sumatera Selatan
8ba7f21a,Tgk. Wage Anggriawan,"Designer, ceramics/pottery",PT Manullang,Sulawesi Tenggara
79a2d90e,Balamantri Nababan,"Psychologist, educational",PT Mustofa (Persero) Tbk,Papua Barat
7700c253,Puspa Hariyah,Water engineer,CV Utama Prayoga (Persero) Tbk,Nusa Tenggara Barat
6cd5de1a,Kayun Suryatmi,Research scientist (life sciences),CV Ardianto Najmudin,DI Yogyakarta
a0998e90,H. Gangsar Budiyanto,Industrial buyer,PD Gunarto Wastuti,Kalimantan Selatan
a3ebb12a,Galar Setiawan,"Designer, jewellery",PT Halimah (Persero) Tbk,Sumatera Selatan
86c0e645,"Hj. Rina Maryati, S.Pt",Special educational needs teacher,Perum Andriani Hutagalung,Gorontalo
1de88243,R.M. Luwes Simanjuntak,Osteopath,PT Lazuardi,Kalimantan Timur
3c93f027,"Tantri Widodo, S.Pt",Automotive engineer,UD Saragih Rajasa Tbk,Papua Barat
f4791fad,Dinda Nashiruddin,Town planner,Perum Sitorus Tbk,Sulawesi Utara
73e36fa3,"dr. Cici Anggraini, S.Farm",Chief Operating Officer,UD Thamrin (Persero) Tbk,Sumatera Barat
797332d9,Bahuwarna Putra,"Exhibitions officer, museum/gallery",PD Sitompul (Persero) Tbk,Jambi
79435c5b,"Panji Prasasta, S.E.I",Materials engineer,PT Narpati,Sumatera Selatan
99b46c7d,Drs. Titin Marbun,Barista,Perum Wahyuni Novitasari,Sumatera Selatan
9cb25af2,"Drs. Luis Habibi, M.Pd",Call centre manager,CV Andriani (Persero) Tbk,Lampung
535ef1f8,Cut Ciaobella Napitupulu,Careers information officer,PD Hastuti,Sumatera Selatan
46686fbf,Rahmi Hutasoit,Contractor,Perum Hariyah,Bengkulu
cb9c6c97,"Talia Aryani, S.IP",Academic librarian,Perum Hartati Astuti Tbk,Kalimantan Utara
ef8aebb8,"Legawa Suryatmi, S.H.",Pensions consultant,Perum Mayasari Hidayanto,Sumatera Utara
3d8be8d8,Reza Setiawan,"Therapist, occupational",Perum Budiman Tbk,Nusa Tenggara Timur
1ae9e7c2,Ir. Daryani Maryadi,"Physicist, medical",UD Wibowo Setiawan,Kepulauan Riau
3f5cf8aa,Puti Prayoga,Advertising copywriter,Perum Ramadan,Papua Barat
8c85eecf,"Lala Kuswoyo, S.Pd",Pathologist,Perum Firmansyah,Kepulauan Bangka Belitung
314655e8,R. Bahuwirya Palastri,Occupational hygienist,Perum Kurniawan Yuniar,Kalimantan Tengah
17816c3f,"R.A. Rina Santoso, S.Psi",Adult nurse,CV Nuraini Tbk,Sumatera Selatan
39be60f9,Ir. Melinda Pudjiastuti,Publishing copy,PD Sihombing,Sulawesi Tenggara
0a94a307,"Endra Nasyiah, S.H.",Dispensing optician,UD Utami,Jawa Tengah
dbaec74e,Limar Nababan,Actor,CV Palastri Nugroho,Maluku Utara
ea981668,"R. Rangga Maheswara, S.Sos",Art gallery manager,PD Pudjiastuti,Kalimantan Timur
04386ca4,"Tedi Wahyuni, S.Sos",Ceramics designer,PD Nainggolan Halim,Kalimantan Selatan
03975065,Prayoga Sinaga,"Physicist, medical",PD Andriani,Kalimantan Barat
a0d0c586,"drg. Ajiman Iswahyudi, S.IP","Secretary, company",UD Pangestu Puspasari Tbk,Kalimantan Timur
971741e2,Karja Wibisono,Lobbyist,PT Firgantoro Tbk,DKI Jakarta
0448ba42,Sutan Prabowo Hasanah,Accounting technician,UD Mahendra Safitri Tbk,Kepulauan Bangka Belitung
1bb9be4d,"Vanesa Waskita, S.Kom",Radio broadcast assistant,UD Farida,Maluku
5302943f,Kalim Pranowo,Stage manager,CV Farida Tbk,Sumatera Selatan
323c541d,"Estiono Halimah, S.Psi",Fish farm manager,PD Jailani Rahimah Tbk,Sulawesi Selatan
2c08889a,Raisa Mulyani,Amenity horticulturist,UD Handayani Wibisono,Sulawesi Selatan
79ce3109,Jaeman Haryanti,Technical sales engineer,Perum Prasasta Hartati Tbk,Kepulauan Riau
7b6b3f08,"Drs. Darmaji Wibisono, S.I.Kom",Health promotion specialist,Perum Halim Tbk,DI Yogyakarta
e5578c6e,H. Bagya Uwais,Higher education careers adviser,PT Sitorus Prastuti (Persero) Tbk,Sulawesi Utara
ad3ad239,"Zizi Saptono, S.Sos",Travel agency manager,CV Prasetya Aryani,Sulawesi Utara
fd024b81,"Naradi Palastri, S.I.Kom","Surveyor, building",PD Hidayanto (Persero) Tbk,Gorontalo
b2a77f7f,Malika Palastri,IT consultant,PD Yuniar Tbk,Lampung
d8ca8c42,dr. Aurora Uyainah,Location manager,CV Yuliarti,Kalimantan Selatan
3970c266,"Tgk. Okta Siregar, S.Sos",Set designer,PT Wijaya Handayani (Persero) Tbk,Sulawesi Tenggara
d1dfd3b0,"Yance Laksita, S.H.",Dentist,CV Lailasari Yolanda,Papua
d9ce62df,Elma Handayani,"Therapist, horticultural",PT Anggriawan,Kalimantan Selatan
7c627830,"Cut Putri Marpaung, S.Farm","Engineer, broadcasting (operations)",UD Firmansyah Tamba,Bengkulu
1dfb1848,Hj. Mila Fujiati,Education administrator,PD Usamah Simbolon Tbk,Sulawesi Barat
739ea8be,Dr. Kayla Firmansyah,Air broker,PT Utami (Persero) Tbk,Sumatera Selatan
e625786f,"Raden Mardhiyah, M.Pd","Therapist, music",Perum Haryanto Tbk,Kalimantan Timur
a8dfbf58,"drg. Qori Maulana, M.M.","Production designer, theatre/television/film",UD Susanti,Nusa Tenggara Barat
c7426f92,Oman Megantara,Tax inspector,CV Gunarto Winarno (Persero) Tbk,Sulawesi Utara
c0773081,"Vicky Mahendra, S.Kom",Nature conservation officer,PD Hidayat Tbk,Riau
fefc9248,Lembah Najmudin,Risk manager,PT Novitasari Rahayu Tbk,Jawa Tengah
da24d9fd,Zelda Setiawan,Diagnostic radiographer,CV Wijayanti,Jawa Barat
f7fac305,KH. Mahmud Hardiansyah,Mental health nurse,UD Farida Saputra (Persero) Tbk,Riau
450446c6,Ani Tampubolon,Sports administrator,UD Aryani,Jambi
af3af01d,Raden Yuliarti,Office manager,CV Astuti Rajasa,Kalimantan Barat
8f75fc93,Karsana Suartini,Physiological scientist,UD Oktaviani Tbk,Sulawesi Tenggara
48551ea5,Bakiadi Nurdiyanti,Educational psychologist,Perum Firmansyah,Sumatera Utara
21983416,Tari Andriani,Trading standards officer,CV Putra,Sulawesi Barat
6afe313b,Oskar Halimah,Senior tax professional/tax inspector,CV Yulianti (Persero) Tbk,Kepulauan Riau
f4bf0fc3,Titi Widiastuti,"Civil engineer, consulting",CV Nainggolan Mansur,Kalimantan Barat
ceeeeee0,Natalia Hassanah,Landscape architect,UD Puspita Tbk,Nusa Tenggara Timur
153ae6cc,Julia Safitri,Energy manager,CV Maulana Prabowo (Persero) Tbk,Kalimantan Tengah
fe14edc3,Edward Novitasari,"Engineer, manufacturing",PD Maryati,Sulawesi Tengah
23b9b418,Usyi Setiawan,Water quality scientist,UD Nababan Putra Tbk,Kepulauan Riau
4d2c79ea,"drg. Dina Waluyo, M.Kom.",Health physicist,PD Aryani Lazuardi Tbk,Sulawesi Tenggara
3f5d89d4,Warji Rahimah,Research scientist (maths),PD Ramadan Prasetya Tbk,Sumatera Barat
d452eb19,R. Digdaya Rahimah,Dramatherapist,Perum Zulaika Nurdiyanti (Persero) Tbk,Sumatera Utara
db750045,"Dr. Vivi Setiawan, M.Farm",Mechanical engineer,Perum Hidayat Pradipta,DI Yogyakarta
e3cde360,Tirta Astuti,Manufacturing engineer,PD Zulaika,Sumatera Selatan
f55b58f5,"R. Rini Widodo, S.Psi",Copy,Perum Maryati Siregar Tbk,Banten
06383d11,"Maryanto Wibisono, S.E.I","Psychologist, educational",PD Wastuti Tbk,Maluku
6988fa82,"Tgk. Widya Pranowo, M.Pd",Magazine journalist,UD Nasyiah Natsir,Kalimantan Utara
48468a0f,"Hamzah Zulkarnain, S.Psi","Scientist, clinical (histocompatibility and immunogenetics)",PD Fujiati Tarihoran,Bali
dc678eea,"Makuta Nuraini, S.I.Kom","Engineer, petroleum",UD Putra,Bengkulu
506e0266,Qori Maheswara,Dispensing optician,UD Adriansyah Mustofa,Kepulauan Bangka Belitung
5c4f9e74,Najwa Maheswara,Surgeon,UD Farida (Persero) Tbk,Kalimantan Tengah
5f475e64,Puti Citra Kurniawan,Database administrator,PT Maheswara Yuniar Tbk,Banten
528c9e87,dr. Laila Uyainah,Therapeutic radiographer,Perum Suartini Mayasari (Persero) Tbk,Kalimantan Tengah
47be0b8a,Puti Winarno,Personal assistant,CV Pangestu (Persero) Tbk,DI Yogyakarta
4db3f47d,"drg. Caket Farida, S.T.",Television production assistant,Perum Yolanda Lazuardi (Persero) Tbk,Sumatera Utara
9bed3c35,"KH. Kasiran Budiman, M.M.","Surveyor, minerals",UD Sitompul (Persero) Tbk,Jawa Timur
84074ff8,Cut Sakura Mahendra,Customer service manager,UD Handayani Firgantoro,Papua
b0d73e7e,Cut Lintang Pangestu,Administrator,UD Hariyah Mayasari Tbk,Kepulauan Riau
19c0db40,drg. Farhunnisa Nasyiah,"Education officer, community",PD Siregar,Kalimantan Utara
3eaa6684,"Wulan Puspita, S.Farm","Lecturer, higher education",PD Nugroho,Riau
42ef6769,Maria Rajasa,Lawyer,UD Santoso,Kalimantan Selatan
c23e5cc2,"Ani Budiyanto, S.IP",Sports coach,PT Yolanda,Jawa Timur
71cf7b8a,R.A. Devi Fujiati,Further education lecturer,PT Utama Tbk,Nusa Tenggara Timur
22a77c0d,Farah Fujiati,"Administrator, charities/voluntary organisations",PT Puspasari (Persero) Tbk,Sulawesi Tenggara
0cbba06d,Gambira Narpati,Banker,UD Kusumo Utama (Persero) Tbk,Sulawesi Utara
89a21936,Edward Pratama,Museum/gallery exhibitions officer,UD Wacana Situmorang,Kalimantan Barat
7aa47cbd,Humaira Uwais,Toxicologist,PT Dabukke Saptono,DI Yogyakarta
596e4f94,dr. Edi Manullang,"Surveyor, insurance",UD Maryati Habibi (Persero) Tbk,Kalimantan Barat
ec399c65,Kunthara Gunarto,Osteopath,Perum Simbolon,Jambi
084555f5,R.M. Kairav Siregar,Art gallery manager,Perum Wacana,Kalimantan Tengah
38235bd6,Sutan Eko Mahendra,Patent examiner,CV Zulkarnain Tarihoran Tbk,Banten
4515466c,Sutan Wawan Fujiati,Lobbyist,Perum Agustina (Persero) Tbk,Kepulauan Bangka Belitung
389e5c66,dr. Azalea Saptono,Editorial assistant,PD Situmorang (Persero) Tbk,Sulawesi Selatan
8ffd1cbc,"dr. Karen Hutapea, S.Pd",Financial adviser,PD Yulianti Kuswandari (Persero) Tbk,Papua Barat
a07277bf,Dr. Zamira Nasyidah,Chief Strategy Officer,PD Nugroho Narpati (Persero) Tbk,Kalimantan Barat
f0ab78d2,Agnes Hariyah,Chief Strategy Officer,PT Marbun (Persero) Tbk,Jambi
919b9855,Dr. Raisa Rajasa,Writer,PD Usada Dabukke Tbk,Jawa Tengah
8dbac966,Cut Salimah Mansur,"Nurse, learning disability",PD Wijayanti,Jambi
5515014b,Dr. Kawaca Riyanti,Contracting civil engineer,PD Puspasari Adriansyah (Persero) Tbk,Jawa Tengah
501cd388,dr. Victoria Setiawan,Tax adviser,PD Pudjiastuti Wacana,Maluku
991d5102,"Harto Widodo, M.TI.","Designer, interior/spatial",UD Wijayanti Kusumo,Banten
821ed6f6,Bakiman Anggraini,"Psychologist, sport and exercise",Perum Farida (Persero) Tbk,Gorontalo
1fa242e9,Bakiman Pradipta,Hydrographic surveyor,Perum Pangestu Nasyiah,Jambi
431350ec,Dimas Hutapea,"Scientist, forensic",PD Permata,Gorontalo
b58184ca,H. Gangsa Yolanda,Arts development officer,PT Pertiwi (Persero) Tbk,Sumatera Selatan
20f91f15,Titi Laksita,Chief Marketing Officer,UD Kusumo Hariyah (Persero) Tbk,Sulawesi Selatan
44203504,Aurora Puspasari,Print production planner,CV Hutagalung Hassanah (Persero) Tbk,Maluku
7a943d7f,Talia Sihombing,"Nurse, learning disability",CV Handayani Saputra,Bali
89c73a19,Latika Hakim,Advice worker,UD Firgantoro Usamah (Persero) Tbk,Maluku
d4e87a82,Gandi Hartati,"Engineer, energy",Perum Gunawan Prasetyo (Persero) Tbk,Kalimantan Utara
11b1bd4c,Gatra Natsir,Pensions consultant,Perum Padmasari (Persero) Tbk,Kalimantan Timur
6fa1b107,"Dr. Gabriella Rahayu, M.Kom.",Youth worker,PT Adriansyah Putra Tbk,Nusa Tenggara Timur
c9550457,Dinda Wastuti,Psychiatric nurse,CV Widiastuti Halim Tbk,Sumatera Barat
0dbc92d6,"Oliva Sirait, S.E.I",Estate manager/land agent,PT Anggriawan Mustofa (Persero) Tbk,Kalimantan Timur
e0e7fa27,Icha Farida,Computer games developer,CV Damanik Hutapea,Papua
b5598769,Kasim Hidayanto,Geoscientist,PT Hutapea Tbk,Sulawesi Barat
63eb3cd2,Talia Aryani,Oceanographer,UD Kuswandari,DI Yogyakarta
fb6e0315,"Puji Sirait, M.Pd",Educational psychologist,CV Tampubolon Nugroho (Persero) Tbk,Sumatera Barat
169923c7,Hj. Cinta Purwanti,Building surveyor,UD Pranowo Pradipta,Gorontalo
d76d6840,Jasmani Samosir,Higher education lecturer,UD Astuti Tbk,Kalimantan Tengah
1fad8459,"Drs. Pranawa Tamba, M.Kom.",Commercial/residential surveyor,PD Nasyidah,Riau
46252947,"dr. Caket Wahyudin, S.IP","Psychologist, counselling",Perum Tampubolon (Persero) Tbk,Kepulauan Riau
d4aa81b0,Dasa Maryadi,"Engineer, civil (consulting)",PD Padmasari Wacana Tbk,Sulawesi Selatan
a6406ca1,"drg. Emil Simbolon, S.Pt",Medical illustrator,CV Lestari,Sulawesi Selatan
674572df,Harjaya Hartati,Company secretary,CV Jailani Waskita Tbk,Sumatera Barat
84bdf9d2,"Intan Pudjiastuti, S.E.",Nature conservation officer,Perum Kusumo Maulana,Kalimantan Utara
1a342fc3,Sari Astuti,Product designer,UD Mahendra Sinaga (Persero) Tbk,Sulawesi Utara
d033bd98,Margana Latupono,"Designer, industrial/product",UD Prakasa Dongoran Tbk,Sulawesi Tengah
ded22167,"drg. Nasrullah Thamrin, M.Ak","Surveyor, planning and development",CV Aryani Anggriawan,Jawa Tengah
c9c6065e,R. Diana Saefullah,Estate agent,PD Narpati,Jawa Barat
fc0b0027,Salsabila Marbun,Land/geomatics surveyor,UD Pangestu Nasyidah,Sumatera Barat
6f31089a,Bella Kusmawati,Counselling psychologist,Perum Tarihoran,Sulawesi Tengah
96d6f99d,"drg. Laras Andriani, M.Pd",Ecologist,PT Nasyiah Tbk,Sumatera Utara
3d296c9a,"Prabowo Kurniawan, M.TI.",Drilling engineer,CV Sitompul Hutapea,Nusa Tenggara Timur
f3c99825,"Cakrawala Pudjiastuti, S.E.I",Community pharmacist,Perum Simbolon Lailasari,Maluku
8585ece1,"Bakda Suartini, M.Ak",Geoscientist,PT Lestari Sihombing,Sulawesi Barat
9beb2cbd,"Victoria Mustofa, M.Kom.",Television floor manager,UD Waskita,DKI Jakarta
c754795c,Pia Prasetyo,Contractor,Perum Suartini Tbk,Kepulauan Riau
5c5000b9,"Dian Farida, M.Ak",Computer games developer,PT Prasetya Winarsih (Persero) Tbk,Papua
6cb5e436,Jagaraga Permadi,"Designer, jewellery",UD Pratama Safitri (Persero) Tbk,Bali
cb8b0afa,Halima Usada,Environmental health practitioner,UD Manullang Prastuti,Sumatera Barat
cec672e7,Purwa Zulkarnain,"Administrator, charities/voluntary organisations",Perum Sihombing Tbk,Maluku
a874e642,H. Ajimin Padmasari,"Surveyor, land/geomatics",PT Narpati Tbk,Kalimantan Tengah
cdd9bbaa,Yuni Megantara,Trade union research officer,UD Santoso (Persero) Tbk,Kalimantan Barat
4792b9bf,Karya Widiastuti,Trade union research officer,PD Adriansyah,Sumatera Selatan
3b72e11d,Purwadi Hariyah,Radio producer,Perum Sirait (Persero) Tbk,Kalimantan Tengah
8e3121cf,"Kasiyah Prakasa, S.Farm",Immunologist,UD Rajata Tbk,Jawa Tengah
cd95db81,Sadina Hartati,"Exhibitions officer, museum/gallery",UD Maryadi,DI Yogyakarta
c01c9e6c,Dr. Malika Haryanti,Cabin crew,Perum Winarsih Wibisono (Persero) Tbk,Sumatera Selatan
b77854e1,"Cut Rahmi Hidayanto, S.E.",Photographer,Perum Yolanda Mangunsong (Persero) Tbk,Jambi
159b8d1f,Laras Nababan,Product manager,Perum Adriansyah,Riau
d04737e8,Raina Irawan,Clinical molecular geneticist,CV Palastri,Kalimantan Timur
0ccf75dc,Salsabila Jailani,Merchant navy officer,UD Permadi (Persero) Tbk,Jawa Tengah
47631421,"Kania Prasetya, S.Gz","Surveyor, land/geomatics",Perum Najmudin,Jawa Tengah
382709e6,"Dono Gunarto, S.Ked","Doctor, general practice",UD Sitompul Pradipta (Persero) Tbk,Jambi
fc4627b4,Devi Susanti,Personal assistant,UD Sirait Putra,Lampung
55f2547f,"R.M. Ilyas Mandasari, S.I.Kom",Tree surgeon,PT Andriani Wibowo (Persero) Tbk,Sulawesi Barat
36f1e44d,Hendra Halimah,Trade mark attorney,PD Wijayanti Tarihoran (Persero) Tbk,Sulawesi Tenggara
218231bd,Daliman Pertiwi,Race relations officer,Perum Nainggolan Hidayat,Maluku Utara
acd2e326,"Waluyo Wijayanti, S.Sos",Social worker,CV Megantara (Persero) Tbk,Nusa Tenggara Barat
949ffdd8,Dt. Karman Suwarno,Geophysical data processor,PD Haryanto Dabukke (Persero) Tbk,Kepulauan Bangka Belitung
0aefe213,"Drs. Purwa Suwarno, S.I.Kom",Community pharmacist,PT Suryatmi Kusmawati,Sulawesi Selatan
32b4495c,Raina Maryati,"Teacher, English as a foreign language",PT Dongoran Dabukke (Persero) Tbk,Gorontalo
1d4490f6,Syahrini Kusmawati,"Engineer, civil (contracting)",UD Kuswandari,Sulawesi Utara
98fe0568,Ega Suartini,Civil Service administrator,Perum Pudjiastuti,Sulawesi Tengah
deace338,"Ade Novitasari, M.M.","Administrator, Civil Service",CV Yolanda Mangunsong Tbk,Sumatera Utara
9f48899b,Najib Namaga,Sales executive,Perum Ardianto Wijaya Tbk,Sulawesi Tenggara
8aa35942,Irnanto Usamah,Private music teacher,Perum Sitorus Thamrin,Kepulauan Bangka Belitung
909dccbf,Usman Marbun,Art therapist,PD Oktaviani,Nusa Tenggara Barat
2c8fdb37,"Raina Rahimah, S.T.","Librarian, academic",PD Nashiruddin Uyainah,DKI Jakarta
30ddafd5,Jelita Nashiruddin,Rural practice surveyor,CV Budiman Wahyuni,Nusa Tenggara Barat
449f4630,Gamani Nurdiyanti,Bonds trader,CV Rahimah Rajata Tbk,Kalimantan Barat
c4fb07ff,"Genta Tampubolon, M.Pd","Scientist, product/process development",PD Tampubolon Sinaga (Persero) Tbk,Sulawesi Selatan
9ba02eea,Cakrabuana Fujiati,Armed forces technical officer,PD Hidayanto,Sumatera Barat
08260c06,Saadat Jailani,Photographer,PD Nababan,Kalimantan Utara
bb60c469,Qori Wasita,Contracting civil engineer,CV Wijayanti,Papua
e9b21fa1,"Ganjaran Wibowo, M.M.",Production engineer,Perum Mangunsong Wacana Tbk,Sumatera Selatan
abf14298,"Chelsea Yuniar, S.Kom",Banker,Perum Agustina Tarihoran (Persero) Tbk,Sumatera Utara
2f41cc9d,"Hj. Yuni Nashiruddin, S.Psi",Regulatory affairs officer,UD Prastuti Hutagalung,Jawa Tengah
35e5c599,Jaeman Palastri,International aid/development worker,CV Yolanda,Nusa Tenggara Barat
32801f02,Tgk. Kani Anggraini,Museum education officer,CV Hutagalung,DKI Jakarta
1272322c,Arta Kusmawati,Writer,UD Siregar Maryati Tbk,Maluku Utara
93767aca,Patricia Najmudin,Community development worker,Perum Budiman,Kalimantan Utara
42ca1822,Muni Wijaya,Chartered legal executive (England and Wales),UD Najmudin Mandala,Kalimantan Utara
499dd18a,"Ir. Prabawa Waskita, S.Psi","Engineer, electrical",CV Irawan Mustofa,Papua Barat
1207ad0d,Argono Hastuti,Estate manager/land agent,UD Halim,Sumatera Barat
0b2eaad8,"Drs. Kawaca Siregar, M.M.",TEFL teacher,PD Nasyiah Pradipta,Jawa Timur
d0f0f632,"Cut Patricia Gunarto, S.Farm",Quarry manager,CV Nasyidah Waskita,Riau
a477d239,Bambang Pranowo,"Geologist, wellsite",PD Halim Tbk,Kepulauan Bangka Belitung
51297511,Ghani Budiman,Pharmacologist,PT Rahayu Napitupulu Tbk,Jawa Tengah
6314f0b3,"R. Elvina Permata, S.Ked","Psychologist, occupational",CV Namaga Pradana Tbk,Bali
6b3bccbb,Septi Farida,Ambulance person,PD Rahmawati Wacana (Persero) Tbk,Aceh
fd3e630f,"Maria Mardhiyah, S.Sos","Designer, multimedia",PT Hutasoit Tbk,Sulawesi Tenggara
c6c52d5d,Restu Habibi,Computer games developer,PT Nainggolan Mulyani,Kalimantan Utara
18a9f226,Banara Usada,Science writer,PD Mangunsong Marbun (Persero) Tbk,Sumatera Selatan
13339ad5,"Laras Sihombing, M.Farm","Embryologist, clinical",CV Najmudin,Lampung
2b4b7c94,"Bakiono Januar, M.Pd","Presenter, broadcasting",PD Purwanti,Sumatera Selatan
eb92764e,"Syahrini Gunawan, S.E.I",Ranger/warden,Perum Ardianto,Sulawesi Tenggara
9fee76b8,Ilsa Lazuardi,Advertising account planner,PT Widodo,Jawa Timur
390874a3,Laswi Maryati,Copy,CV Andriani (Persero) Tbk,Nusa Tenggara Barat
a92731b0,Ir. Rahmi Winarno,Minerals surveyor,PD Nashiruddin Halimah,Kalimantan Utara
8fc5b379,Gatot Situmorang,Airline pilot,PT Pradipta Suartini (Persero) Tbk,Sulawesi Barat
cfdc0f64,Paramita Widiastuti,Customer service manager,Perum Hutapea,Banten
f24ac3f6,Icha Laksmiwati,Stage manager,PD Pranowo,Kalimantan Timur
1ab6012c,Edward Mustofa,IT sales professional,PT Utama Tbk,Sulawesi Barat
433122ef,Zelaya Yolanda,Holiday representative,PT Halimah Tbk,Bali
c6725a0d,Simon Simanjuntak,"Engineer, chemical",PT Prayoga,Jawa Timur
d84db60a,Embuh Najmudin,Chartered legal executive (England and Wales),Perum Purnawati (Persero) Tbk,Jawa Barat
e9fef7bb,Jamalia Prasasta,Plant breeder/geneticist,PD Handayani,Bali
be6ec084,"Dartono Wulandari, S.E.I","Sound technician, broadcasting/film/video",PD Maryati,Jambi
82e3d111,R. Silvia Wibowo,Facilities manager,PT Wibowo Tbk,Papua
7269660a,Tantri Pratama,Soil scientist,PT Permadi Saptono Tbk,Kepulauan Bangka Belitung
5d122168,Ir. Karta Suryatmi,Writer,Perum Wulandari Tbk,Riau
9b4cca0e,"dr. Shania Sihombing, M.TI.",Research scientist (medical),UD Hutagalung Tbk,Kalimantan Utara
80bd61ef,"Wakiman Wibowo, M.TI.",Furniture designer,PD Mayasari (Persero) Tbk,Lampung
a51b0020,"Okta Hakim, S.E.",Fashion designer,Perum Permata Simbolon Tbk,Papua
04c79092,"R. Agnes Rajata, M.Ak",Pension scheme manager,PT Namaga (Persero) Tbk,Gorontalo
f6a8b271,Caturangga Wastuti,Radio producer,PT Rahimah Oktaviani Tbk,Nusa Tenggara Timur
ee27ce19,Edison Novitasari,Film/video editor,PT Marpaung,Kalimantan Utara
e888f78d,Putri Wasita,"Administrator, local government",PD Pudjiastuti Tbk,Kalimantan Tengah
5592793c,dr. Nasrullah Wibowo,Commercial horticulturist,Perum Prabowo Tbk,Jawa Barat
f4f433ea,Bakda Prakasa,Museum/gallery curator,PT Situmorang Mansur Tbk,Sumatera Utara
4c5cef7e,"Candrakanta Usamah, S.Kom",Accommodation manager,UD Ramadan Latupono,Bengkulu
b6b1d59b,Kasiran Firmansyah,"Geneticist, molecular",Perum Mansur,Kalimantan Selatan
d2a6322b,Teguh Farida,Field trials officer,Perum Tarihoran,DKI Jakarta
e3ec9e53,Cakrawangsa Nashiruddin,Radiation protection practitioner,PT Palastri Puspasari,Sulawesi Tengah
276b3d0a,Siska Pangestu,"Designer, fashion/clothing",Perum Widodo Hutagalung,Kepulauan Bangka Belitung
1f61371a,"Drs. Dinda Laksita, S.Ked",Education administrator,PT Mardhiyah Tbk,Kalimantan Timur
4c4b3e85,Taswir Haryanto,Curator,Perum Jailani Haryanto,Jawa Barat
18365cef,Hj. Shakila Mandasari,"Scientist, clinical (histocompatibility and immunogenetics)",UD Samosir Nurdiyanti Tbk,Kalimantan Timur
a037352f,"Zelda Tampubolon, S.Gz",Energy manager,CV Maulana Tbk,Kalimantan Utara
718339d3,"R. Jamal Puspita, S.E.",Accounting technician,PT Yolanda Waluyo (Persero) Tbk,Sulawesi Barat
8e8e382a,Ida Nababan,Tourism officer,PT Ramadan Firmansyah Tbk,Sumatera Utara
7c35c566,"Drs. Langgeng Hasanah, S.Farm","Teacher, adult education",CV Padmasari Mardhiyah Tbk,Jawa Tengah
7cc43441,Cakrabuana Mahendra,"Conservator, museum/gallery",PD Winarsih Tbk,Jawa Tengah
780a04bd,Prayoga Melani,"Engineer, maintenance",Perum Wijayanti Tbk,Jawa Tengah
e127775c,Kuncara Samosir,"Engineer, mining",PD Laksita Yulianti Tbk,Kalimantan Utara
45a58428,"dr. Farhunnisa Novitasari, M.Kom.",Dietitian,PD Mayasari,Sulawesi Barat
9eb66cec,"Galak Utami, S.Pd",Transport planner,PD Dabukke Susanti,Maluku Utara
810962d4,"R.A. Talia Astuti, S.Psi",Radio broadcast assistant,Perum Namaga Padmasari,Kepulauan Bangka Belitung
e3659906,Ghaliyati Zulkarnain,Chief Executive Officer,UD Santoso (Persero) Tbk,Sumatera Selatan
a93aab4e,Okto Pradana,Materials engineer,PD Rajata Nababan Tbk,Bali
2f3e8f0c,"Ir. Fitria Yuliarti, S.Pd",Soil scientist,UD Hutagalung Tbk,Kepulauan Riau
82815bbc,Jasmani Usamah,"Conservator, furniture",CV Uyainah Permata Tbk,Bali
784a1768,Oliva Pradana,Clinical biochemist,UD Widodo,Nusa Tenggara Barat
4bb4688f,Panca Winarsih,"Editor, commissioning",UD Mulyani Tbk,Kepulauan Bangka Belitung
8fb50bea,Asmadi Hutagalung,"Surveyor, commercial/residential",PD Kusumo Manullang,Aceh
8355d6a4,Ir. Puput Hassanah,Data processing manager,PT Gunarto Tbk,Sumatera Selatan
e333b7d5,Dt. Bakiadi Suryono,"Teacher, music",PD Sinaga Tbk,Sumatera Selatan
9d3b51e4,Cinta Samosir,"Engineer, manufacturing systems",PT Susanti Andriani (Persero) Tbk,Banten
0903cb32,"Bakda Astuti, S.Pt",Art gallery manager,PT Pratama,DI Yogyakarta
b9d94fd7,Taufik Maheswara,Conference centre manager,CV Laksmiwati Fujiati Tbk,Bengkulu
bf8072d6,Hana Sihombing,Materials engineer,Perum Simanjuntak Tbk,Sulawesi Tenggara
8a957a1c,Septi Laksmiwati,"Radiographer, therapeutic",PT Sihotang Wijaya (Persero) Tbk,Kalimantan Tengah
7b5aab57,"Puspa Ardianto, S.Pd",Armed forces operational officer,PT Putra Tbk,Gorontalo
f3a764d3,Estiono Pudjiastuti,Arts administrator,CV Sihotang Widiastuti,Bengkulu
54cfd01a,Kairav Suartini,Tourist information centre manager,CV Siregar Marpaung Tbk,Nusa Tenggara Barat
57b83131,"Tgk. Puji Hassanah, S.I.Kom","Administrator, education",PD Kuswandari,Sulawesi Barat
9a3e7096,"Sutan Reza Prasetya, S.Psi","Engineer, broadcasting (operations)",PD Nashiruddin Nainggolan,Gorontalo
0e110ba7,Unggul Mansur,Biomedical engineer,PD Halim Siregar,Nusa Tenggara Timur
8f803649,Nurul Aryani,"Radiographer, diagnostic",PT Situmorang Tbk,Banten
da4f1d85,Uchita Nainggolan,"Engineer, control and instrumentation",PD Permadi Habibi Tbk,Lampung
570ef631,Tina Januar,Industrial buyer,UD Oktaviani Putra,Kepulauan Riau
fff44e61,"Xanana Maheswara, S.Gz",Insurance underwriter,PT Waskita Rahayu (Persero) Tbk,Sumatera Selatan
465124b7,"Yance Kusmawati, M.Ak","Education officer, community",UD Hidayanto,DI Yogyakarta
e09969c6,Himawan Kurniawan,Arboriculturist,PT Anggraini Hakim Tbk,Jawa Timur
897cef95,H. Kariman Hutagalung,Manufacturing systems engineer,CV Hartati Maryati Tbk,DKI Jakarta
cd12dc82,"dr. Uli Laksita, M.TI.","Engineer, electronics",Perum Sitorus (Persero) Tbk,Sumatera Utara
8f2c02ef,"Rosman Zulkarnain, S.Kom",Public librarian,PT Pratama,DI Yogyakarta
dcc8a672,Anastasia Wahyudin,"Teacher, music",PD Puspita,Gorontalo
343e757f,T. Uda Hidayanto,Operational investment banker,CV Nashiruddin Purwanti (Persero) Tbk,Maluku Utara
0a8d2e0d,Tgk. Putri Wijaya,Therapeutic radiographer,PT Samosir Tbk,Aceh
e77685ff,Nadia Maheswara,"Development worker, community",PD Marbun Budiyanto Tbk,Sumatera Selatan
dbb082b7,Agnes Mandala,Artist,UD Napitupulu Tbk,Bali
4e6d41a8,Uchita Latupono,Newspaper journalist,UD Andriani (Persero) Tbk,Sulawesi Selatan
0f68821b,Cut Tantri Pangestu,Music therapist,Perum Yuliarti Tbk,Kalimantan Utara
af89e824,"Titi Gunarto, S.H.",Marine scientist,CV Purwanti Saefullah,Kalimantan Selatan
b2e5fdbe,"Sutan Kunthara Mustofa, S.Gz",Social researcher,UD Pranowo,Nusa Tenggara Barat
e190516b,Zaenab Marpaung,Technical brewer,Perum Kusmawati,Sulawesi Barat
6523c659,"Saadat Januar, S.E.I","Sound technician, broadcasting/film/video",PT Hariyah Safitri,Sumatera Barat
5401a8c5,Anita Haryanti,Film/video editor,UD Laksita Tbk,Maluku
86f08ab7,Zelaya Dabukke,Phytotherapist,Perum Permadi Rahimah,Banten
493b9d8b,"Ir. Cahyadi Wibisono, S.H.",Audiological scientist,CV Gunarto Usamah,Sumatera Selatan
bfa55346,Enteng Iswahyudi,Land/geomatics surveyor,CV Gunarto,Sulawesi Tengah
4f7e4813,Ayu Siregar,Health promotion specialist,PT Permadi Zulkarnain (Persero) Tbk,Banten
5c325ce7,Samiah Farida,"Programme researcher, broadcasting/film/video",PD Kusumo (Persero) Tbk,Kalimantan Timur
18b6ad39,Queen Gunawan,Personal assistant,CV Santoso Zulaika (Persero) Tbk,Kalimantan Barat
63b04a93,Drs. Hafshah Kurniawan,"Teacher, special educational needs",CV Prasetya Tbk,Papua
88e07ec0,Kayla Prasetyo,Tourism officer,UD Gunawan Tbk,Sulawesi Tenggara
d1fd38d4,"Mursita Uyainah, S.Ked",Furniture conservator/restorer,PD Hassanah Gunawan Tbk,Kepulauan Riau
6d06bd70,Jane Irawan,Ophthalmologist,UD Prasetya Nainggolan,Sulawesi Utara
6b7a089f,"Carla Lestari, M.TI.","Surveyor, commercial/residential",Perum Uwais,Sulawesi Selatan
29f5013c,"Estiono Sinaga, M.Kom.","Radiographer, therapeutic",PT Prabowo (Persero) Tbk,Jawa Timur
9933d2ed,Wahyu Uwais,"Teacher, early years/pre",PT Permadi Mandala,Jambi
62f62b7a,"Jinawi Manullang, S.I.Kom","Scientist, research (physical sciences)",PD Sihotang Tbk,Banten
ecddf942,R.M. Kambali Haryanto,Ceramics designer,Perum Sirait,Kalimantan Barat
0a297c00,"KH. Hari Sinaga, M.Kom.","Accountant, chartered certified",UD Dongoran,Maluku Utara
84af21f6,Ghaliyati Winarno,Ship broker,UD Maheswara,Kalimantan Utara
c8b53a12,Luwar Dongoran,"Designer, interior/spatial",Perum Palastri,Aceh
31f0628e,Laksana Wahyudin,Financial planner,CV Setiawan Simanjuntak,Jawa Tengah
5b9c98a0,"Hj. Dinda Sitorus, S.Kom",Geochemist,UD Winarsih Pangestu,Nusa Tenggara Barat
5c29e8ec,"Ir. Kezia Firgantoro, S.E.I",Logistics and distribution manager,UD Handayani,Papua
62e9366b,Ghani Rahmawati,TEFL teacher,PT Wahyudin Siregar Tbk,Nusa Tenggara Timur
a74718a9,dr. Tomi Mahendra,"Restaurant manager, fast food",PT Purnawati Wasita Tbk,Kalimantan Tengah
b93bf273,"Sutan Prabu Hariyah, M.Pd",Emergency planning/management officer,UD Nurdiyanti (Persero) Tbk,Sulawesi Barat
c647e381,Paiman Januar,Operational investment banker,CV Prasasta Tbk,Maluku
ca658d8e,Yuni Budiman,Museum/gallery curator,Perum Yuniar Kurniawan (Persero) Tbk,Jawa Tengah
7f2d3a07,"Eko Maheswara, S.H.",Information officer,UD Nashiruddin Purwanti,DI Yogyakarta
cc9c1726,Eli Hidayanto,Insurance risk surveyor,CV Hardiansyah,Gorontalo
157b3440,"Harjasa Maheswara, M.Pd","Research officer, trade union",CV Rajata Permata,Sulawesi Tenggara
65c6f559,Dina Widodo,Hotel manager,Perum Purnawati Tbk,Bali
11dbb2de,Ganda Nurdiyanti,Chemical engineer,PT Prabowo Manullang,Sumatera Utara
bfc026f3,Ir. Rika Suartini,Financial trader,UD Simanjuntak Laksmiwati (Persero) Tbk,Sumatera Barat
35a4994a,Dt. Lanang Padmasari,"Designer, textile",PD Hassanah Nugroho (Persero) Tbk,Aceh
0cf19ac5,"Wisnu Wahyuni, S.H.",Water engineer,PT Yuliarti,Maluku
3e4c7747,Raharja Rahmawati,Restaurant manager,UD Zulaika Farida (Persero) Tbk,Sulawesi Utara
28b8076e,Sidiq Lestari,Audiological scientist,CV Fujiati Maheswara (Persero) Tbk,Sulawesi Tenggara
0dbb6314,"Imam Kusmawati, M.Farm",Environmental health practitioner,UD Palastri (Persero) Tbk,Kepulauan Riau
5a8f42df,"Humaira Mulyani, S.I.Kom",Musician,PT Saragih (Persero) Tbk,Riau
ffb9c5fa,R. Nurul Yolanda,"Designer, jewellery",Perum Wulandari Sinaga Tbk,Papua
663fb0b3,Satya Jailani,Clinical research associate,CV Suryono (Persero) Tbk,Riau
8e18ab12,Eja Permata,"Radiographer, therapeutic",CV Firgantoro Tbk,Sumatera Barat
84055c8d,Yulia Suwarno,Diagnostic radiographer,PT Sihombing Irawan Tbk,Kalimantan Barat
f81ba5b4,Puti Salimah Usada,"Therapist, music",Perum Waluyo Nuraini (Persero) Tbk,Kepulauan Bangka Belitung
04ce3fda,Cawuk Novitasari,"Scientist, physiological",UD Padmasari Rahayu (Persero) Tbk,Sumatera Selatan
3b26b017,"H. Bahuwarna Usada, S.E.I","Nurse, learning disability",CV Wulandari Tbk,Lampung
19b83359,Reza Maulana,Physiotherapist,PT Gunawan Tbk,Jambi
86b99f8f,Xanana Hidayat,Insurance account manager,UD Wibowo,Banten
6946c292,"R. Natalia Novitasari, S.Farm",Ranger/warden,UD Rahayu (Persero) Tbk,Kalimantan Utara
57505bde,Uli Prasasta,"Administrator, charities/voluntary organisations",PD Waskita Halimah,Gorontalo
bd0ce650,Olga Widodo,Physiotherapist,CV Usada Hidayat Tbk,Kalimantan Timur
da2cde4d,Suci Prasasta,"Accountant, chartered",PT Hutasoit Novitasari,Papua
5336c48c,Ulya Sihombing,Equality and diversity officer,CV Samosir Kuswoyo (Persero) Tbk,Nusa Tenggara Barat
cd2cf0f6,"T. Danang Purwanti, S.Kom",Exercise physiologist,PD Maryati (Persero) Tbk,Maluku Utara
cc941c2c,Adhiarja Handayani,Haematologist,UD Rahimah,Sumatera Selatan
989d04d8,"Ir. Radika Fujiati, S.E.I",Risk manager,PT Yuniar Adriansyah,Gorontalo
7a4c6c85,Ir. Raisa Samosir,"Civil engineer, contracting",PD Sitompul Yulianti,Sulawesi Barat
087d0aab,"Puji Ramadan, S.Kom",Fisheries officer,CV Saptono Prasasta,Kalimantan Timur
7a62a5a9,"Dwi Nugroho, S.Farm","Accountant, chartered certified",CV Sihotang,Riau
69816f56,Virman Siregar,Solicitor,UD Yuliarti Waluyo,Riau
1a471d5d,Laksana Iswahyudi,"Scientist, marine",Perum Manullang Widodo (Persero) Tbk,DKI Jakarta
5f2ad5ac,Pandu Safitri,Paediatric nurse,PD Lestari Najmudin,Kalimantan Tengah
56d727ef,Ade Rahayu,"Designer, jewellery",PT Wahyuni Prayoga Tbk,Sulawesi Selatan
95c8ea39,Langgeng Rajasa,Energy engineer,PD Safitri Tbk,Kalimantan Tengah
5a2a9ac6,"T. Eluh Kuswandari, S.Psi","Programmer, applications",PD Oktaviani,Maluku
19a6b752,Emong Mardhiyah,"Chemist, analytical",PT Salahudin Iswahyudi,Papua Barat
3b944f00,Lalita Nainggolan,"Production designer, theatre/television/film",Perum Haryanti,Kalimantan Tengah
b5a72d9a,Sarah Sihombing,Solicitor,UD Iswahyudi,Jawa Barat
7bb27518,"Bagas Maryadi, S.Kom",Trade union research officer,PT Mustofa,Nusa Tenggara Timur
ccf48dc2,"Dr. Edi Wahyuni, M.M.",Quality manager,Perum Budiyanto (Persero) Tbk,Sulawesi Tengah
0c59c5e9,Cahyadi Samosir,Paramedic,Perum Wasita Tbk,Lampung
3738cf79,Kayun Gunawan,Research scientist (life sciences),Perum Winarsih Melani (Persero) Tbk,Maluku
e391e3d5,Bala Zulaika,Animal nutritionist,PD Putra Tbk,Sumatera Selatan
21c62e87,Bella Puspita,"Administrator, local government",CV Saputra Tbk,Maluku Utara
f0c225f2,KH. Prakosa Latupono,"Engineer, energy",UD Aryani,Nusa Tenggara Timur
4d6708ee,Mutia Yuliarti,Barrister,PT Mandasari Handayani,Sulawesi Tengah
21babc67,Bakianto Kurniawan,"Surveyor, building control",PT Susanti,Kepulauan Riau
a4cd4900,Zamira Wastuti,Multimedia specialist,PD Firmansyah Napitupulu,Kalimantan Tengah
d42eb370,T. Hairyanto Kusmawati,Exercise physiologist,CV Saputra Prakasa Tbk,Maluku Utara
ec6d0bb6,Hartana Riyanti,"Scientist, physiological",PD Mustofa Agustina Tbk,Maluku
ee95baee,Estiawan Suartini,Medical physicist,PT Manullang Usada Tbk,Nusa Tenggara Barat
a7a6e2af,Ana Sihombing,Automotive engineer,PD Rajata Uyainah Tbk,Kalimantan Selatan
9d4a22b6,Devi Nababan,Advertising art director,UD Damanik (Persero) Tbk,Aceh
a355103c,"Banara Najmudin, S.Psi",Technical brewer,PT Simbolon Sudiati Tbk,DKI Jakarta
559e5be0,Lalita Kuswoyo,"Editor, film/video",PD Nurdiyanti Pangestu,Kalimantan Barat
c3d3d2b0,"R. Elma Suartini, S.T.",Learning disability nurse,Perum Zulaika Hartati,Papua
024af9f1,"Hartaka Samosir, M.Farm","Psychologist, occupational",PT Maulana Nuraini (Persero) Tbk,Sumatera Barat
dad5821b,Tiara Uyainah,Jewellery designer,UD Pudjiastuti Maheswara Tbk,Kalimantan Utara
3b7f18bb,"H. Irfan Januar, S.Psi",Immunologist,PD Melani Puspasari,Maluku Utara
ee2f5cd7,R. Genta Maryati,Toxicologist,PD Maryadi Tbk,Kalimantan Selatan
dc3fe038,Gabriella Astuti,IT consultant,UD Pratiwi Pertiwi,Kalimantan Barat
a5fb770f,Ir. Usyi Widodo,Television production assistant,CV Pradipta Dongoran (Persero) Tbk,Maluku
35bc7598,Aurora Hutasoit,"Geologist, wellsite",Perum Jailani (Persero) Tbk,Papua Barat
82f99fd4,Sabar Nuraini,Sub,PD Tamba Tbk,Riau
ad7800d9,Fitriani Putra,Immunologist,CV Prasasta,Riau
239ee64d,"drg. Mursita Sudiati, S.H.","Librarian, academic",PT Rahmawati Puspasari,Sumatera Selatan
da51d9c5,"Gada Mangunsong, S.Pt",Personal assistant,PD Wacana (Persero) Tbk,Jambi
c274b9d4,Bakda Narpati,Cytogeneticist,UD Mayasari Prasasta (Persero) Tbk,Maluku
58b0c35c,Kenes Nuraini,Heritage manager,PD Siregar,Papua Barat
f7200cad,"Vera Firgantoro, M.Farm",Advertising copywriter,CV Prasetyo Wibowo,Sumatera Selatan
925075ad,"drg. Amalia Laksita, S.Pd","Engineer, electronics",PD Jailani Tbk,Sumatera Barat
a3a7fffe,Olivia Thamrin,Clothing/textile technologist,Perum Saragih Tbk,DI Yogyakarta
b61db283,Panji Nababan,"Engineer, manufacturing systems",CV Wulandari Tbk,Bali
4933484b,Lukman Zulaika,Human resources officer,UD Puspita,Sulawesi Utara
381f8eb4,Mutia Megantara,"Administrator, charities/voluntary organisations",UD Maulana,Sulawesi Tenggara
4876fa8d,"Farhunnisa Permadi, S.Sos",Audiological scientist,UD Gunawan,Kalimantan Timur
440927b2,Kala Lazuardi,Risk analyst,UD Gunarto Tbk,Sulawesi Utara
8b146627,Olivia Ramadan,Intelligence analyst,Perum Lailasari Tbk,Sulawesi Tenggara
472d0c1a,Sutan Halim Pradipta,"Psychologist, sport and exercise",Perum Narpati Budiyanto (Persero) Tbk,Jawa Timur
2acd475f,"Dewi Pangestu, S.Pt",Community arts worker,CV Saefullah,Kepulauan Riau
dac683d4,Alika Setiawan,"Sound technician, broadcasting/film/video",UD Namaga Oktaviani,Papua
78c8563d,"T. Galih Damanik, S.Kom",Higher education lecturer,PD Haryanti Suartini,Riau
a064b030,Dr. Cager Safitri,Chartered public finance accountant,PD Latupono Winarno Tbk,Papua
c3973d3b,Abyasa Megantara,Agricultural engineer,UD Permadi (Persero) Tbk,Papua Barat
7bd6b4fa,R. Makara Mardhiyah,Barrister,UD Halim Tbk,Kepulauan Bangka Belitung
abf5715b,R.A. Widya Wijayanti,Water quality scientist,PD Permata,Kalimantan Selatan
4eb12e7a,Galur Kuswoyo,"Solicitor, Scotland",CV Januar Winarsih,Jawa Barat
1b426c73,"Indah Wibowo, M.M.",Lexicographer,Perum Usamah,Maluku Utara
7eb61c8a,Juli Yulianti,"Civil engineer, consulting",Perum Aryani Suryono Tbk,Papua Barat
382c8fce,"drg. Zelda Utama, S.Gz",Sports therapist,Perum Prabowo (Persero) Tbk,DKI Jakarta
eea6473f,Uli Kuswoyo,Sports coach,Perum Tampubolon,Sulawesi Utara
97862b14,KH. Najib Widiastuti,Hotel manager,UD Hastuti Tbk,Papua Barat
8059ad6d,"R.M. Harsanto Mandasari, S.Farm",Clinical psychologist,CV Nashiruddin Tbk,Jawa Timur
1edb6bed,"Bahuwarna Damanik, S.Kom",Hydrographic surveyor,CV Handayani Suryono (Persero) Tbk,Kalimantan Tengah
012bbeca,KH. Dariati Rajasa,Special educational needs teacher,PD Setiawan Tbk,Sulawesi Barat
d76c8668,"dr. Zalindra Suryono, S.Kom",Ophthalmologist,UD Nugroho Tbk,Kalimantan Tengah
83e26a6f,Nadia Hariyah,Careers information officer,PD Wastuti,Nusa Tenggara Timur
0b8ca955,"Cut Diah Nainggolan, M.Farm","Administrator, local government",UD Pertiwi Winarsih,Kepulauan Bangka Belitung
78c8ecdd,Lala Sudiati,Ceramics designer,UD Adriansyah (Persero) Tbk,Jawa Barat
cae4d067,"Natalia Ardianto, S.E.I",Community development worker,UD Iswahyudi,Sumatera Selatan
edaf7ff5,Adinata Zulaika,Teaching laboratory technician,CV Irawan Tbk,Aceh
affd8134,Jamalia Salahudin,Contracting civil engineer,UD Irawan Ardianto Tbk,Maluku Utara
b5ac4233,"Gaman Agustina, S.Farm",Homeopath,Perum Susanti,Jawa Timur
168984c8,Pranata Waluyo,"Pilot, airline",CV Nugroho,Jawa Timur
db8e81db,Dr. Fathonah Rahimah,Aid worker,PD Hutasoit Mustofa,Bali
933f1a0b,Citra Rahayu,"Surveyor, building control",PD Dabukke (Persero) Tbk,Kalimantan Utara
c45df126,Nadia Pradana,Furniture designer,PD Waskita,Nusa Tenggara Timur
e4ab37e8,Daliono Sudiati,Prison officer,UD Wahyudin (Persero) Tbk,Sumatera Selatan
be828df4,Anastasia Habibi,Sports development officer,PD Wastuti Irawan (Persero) Tbk,DKI Jakarta
af981c10,"Ir. Garan Sudiati, S.Ked",Early years teacher,PT Adriansyah,Maluku
4d95d2bb,"Indah Wahyuni, M.TI.",Estate agent,CV Permata Tbk,Banten
fc57585c,Garang Napitupulu,"Engineer, drilling",Perum Lailasari Purnawati Tbk,Sulawesi Utara
a27da6cc,Danu Kuswandari,Food technologist,UD Salahudin,Kalimantan Timur
4e332478,Bagiya Nashiruddin,Herbalist,Perum Rahmawati Tbk,Riau
6e5a9867,Danang Suryatmi,Dentist,Perum Maryati Yuniar,Gorontalo
3e0aabb1,Padma Firgantoro,Early years teacher,PD Firmansyah (Persero) Tbk,Kepulauan Riau
09d69374,"Pranata Adriansyah, S.Farm","Sales professional, IT",CV Santoso,Riau
f5908e56,"Rusman Budiyanto, S.T.",Risk manager,Perum Padmasari,Jambi
d1882c85,Mutia Anggraini,Nutritional therapist,Perum Hardiansyah Purnawati Tbk,DKI Jakarta
9c374f20,"dr. Alika Sirait, S.Kom",Financial adviser,PT Wijayanti Tbk,Jawa Tengah
998770af,Ani Nuraini,Firefighter,UD Simanjuntak,Jawa Timur
7e70e809,Vivi Nurdiyanti,"Therapist, nutritional",UD Mangunsong Saputra,Nusa Tenggara Timur
c4923487,"Zelda Anggraini, S.Gz",Ophthalmologist,CV Wibowo (Persero) Tbk,Nusa Tenggara Timur
339285a9,Lamar Saefullah,Special effects artist,PD Setiawan Wibisono,DKI Jakarta
2aeadb6b,Jail Waskita,"Surveyor, planning and development",UD Nuraini (Persero) Tbk,Jambi
10beb96d,"T. Waluyo Prasetya, S.Pd",Hospital doctor,UD Siregar Wibowo,Sulawesi Selatan
0195be45,Respati Purnawati,Dietitian,CV Utama,Kepulauan Riau
5822c25c,"T. Kambali Napitupulu, M.Kom.",Armed forces operational officer,CV Nurdiyanti,Kalimantan Tengah
5c2d9bc3,Unjani Kusumo,Photographer,UD Rajata,Bengkulu
72c42102,"Ir. Rina Iswahyudi, M.TI.","Runner, broadcasting/film/video",CV Sudiati,Sulawesi Selatan
3dd19aca,drg. Putu Prabowo,Social worker,Perum Thamrin Nurdiyanti Tbk,Jawa Barat
32c1b0ab,Dian Tampubolon,"Radiographer, diagnostic",PD Maryati Salahudin (Persero) Tbk,Nusa Tenggara Barat
1ae06161,"Gamani Maheswara, S.Pt",Financial manager,CV Suartini (Persero) Tbk,DI Yogyakarta
44b7b482,Usman Sihombing,Musician,PD Rajasa Puspasari (Persero) Tbk,Jambi
cf444eee,Lulut Widiastuti,Art gallery manager,UD Pangestu Tbk,Sumatera Utara
5b36328e,Dono Wulandari,Engineering geologist,Perum Prabowo,Papua Barat
5285d6e4,Shakila Rajata,IT trainer,UD Andriani Rajata,Papua Barat
29c63051,"dr. Kani Sitompul, S.Gz",Public affairs consultant,PD Damanik Simanjuntak Tbk,Kalimantan Timur
dab56705,"Edi Prabowo, S.I.Kom","Geologist, engineering",CV Yulianti,Bengkulu
13ac6e2e,Zelda Andriani,Logistics and distribution manager,UD Andriani Wibowo Tbk,Sulawesi Selatan
1c799be7,Nardi Sihombing,Catering manager,Perum Nababan (Persero) Tbk,Lampung
dfbda4ee,Tgk. Arsipatra Suartini,Local government officer,UD Agustina Tamba,Kalimantan Tengah
b9f3e6ec,Slamet Halim,"Scientist, product/process development",Perum Saputra Tbk,Sulawesi Barat
bb92fe8e,"Galang Sudiati, M.M.",Clothing/textile technologist,Perum Najmudin Manullang,Jawa Barat
20ededbc,"Dr. Lidya Safitri, M.TI.",Armed forces operational officer,CV Najmudin Uwais (Persero) Tbk,Jawa Timur
9aa05e04,Siska Nuraini,Product/process development scientist,PD Uyainah,Sumatera Barat
0bcdab86,Vivi Mahendra,Contracting civil engineer,CV Wasita Najmudin (Persero) Tbk,Nusa Tenggara Timur
903ca4de,Paiman Lestari,Armed forces logistics/support/administrative officer,PT Mangunsong Tbk,Kalimantan Utara
7bd85de0,Jessica Damanik,"Conservator, furniture",PD Wibowo Marbun,DKI Jakarta
c06ea172,Drs. Purwanto Thamrin,Industrial buyer,Perum Hasanah,Sulawesi Tenggara
8c381f54,Cengkir Uyainah,Chartered public finance accountant,UD Wibowo (Persero) Tbk,Nusa Tenggara Timur
2d882249,Nova Mardhiyah,Scientific laboratory technician,PT Riyanti Wulandari (Persero) Tbk,Kepulauan Riau
090905b6,Olivia Maulana,Health and safety inspector,UD Hassanah,Banten
43e064ba,Farah Yolanda,Social worker,UD Prabowo Sihombing,Sulawesi Tengah
96cf517c,"Belinda Maulana, M.Ak","Exhibitions officer, museum/gallery",UD Agustina Tbk,Papua Barat
63824cf8,Mariadi Dongoran,Podiatrist,PT Salahudin,Papua
a43070e8,Tedi Siregar,Geographical information systems officer,Perum Hassanah Tbk,Kalimantan Utara
1cd45c4a,Bancar Marpaung,Mental health nurse,PT Melani,Riau
3b25a3f6,Yosef Hastuti,Technical sales engineer,Perum Mahendra (Persero) Tbk,Kepulauan Bangka Belitung
1b7a4095,"dr. Diah Saragih, M.M.",Media planner,PD Prastuti Tbk,Gorontalo
6170bc22,Kamila Lailasari,Environmental education officer,CV Mangunsong Rahayu,Maluku Utara
fecf463a,Hafshah Aryani,Hydrologist,UD Yulianti,Jawa Tengah
681e6733,"Dr. Salman Mansur, S.Pt",Interpreter,UD Mardhiyah Prastuti,Sulawesi Barat
e5f35ecc,"dr. Ibrahim Safitri, S.Gz",Biomedical engineer,PD Anggriawan,Sulawesi Tenggara
144204d9,Tiara Puspita,Medical laboratory scientific officer,PD Wibisono Suryatmi Tbk,Maluku
1da24982,"Warsa Simanjuntak, M.Ak",Printmaker,PD Firmansyah Sitompul Tbk,Banten
c3502f90,Tgk. Diana Rahmawati,Textile designer,UD Maulana Wacana,Papua Barat
7529b874,Muhammad Utami,Museum/gallery curator,CV Napitupulu,Kalimantan Utara
09e9ccae,"Queen Pratama, S.Pt",Media buyer,PT Wibisono Situmorang,Maluku Utara
222ba437,Okto Agustina,Museum/gallery exhibitions officer,CV Anggraini Ardianto,Riau
284eab70,"Tgk. Padma Zulkarnain, M.Ak",Theatre director,PT Habibi (Persero) Tbk,Sulawesi Tengah
fb3645a7,"Tgk. Rina Usada, M.Pd",Music therapist,PD Widiastuti Mustofa Tbk,Kepulauan Riau
74a8c4fe,Jane Mansur,IT sales professional,CV Mangunsong Pudjiastuti,Maluku Utara
b5ec31e9,Oni Safitri,Corporate treasurer,Perum Puspasari Prasetyo (Persero) Tbk,Sulawesi Tengah
9ef0eb2f,"R. Restu Gunawan, S.H.","Engineer, materials",PT Nashiruddin,Bali
bcd9fa98,R.M. Indra Sinaga,"Designer, blown glass/stained glass",PD Damanik Rajata,Sumatera Barat
feb57eb3,Hj. Lintang Permadi,Hospital doctor,UD Budiyanto,Bengkulu
27bd2362,dr. Ratih Puspasari,Clinical research associate,UD Zulaika,Jawa Barat
874c6ad9,"Edi Marbun, M.Kom.",Podiatrist,CV Mustofa (Persero) Tbk,Sumatera Utara
f200f2ec,Ir. Gasti Narpati,Computer games developer,Perum Marpaung (Persero) Tbk,Jawa Timur
a5c7c899,"R.A. Devi Prasetya, S.E.I","Embryologist, clinical",CV Sihombing Sihombing (Persero) Tbk,Sulawesi Tengah
caea62b5,Raina Sudiati,"Scientist, research (medical)",UD Wastuti Hutasoit,Kalimantan Timur
f586f258,"Prasetyo Mardhiyah, S.H.",Chief Financial Officer,Perum Simanjuntak,Jawa Timur
71e0005a,"Rini Suartini, S.T.","Psychologist, sport and exercise",CV Wahyudin,Bali
97fcf2eb,Bakti Usada,Building surveyor,CV Oktaviani,Maluku Utara
0dae5cc8,H. Hartaka Dabukke,Advertising account executive,PD Sihombing,Kalimantan Timur
9d6a1ca9,Gatra Lestari,Manufacturing systems engineer,PT Kuswandari (Persero) Tbk,Lampung
62c86aa5,"Nalar Lailasari, S.Psi",Training and development officer,UD Kurniawan Tbk,Maluku Utara
a93482c6,"Dr. Ana Nasyiah, S.T.",Bonds trader,PD Hartati (Persero) Tbk,Nusa Tenggara Timur
6f82ab3a,Danuja Rajata,"Radiographer, diagnostic",PD Kusmawati Winarsih,Lampung
5f3e146a,"Harimurti Prakasa, S.Sos",Sub,CV Uwais,Sumatera Barat
27ae90c1,Latika Januar,Waste management officer,CV Najmudin Tbk,Jawa Barat
c895c689,Cahyono Wastuti,Environmental education officer,PD Natsir Zulkarnain Tbk,Jambi
7f0b7159,Unjani Winarsih,Publishing copy,UD Safitri,Papua
7a27c03b,Kasusra Saptono,Leisure centre manager,UD Usada (Persero) Tbk,Jawa Timur
303b8e2e,"Sutan Jaya Usamah, M.Ak","Therapist, occupational",CV Sihombing Wacana (Persero) Tbk,Kepulauan Bangka Belitung
553df190,"Victoria Hartati, S.Sos",Armed forces technical officer,Perum Pudjiastuti,Gorontalo
7cd954c1,Drs. Yoga Sitorus,Patent attorney,PT Megantara Permata,Aceh
1c73f32e,"Samsul Zulaika, S.Pt","Engineer, automotive",CV Prakasa Sihombing Tbk,Kepulauan Bangka Belitung
8f88ffc6,Winda Kurniawan,Magazine features editor,Perum Hutapea Budiman,Sulawesi Utara
4e3370dd,Paiman Prabowo,Adult guidance worker,CV Siregar,Bali
3fce569c,Endah Situmorang,Public house manager,PT Padmasari (Persero) Tbk,Bali
578f45e2,"Septi Permadi, S.Gz","Runner, broadcasting/film/video",PD Januar Tbk,Sulawesi Selatan
8cc9987b,Hilda Pangestu,Legal executive,Perum Hutagalung (Persero) Tbk,Nusa Tenggara Timur
30c4944a,Alambana Wijayanti,Drilling engineer,UD Fujiati Saefullah,Bali
7f449eb9,"Gaman Nababan, S.Gz",Research scientist (medical),UD Lailasari,Maluku
3fa969f9,Saadat Nasyidah,Retail banker,PD Susanti Melani,Sulawesi Tengah
36416859,Ani Gunawan,Naval architect,PD Wibowo Nasyidah,Sulawesi Selatan
1d8ddbcd,Gaduh Siregar,Sports development officer,PD Rajata Astuti,Kepulauan Bangka Belitung
a9557d27,Karta Pradana,"Programmer, multimedia",UD Hutagalung Pudjiastuti,Sulawesi Barat
fbd15aa1,"Bakda Rahimah, S.IP","Accountant, chartered certified",UD Purnawati Mahendra,Bali
c764ccf6,Sadina Wijayanti,Publishing rights manager,PD Zulaika (Persero) Tbk,Kalimantan Barat
d3f6a08f,"Cager Halimah, S.Kom",Higher education careers adviser,CV Halimah Haryanti Tbk,Jawa Timur
c4596c2f,Hamima Gunawan,"Designer, ceramics/pottery",UD Dabukke Tbk,Kepulauan Bangka Belitung
1de9f88c,Dt. Murti Utami,Illustrator,UD Hutagalung Maheswara,Kalimantan Utara
a65397ed,drg. Ghani Kuswandari,"Engineer, site",Perum Narpati,Jambi
0a56f99d,Karja Utami,Theatre stage manager,PD Prakasa,Bali
646b59d9,"Ir. Baktianto Megantara, S.Gz",Broadcast engineer,Perum Prayoga,Papua Barat
82d7504e,"Umay Simbolon, S.Gz",Water engineer,PD Nababan Tbk,DKI Jakarta
a1cb26e3,"Tgk. Bella Pranowo, S.E.I",Rural practice surveyor,PD Tarihoran Mandala Tbk,Kalimantan Tengah
c84695b1,"Asirwanda Mayasari, S.Psi",Cytogeneticist,CV Astuti Tbk,Nusa Tenggara Timur
0bc23cb8,"Najwa Gunarto, S.E.","Secretary, company",UD Laksmiwati Natsir,Gorontalo
c9503cc7,dr. Bakiono Kuswandari,Child psychotherapist,UD Saefullah Padmasari Tbk,Papua
62a6047d,Bagas Firmansyah,Claims inspector/assessor,PT Pertiwi Thamrin Tbk,Jawa Barat
ae3e2e5b,Malika Uwais,"Designer, jewellery",PD Tampubolon Samosir (Persero) Tbk,DKI Jakarta
e61d8d4a,Dagel Gunawan,Fitness centre manager,PT Zulkarnain,Kalimantan Timur
e935d63e,"Jaswadi Mandasari, M.Farm",Production engineer,Perum Usamah Pranowo,Jawa Tengah
5e7bcddd,Asirwanda Hidayat,"Conservation officer, historic buildings",PT Nuraini Salahudin,Nusa Tenggara Barat
310a6cfc,Kurnia Mustofa,"Engineer, structural",UD Manullang,Banten
b517f9d1,"Cici Mangunsong, M.Pd",Land,PT Wibisono Wacana Tbk,Jawa Barat
b4024271,"Marsito Mulyani, S.H.",Publishing copy,UD Siregar,Sumatera Selatan
4c3f919d,Ghaliyati Mustofa,"Nurse, learning disability",PD Wibowo,Bengkulu
b9d4a1d0,Lantar Suryono,"Administrator, sports",UD Prabowo (Persero) Tbk,Kepulauan Bangka Belitung
b29ae210,"Ir. Jasmani Kusmawati, M.Farm",Freight forwarder,Perum Namaga (Persero) Tbk,Aceh
9b4c3c24,Warta Hutapea,Amenity horticulturist,Perum Permadi,Bali
18aad75f,Tasdik Zulkarnain,Animal nutritionist,Perum Ardianto Tbk,Kalimantan Barat
37cacf78,Dariati Saputra,"Psychologist, educational",PT Tampubolon (Persero) Tbk,Bengkulu
56f82eac,"Daryani Astuti, M.Farm",Insurance account manager,PD Saragih Sitompul,Kepulauan Bangka Belitung
32398031,Heryanto Suryono,Press sub,PT Saptono,Maluku
6de8a390,Hesti Yuniar,Warden/ranger,CV Sitompul Tbk,Lampung
82d4c926,Rusman Pudjiastuti,Banker,PD Sinaga,Maluku
7c87b848,R.M. Rosman Siregar,Water quality scientist,UD Pradana Kuswandari,Kepulauan Bangka Belitung
039ea847,"dr. Tami Gunarto, M.TI.",Land/geomatics surveyor,Perum Handayani,Jambi
c20c2f70,drg. Hadi Najmudin,Communications engineer,PT Yuniar Saptono Tbk,Nusa Tenggara Timur
2f05aa3f,Dian Nainggolan,Operations geologist,PT Aryani (Persero) Tbk,Sumatera Barat
e47a4a0b,Eva Wibisono,Patent examiner,CV Maryati (Persero) Tbk,Aceh
18498821,"Ghani Usada, S.Farm",Civil Service fast streamer,PD Purnawati Suartini,Sulawesi Tenggara
dee7ab03,Hasta Fujiati,Medical sales representative,PT Purwanti Prastuti,Sulawesi Tengah
55ceabcf,"drg. Raihan Yulianti, S.Kom","Engineer, aeronautical",CV Anggriawan Tbk,Papua Barat
de66ce80,Tiara Nababan,"Horticulturist, commercial",PT Purnawati,Nusa Tenggara Barat
8ae80893,Hasta Wacana,Theme park manager,Perum Najmudin,Riau
dee5f0a9,"dr. Belinda Samosir, S.Farm",Actor,PT Kuswoyo (Persero) Tbk,Maluku
08111ed0,Drs. Parman Hardiansyah,"Scientist, physiological",Perum Januar,Jawa Tengah
ede32fdf,"Ana Sirait, S.Ked",Multimedia programmer,PD Hasanah (Persero) Tbk,Sumatera Selatan
d9e3c26b,Hesti Wulandari,Learning disability nurse,PT Saefullah Wahyudin Tbk,Sulawesi Selatan
fdf04b3c,Galiono Handayani,Retail merchandiser,CV Hardiansyah Tbk,Kalimantan Tengah
30b073ce,Pia Yolanda,Armed forces technical officer,Perum Anggraini Mandala Tbk,Nusa Tenggara Timur
a2102171,Raden Saptono,Brewing technologist,CV Rahayu Tbk,Riau
739b36f7,Sabrina Hutagalung,Geophysicist/field seismologist,CV Anggriawan Wibisono (Persero) Tbk,Kalimantan Selatan
6fb6fd85,"Soleh Rahayu, M.Farm",Network engineer,PD Tampubolon Pratiwi,Sumatera Utara
a1542563,Hasim Kusmawati,Medical secretary,Perum Prakasa,Sumatera Utara
009c964f,Lulut Farida,Farm manager,UD Wijayanti Pradipta,Sulawesi Barat
3147c128,"Siska Permata, S.E.",Publishing rights manager,Perum Pertiwi Prabowo,DKI Jakarta
ab141567,"Jasmin Melani, S.E.I",Product designer,PD Hartati Nasyiah (Persero) Tbk,Papua Barat
fd559f7c,Dariati Agustina,Proofreader,Perum Oktaviani (Persero) Tbk,Banten
6dd04b21,"Unjani Maryadi, S.Sos",Sub,PD Santoso Anggraini,Sulawesi Selatan
ebee7207,Warta Zulaika,"Conservation officer, nature",CV Puspita,Sumatera Barat
5756c677,Ir. Dodo Suryatmi,"Engineer, structural",Perum Damanik (Persero) Tbk,Sulawesi Tenggara
657856c7,Laras Hutapea,Analytical chemist,PD Halimah,Sulawesi Tenggara
0d53763a,Luwes Wastuti,Ceramics designer,PD Yuliarti Pratama (Persero) Tbk,Sulawesi Barat
b553f862,Lala Waluyo,"Geologist, engineering",PT Mustofa Setiawan (Persero) Tbk,Bengkulu
c97b08ef,Novi Simanjuntak,Web designer,PD Uwais Prakasa (Persero) Tbk,DKI Jakarta
537d26bd,Najib Tampubolon,Heritage manager,PT Wijaya Dongoran Tbk,Maluku Utara
6a1d9132,Ulya Kurniawan,"Teacher, adult education",PT Pradana,Lampung
df4c76e6,Erik Tamba,Government social research officer,UD Dongoran Tbk,Kepulauan Bangka Belitung
d8e9acaa,Ajeng Fujiati,Theatre director,PT Mulyani Hidayat Tbk,Bali
504935eb,Pia Mahendra,Petroleum engineer,Perum Yuniar Pangestu,Nusa Tenggara Timur
b1f5c19c,"Nova Hassanah, M.TI.","Teacher, primary school",UD Suryatmi (Persero) Tbk,Bengkulu
572749ba,Humaira Hutapea,Media buyer,PD Nainggolan Tbk,Banten
1eecde5d,Sadina Prabowo,"Engineer, petroleum",UD Hasanah Tbk,Papua
5538003c,"Gamblang Mustofa, S.Sos",Learning mentor,UD Widiastuti Rajasa,Sumatera Utara
ad1c10a2,Agnes Manullang,Landscape architect,Perum Pangestu,Sulawesi Tengah
4bc653a1,"R. Gawati Susanti, M.Kom.",Ophthalmologist,CV Rajata,DKI Jakarta
56adfbb9,"T. Mustofa Prakasa, M.Kom.",Tree surgeon,PT Saefullah Tarihoran Tbk,Kalimantan Timur
782cf35d,R. Ega Budiyanto,Publishing rights manager,PT Usada,Sulawesi Selatan
b1786325,drg. Unjani Prayoga,Paramedic,Perum Firmansyah (Persero) Tbk,Sulawesi Utara
1df1620e,"Erik Wibowo, M.Kom.",Medical laboratory scientific officer,PD Yulianti Mardhiyah Tbk,Kalimantan Barat
f4d559a4,"Dr. Vero Fujiati, S.H.","Programmer, applications",UD Hassanah,Jawa Timur
18b73e07,Baktiono Santoso,"Engineer, energy",PT Januar Tbk,Papua
1d5fb86a,"Dr. Vivi Zulkarnain, M.Farm",TEFL teacher,UD Winarno Ramadan Tbk,Kepulauan Riau
3b5ae12b,Adikara Namaga,Early years teacher,CV Hassanah Nasyidah,Bengkulu
6b994604,Harjo Novitasari,Technical author,UD Saptono Tbk,Kepulauan Riau
09915aff,Kartika Hidayanto,Catering manager,PT Simanjuntak Januar (Persero) Tbk,Kalimantan Tengah
b97eb28e,Zelaya Widiastuti,Electronics engineer,Perum Prastuti Tbk,Bali
47d433e0,Gina Narpati,Pensions consultant,UD Mangunsong Dongoran,Kalimantan Selatan
6db60d62,Vanya Habibi,Higher education careers adviser,CV Saputra Tbk,Sumatera Utara
e3f63d07,Lembah Wijayanti,"Scientist, forensic",UD Dabukke Tbk,Banten
74f9b48f,"Gamani Hardiansyah, S.I.Kom",Retail merchandiser,PT Wijayanti,Maluku Utara
60632f70,Drs. Caraka Irawan,Product manager,UD Uwais Mulyani Tbk,Kalimantan Utara
47ae48bc,Michelle Dongoran,Tourism officer,PD Hakim,Nusa Tenggara Timur
05d37009,Galur Wahyudin,Management consultant,Perum Natsir Damanik (Persero) Tbk,DKI Jakarta
a51b7411,Natalia Hidayat,Radio broadcast assistant,PD Farida (Persero) Tbk,Nusa Tenggara Barat
2e41ebb9,"H. Ega Palastri, M.Ak","Teacher, special educational needs",UD Purnawati,Bengkulu
41965511,Hartaka Wijayanti,Insurance risk surveyor,PD Palastri Tbk,Kalimantan Barat
6dfae956,Anggabaya Hutapea,"Surveyor, planning and development",Perum Yulianti Gunawan,Kepulauan Bangka Belitung
fb8ef4b8,Hana Hassanah,"Librarian, public",Perum Prasasta,DI Yogyakarta
e5eba813,Tgk. Carla Farida,Systems analyst,UD Najmudin Wijaya Tbk,Sulawesi Selatan
53f6e66d,Jaga Farida,Immunologist,PD Thamrin Wastuti Tbk,Bengkulu
04fbcea2,Teguh Nugroho,Further education lecturer,PT Kurniawan,Kalimantan Timur
b46e8587,"Kenari Iswahyudi, S.Pt",Clinical psychologist,PD Kuswoyo,DKI Jakarta
312b9e9e,Tari Utami,"Conservator, furniture",PT Mayasari,Gorontalo
d3983371,"Opung Hastuti, M.M.",Ecologist,UD Maheswara,Sulawesi Tenggara
955c51a3,Kurnia Mansur,Occupational therapist,UD Winarsih Tbk,Jambi
050b122f,Dodo Nuraini,Chartered public finance accountant,PT Aryani Tbk,Bengkulu
3a836802,Lili Sinaga,Chief Executive Officer,PT Kuswandari Prakasa Tbk,Jawa Timur
1b43c89b,"Tgk. Ciaobella Rahimah, S.Pt",Corporate treasurer,UD Laksita Rajata (Persero) Tbk,Sulawesi Tengah
afb59b92,Paulin Winarno,Marine scientist,PT Riyanti,Jawa Barat
2c7c4c45,Puji Saputra,Insurance underwriter,UD Melani Tbk,Aceh
9b8e44c2,"Mutia Jailani, S.Sos","Investment banker, corporate",PT Sudiati Siregar (Persero) Tbk,Jawa Timur
2d709f0e,Ivan Utama,Diagnostic radiographer,PT Laksmiwati,Papua Barat
4af6af41,Janet Saefullah,"Administrator, sports",CV Irawan Usamah,Papua
aa303e19,Rosman Sitorus,Barista,PD Winarsih (Persero) Tbk,Nusa Tenggara Barat
e9736d5f,"Hj. Ella Hutapea, S.Sos","Psychotherapist, child",PD Hastuti Wijayanti,Kalimantan Selatan
3bc36780,"Umar Pranowo, M.TI.",Sports development officer,UD Aryani (Persero) Tbk,Jawa Timur
46b8ab35,Luwes Ramadan,Brewing technologist,CV Hastuti Samosir,Kalimantan Tengah
421ebb6b,Danang Handayani,"Engineer, production",PD Hariyah,Riau
cd0e1cdd,R. Marsudi Laksita,Osteopath,UD Rahimah Fujiati,Maluku Utara
45399939,Yuni Novitasari,"Psychotherapist, dance movement",PT Permata (Persero) Tbk,Sulawesi Barat
7654c477,"Hj. Ifa Tarihoran, M.Pd",Actor,CV Permata Firgantoro,Bali
aabee8d6,Paramita Kurniawan,Science writer,PD Maheswara Megantara Tbk,Kalimantan Timur
22388427,Asman Puspita,"Scientist, physiological",PD Mandasari (Persero) Tbk,Kalimantan Timur
e4dfb11f,"KH. Kenes Rajasa, S.Psi",Historic buildings inspector/conservation officer,PT Yolanda,Sulawesi Selatan
8c1c17ba,"Dt. Harsanto Maulana, M.M.",Multimedia specialist,PT Wasita Prakasa Tbk,Sumatera Utara
7c7541b2,"Kardi Puspita, S.E.I",Retail merchandiser,CV Uwais Puspasari,Kepulauan Riau
acbb4cca,"dr. Lintang Aryani, M.Farm","Engineer, land",PD Utami Firmansyah (Persero) Tbk,Jawa Barat
0c4f3ec2,"R. Ida Haryanto, M.Kom.",Adult nurse,Perum Susanti Simanjuntak Tbk,Bali
fb6309e7,Cinta Firmansyah,Geophysical data processor,PT Salahudin Nababan,Bengkulu
918fb254,"T. Adiarja Rajata, S.Pd","Engineer, automotive",PT Kusmawati (Persero) Tbk,Riau
7bc9933d,Jessica Hardiansyah,General practice doctor,UD Natsir Tbk,Sumatera Utara
5fd9b21e,Rama Wijaya,Firefighter,UD Simbolon Permadi (Persero) Tbk,Maluku
fd1d8023,Harjaya Mansur,Quality manager,Perum Kurniawan Usada (Persero) Tbk,Maluku Utara
61b2b246,Dina Pranowo,Human resources officer,Perum Safitri Tbk,Sulawesi Tenggara
125ce53b,R.A. Elma Mustofa,"Administrator, charities/voluntary organisations",CV Winarsih Wijaya Tbk,Bengkulu
556de909,Kanda Irawan,Software engineer,Perum Salahudin,Bali
7db3b0ab,Raina Wahyudin,Purchasing manager,Perum Melani,DKI Jakarta
df7bd3b2,Kenari Puspasari,Chartered loss adjuster,PD Kuswoyo Tbk,Gorontalo
4e2893a3,Ade Megantara,Copy,PT Uyainah,Sumatera Utara
0ad1db40,Hendra Saptono,"Scientist, audiological",UD Latupono Andriani,Kepulauan Bangka Belitung
292a9caf,Devi Samosir,Air broker,UD Kusmawati Aryani Tbk,Sulawesi Selatan
411d051d,Citra Lailasari,Call centre manager,UD Laksita Thamrin Tbk,Kepulauan Bangka Belitung
4c36ce33,"Dr. Maras Sitorus, S.Farm",Psychiatric nurse,PT Hutagalung (Persero) Tbk,Jawa Barat
331a198b,Jaka Jailani,Landscape architect,PD Lestari Safitri (Persero) Tbk,Sumatera Selatan
ae15f04b,Ir. Reksa Maulana,Actor,UD Safitri,Sulawesi Utara
1a085dbe,Eva Winarsih,Chartered accountant,UD Zulkarnain Mayasari Tbk,Maluku Utara
6116f000,"dr. Bancar Suartini, S.H.",Soil scientist,CV Najmudin Siregar (Persero) Tbk,Maluku Utara
6c58ad1e,Halima Ramadan,Careers adviser,PT Firmansyah Wibowo (Persero) Tbk,Jawa Tengah
19c989ad,Gasti Agustina,Politician's assistant,CV Nurdiyanti Tampubolon,DI Yogyakarta
d8a06de2,Pandu Hastuti,Logistics and distribution manager,CV Nuraini (Persero) Tbk,Papua Barat
252ebbbf,Ridwan Wijayanti,Medical sales representative,PT Hakim Pranowo Tbk,Maluku Utara
cb866dc0,Warsita Kusmawati,Training and development officer,PD Anggriawan Agustina (Persero) Tbk,Jawa Timur
2b206441,Darman Padmasari,Systems analyst,UD Kuswandari (Persero) Tbk,Papua Barat
42d1cd73,Atmaja Prastuti,Pharmacologist,PD Aryani Nainggolan,Kepulauan Riau
ec408cac,Bagas Permadi,Commissioning editor,Perum Irawan Sitorus (Persero) Tbk,Kepulauan Riau
082d2265,Cinthia Wijayanti,Regulatory affairs officer,PD Maryati Tbk,DI Yogyakarta
1a18befc,"Hj. Raisa Suwarno, S.Gz",Product/process development scientist,UD Gunarto Tbk,Jawa Tengah
abe6937e,Dr. Janet Nugroho,Archaeologist,CV Tamba Andriani,Sulawesi Utara
88922fa6,Banara Sudiati,"Geologist, engineering",PT Hidayanto Utama,Sulawesi Tengah
208c2fcd,"dr. Najwa Mardhiyah, M.Farm",IT sales professional,CV Susanti Tamba,Kepulauan Riau
f44f32bd,"Dr. Upik Natsir, S.H.",Advertising copywriter,CV Kuswandari Latupono (Persero) Tbk,Kepulauan Riau
b71089c9,Wirda Marpaung,Hotel manager,CV Sihombing Thamrin,Jawa Timur
383f2134,"Sabrina Nasyidah, S.Gz",Purchasing manager,UD Mardhiyah (Persero) Tbk,Sulawesi Tengah
3197b092,Kenari Padmasari,Warden/ranger,Perum Anggriawan Situmorang,Sumatera Barat
28b35569,R.M. Bagas Mahendra,Heritage manager,CV Puspita,Nusa Tenggara Barat
749fd50e,dr. Harsaya Hutagalung,Radiation protection practitioner,PT Napitupulu Tbk,Papua
eb5fe328,Hj. Safina Pudjiastuti,Early years teacher,PT Suryatmi,Kalimantan Timur
b384f678,Ilsa Hakim,Operational researcher,PD Januar,Kalimantan Utara
fee06e9b,"dr. Najwa Zulkarnain, M.Ak","Engineer, mining",Perum Manullang Tbk,Riau
8ab1ed7d,Mahfud Rajata,Applications developer,PD Natsir,Sulawesi Utara
55602e88,Puti Namaga,Network engineer,PD Wahyuni Dabukke,Riau
d44ed7f1,Galak Latupono,"Accountant, chartered public finance",CV Farida,Kalimantan Selatan
58329844,"Ir. Najam Aryani, S.E.I",Barista,PD Novitasari,Jawa Barat
6df54eb3,T. Bakidin Wahyudin,Stage manager,UD Sirait Sinaga,Kalimantan Timur
0ef7b85d,Upik Utama,Catering manager,Perum Winarsih Hariyah (Persero) Tbk,Jawa Timur
86e913b2,Eli Susanti,Systems developer,UD Firmansyah Yulianti Tbk,Sulawesi Tengah
1f3a0cfb,Prakosa Hidayanto,"Designer, interior/spatial",Perum Tarihoran Riyanti,Jambi
7dd56c5c,Ana Pangestu,Chief of Staff,Perum Prasetyo Kusmawati,Sumatera Utara
e127a929,Kania Firmansyah,Music therapist,CV Nashiruddin Ardianto,Sulawesi Tengah
504b41e0,"Ajeng Hidayanto, M.Ak",Dispensing optician,Perum Waluyo Fujiati,Nusa Tenggara Barat
a9efaa38,Oliva Siregar,Statistician,CV Yulianti Prasetya Tbk,Kalimantan Utara
6e78f758,Dadap Hutapea,Retail banker,CV Astuti Wibowo Tbk,Jambi
b9e68990,Tedi Winarsih,Television floor manager,PD Melani,Jawa Timur
4bbb27ec,"Queen Suartini, S.Pt",Exhibition designer,UD Puspita,Sumatera Utara
69562a4c,Darimin Nurdiyanti,Clinical cytogeneticist,PD Wastuti,Riau
8402a90f,"Eli Lestari, S.I.Kom","Producer, radio",PT Pratama Hutapea,Banten
beb7c41c,"Michelle Usamah, M.M.",Art gallery manager,Perum Melani Palastri (Persero) Tbk,DKI Jakarta
432b4da0,Asirwanda Utami,Horticultural consultant,CV Usada Kuswoyo,Maluku
80a7d1ee,"Yuni Riyanti, S.IP",Trade union research officer,CV Manullang,Jawa Tengah
72d75163,"Manah Saptono, S.Psi",Geochemist,PD Firmansyah Handayani Tbk,Sumatera Barat
c21c9b81,"R. Citra Hakim, S.Gz",International aid/development worker,CV Purwanti Agustina,Papua
4430c593,Raden Hastuti,Sports development officer,UD Farida (Persero) Tbk,Jawa Timur
71e644b8,"Caturangga Hakim, S.Pt","Administrator, local government",PD Halim,Sulawesi Tenggara
499adcb3,"Uda Hutasoit, S.H.",Health and safety inspector,CV Sudiati (Persero) Tbk,Nusa Tenggara Barat
e24cb21d,Eka Widiastuti,Contracting civil engineer,PD Palastri Hutasoit (Persero) Tbk,DKI Jakarta
0afab7cd,Parman Hastuti,Pathologist,PT Firmansyah Hardiansyah Tbk,DI Yogyakarta
82dabd71,Tami Pertiwi,Midwife,PD Siregar Tbk,DKI Jakarta
a9b16177,"Eka Lailasari, S.Gz",Chief Operating Officer,PT Irawan,Sulawesi Tengah
13ee8d4a,R. Widya Prasasta,Archivist,Perum Mulyani,Bengkulu
11be61f0,"Upik Saefullah, S.Sos",Broadcast engineer,Perum Sitorus (Persero) Tbk,Sulawesi Barat
816342e0,Endra Habibi,Personal assistant,PD Astuti Purwanti,Riau
1a1f359d,Rizki Siregar,Retail buyer,PT Dongoran Agustina (Persero) Tbk,Lampung
8a83baf5,Ghani Suwarno,Pathologist,CV Haryanto Anggriawan,Kalimantan Utara
faab5451,"R. Upik Kusmawati, S.Pd",Metallurgist,UD Puspita Haryanti,Kalimantan Selatan
dfa03a20,Icha Uyainah,Social researcher,UD Prayoga,Jawa Timur
6ae271d4,"R. Hadi Laksita, S.Sos","Geologist, wellsite",PD Saputra,Jawa Barat
9ff410d0,H. Adiarja Hutapea,Sales promotion account executive,CV Winarsih,Sulawesi Utara
3b767688,dr. Gasti Pradana,Animal nutritionist,CV Sihotang Budiman (Persero) Tbk,Sulawesi Utara
db125e2b,"drg. Fathonah Waluyo, S.Gz",Comptroller,PD Kuswandari Rahimah (Persero) Tbk,Jawa Barat
8002efd7,Mahesa Prasetyo,Sales promotion account executive,PT Kusumo (Persero) Tbk,Gorontalo
eb380a94,Paramita Lailasari,Translator,Perum Mandala,Aceh
00ee0d8e,Gilda Riyanti,Tree surgeon,PT Lestari Hasanah (Persero) Tbk,Kalimantan Utara
7ca0eb4c,Kardi Wibowo,Financial manager,PD Wastuti Pangestu Tbk,Sulawesi Utara
bf8dee43,"R.A. Gawati Utami, S.E.I",Research scientist (physical sciences),CV Laksmiwati,Sulawesi Tengah
3f2d329d,"Aswani Siregar, S.E.I",Public librarian,PD Palastri Suwarno,Bali
5acd9bfe,Dimaz Nugroho,Best boy,Perum Pradana Kurniawan (Persero) Tbk,Gorontalo
cf6ec527,Karna Purwanti,Contractor,Perum Pranowo,Papua Barat
2d9137c4,Kusuma Mahendra,Chiropodist,Perum Prasasta Tbk,Maluku
50d92cd4,Bagya Andriani,Volunteer coordinator,UD Wahyuni Zulkarnain (Persero) Tbk,Gorontalo
26ee495e,Dwi Permadi,"Surveyor, mining",PD Saptono Saputra,Riau
cc9fe188,Laila Riyanti,Commercial/residential surveyor,Perum Saputra Tbk,Nusa Tenggara Timur
057d98ff,Kariman Suwarno,"Psychotherapist, dance movement",Perum Maheswara Wahyudin (Persero) Tbk,DI Yogyakarta
79bcd4cf,Najib Suryono,"Surveyor, minerals",UD Kuswoyo (Persero) Tbk,Maluku
db1d525a,Ani Firmansyah,"Buyer, industrial",PD Samosir Wijayanti,Sumatera Selatan
f2456167,Lalita Yulianti,"Teacher, secondary school",PT Januar Tbk,Kalimantan Tengah
1492ada7,"Cakrawangsa Waluyo, S.Sos",Architect,Perum Mayasari Anggraini Tbk,Nusa Tenggara Timur
d7af7dd4,Ulya Yolanda,Arboriculturist,PD Hidayanto (Persero) Tbk,Sumatera Barat
d5890659,Artanto Hidayat,Quarry manager,PT Rahayu,Papua
22a2936d,Baktianto Anggraini,Curator,CV Oktaviani Haryanto,Jawa Timur
6f42eff2,drg. Respati Gunarto,"Teacher, primary school",UD Susanti (Persero) Tbk,Kalimantan Selatan
7bae669b,"Puti Pia Mandala, S.H.",Chief Technology Officer,CV Suwarno Halim Tbk,Lampung
c4839aec,Dina Usada,Financial risk analyst,UD Prasasta Samosir,Kepulauan Riau
57fb6649,"Eli Nuraini, S.T.",Regulatory affairs officer,Perum Yuliarti Wahyuni (Persero) Tbk,Maluku
07f43951,"Dr. Laras Putra, M.M.",Building services engineer,Perum Widodo Firmansyah Tbk,Riau
834eebff,Victoria Samosir,Cabin crew,CV Widiastuti Aryani,Nusa Tenggara Timur
c7a51400,"Tgk. Bagiya Farida, S.Pd",Video editor,CV Hutapea (Persero) Tbk,Gorontalo
9a043b6a,"Mahfud Marbun, S.Psi",Operational investment banker,CV Wibowo,Aceh
f99820e3,Erik Hakim,Tree surgeon,PD Wibowo,Kalimantan Barat
8a773042,Wisnu Wacana,Hydrogeologist,PD Zulkarnain Hariyah (Persero) Tbk,Nusa Tenggara Timur
6af7e521,Mila Sihombing,Call centre manager,CV Nuraini,Kepulauan Bangka Belitung
5ac183f0,"KH. Taufan Yuniar, S.H.","Teacher, early years/pre",PT Hariyah Uwais Tbk,Maluku Utara
58b7c8a1,Wawan Sihombing,Occupational hygienist,PT Salahudin,Maluku
3028ea86,Maya Astuti,Corporate treasurer,PT Kuswoyo Mardhiyah,Jambi
ab3a9810,Gabriella Laksmiwati,Outdoor activities/education manager,PD Aryani (Persero) Tbk,Bali
63dbb366,"R.A. Shakila Sinaga, S.IP",Customer service manager,PT Tampubolon Kusumo (Persero) Tbk,Aceh
72ce42cf,"Puti Syahrini Wibowo, S.E.I",Educational psychologist,PT Hutasoit Mandala,Kalimantan Utara
b84cae91,Fitriani Najmudin,Geochemist,PD Mansur Setiawan Tbk,Sulawesi Utara
a570161c,Wahyu Nurdiyanti,"Engineer, electrical",CV Firgantoro (Persero) Tbk,Kepulauan Riau
2e3cbfac,Nurul Purwanti,Statistician,Perum Hariyah,Sulawesi Barat
bd140d2b,Septi Pradipta,"Exhibitions officer, museum/gallery",PD Megantara,Lampung
024b7e87,Makuta Anggraini,Research scientist (life sciences),PT Mangunsong Lestari Tbk,Riau
fb08ce58,"Dr. Yunita Purnawati, S.IP",Equities trader,CV Marbun Iswahyudi Tbk,Bengkulu
b4fc5338,R. Ikin Santoso,"Therapist, occupational",PT Prasetyo Tbk,Kalimantan Tengah
7c88cd6f,Usman Uyainah,Management consultant,UD Putra Permata Tbk,Kalimantan Tengah
828cfaeb,Among Haryanto,Sport and exercise psychologist,UD Prasetyo,Papua
b0aa5514,"Yessi Kusumo, S.T.",Chief Technology Officer,PD Wasita Nurdiyanti Tbk,Maluku
ef24dd5f,Almira Sirait,Retail buyer,PT Samosir Damanik (Persero) Tbk,Jawa Timur
549fd691,Gina Habibi,Conference centre manager,PT Sirait,Papua
49cf8b86,Sutan Kenes Permata,Bonds trader,UD Hassanah Adriansyah (Persero) Tbk,Sulawesi Barat
1165bcef,"Yessi Siregar, S.Pt",Communications engineer,UD Anggraini Tbk,Papua
f864846a,"Uli Gunawan, S.Pt",English as a second language teacher,CV Wahyudin Maheswara (Persero) Tbk,Bali
1aa30945,Dr. Queen Nainggolan,Waste management officer,Perum Kuswandari Narpati,Bengkulu
83e1895c,Sakti Waskita,Public house manager,PD Farida Novitasari,Sulawesi Tenggara
6418c1fd,R.M. Candra Wastuti,"Designer, blown glass/stained glass",PT Mandala Tbk,Kepulauan Bangka Belitung
29cbd387,Genta Mansur,Furniture conservator/restorer,CV Winarno (Persero) Tbk,Sumatera Barat
ca828d14,"Dr. Paulin Mustofa, M.Ak",Recruitment consultant,Perum Saragih Astuti (Persero) Tbk,Lampung
666b4834,"T. Banawa Pratama, S.Ked",Insurance broker,PD Simbolon Halimah Tbk,Bali
bf5733c6,Raharja Widiastuti,Health physicist,CV Putra,Sumatera Barat
ff1babf5,Icha Pertiwi,Stage manager,PD Budiman Mangunsong (Persero) Tbk,Lampung
b918585b,"drg. Raina Mansur, S.Pd","Engineer, materials",PT Mayasari,Banten
db0c795e,"Cakrabuana Handayani, S.Ked",Quarry manager,UD Pangestu Lestari,Maluku
b7626605,"R. Sabrina Puspita, S.Pd",Medical secretary,Perum Sihombing,Jambi
dbdda229,Ir. Dina Marpaung,Writer,CV Natsir Haryanto,Kalimantan Selatan
c0dd18b2,Naradi Marpaung,Secondary school teacher,UD Tarihoran Mustofa,Nusa Tenggara Barat
1a195317,"Hj. Kayla Budiyanto, M.Kom.","Surveyor, hydrographic",UD Puspasari Budiyanto,Sulawesi Barat
0ea61dbd,"Reksa Nuraini, S.H.",Chief Executive Officer,PD Natsir Pradana (Persero) Tbk,Kalimantan Timur
cebd8274,Drs. Kacung Hutapea,Biomedical engineer,CV Prabowo,Kepulauan Riau
e57b54c6,Dt. Pranawa Sihombing,Secondary school teacher,CV Purwanti Kuswandari (Persero) Tbk,Sumatera Selatan
f388b8e8,Mila Wijayanti,"Engineer, broadcasting (operations)",PD Narpati Tbk,Sulawesi Tengah
c8d6d6b6,"Nalar Maulana, S.T.",Animator,UD Namaga,Nusa Tenggara Barat
0266c222,Halima Firgantoro,"Psychologist, occupational",PD Firmansyah Winarno,Gorontalo
32f21489,"Arta Waluyo, M.Farm",Technical author,PT Suartini (Persero) Tbk,Riau
cd1fd55e,Emil Januar,Hospital doctor,CV Anggraini Hakim Tbk,Bali
d71de886,"T. Daru Permata, S.Pt",Energy engineer,Perum Siregar,Kepulauan Bangka Belitung
a62bd663,Langgeng Lailasari,"Scientist, water quality",Perum Usamah,Jawa Tengah
59a6dd7f,Indah Suwarno,"Education officer, community",UD Mulyani (Persero) Tbk,Sulawesi Selatan
d7ca4689,Among Mandasari,"Engineer, agricultural",PT Saptono Rajasa,Papua
783fa793,"Ajiono Maryadi, S.Pt",Illustrator,UD Usada Kusumo,Jawa Tengah
278ff65d,Respati Lazuardi,"Education officer, community",CV Nugroho,Papua
576b4fa3,Teguh Sirait,Chartered management accountant,PD Sudiati (Persero) Tbk,Sulawesi Tenggara
fe4dc1b1,"R.M. Heryanto Winarsih, M.TI.",Firefighter,Perum Puspasari Napitupulu (Persero) Tbk,Kalimantan Tengah
1b11200a,Dr. Tiara Rahmawati,Solicitor,UD Mayasari,Kalimantan Barat
85085b07,Putri Sudiati,Biomedical scientist,Perum Permadi,Sulawesi Utara
fcdf1a08,"R. Lamar Laksita, M.Pd","Psychotherapist, child",PT Nuraini,DI Yogyakarta
a9706220,Yance Puspasari,Banker,Perum Nugroho Samosir Tbk,Sulawesi Tengah
04b4fd5f,Mutia Hastuti,Air traffic controller,UD Gunarto,Maluku
3468d64a,Sakura Latupono,"Surveyor, building control",PT Lailasari Maulana Tbk,Kalimantan Selatan
85d84871,Panca Marbun,Prison officer,PD Sihombing,Maluku
2f2493ee,Unggul Salahudin,Careers information officer,PD Prastuti Tbk,Sulawesi Barat
72b2fe7f,"Wadi Mansur, S.Sos",Secretary/administrator,PT Jailani (Persero) Tbk,Bengkulu
ff9615a2,"Gading Kurniawan, M.Kom.",Product designer,CV Palastri Mangunsong Tbk,Jawa Tengah
62f3a2ee,Wisnu Nuraini,Production engineer,Perum Nababan Tbk,DKI Jakarta
2f03f9ae,"Hilda Uyainah, M.Ak",Telecommunications researcher,CV Siregar Hassanah,Papua Barat
7ecd13c5,"Ir. Oni Purnawati, M.M.",Museum/gallery exhibitions officer,CV Nasyidah (Persero) Tbk,Kepulauan Riau
75639f80,"Pardi Nuraini, S.Pd",Race relations officer,CV Januar Waluyo Tbk,Kalimantan Barat
ba024158,Aswani Nasyidah,Occupational therapist,CV Kusmawati Budiman Tbk,Sulawesi Utara
89b17711,Maman Habibi,Music tutor,Perum Wibisono Narpati,Sulawesi Barat
3bcfaf8f,Soleh Kuswandari,Claims inspector/assessor,CV Anggriawan (Persero) Tbk,Papua
94fa8d18,Edi Permata,Petroleum engineer,PT Widiastuti,Sumatera Utara
cd1ff6c3,"Sabar Natsir, S.I.Kom",Furniture conservator/restorer,Perum Halim (Persero) Tbk,Papua
68a589a1,"KH. Yoga Saragih, S.T.",Data processing manager,UD Maryati Tbk,Aceh
d977c4b2,Zulaikha Saefullah,Forest/woodland manager,PT Nainggolan,Banten
b6c7bbca,Akarsana Permata,"Psychologist, forensic",PD Utami Salahudin,Jawa Barat
53b96f48,Jarwa Nasyiah,Futures trader,Perum Pradipta Tbk,Kalimantan Utara
4611089a,Tgk. Mutia Dongoran,"Conservation officer, nature",UD Santoso Putra Tbk,Papua
88bdaac9,Prasetya Pudjiastuti,"Teacher, music",PT Winarsih (Persero) Tbk,Sulawesi Tengah
1f35c316,Ikin Laksmiwati,Ecologist,UD Mandasari Saputra (Persero) Tbk,Aceh
819a0791,Fitriani Sinaga,"Scientist, water quality",PD Hutagalung Nuraini,Bengkulu
0da909a2,Tania Nurdiyanti,Analytical chemist,CV Dabukke Hassanah,Kalimantan Utara
9e405f84,Yani Laksita,Social researcher,Perum Pratama (Persero) Tbk,Lampung
7644f642,Tgk. Gasti Purnawati,"Civil engineer, consulting",PT Yuniar,Kalimantan Selatan
6a3a92bc,Xanana Ramadan,"Scientist, water quality",Perum Handayani Prayoga,Sumatera Selatan
19843e23,"Cornelia Andriani, M.M.",Homeopath,PD Kurniawan Yulianti Tbk,Sulawesi Tenggara
f4827f2c,drg. Prabowo Mangunsong,Fisheries officer,CV Dongoran,Sumatera Utara
a30a30f0,"Putri Tamba, M.TI.",Data processing manager,PD Budiman,Kalimantan Selatan
108684ea,Kawaya Padmasari,Building control surveyor,UD Gunawan,Bengkulu
437824ea,Yance Agustina,"Psychologist, forensic",Perum Budiyanto Wahyuni,Banten
3b8ec1c9,dr. Siska Latupono,"Nurse, learning disability",UD Oktaviani Natsir,Kepulauan Bangka Belitung
cebb7f71,dr. Bagas Puspita,Seismic interpreter,Perum Permata Susanti,Sumatera Barat
16c0e024,Jaya Sinaga,Metallurgist,Perum Yulianti Salahudin,Sumatera Barat
d167171f,"Jasmani Wijaya, S.E.I",Paramedic,PT Pudjiastuti (Persero) Tbk,Bali
abfbb600,"dr. Olivia Setiawan, S.Psi","Engineer, automotive",PT Riyanti,Kepulauan Bangka Belitung
284cfb1a,Dr. Maras Kuswandari,Fisheries officer,PD Saputra,DKI Jakarta
b5d2ac6e,drg. Jefri Pertiwi,Government social research officer,PD Fujiati Yulianti,Maluku Utara
9d33f110,Panji Pradana,Armed forces operational officer,PD Zulaika Puspasari Tbk,Jambi
59d12195,Siti Sihotang,Armed forces operational officer,Perum Nainggolan,Sumatera Barat
87d5ac1e,"Jamalia Anggraini, S.Ked","Designer, graphic",PT Sirait Nugroho (Persero) Tbk,Jawa Timur
ba54b709,Bakiono Tamba,Arts development officer,PT Firmansyah (Persero) Tbk,Jawa Tengah
01203fe6,Bajragin Jailani,"Education officer, museum",Perum Utama,Papua Barat
25b45802,"Tasdik Halimah, S.I.Kom",Theatre manager,PD Hastuti Tbk,Jawa Tengah
a6274584,"Tgk. Puti Suartini, S.Farm",Housing manager/officer,CV Palastri (Persero) Tbk,Sulawesi Barat
4d55bd39,"Melinda Siregar, S.H.",Special effects artist,PT Pradana,Kalimantan Timur
7d841881,Karma Laksita,Broadcast journalist,PT Wasita Handayani,Riau
4186ddbb,Elma Hakim,"Physicist, medical",PD Pratama,Sulawesi Tengah
71243d88,"Janet Wahyuni, S.T.",Printmaker,UD Hutasoit (Persero) Tbk,Jawa Timur
c78b54e4,Mahmud Salahudin,Network engineer,PT Puspita,Jawa Barat
bb9731b8,Prabu Yolanda,Broadcast journalist,PD Laksita (Persero) Tbk,Maluku
d956d7cc,Padmi Nugroho,Architectural technologist,PD Utami Purwanti,Sumatera Utara
ffc129b0,"R. Harjo Marbun, S.Ked",Communications engineer,UD Usamah (Persero) Tbk,DKI Jakarta
9bb995f1,Laras Wahyuni,Counselling psychologist,PT Wibisono (Persero) Tbk,Jawa Tengah
07b75b17,Jarwi Maryati,Actor,PD Pangestu Andriani,Gorontalo
7b92c2e8,Prayoga Zulkarnain,Nature conservation officer,PT Kuswandari Tbk,Sulawesi Selatan
69a692b1,Zaenab Wacana,Science writer,CV Haryanti Latupono,Kalimantan Selatan
3eb6ba8b,Jarwa Agustina,"Teacher, secondary school",CV Gunarto,DI Yogyakarta
a78e3162,Cinthia Zulaika,Museum/gallery exhibitions officer,UD Hakim Haryanto,DKI Jakarta
a2648b8b,"Caraka Wacana, S.Psi",Radio broadcast assistant,PD Maulana Wacana Tbk,Maluku
b14cb186,Jarwi Halim,Furniture conservator/restorer,UD Puspita Salahudin,Kepulauan Bangka Belitung
bf723ac4,Jagapati Rahmawati,Medical laboratory scientific officer,CV Safitri Tbk,Lampung
ca2c5983,Prayogo Wijayanti,Comptroller,UD Budiman Tbk,DI Yogyakarta
28eaab1f,Dr. Samiah Gunarto,"Engineer, technical sales",Perum Firgantoro Widiastuti (Persero) Tbk,Bali
d67c5a8e,"Gatra Ardianto, S.Gz",Database administrator,PD Yulianti Megantara,Kepulauan Bangka Belitung
d0ea4f57,"KH. Ismail Anggriawan, M.Pd","Pharmacist, community",Perum Mulyani Suryatmi,Kalimantan Utara
c272d8c3,"Ir. Talia Yuliarti, S.I.Kom","Scientist, marine",PD Melani Kusmawati Tbk,Kalimantan Timur
0a822bdf,Reksa Utama,Technical brewer,UD Manullang Andriani,Kalimantan Utara
aa07910e,Kayun Melani,"Research officer, trade union",PT Aryani Puspita,Sulawesi Selatan
14b6d429,Heru Hasanah,Sales promotion account executive,UD Rahayu (Persero) Tbk,Maluku Utara
6cf68b70,"drg. Dwi Wastuti, S.H.",Ceramics designer,Perum Andriani Nuraini,Aceh
64efe1d1,Hj. Cornelia Suartini,Historic buildings inspector/conservation officer,PT Riyanti (Persero) Tbk,Kepulauan Riau
dacbeeb1,drg. Dina Usada,Astronomer,UD Uyainah Laksmiwati,Aceh
5ccb0882,Wage Winarsih,English as a foreign language teacher,PT Namaga Tbk,Papua
2eb91f32,"Ir. Bella Usada, S.Pt",Leisure centre manager,Perum Purwanti Wacana,Nusa Tenggara Barat
2bf4741b,Ciaobella Saptono,Comptroller,Perum Mahendra,Papua Barat
9d89fce3,"Galak Wahyuni, M.Ak",Insurance risk surveyor,CV Prasetyo Rahimah (Persero) Tbk,DI Yogyakarta
b6285dc4,Raisa Haryanto,Legal secretary,CV Hardiansyah Adriansyah,Banten
1dfc3632,Wirda Wacana,Training and development officer,PD Adriansyah Tbk,Kalimantan Tengah
24d17518,Talia Laksmiwati,Air broker,CV Haryanti Wibowo Tbk,Kalimantan Selatan
e0c65948,"Drs. Galih Waskita, S.Kom","Pharmacist, community",PT Nurdiyanti Wahyudin Tbk,Bengkulu
c28b1711,Bakti Mahendra,"Exhibitions officer, museum/gallery",PT Prasetyo Wasita Tbk,Jambi
48f1d009,"Siti Kusmawati, S.Sos",Health service manager,PD Jailani Safitri Tbk,Jawa Barat
beaad8ba,Widya Agustina,"Therapist, horticultural",Perum Halimah Mardhiyah (Persero) Tbk,Jawa Tengah
b17aa29f,"R. Juli Waskita, S.T.",Chief Strategy Officer,UD Rajata,Lampung
f4781392,Fitriani Winarno,Retail buyer,UD Oktaviani,Banten
7a9c1bfd,Suci Hidayanto,Legal secretary,UD Iswahyudi Tbk,Kepulauan Bangka Belitung
f8c2c255,Eja Puspasari,Public relations account executive,Perum Setiawan,Nusa Tenggara Timur
e6ba3332,Arsipatra Rahmawati,"Designer, blown glass/stained glass",PD Simanjuntak,Sulawesi Utara
91b48d00,Harimurti Purnawati,Pathologist,Perum Prastuti Tbk,Papua
b37628e8,Purwadi Putra,Professor Emeritus,PT Yolanda,Aceh
f76b2724,Zamira Kurniawan,"Psychotherapist, dance movement",PD Gunarto (Persero) Tbk,Papua
25d574c7,Nabila Waskita,Armed forces logistics/support/administrative officer,PT Handayani Tbk,Maluku Utara
52c2a7a5,Adika Pratama,"Producer, radio",PT Natsir Nugroho,Sumatera Barat
d43a045b,"R. Margana Rajasa, S.Ked",Water engineer,CV Haryanti,Lampung
fdf2af1d,Cut Kartika Pratama,Associate Professor,CV Wijayanti Hardiansyah,Riau
9835881d,"Maida Marbun, S.Kom","Conservation officer, historic buildings",CV Prabowo,Riau
91a853c7,"Mitra Habibi, S.Pt","Geologist, engineering",PT Nugroho Januar Tbk,Kepulauan Bangka Belitung
91fdb9e4,Daniswara Pradana,"Engineer, land",Perum Anggraini,Papua Barat
17f2a080,Pranawa Rajata,Chief Marketing Officer,PD Utami Pangestu,Kalimantan Tengah
b57bc695,"Ir. Jaswadi Usada, S.Kom",Animal technologist,CV Ardianto Tbk,Sulawesi Utara
27fb4dd8,Victoria Megantara,IT sales professional,PD Safitri Agustina (Persero) Tbk,Kepulauan Riau
32bf6cfe,Ajiono Gunarto,Commissioning editor,CV Laksmiwati,Papua Barat
528039a8,Jessica Usamah,Diagnostic radiographer,PD Kuswandari Kuswoyo (Persero) Tbk,Lampung
1dc82d28,Salman Pangestu,Field seismologist,PD Sudiati (Persero) Tbk,Sulawesi Barat
86ce804d,Endra Mahendra,"Buyer, retail",PD Maulana Siregar (Persero) Tbk,Nusa Tenggara Barat
65c7c056,KH. Taufan Winarno,Arts development officer,CV Jailani,DI Yogyakarta
23df1772,Ulya Suwarno,Chief Financial Officer,CV Irawan,Sulawesi Tenggara
926a4452,Bella Widiastuti,"Engineer, water",UD Tamba,Bali
9fcc4f71,"T. Paiman Riyanti, S.IP",Community education officer,CV Dabukke (Persero) Tbk,Sulawesi Tenggara
515a87e9,"Gasti Anggraini, M.M.",Forensic scientist,CV Yulianti,Sulawesi Tengah
2df1f0a4,Ozy Simbolon,Biomedical scientist,PT Wibowo Wibisono (Persero) Tbk,Jawa Barat
7a6ea5db,"Puti Shakila Ardianto, S.Pt",Audiological scientist,Perum Usada Fujiati,Bengkulu
564fc606,Eva Waluyo,Police officer,CV Tampubolon,DKI Jakarta
efd9cc8c,Banara Utama,Financial adviser,CV Purnawati,Bali
b89b29aa,Ina Marbun,"Teacher, secondary school",PT Pratiwi Tbk,Sumatera Utara
8d790cc9,dr. Empluk Nasyiah,"Accountant, chartered management",Perum Wahyuni,DKI Jakarta
9069fa5b,Nadia Wahyuni,Chief Technology Officer,PD Hartati Wacana (Persero) Tbk,Kalimantan Barat
4656250f,R.A. Olivia Pratama,Civil Service fast streamer,PD Pradana Purwanti (Persero) Tbk,Papua
26fb12ee,"R. Yulia Simanjuntak, M.M.","Accountant, chartered management",UD Usamah Tbk,DI Yogyakarta
14652180,Puti Puji Widiastuti,Writer,PT Sirait,Kepulauan Riau
68812c62,"Oman Hartati, S.Pt",Airline pilot,CV Yuniar Pangestu Tbk,Riau
fd34a96a,Harsana Purwanti,Chiropodist,UD Suwarno Tbk,Kalimantan Tengah
db409725,"Hj. Faizah Pradana, S.IP",Market researcher,PD Kusmawati (Persero) Tbk,Papua
ddc513f1,Wulan Maryati,Educational psychologist,PD Mayasari,Sumatera Utara
c8c4b07e,Ir. Dipa Maheswara,"Civil engineer, consulting",Perum Kusmawati (Persero) Tbk,Nusa Tenggara Timur
f5ca866a,dr. Eli Usada,Office manager,PT Natsir Hidayat,Jambi
6bb833d9,Hafshah Purwanti,Community education officer,PT Maryati Najmudin,Sulawesi Tengah
51bf69c5,Dr. Zaenab Permata,Careers adviser,UD Agustina (Persero) Tbk,Gorontalo
ae7385d6,Dono Rahmawati,Equities trader,PT Nasyidah Wasita,Jambi
226205ce,"Artanto Wastuti, S.Farm","Education officer, museum",Perum Sihotang,Sulawesi Utara
ea977060,"Jarwi Suryono, S.E.","Journalist, magazine",PD Usada (Persero) Tbk,Sumatera Utara
80e04503,"Raditya Sitorus, S.H.","Engineer, water",CV Hutagalung,Banten
3c67c40b,R.M. Eko Ardianto,Museum/gallery conservator,PT Riyanti (Persero) Tbk,Aceh
fc800590,Caturangga Adriansyah,Immigration officer,UD Saptono Purwanti,Aceh
2b74b329,"Harsanto Jailani, S.Kom",Chartered certified accountant,PD Laksita Haryanti Tbk,Papua
517db0e7,Kasusra Maryati,Psychiatrist,UD Saragih,DI Yogyakarta
43d33237,Dwi Saragih,Race relations officer,Perum Yuniar,DKI Jakarta
70b141e7,Gaiman Hardiansyah,Legal secretary,CV Wulandari Tarihoran (Persero) Tbk,Nusa Tenggara Barat
3b9c7de6,"Bagya Susanti, S.Farm","Scientist, audiological",Perum Jailani Sirait Tbk,Sulawesi Tenggara
59782552,Jais Setiawan,Product/process development scientist,PT Laksmiwati Aryani,Sulawesi Utara
0d69d869,Danuja Nainggolan,Recycling officer,UD Prayoga (Persero) Tbk,Riau
88e508ff,"Dt. Harsaya Nababan, S.Psi","Journalist, newspaper",PT Lazuardi Saputra Tbk,Lampung
34d05086,T. Anom Hidayat,Metallurgist,Perum Suryatmi Salahudin,Kepulauan Bangka Belitung
b4e47552,Lukman Rajata,Emergency planning/management officer,PT Yulianti,Sumatera Utara
4b28aebf,"Kezia Samosir, S.Ked",Press photographer,CV Nurdiyanti Tbk,Kalimantan Tengah
14643d18,Prayogo Sinaga,Technical sales engineer,PD Prasetya Puspasari Tbk,Sumatera Selatan
70483de0,Ir. Hamima Pratiwi,Chief Executive Officer,Perum Winarsih,Sulawesi Tenggara
5ee46dac,Yosef Wastuti,Ship broker,PT Safitri Wulandari,Kalimantan Timur
5b4af71b,Saka Nainggolan,Neurosurgeon,PT Nasyiah Situmorang,Jawa Tengah
e209a31e,Kamaria Maheswara,Actuary,PT Wasita Uyainah,DI Yogyakarta
fa3b77ab,Alika Hidayanto,Drilling engineer,PD Sihombing Situmorang,Sulawesi Tengah
962a6f51,Ibun Hutapea,Health physicist,UD Kurniawan Prayoga Tbk,Sumatera Barat
310f80c6,Bala Yulianti,Ranger/warden,Perum Saputra,DKI Jakarta
73e3d13b,Dt. Cecep Prabowo,Field seismologist,PT Pranowo (Persero) Tbk,Maluku Utara
fab17edf,Puti Dalima Winarsih,Administrator,UD Widiastuti Tbk,Sulawesi Tengah
c0d56735,"H. Among Setiawan, M.Farm","Designer, interior/spatial",Perum Hutapea,Banten
e9eeafe6,"Zizi Sirait, S.Ked","Scientist, water quality",UD Hidayat,Sulawesi Utara
6d590b4b,Shania Wasita,"Designer, furniture",PT Novitasari Farida (Persero) Tbk,Kalimantan Utara
eff34632,Edward Saputra,"Engineer, civil (consulting)",PT Fujiati Zulkarnain (Persero) Tbk,Kalimantan Selatan
ecd8e6d7,Gina Megantara,Records manager,PT Pradana Andriani,Sumatera Barat
d9866d43,Hj. Tami Astuti,Actor,CV Iswahyudi Sudiati,DI Yogyakarta
85464398,"Kadir Purnawati, M.Pd","Psychotherapist, dance movement",CV Sihombing,Jambi
38d16600,"Oliva Nuraini, M.Kom.","Research officer, trade union",PD Gunarto,Gorontalo
993a454f,Restu Nashiruddin,Ambulance person,Perum Haryanti Wastuti Tbk,DI Yogyakarta
2292dd74,"Luthfi Wacana, S.Farm",Licensed conveyancer,PD Siregar Utami Tbk,Bengkulu
9a6eac38,drg. Umar Waskita,Learning mentor,PD Putra Pranowo Tbk,Kalimantan Utara
7126aec5,Taufan Nashiruddin,Secondary school teacher,CV Wahyudin,Maluku Utara
a984ce5d,"Puti Paulin Kuswoyo, S.E.",Exhibition designer,PD Wasita (Persero) Tbk,Riau
80328dc4,Widya Prastuti,"Biochemist, clinical",Perum Situmorang Kurniawan (Persero) Tbk,Jawa Tengah
58862501,"Hj. Cici Padmasari, S.Sos",Land,Perum Sirait (Persero) Tbk,Sulawesi Tenggara
3583e733,Warsita Kuswandari,"Librarian, academic",Perum Rajasa Rahimah,Sulawesi Tengah
4731b440,Sutan Garang Oktaviani,Contractor,UD Putra Hutasoit (Persero) Tbk,Riau
3e65d62d,"Capa Rajata, S.Pt","Designer, blown glass/stained glass",CV Prastuti Pertiwi,Banten
8e6095ee,drg. Tomi Halimah,Housing manager/officer,Perum Hartati,Kepulauan Bangka Belitung
67d6b3e3,KH. Mustika Jailani,"Secretary, company",CV Wijayanti,Kepulauan Bangka Belitung
7eb5ff68,Tasdik Marpaung,Further education lecturer,CV Lazuardi (Persero) Tbk,Bengkulu
cc19fe07,"Dt. Wage Budiyanto, S.Farm","Surveyor, planning and development",PT Latupono Pertiwi,Bali
7e8886d0,Ir. Hendri Widiastuti,Rural practice surveyor,PT Wastuti Iswahyudi (Persero) Tbk,Papua
17fbcc12,Maida Wijayanti,Engineering geologist,UD Maulana Riyanti,Aceh
ce329a37,"Nardi Safitri, S.H.",Scientific laboratory technician,Perum Waskita Hakim,Kalimantan Tengah
2ddb8cd5,Ajiono Permata,Further education lecturer,CV Putra Tbk,Kalimantan Barat
d44f1e68,Kamila Budiyanto,Chartered public finance accountant,UD Waskita (Persero) Tbk,Aceh
c0017045,"Malika Mandasari, M.Kom.","Surveyor, mining",Perum Andriani Budiyanto,Kepulauan Bangka Belitung
1d42cfcb,"Tari Nashiruddin, S.H.",IT consultant,CV Kusumo Tbk,Aceh
17a085f2,"Kawaca Kusumo, S.I.Kom","Accountant, chartered certified",PT Wulandari,Aceh
410b64ae,dr. Among Wijaya,Airline pilot,UD Budiman Maulana,Bengkulu
4450453c,"Siska Prasetyo, S.I.Kom",Secondary school teacher,PT Natsir,Aceh
20b254da,Daniswara Wacana,Chartered management accountant,CV Suwarno Pudjiastuti Tbk,Maluku Utara
5e6852f1,Lukita Halim,Toxicologist,PT Prastuti Andriani Tbk,Riau
bf18e3b5,drg. Balamantri Utama,Theatre manager,Perum Suartini,Aceh
b47ddd79,Tiara Haryanti,"Biochemist, clinical",Perum Utami Tbk,Sulawesi Tenggara
fdce1326,"Hj. Raisa Saputra, S.I.Kom",Charity officer,PD Wasita Tbk,Sulawesi Tengah
669bdc60,Fitria Mansur,"Engineer, civil (contracting)",CV Mayasari Rahayu Tbk,Jawa Timur
32f36151,Yunita Uyainah,Theatre stage manager,PD Waskita (Persero) Tbk,Nusa Tenggara Timur
8e1cc450,Drs. Bagas Prasasta,"Designer, interior/spatial",CV Wacana Jailani (Persero) Tbk,Riau
27f4f1c4,"drg. Qori Hutapea, S.Ked","Engineer, aeronautical",PT Prasetyo,Jawa Tengah
e01437ff,Padma Prastuti,Air broker,PT Novitasari Waskita Tbk,Papua Barat
96ab1882,"Amelia Safitri, S.Ked",Operational investment banker,UD Habibi,DI Yogyakarta
1a41f44c,Dimas Hastuti,"Psychologist, forensic",UD Prastuti,Riau
e84c46f2,"Adiarja Handayani, M.Kom.",Museum/gallery exhibitions officer,PD Hasanah,Maluku
64ca967b,Gabriella Sitompul,Electronics engineer,Perum Tarihoran,Kalimantan Selatan
336b491f,drg. Maya Prastuti,Medical sales representative,PD Tampubolon,Bali
d72faad8,Aurora Putra,Merchant navy officer,CV Hakim (Persero) Tbk,Riau
3f11c966,Dr. Betania Zulkarnain,Social worker,PT Suartini (Persero) Tbk,DI Yogyakarta
eab06081,"Faizah Purnawati, S.Sos",Broadcast engineer,PT Sitorus Siregar,Bengkulu
56fcb4cc,Yuni Safitri,"Conservation officer, nature",Perum Firgantoro Tbk,Maluku Utara
5665aba5,Eka Simbolon,Naval architect,Perum Habibi Aryani (Persero) Tbk,Kalimantan Selatan
1a6da332,"Drs. Febi Thamrin, S.Farm",Mudlogger,PT Dabukke,Kalimantan Timur
53eef29d,Victoria Mandala,Teaching laboratory technician,UD Saptono Laksmiwati (Persero) Tbk,Banten
8d41add8,Nasrullah Nurdiyanti,"Therapist, drama",Perum Marbun Rahayu,Sumatera Barat
49e32567,Eli Tarihoran,Comptroller,PD Maulana Wulandari Tbk,Sulawesi Utara
afe972c3,Tgk. Clara Andriani,Clinical biochemist,UD Uwais,Nusa Tenggara Barat
838255b7,Among Widiastuti,Proofreader,Perum Pudjiastuti Tbk,Sulawesi Barat
db63f825,H. Jaya Ardianto,Financial trader,Perum Damanik Tbk,Jawa Timur
9636fc13,"Tina Agustina, S.E.I",Landscape architect,UD Puspita Tbk,Maluku
4753d586,Keisha Pangestu,"Accountant, chartered certified",PT Hariyah Tbk,Riau
96bde13a,Prabawa Hutapea,Plant breeder/geneticist,PD Ardianto Winarno (Persero) Tbk,Banten
e2589493,"Cut Ira Prabowo, S.Sos","Engineer, civil (consulting)",PT Jailani (Persero) Tbk,Jawa Barat
6a958b7a,Aurora Saragih,Public house manager,CV Laksmiwati Mayasari,Nusa Tenggara Timur
72ee4152,Talia Maryadi,Garment/textile technologist,UD Halimah Tbk,Bengkulu
3827dadb,Lalita Pradana,Legal executive,UD Anggraini Suartini Tbk,Maluku Utara
2a6e010a,Ani Laksmiwati,Herbalist,CV Situmorang Tbk,Kepulauan Riau
ad958a8d,Kani Sihombing,"Geneticist, molecular",CV Zulaika Usamah Tbk,Sulawesi Utara
e120430a,Cemplunk Wulandari,"Scientist, research (physical sciences)",Perum Nurdiyanti (Persero) Tbk,Banten
66990488,"Tgk. Uchita Pratiwi, S.E.I",Production manager,CV Mustofa,Kepulauan Bangka Belitung
7c906d96,Galiono Hariyah,Management consultant,PD Siregar Prasetya Tbk,DKI Jakarta
bf344731,Kawaya Siregar,Photographer,UD Mayasari Lestari,Jawa Timur
e18256a6,T. Gamblang Haryanto,"Teacher, English as a foreign language",Perum Gunarto Tbk,Jawa Tengah
7f982eab,Hasna Suwarno,Education administrator,CV Sihotang Prastuti Tbk,Jawa Timur
87425d95,Chelsea Riyanti,Building control surveyor,UD Waskita,Jawa Tengah
0bc000a4,Nabila Wastuti,"Investment banker, operational",UD Winarsih (Persero) Tbk,Kalimantan Barat
5c7b6dc9,Pangestu Oktaviani,Intelligence analyst,Perum Kusmawati Permadi Tbk,Kepulauan Bangka Belitung
745d2fc3,"Tgk. Yance Nasyidah, S.Pd",Financial planner,PD Pangestu,DI Yogyakarta
a9018876,Nasim Januar,"Therapist, music",UD Nugroho Wijaya Tbk,Kalimantan Utara
b2eb6e22,Betania Hutasoit,Broadcast presenter,PD Fujiati Tbk,Sumatera Barat
e276758c,Panji Salahudin,Actuary,UD Haryanto (Persero) Tbk,Gorontalo
d7828c1a,"Drs. Kamila Kusumo, M.Pd",Agricultural engineer,PD Damanik Kurniawan,Riau
d1de562c,R. Tasnim Wijaya,Video editor,Perum Lestari Natsir,Gorontalo
b6d82d96,Vinsen Anggriawan,Geophysical data processor,Perum Pratiwi,Kalimantan Tengah
1ba1c637,Alambana Padmasari,Multimedia programmer,PD Situmorang (Persero) Tbk,Sumatera Utara
555a6a8d,"Endra Mulyani, M.Ak",Exercise physiologist,PD Nuraini,Kalimantan Tengah
24b93b49,Kezia Budiman,"Engineer, site",CV Mahendra Astuti,DKI Jakarta
29278384,Joko Rajata,"Editor, film/video",CV Anggriawan Situmorang,Jawa Tengah
46ae6b82,Victoria Adriansyah,Jewellery designer,PD Prayoga Pangestu,Kepulauan Riau
b6fd6452,Salwa Simbolon,Recycling officer,Perum Thamrin Riyanti Tbk,Nusa Tenggara Barat
b32b0353,Lamar Napitupulu,Television/film/video producer,Perum Namaga (Persero) Tbk,Jawa Timur
c25e0e3e,Caturangga Nashiruddin,Chartered legal executive (England and Wales),CV Rahayu,Bengkulu
aab0b742,Najwa Sihotang,Mudlogger,PT Situmorang,Bali
f226c5f8,Yahya Iswahyudi,Event organiser,PD Zulkarnain,Lampung
6c304e12,Jelita Hutasoit,Air cabin crew,PD Mandala (Persero) Tbk,Sumatera Utara
09a95921,Cagak Saputra,Outdoor activities/education manager,PT Uwais,Sumatera Utara
9d2c571b,Tgk. Kayla Megantara,Market researcher,PD Kusmawati Namaga,Kalimantan Tengah
d5280072,Hafshah Mangunsong,Water engineer,UD Melani,Kepulauan Riau
9d667121,Dinda Kuswandari,Art therapist,PD Mustofa,Kalimantan Tengah
e5968996,Sadina Saptono,Professor Emeritus,PD Sitompul Permata,Papua
94cc2d90,Zalindra Hutagalung,"Exhibitions officer, museum/gallery",PT Aryani Tbk,Sumatera Selatan
88a6f25e,Syahrini Kuswoyo,Science writer,PD Prastuti Andriani Tbk,Sulawesi Tengah
3b34c5f8,"R. Timbul Utama, S.IP","Accountant, chartered public finance",PD Situmorang,Kalimantan Barat
bf513b81,"Cahyanto Astuti, S.Pd",Museum/gallery conservator,UD Setiawan Mustofa,DKI Jakarta
d743deb1,Yessi Widiastuti,Tree surgeon,PT Waskita,Nusa Tenggara Barat
801bba49,Puji Suryatmi,Trade mark attorney,Perum Maryati Budiman,Jambi
3048450b,Queen Utama,Furniture designer,UD Mayasari Yuniar Tbk,Riau
5964917c,Dalima Usamah,Software engineer,UD Kurniawan (Persero) Tbk,Kepulauan Riau
5c414b10,"drg. Sabar Prabowo, S.Kom",Photographer,Perum Damanik Tbk,Papua
89a9b726,Sari Hasanah,Veterinary surgeon,PD Nugroho Nasyiah,Kalimantan Timur
bb3b610e,Halim Prasetyo,Insurance underwriter,PT Hidayat (Persero) Tbk,Maluku
70248152,"Rusman Namaga, S.Gz",Retail buyer,UD Wacana,Sulawesi Utara
044d8d66,Ratna Budiyanto,Paediatric nurse,PT Hutasoit Tbk,Kalimantan Tengah
a54fe375,Tgk. Martana Widiastuti,"Secretary, company",CV Wacana Prakasa,Kepulauan Riau
cb9196ef,Prima Pradana,Exhibition designer,CV Prasetya Purnawati,Lampung
0c7e0bea,Elisa Halim,Neurosurgeon,PD Putra Yulianti Tbk,Sulawesi Barat
15b92396,Prabu Firgantoro,Fashion designer,PT Kusumo Tbk,Bengkulu
ce4145bc,Betania Rahimah,Land,UD Wasita Astuti (Persero) Tbk,Sulawesi Selatan
ca2d7582,"Tgk. Tari Nainggolan, S.Sos","Accountant, chartered certified",PD Nuraini Ramadan,Lampung
aa20176a,"Tgk. Hilda Pradipta, S.Farm","Solicitor, Scotland",UD Gunarto (Persero) Tbk,Sumatera Utara
8cc0257e,Ratih Widodo,Podiatrist,PD Andriani Saptono Tbk,Aceh
aa737e19,drg. Maras Maulana,Radiation protection practitioner,Perum Namaga Kusumo,Bengkulu
a71a5553,"Dr. Galih Wahyuni, S.Ked",Occupational psychologist,PT Maryati Sinaga,Gorontalo
d2d6d585,Ratih Halimah,Dispensing optician,UD Yulianti Rajata,Nusa Tenggara Timur
428ab85a,drg. Cengkal Waskita,"Therapist, nutritional",Perum Puspita Wijaya (Persero) Tbk,Maluku Utara
d2a2845f,Umaya Winarsih,Amenity horticulturist,PT Pertiwi,Sulawesi Tenggara
79ea0e21,Langgeng Prabowo,Illustrator,UD Suryatmi Natsir (Persero) Tbk,Jawa Tengah
342df473,dr. Iriana Sirait,Management consultant,Perum Gunarto,Maluku
ea2b87aa,Malika Purwanti,Surgeon,UD Siregar Kusmawati (Persero) Tbk,Jawa Tengah
8cee3823,Kiandra Prastuti,Purchasing manager,PD Mandasari Tbk,Riau
9aaa80fd,"Hj. Pia Agustina, S.Pd","Psychotherapist, child",Perum Nashiruddin Tbk,Sulawesi Selatan
3a0d8164,Dt. Kusuma Habibi,"Scientist, biomedical",PD Widodo,Jawa Tengah
4a6a0ed2,"Enteng Mansur, M.TI.","Lecturer, further education",PD Wijayanti Yuniar,Papua Barat
61efe747,Eka Siregar,Contracting civil engineer,UD Najmudin Gunarto Tbk,Sumatera Barat
a44cb3e2,Harimurti Lazuardi,Financial controller,UD Damanik,Sulawesi Utara
27827f69,Hana Siregar,"Scientist, water quality",PT Wijaya,Maluku
1a22820d,Harjo Hasanah,"Engineer, structural",UD Tamba Usada,DKI Jakarta
21475878,Oliva Uyainah,"Therapist, occupational",CV Tampubolon (Persero) Tbk,Sulawesi Tenggara
743225cd,Dt. Omar Pratama,"Investment banker, corporate",CV Wahyudin,Kalimantan Selatan
493ebd7e,"Drs. Timbul Palastri, S.Kom",Dramatherapist,Perum Gunawan (Persero) Tbk,Gorontalo
00cfd124,"Candrakanta Hidayanto, S.IP",Equality and diversity officer,CV Megantara Novitasari,Kalimantan Utara
faf22949,Bancar Hutagalung,"Therapist, occupational",PT Marbun,Nusa Tenggara Barat
0112a105,Nadia Firgantoro,Petroleum engineer,PD Lestari Pratiwi Tbk,DI Yogyakarta
2dd3afc3,"Drs. Winda Pudjiastuti, M.Ak",Podiatrist,UD Haryanti Tbk,Kepulauan Bangka Belitung
467c44ad,Shania Lazuardi,Freight forwarder,UD Astuti (Persero) Tbk,Maluku Utara
872ca0ee,"Mursita Najmudin, M.Kom.",Museum/gallery exhibitions officer,PT Safitri Prasasta,Riau
a972caeb,Irma Sihombing,Airline pilot,UD Wulandari,Kepulauan Bangka Belitung
fe742297,"Ir. Wadi Agustina, M.Pd",Sub,CV Haryanti,Kalimantan Barat
f4dd2fdf,Kamila Saptono,"Accountant, chartered",Perum Laksita Tbk,Kalimantan Selatan
06edd247,Rudi Suwarno,Medical secretary,UD Anggraini Pradana,Sumatera Barat
b16639f3,"Kambali Prasasta, S.Gz",Petroleum engineer,CV Adriansyah,Sulawesi Barat
1fae0eb6,Citra Wibisono,"Optician, dispensing",CV Siregar Safitri Tbk,Kalimantan Timur
54372e61,Warji Maryati,Translator,CV Maryati Kusmawati (Persero) Tbk,Sulawesi Utara
8094fb42,Niyaga Namaga,Recycling officer,PD Hakim Nurdiyanti,Jambi
316ca21f,Jaga Mandala,Brewing technologist,UD Oktaviani Natsir,Kalimantan Timur
28dcf9e9,"Puti Paramita Usada, S.Ked",Careers information officer,PT Napitupulu Aryani Tbk,Jambi
cc026ab5,Alika Laksmiwati,Make,PD Rajasa Tbk,Gorontalo
30daa673,"Dr. Usyi Wacana, S.IP",Youth worker,CV Saptono Putra,Sulawesi Selatan
3667d2b7,Vivi Rajasa,"Accountant, chartered",PT Laksita Anggriawan,Maluku Utara
9d8de795,Yessi Rahmawati,Barista,CV Halimah Mandala Tbk,Lampung
f572e74c,"Widya Rahmawati, S.E.",Community pharmacist,Perum Kuswandari Tampubolon,Jawa Tengah
bfb7d624,dr. Humaira Sirait,"Restaurant manager, fast food",Perum Mandala Firgantoro Tbk,Maluku
e6294523,"H. Kasusra Pratiwi, S.E.I",Midwife,CV Sihombing Kuswoyo Tbk,Jawa Barat
4b1ad745,"drg. Dodo Haryanto, S.T.","Scientist, audiological",CV Kurniawan Tampubolon (Persero) Tbk,Kalimantan Tengah
92fcdc4e,Citra Uyainah,"Accountant, chartered certified",Perum Mansur (Persero) Tbk,Kepulauan Riau
0cac241c,"Dr. Eko Pudjiastuti, M.Farm",Hospital pharmacist,PD Latupono Fujiati,Maluku
29d6adb5,"Ciaobella Nashiruddin, S.Psi",Dietitian,Perum Astuti,Sulawesi Utara
88a6c40e,"R. Fathonah Kusumo, M.Farm",Special educational needs teacher,Perum Tampubolon Aryani,Maluku Utara
dfa7962c,Eka Ramadan,Television/film/video producer,PT Suryono,Lampung
2a849cda,Drs. Nasrullah Pratiwi,Forensic scientist,PD Saragih Purnawati,Nusa Tenggara Barat
5e805091,"Aris Puspita, S.Kom",Chief Marketing Officer,PD Pangestu Sihotang Tbk,Papua
ddc3c760,"T. Prakosa Nashiruddin, S.Ked","Doctor, hospital",PD Prasetyo,Maluku Utara
4244e605,Indah Permadi,Insurance risk surveyor,PT Mandasari Tbk,Nusa Tenggara Timur
86ca55d3,Carla Zulaika,Advertising account planner,CV Anggraini Kuswoyo (Persero) Tbk,Maluku
90da3b24,Daliman Pranowo,Production engineer,CV Megantara,Nusa Tenggara Timur
48b6eeb9,Marwata Mansur,Museum education officer,PD Suartini Kuswoyo Tbk,Papua
ccab5dc3,Tari Maheswara,Make,Perum Hutapea Tbk,Papua Barat
feccc71d,Sabri Wastuti,Armed forces operational officer,Perum Saptono Tbk,Papua
873dffaf,Rachel Rajasa,Herpetologist,PD Suryono Kuswandari,Kalimantan Barat
8b637d60,"Lili Rajata, S.IP",Structural engineer,CV Hartati Wibowo,Gorontalo
4e7f96a5,"Nadia Nashiruddin, S.E.",Wellsite geologist,PD Firmansyah Prasetyo,Sulawesi Barat
258fa8e2,Kani Mangunsong,Pension scheme manager,UD Tamba,DI Yogyakarta
0aff64ce,"Puti Hasna Iswahyudi, M.Pd","Secretary, company",UD Nasyiah Tbk,Sumatera Selatan
66f5315f,"Cut Yessi Nashiruddin, M.M.","Editor, magazine features",UD Widiastuti Widiastuti,Kalimantan Tengah
7aad4647,Cawuk Oktaviani,"Research officer, government",PT Nugroho Tbk,Kalimantan Utara
94a2c336,Iriana Najmudin,Insurance broker,UD Tarihoran Tbk,Nusa Tenggara Timur
024ec221,Nabila Mustofa,Ship broker,UD Widiastuti Padmasari Tbk,Kalimantan Barat
61f45d53,"Drs. Saka Handayani, S.Pt",Politician's assistant,CV Saptono Sihotang Tbk,Kepulauan Riau
223a0ae0,Shania Mahendra,Hospital doctor,PD Hidayat Yolanda,Sulawesi Selatan
7c9b1966,Sadina Prayoga,Arboriculturist,Perum Habibi,Riau
e2dd3378,Tami Kuswoyo,Dentist,PT Wahyudin Permata (Persero) Tbk,Gorontalo
f96ab214,Sarah Winarno,Leisure centre manager,PD Safitri Aryani,Sulawesi Selatan
6a332407,"Hj. Ira Aryani, S.E.",Dealer,PD Novitasari Wulandari (Persero) Tbk,Kepulauan Riau
82e0d4d8,Shania Fujiati,"Surveyor, quantity",Perum Maryadi Susanti,Lampung
8a152f1c,Kawaca Kusmawati,"Radiographer, diagnostic",CV Aryani Kurniawan,Papua
3d6fc716,"Dr. Jais Tarihoran, S.Ked",Adult nurse,UD Suryatmi Sinaga,Sulawesi Selatan
6e7833f0,"Edi Widodo, S.E.I","Development worker, community",PD Pranowo Tbk,Kalimantan Tengah
48e5aabf,"Raharja Ardianto, S.Kom","Therapist, music",Perum Samosir Ramadan (Persero) Tbk,Kalimantan Utara
04350bef,Juli Saefullah,"Engineer, maintenance (IT)",PT Situmorang Winarsih,Sumatera Utara
f452a9c8,Azalea Kusumo,"Optician, dispensing",UD Pertiwi,Kalimantan Selatan
907afbed,Anita Anggriawan,"Programmer, systems",CV Haryanti Anggraini,Kalimantan Timur
2bfb2ed2,Julia Tampubolon,Politician's assistant,CV Hardiansyah Fujiati,Jawa Timur
bc5ee6c4,Garda Mulyani,Dealer,Perum Sihombing Hastuti,Riau
163f64fe,T. Bagya Prabowo,Equality and diversity officer,PT Ardianto (Persero) Tbk,Nusa Tenggara Timur
6885eb5c,Amelia Rajasa,Contracting civil engineer,PD Rahmawati Widiastuti Tbk,Kalimantan Utara
b461bcf1,Legawa Yolanda,Surgeon,UD Wahyuni Andriani (Persero) Tbk,Kepulauan Riau
20270e91,Dt. Usman Zulkarnain,Manufacturing systems engineer,PT Rahmawati Tbk,Sulawesi Utara
d20cba1a,"Farhunnisa Santoso, M.M.",Holiday representative,UD Haryanto Maulana,Lampung
05cca295,Sutan Legawa Wibisono,Art therapist,UD Kurniawan Fujiati,Sulawesi Tenggara
33ca9176,Safina Purwanti,Archaeologist,PD Purnawati Winarno Tbk,Jambi
37b64267,"Eli Hutapea, S.IP",Farm manager,Perum Adriansyah Firmansyah Tbk,DKI Jakarta
24634301,"Sakura Nainggolan, S.Pt","Scientist, research (maths)",PD Rajasa Melani,Aceh
96c4d0e1,Dwi Januar,Health and safety adviser,Perum Padmasari Rahimah,DKI Jakarta
76d39a91,"Luwes Prasasta, S.I.Kom",Building services engineer,CV Wasita Tbk,Kepulauan Riau
46e87d5f,Daruna Iswahyudi,Barrister's clerk,CV Maulana Nuraini,Lampung
cc5d4c35,"Jayeng Mandasari, S.IP","Lecturer, further education",Perum Jailani Wastuti Tbk,Kepulauan Bangka Belitung
3ccbd399,Gaduh Kuswandari,"Therapist, music",PT Mangunsong,Riau
ce4529c3,Vero Firmansyah,Set designer,PT Lestari Natsir (Persero) Tbk,Jawa Barat
e4159cc7,"Dr. Upik Budiman, S.T.",Town planner,PT Marpaung Susanti (Persero) Tbk,Papua Barat
71bd4c4d,Unjani Adriansyah,"Engineer, structural",PD Puspita,Kalimantan Barat
42273deb,Nova Mayasari,"Presenter, broadcasting",CV Zulkarnain Nasyiah,Aceh
f258e061,Sabar Mangunsong,Financial planner,PD Maheswara Saefullah,Kalimantan Utara
5f715300,R.M. Jagaraga Nashiruddin,Chartered management accountant,UD Mardhiyah (Persero) Tbk,Kalimantan Tengah
7eae2927,Purwa Rajasa,Medical technical officer,UD Permata Tbk,Sulawesi Tengah
49f52f57,Luhung Gunawan,Radio producer,PD Ramadan Yolanda,Aceh
5ffc685a,Daru Kurniawan,Electrical engineer,PD Suryono Widodo (Persero) Tbk,Sulawesi Tengah
b025edc7,Elma Rahayu,Theatre director,PT Mayasari,Kalimantan Timur
75a0c5d7,Puti Ani Yolanda,"Psychologist, sport and exercise",Perum Handayani,Sulawesi Tengah
c0a6db57,Asirwanda Yuniar,"Presenter, broadcasting",UD Anggriawan,Kepulauan Bangka Belitung
b9e6c31d,Dt. Yosef Nasyidah,"Engineer, mining",PD Hutasoit,Kepulauan Bangka Belitung
92687b96,Wahyu Agustina,Geophysical data processor,UD Ardianto Hariyah,Sulawesi Barat
f25ed987,Warsa Pudjiastuti,"Engineer, building services",CV Uwais,Banten
7d2f5f21,"Puti Titin Laksita, M.Kom.",Secondary school teacher,PD Waluyo Saefullah,Kepulauan Bangka Belitung
b405a5dd,"drg. Paulin Tampubolon, M.Pd","Teacher, music",Perum Pradana Firmansyah,Kepulauan Riau
373e03fc,Eli Iswahyudi,Actuary,PD Pratiwi,Kepulauan Riau
9d84917e,Dr. Hilda Mulyani,Financial planner,PT Nainggolan Hakim (Persero) Tbk,Bengkulu
31414ac7,Maya Sihombing,Dramatherapist,Perum Hutapea,Jawa Tengah
1e9e4c98,dr. Cakrawangsa Wahyudin,Air broker,PD Sihombing (Persero) Tbk,Kepulauan Bangka Belitung
1de6a1ea,Dr. Prima Usada,"Doctor, general practice",PT Astuti Utami,Kalimantan Selatan
2df35d72,Dr. Ulva Maryadi,Film/video editor,PD Simbolon,Maluku Utara
685bd3ee,"Langgeng Pratama, S.H.",Audiological scientist,Perum Sudiati Napitupulu (Persero) Tbk,Sumatera Utara
11170ed9,"dr. Dasa Samosir, S.Ked",English as a second language teacher,UD Sitompul,Bali
0d6758e5,Karta Marpaung,"Therapist, sports",PT Suartini Rahimah (Persero) Tbk,Maluku
379e0caf,Dt. Jabal Melani,Agricultural engineer,PT Uyainah Tbk,Kalimantan Selatan
c6b960a9,"R. Rini Utama, M.Kom.",Professor Emeritus,PD Hutagalung,Sulawesi Utara
05bd7ed9,"Oni Firgantoro, S.H.",Systems developer,PD Najmudin Wahyudin,DKI Jakarta
1ebfb8b7,"Drs. Darijan Samosir, S.H.","Programmer, applications",PD Halim,Jawa Timur
abb613ef,Jatmiko Riyanti,Systems analyst,CV Wahyudin Nainggolan Tbk,Sumatera Utara
0dc739cb,Cakrajiya Zulaika,"Engineer, biomedical",Perum Suwarno,Jawa Tengah
8e126a72,Tgk. Gawati Tampubolon,Tax inspector,Perum Hidayat Suryono,Lampung
ec64b40b,Caturangga Nashiruddin,Insurance claims handler,UD Prasetya,Banten
5d5ff339,"Dr. Kala Wijayanti, S.Sos",Armed forces technical officer,PD Haryanti (Persero) Tbk,Maluku
531c76cb,Abyasa Napitupulu,Pathologist,Perum Nashiruddin Suryatmi,Kalimantan Utara
ffcf22dd,Ir. Bakiono Nashiruddin,Photographer,CV Safitri,Banten
64afe78d,Maman Rahimah,"Therapist, art",Perum Sihotang Farida Tbk,Nusa Tenggara Timur
df25f01e,Sutan Lanang Januar,Barrister's clerk,CV Lailasari Sudiati,DKI Jakarta
bec0ed74,Tania Wahyudin,Retail merchandiser,CV Damanik Wahyuni,Maluku
432f5242,Joko Astuti,Environmental health practitioner,UD Mandasari Hartati (Persero) Tbk,Sumatera Barat
68b6ae27,Luluh Siregar,Call centre manager,PD Jailani Tbk,Sumatera Utara
d58bc488,"Tgk. Gabriella Prabowo, S.T.",Ceramics designer,Perum Suwarno Namaga (Persero) Tbk,Nusa Tenggara Timur
e84386ce,"Sutan Upik Pertiwi, S.Psi",Emergency planning/management officer,CV Usada,Kalimantan Tengah
3d17237a,drg. Pangestu Firmansyah,Naval architect,CV Rahimah,Kalimantan Tengah
306f4472,Ulva Nurdiyanti,TEFL teacher,PD Wacana,Sulawesi Utara
fd970edc,Kenzie Yolanda,Radiation protection practitioner,Perum Sihombing Dongoran (Persero) Tbk,Bali
ff4d27d3,Panji Pradana,Manufacturing systems engineer,Perum Susanti Tbk,Sulawesi Tenggara
ba61a0eb,Hana Uyainah,Hospital doctor,UD Hariyah Sihombing (Persero) Tbk,Kalimantan Utara
c4f58a66,"Zaenab Nuraini, S.Gz",Building control surveyor,CV Hutasoit,Sulawesi Tenggara
1db1277c,"Lalita Riyanti, M.Kom.",Comptroller,UD Novitasari Setiawan,Nusa Tenggara Barat
2e2324bb,Pangeran Anggriawan,"Engineer, materials",PD Handayani,Kalimantan Barat
7687dbb8,"R.A. Fitria Halim, S.Psi","Secretary, company",CV Thamrin Widiastuti Tbk,Sulawesi Selatan
ea97fdc8,Ulva Rahayu,Teaching laboratory technician,PD Padmasari Tbk,Sulawesi Tengah
a8892f9f,Tomi Lailasari,Engineering geologist,Perum Hidayanto Tbk,Maluku Utara
be994310,Lala Puspita,Furniture designer,Perum Salahudin Tbk,Sulawesi Tengah
3f652ad2,Zamira Kusumo,Immigration officer,PT Safitri Mandala,DI Yogyakarta
6af00f62,Latika Siregar,Chartered accountant,PD Kusmawati Siregar Tbk,Aceh
5dc8baa2,Rina Wijayanti,Naval architect,Perum Pudjiastuti (Persero) Tbk,Papua
d9f4ab2f,"Drs. Paris Wijaya, S.Psi",Accommodation manager,PD Namaga Hastuti,Kalimantan Timur
dce372e8,Cornelia Hakim,Tax inspector,UD Oktaviani Damanik Tbk,Aceh
b38165fc,Timbul Hidayat,Communications engineer,PT Uwais,Kepulauan Riau
75b638c5,"Jelita Prakasa, S.E.I","Surveyor, hydrographic",Perum Namaga Tbk,Bali
ad189157,Najwa Permadi,Merchant navy officer,CV Siregar Widiastuti,Maluku
9f2a1da1,Jasmani Prayoga,Electronics engineer,Perum Hassanah Tbk,Maluku
0e89bd8a,Patricia Anggraini,Insurance risk surveyor,UD Hidayanto Pranowo,Bali
bfef64b2,Ajimin Puspita,Forest/woodland manager,CV Thamrin,Sulawesi Tengah
05ea876c,Sutan Johan Aryani,Call centre manager,Perum Sihotang (Persero) Tbk,Kalimantan Utara
e657e8d3,Oman Mandasari,Futures trader,CV Adriansyah Marbun Tbk,Nusa Tenggara Timur
d1aba8ad,"Dr. Ajimat Namaga, M.Kom.",Haematologist,PD Susanti Padmasari,Jambi
bc862723,Dasa Widiastuti,Land/geomatics surveyor,Perum Yuliarti Riyanti (Persero) Tbk,DI Yogyakarta
87b68fb0,"Hj. Kani Wahyudin, M.M.",Community education officer,UD Wijaya,Kepulauan Bangka Belitung
d164b01b,T. Danang Permadi,Systems developer,PT Kurniawan Waluyo,Kalimantan Tengah
3da5a036,Jabal Putra,Network engineer,PT Gunarto Wijaya,Sulawesi Utara
3f3add25,Citra Prasetya,Research scientist (physical sciences),PT Yulianti Pratiwi Tbk,DI Yogyakarta
b2eab941,Puti Nilam Hidayanto,Environmental consultant,UD Susanti Agustina (Persero) Tbk,Nusa Tenggara Timur
377dd317,Legawa Prakasa,Pharmacologist,UD Situmorang Tbk,Papua Barat
f00fe019,Karman Irawan,Call centre manager,CV Irawan Usada,Sulawesi Barat
d41b5e4f,"Gasti Pradana, S.Gz",Advertising account planner,UD Irawan Hutagalung Tbk,Banten
ca5f8c45,Vanesa Sitorus,Farm manager,CV Utami Budiman,Kalimantan Utara
ebd878d8,Mila Natsir,Nature conservation officer,UD Nurdiyanti Riyanti,Sulawesi Selatan
ec3d4f4a,Rendy Tampubolon,Air traffic controller,PT Saragih,Kalimantan Timur
be591664,dr. Titi Mangunsong,"Producer, radio",UD Safitri Situmorang,Kepulauan Bangka Belitung
f38f91b9,Drs. Uchita Kuswandari,Purchasing manager,UD Utami (Persero) Tbk,Kalimantan Selatan
3fbf0015,Bakiadi Puspita,Architect,PT Putra Tbk,Kepulauan Riau
d582d92c,H. Rafid Hasanah,Psychotherapist,CV Hakim (Persero) Tbk,Sulawesi Tenggara
73b8879e,R.M. Ibrahim Hasanah,Retail buyer,Perum Sitompul Prasetyo Tbk,Sumatera Barat
0aa2f604,"Unggul Waskita, M.Pd",Intelligence analyst,UD Widiastuti Firgantoro Tbk,Jawa Tengah
45517ac8,"H. Prayogo Uwais, S.Kom",Chief Operating Officer,PT Purwanti Pradipta,Kalimantan Utara
157dabe7,Drs. Gabriella Budiman,"Engineer, civil (consulting)",PT Prasetya Tbk,Papua
2c1b48f2,"Drs. Almira Oktaviani, S.Farm","Designer, multimedia",Perum Haryanti Megantara,Nusa Tenggara Timur
7f3eb1bf,"Dr. Daliman Waluyo, S.E.","Presenter, broadcasting",UD Tamba,Bengkulu
d19aaa72,Sutan Laksana Nasyiah,"Producer, television/film/video",UD Wahyudin Tbk,Nusa Tenggara Barat
51a5f362,Indah Sihotang,"Teacher, early years/pre",PT Hariyah,DKI Jakarta
82441106,"R.A. Yance Waskita, S.Pd",Child psychotherapist,PT Permadi Rajasa Tbk,Maluku
bf6ff482,Mahmud Kurniawan,Haematologist,PT Rahayu Tbk,Sulawesi Utara
09642dbf,"Tira Putra, S.E.I",Comptroller,PT Tamba Nashiruddin Tbk,Bali
d208e070,Ir. Gambira Puspita,Metallurgist,Perum Rahayu,Nusa Tenggara Timur
1a0373ba,"Dr. Jessica Permata, M.Ak","Nurse, children's",UD Firmansyah (Persero) Tbk,Kalimantan Tengah
e2abc0ba,"KH. Gambira Handayani, S.E.",Manufacturing engineer,Perum Tamba Tbk,Maluku
b7f56a43,"Novi Saragih, S.E.",Financial adviser,PD Lestari (Persero) Tbk,Maluku Utara
579261df,Bakidin Gunarto,Dietitian,CV Pranowo Ramadan,Jawa Timur
57829257,Tomi Melani,Community pharmacist,CV Utami Thamrin Tbk,Riau
f7a6b0cd,Drs. Eka Winarsih,Web designer,Perum Pranowo Sitorus,Banten
a456fb56,"Parman Waluyo, S.I.Kom",Museum/gallery exhibitions officer,PD Palastri Zulkarnain,Nusa Tenggara Barat
4f07f09d,T. Ihsan Hutagalung,Patent examiner,UD Hastuti Tbk,Kepulauan Bangka Belitung
95fef16e,Malik Sitorus,Adult guidance worker,UD Manullang Damanik,Papua Barat
df3edc67,Tgk. Jail Wijayanti,Visual merchandiser,Perum Napitupulu Wastuti,Kalimantan Timur
edcc2212,"Hj. Nadine Prabowo, S.Sos",Broadcast engineer,PT Iswahyudi Tbk,Papua
95eae8d3,Elisa Oktaviani,"Copywriter, advertising",UD Setiawan Kurniawan Tbk,Kalimantan Selatan
c1a46009,Widya Yolanda,Waste management officer,Perum Pudjiastuti Yuliarti,Aceh
e08b62e1,"Yusuf Prabowo, M.Pd","Therapist, occupational",PD Budiman (Persero) Tbk,Papua Barat
444fcd39,Gangsa Hutagalung,Sports therapist,UD Permata Purwanti (Persero) Tbk,Nusa Tenggara Timur
34e05051,Karna Situmorang,Set designer,PD Saptono,Riau
36ee5f34,Genta Saefullah,Garment/textile technologist,PD Suartini,Sulawesi Barat
41fe7fdd,Hardana Kuswoyo,Statistician,Perum Nuraini,Sulawesi Selatan
e932d32d,R.A. Lintang Hidayat,"Surveyor, insurance",PD Siregar Tbk,Kalimantan Barat
fb2c8e4b,Wakiman Maryadi,Sub,CV Utami (Persero) Tbk,Sumatera Selatan
671d7232,"Teguh Hartati, S.Pt",Toxicologist,PD Habibi Maheswara Tbk,Kepulauan Bangka Belitung
45f2f829,Kemba Handayani,"Lecturer, higher education",CV Damanik Simbolon,Maluku Utara
b09a0cf1,"Tgk. Wani Mulyani, S.Pd",Retail banker,Perum Kusumo (Persero) Tbk,Sulawesi Tengah
7f5e6b3d,"R.M. Cahyanto Sinaga, S.Pt",Operational researcher,CV Mansur Tbk,Sulawesi Barat
fcc87add,Martaka Tampubolon,Chief Operating Officer,UD Mustofa Novitasari,Papua
3fe5a37d,Drs. Diana Nuraini,Research scientist (life sciences),UD Zulaika Yolanda,Sulawesi Barat
c5e81f16,Hafshah Purwanti,"Education officer, museum",PT Hutasoit Hastuti Tbk,Maluku
84441c70,Putri Wibowo,Quantity surveyor,PT Rahmawati Yuliarti Tbk,Maluku Utara
ddd51f9d,"Naradi Sihotang, M.TI.",Arboriculturist,PD Kusmawati,Nusa Tenggara Timur
4292dba3,Koko Santoso,Equality and diversity officer,Perum Winarno Zulkarnain,Kalimantan Timur
cd4fa1b1,Bagus Mangunsong,Fashion designer,Perum Pratama (Persero) Tbk,Lampung
4b88cbec,Lalita Widodo,"Scientist, audiological",Perum Dabukke Tbk,Kepulauan Riau
1692fc0b,Padmi Wahyudin,"Conservation officer, nature",Perum Fujiati Novitasari (Persero) Tbk,Kepulauan Bangka Belitung
80cc4d10,Oskar Namaga,Dentist,Perum Pangestu Hakim,Jawa Barat
edc4cea5,drg. Vivi Prasasta,Fine artist,CV Suartini Mangunsong,DI Yogyakarta
6115f93c,"Cut Hafshah Kusumo, S.Ked","Therapist, drama",Perum Aryani Uwais,Nusa Tenggara Barat
cd53a4cb,Ami Mahendra,Lobbyist,PT Nugroho Hutasoit,Bali
41ab78e0,Dt. Teddy Gunawan,Waste management officer,Perum Tampubolon,Maluku
0bb534c3,"Patricia Haryanto, S.E.I",Quarry manager,CV Mangunsong Kuswandari,Kalimantan Tengah
e38bfc47,"Lukman Wahyudin, S.Pt",Quantity surveyor,UD Kuswoyo Rahmawati (Persero) Tbk,Kalimantan Timur
01a026f0,"Sutan Kuncara Manullang, S.Pt",Charity officer,Perum Hutasoit Anggriawan Tbk,Maluku Utara
f03d5829,"R.M. Balapati Laksita, M.TI.",Environmental manager,CV Narpati Sihombing,Banten
cc8b49b9,Gabriella Fujiati,"Designer, textile",Perum Saefullah,Sumatera Utara
6b78dfe4,"Shakila Susanti, S.Kom",Energy engineer,Perum Wacana (Persero) Tbk,Sulawesi Selatan
be3c0732,Sadina Wijaya,"Engineer, broadcasting (operations)",Perum Pangestu Hutapea Tbk,Riau
b38b8652,"Hj. Unjani Sihombing, M.Farm",Publishing copy,PT Wastuti,DKI Jakarta
68ca27bd,Ghaliyati Pranowo,Interpreter,PD Wibisono Budiman (Persero) Tbk,Maluku
314622ee,"Jaswadi Setiawan, S.T.",Investment analyst,Perum Nainggolan (Persero) Tbk,Kalimantan Tengah
4ca658db,"Maria Pranowo, S.Farm",Housing manager/officer,UD Waskita Tarihoran (Persero) Tbk,Sulawesi Utara
7228f68d,Vera Widiastuti,Copy,PD Mandala Lailasari,Sumatera Barat
c8c39dc0,"Pia Handayani, S.Kom","Doctor, hospital",CV Anggriawan Hidayat Tbk,Sulawesi Selatan
04c6acb2,Arta Nainggolan,Food technologist,UD Sihombing Thamrin (Persero) Tbk,Kalimantan Timur
068eb6a3,Gaiman Simbolon,Recruitment consultant,UD Kusumo Tbk,Sulawesi Tenggara
cd0a727e,"Suci Zulkarnain, S.IP",Operational researcher,PT Iswahyudi,Papua Barat
0bc90285,Dr. Wulan Prasetyo,Manufacturing engineer,CV Hasanah Mardhiyah Tbk,Sulawesi Utara
4b4f38c3,Radika Anggriawan,Physiotherapist,PT Kusumo,Kalimantan Selatan
24593d1f,Prabawa Saefullah,"Producer, television/film/video",PD Uwais Hassanah Tbk,Nusa Tenggara Barat
a5314f67,Dinda Thamrin,"Pharmacist, hospital",UD Utama Mandasari (Persero) Tbk,Bengkulu
b8367c6b,Sabrina Prasetyo,"Psychologist, occupational",UD Marbun,Papua Barat
6d23589c,"R. Jessica Mardhiyah, S.Farm",Commercial horticulturist,UD Sudiati Farida,Bengkulu
dda52842,Irnanto Widiastuti,Early years teacher,Perum Utami Lazuardi,Kepulauan Bangka Belitung
a9320255,Ika Nuraini,Special educational needs teacher,Perum Marpaung Safitri,Kalimantan Tengah
de2e233a,Alambana Mulyani,Barrister,CV Nasyidah Laksmiwati (Persero) Tbk,Jambi
504d8e75,Lintang Maryati,Paediatric nurse,UD Sihombing,Kalimantan Tengah
7d7c7a44,"drg. Bagas Firgantoro, M.M.",Fitness centre manager,PT Rahimah Tbk,Lampung
8c729895,"Jumari Uyainah, S.Pt","Engineer, site",PD Haryanto,Gorontalo
a469f727,Drs. Paris Usamah,Publishing copy,PD Ardianto,Jambi
8f9e3648,Raisa Maheswara,Commercial art gallery manager,Perum Thamrin Tarihoran Tbk,Sulawesi Selatan
15ca9cb8,Parman Padmasari,Banker,UD Purnawati,Kepulauan Bangka Belitung
902c6786,Hamima Gunarto,Microbiologist,PT Suwarno (Persero) Tbk,Maluku
eebcba91,"Puti Putri Yolanda, S.IP",Media buyer,CV Hardiansyah Novitasari,Maluku
578be078,Harjo Habibi,"Teacher, secondary school",PT Tarihoran Santoso,DKI Jakarta
528ec43c,Karja Mustofa,Arts development officer,Perum Kuswoyo,Jawa Barat
0e3434a0,Queen Wasita,Management consultant,Perum Prakasa Marpaung,Jawa Barat
afed3b1e,Salwa Saragih,Environmental manager,Perum Suwarno,Gorontalo
c4d0bd05,"Dr. Bagas Tamba, S.H.",Chief of Staff,PD Palastri (Persero) Tbk,Sumatera Selatan
dd84189c,Tasnim Prakasa,Immunologist,UD Mansur (Persero) Tbk,Riau
65fbb614,"Dt. Jaga Mangunsong, S.E.","Engineer, agricultural",Perum Winarsih Wibisono Tbk,Jawa Timur
5fa4d636,Zelaya Waluyo,Sports administrator,PT Maryati,Bali
d28950d5,"Ciaobella Oktaviani, S.Sos",Statistician,UD Gunarto Tbk,DI Yogyakarta
53d454e8,"Emong Kusmawati, M.M.",Petroleum engineer,PD Hardiansyah Sirait Tbk,Nusa Tenggara Timur
15f6e67d,"Daryani Siregar, S.Pd",Herbalist,Perum Andriani Kurniawan,DKI Jakarta
e0ecf849,Bahuwirya Megantara,"Horticulturist, amenity",PT Pudjiastuti Tbk,Maluku Utara
7f6cf016,Tirtayasa Wijayanti,Chartered accountant,UD Purnawati,Papua
a609b41f,KH. Tirtayasa Wahyuni,Tourist information centre manager,PD Sitompul (Persero) Tbk,DI Yogyakarta
183203f2,"T. Nyoman Nugroho, S.E.",Trade union research officer,PD Palastri,Sumatera Selatan
26844c35,Kiandra Prasetyo,Geophysical data processor,UD Jailani Purnawati (Persero) Tbk,Papua Barat
47ee8db7,Gilda Hutasoit,Dramatherapist,Perum Pratama Megantara,Maluku Utara
bafb16fa,Drs. Violet Nababan,"Therapist, speech and language",CV Utami Marbun Tbk,Jawa Barat
f680bbc4,Hafshah Tamba,Banker,PD Wibowo Namaga (Persero) Tbk,Bengkulu
d3a56eac,Elma Oktaviani,"Designer, textile",UD Sitorus Mulyani Tbk,DI Yogyakarta
c45d6db9,Uli Wasita,Web designer,Perum Santoso Tbk,Sumatera Barat
01dcf13a,Okto Andriani,Plant breeder/geneticist,Perum Wulandari (Persero) Tbk,Nusa Tenggara Barat
5a1603a7,Yuni Halimah,Midwife,PT Wibowo Farida (Persero) Tbk,Jawa Barat
ea4e4a25,Tedi Uwais,"Designer, exhibition/display",Perum Setiawan (Persero) Tbk,Sulawesi Tenggara
e656eba9,Eva Laksita,Television production assistant,PT Jailani (Persero) Tbk,Jawa Barat
73003247,"Tgk. Rudi Melani, S.Ked",Information systems manager,Perum Sihotang Novitasari (Persero) Tbk,Jawa Timur
7065a4b8,R.M. Digdaya Marbun,Chartered accountant,CV Wijayanti Tbk,Kepulauan Bangka Belitung
61281143,Anastasia Ramadan,"Nurse, children's",Perum Usada Tbk,Papua
8d1d1201,Paramita Tampubolon,Diagnostic radiographer,Perum Kuswandari Haryanti (Persero) Tbk,Jawa Timur
f8b12435,"Prasetya Rahimah, S.I.Kom",Radio producer,UD Halim Kusmawati,Bengkulu
f455c2c6,Wage Winarsih,Adult nurse,PD Salahudin Laksita,Papua Barat
e48a882e,Raisa Nurdiyanti,"Producer, radio",PT Sitorus Safitri,DKI Jakarta
05127470,Rahmi Winarno,Diagnostic radiographer,PD Hakim Suryatmi,Sulawesi Tengah
a960c034,"Kezia Siregar, S.Ked",Manufacturing engineer,UD Budiyanto Dongoran,Sumatera Selatan
425be628,Kuncara Ardianto,Restaurant manager,PD Pertiwi,Maluku
08fdebfc,"Cindy Hariyah, S.Gz",Fashion designer,CV Wulandari Kuswoyo (Persero) Tbk,Jawa Barat
dd4a13d0,Febi Melani,"Therapist, occupational",PD Saefullah (Persero) Tbk,Kalimantan Selatan
5ddbdb0b,Arsipatra Nainggolan,"Accountant, chartered",PT Hasanah Iswahyudi (Persero) Tbk,Banten
7bc70074,Sari Kurniawan,Mudlogger,CV Purnawati Haryanti,Sumatera Barat
61c5b97e,Candrakanta Sirait,Equities trader,UD Maulana Nainggolan,Jambi
96d77f8a,Luluh Saefullah,Geophysical data processor,Perum Ardianto Sudiati,Kalimantan Tengah
f4fcef47,Nilam Wahyudin,Air cabin crew,CV Anggriawan,Nusa Tenggara Barat
3f0065c1,Rahayu Setiawan,"Teacher, secondary school",UD Situmorang,DI Yogyakarta
12cc7ac7,Julia Lazuardi,Advice worker,PT Permadi Saputra,Kepulauan Bangka Belitung
b378c268,"R. Uli Melani, S.E.I","Scientist, audiological",CV Mandasari,Kalimantan Barat
28dcb62d,R. Gandi Mandala,Newspaper journalist,UD Wahyuni Nainggolan Tbk,Jawa Tengah
f5afca6d,Aris Firmansyah,Control and instrumentation engineer,PT Ramadan (Persero) Tbk,Sulawesi Utara
d66e31e7,"Cengkir Pratiwi, M.Ak",Equality and diversity officer,Perum Winarsih Setiawan Tbk,Papua Barat
119e03ed,"Tgk. Lamar Andriani, S.I.Kom",Armed forces logistics/support/administrative officer,Perum Jailani (Persero) Tbk,Maluku
fda59f1c,"Cut Kani Prakasa, S.Psi",Film/video editor,UD Wacana,DKI Jakarta
e7a54feb,Daniswara Siregar,"Surveyor, rural practice",Perum Megantara (Persero) Tbk,Gorontalo
eb3c46e8,Syahrini Riyanti,Medical physicist,Perum Hutagalung (Persero) Tbk,Riau
831efa41,dr. Uchita Sihombing,Paediatric nurse,CV Marbun Gunawan,Sumatera Selatan
6f163f43,"Tiara Purwanti, M.Ak","Surveyor, land/geomatics",PD Permata Prasasta,Sumatera Barat
056b6798,"Asmianto Astuti, M.TI.","Social research officer, government",UD Prakasa Iswahyudi,Jawa Barat
d85e4a00,Eva Fujiati,"Engineer, chemical",PD Jailani,Jambi
1d983251,"Galih Padmasari, S.E.",Tour manager,UD Sirait (Persero) Tbk,Sulawesi Utara
559d82e2,Empluk Maryati,Estate agent,UD Rajasa Prastuti,Kalimantan Selatan
8e10b38a,R. Mustofa Sihotang,"Designer, blown glass/stained glass",UD Hidayat Tbk,DI Yogyakarta
08aabeda,Emil Prasetyo,Planning and development surveyor,CV Utama (Persero) Tbk,Nusa Tenggara Barat
8bf33934,Puji Wijayanti,"Surveyor, minerals",PT Pangestu Tbk,Jawa Timur
f3fb1585,Cut Salimah Palastri,Maintenance engineer,Perum Ardianto,Jawa Tengah
3f7410c3,R.A. Laila Santoso,Restaurant manager,Perum Budiman Hardiansyah,Maluku Utara
301c1522,Silvia Pranowo,Senior tax professional/tax inspector,PT Wibisono,Papua Barat
f43b9958,Harjaya Latupono,Patent attorney,PT Mangunsong,Jawa Barat
1ba81410,drg. Cinthia Gunarto,Event organiser,PD Prasasta,Papua Barat
fce4820e,Belinda Wulandari,Health visitor,PD Suartini,Kepulauan Riau
e24f1c86,Cawuk Natsir,Systems analyst,PT Simanjuntak (Persero) Tbk,Sulawesi Barat
dcecc553,"Ismail Hakim, M.Kom.",Location manager,CV Prasetyo Mayasari,Papua Barat
270b5cf2,"Fitria Tamba, M.Kom.",Special educational needs teacher,CV Uwais Rahayu,Sumatera Barat
857d92e4,Aris Fujiati,Manufacturing systems engineer,PD Napitupulu Siregar,Sulawesi Utara
07bde69d,Gading Saefullah,Architect,PT Pertiwi (Persero) Tbk,Kepulauan Riau
58fe7f58,Wahyu Prayoga,Intelligence analyst,CV Siregar Wulandari,Jawa Barat
ddfb3cb8,Jaya Hartati,"Nurse, adult",PD Saefullah (Persero) Tbk,DKI Jakarta
a5db3fec,"Dr. Uda Nasyiah, S.I.Kom","Nurse, learning disability",CV Januar Oktaviani,Gorontalo
91b1a031,"Elvina Uyainah, S.Sos","Designer, jewellery",PD Rahimah,Nusa Tenggara Timur
70382251,"drg. Gawati Hardiansyah, S.IP",Medical physicist,CV Hasanah,Kalimantan Utara
0fea8435,Belinda Pangestu,Oncologist,UD Ardianto,Sulawesi Tenggara
be2175de,Gantar Mandasari,Conference centre manager,CV Andriani Simbolon,Jawa Timur
e254f3fc,T. Jinawi Dongoran,Lexicographer,CV Hartati Purwanti (Persero) Tbk,Sulawesi Selatan
974c413c,Garda Irawan,"Engineer, petroleum",CV Marpaung,DKI Jakarta
0bb245ea,"R. Patricia Suwarno, S.Ked",Land/geomatics surveyor,PD Hasanah Tbk,Sulawesi Tengah
02599df3,Farah Novitasari,Chief Financial Officer,PT Wasita Wijayanti Tbk,Nusa Tenggara Barat
d2da04f3,Dewi Nashiruddin,"Engineer, manufacturing",PD Prasasta Tbk,Gorontalo
3a2a748e,Dina Riyanti,"Psychotherapist, child",CV Ardianto Maulana (Persero) Tbk,Jambi
a944b405,Purwa Siregar,Theatre director,UD Nuraini Tbk,Nusa Tenggara Timur
cf98ed07,"drg. Anita Sihotang, S.E.",Jewellery designer,Perum Halim Tbk,Jawa Tengah
3663a233,Rangga Pratiwi,"Clinical scientist, histocompatibility and immunogenetics",CV Kuswoyo,Papua
9c063be2,Almira Mansur,IT technical support officer,Perum Utama (Persero) Tbk,Nusa Tenggara Timur
06c730c4,Cinta Puspasari,Gaffer,Perum Wasita Gunarto (Persero) Tbk,Kepulauan Riau
99ac900b,"Dt. Gamanto Mandala, S.IP",Police officer,Perum Napitupulu,Kalimantan Barat
4d7826df,Jamal Sihombing,Charity fundraiser,CV Tampubolon,Sulawesi Tenggara
16637ea5,"Dr. Zizi Novitasari, M.TI.",Music therapist,PD Wastuti Prasasta,DI Yogyakarta
f392df05,"Hj. Tira Prakasa, S.IP",Publishing rights manager,CV Pudjiastuti Maulana,Kalimantan Selatan
500e5a9a,Sari Manullang,Primary school teacher,CV Anggriawan Tbk,Kalimantan Utara
f8ee9ded,Emil Najmudin,Archaeologist,UD Adriansyah Wulandari,Nusa Tenggara Timur
7371c5d3,Murti Natsir,"Programme researcher, broadcasting/film/video",Perum Tamba Susanti Tbk,Sumatera Barat
6f931dce,"Drs. Lulut Pratiwi, S.Psi","Engineer, electrical",Perum Napitupulu,Sumatera Utara
ed79cfa6,Cakrabuana Rahmawati,Environmental manager,PD Lestari (Persero) Tbk,Aceh
8ffb9f74,"Dr. Murti Waskita, S.IP",Astronomer,UD Saragih,Sulawesi Tenggara
ba6f2a3e,Fathonah Wibisono,"Conservator, furniture",UD Nashiruddin Siregar,Maluku
fab9c224,Tgk. Raisa Maulana,"Surveyor, land/geomatics",UD Wibisono Wibowo,DI Yogyakarta
12363752,Hesti Mahendra,"Conservation officer, historic buildings",UD Winarno,Nusa Tenggara Barat
b7140871,Cut Ami Saragih,Risk analyst,PD Saptono Sihombing (Persero) Tbk,Sulawesi Selatan
0c520af6,Syahrini Sudiati,Operational investment banker,PD Dabukke,Sulawesi Tengah
f8015675,"Tgk. Siska Santoso, S.Sos",Market researcher,Perum Maryati Kusmawati,Gorontalo
313098cb,"Hafshah Firmansyah, S.Kom",Hospital doctor,PT Hutasoit,Kalimantan Barat
ba39fff0,Taufik Nuraini,Emergency planning/management officer,PD Thamrin Tbk,Maluku Utara
582ab481,"H. Nasrullah Iswahyudi, S.Gz",Health physicist,PD Iswahyudi,Maluku
bb27deb4,"Dr. Jane Kusumo, S.E.",Theatre stage manager,Perum Nashiruddin Salahudin,Lampung
a408d6ed,"Drs. Irsad Melani, S.H.","Engineer, electronics",PT Putra Wijayanti Tbk,DKI Jakarta
0c1a00d4,Hadi Saptono,Product/process development scientist,UD Gunawan (Persero) Tbk,Kalimantan Barat
a54328e4,Dimaz Saragih,Control and instrumentation engineer,CV Saputra (Persero) Tbk,Sumatera Barat
4a1bc4d4,"Tgk. Cakrabuana Rajata, M.Farm","Production assistant, television",PT Purwanti Situmorang,Banten
2cae7214,Darmanto Gunarto,"Pharmacist, community",UD Mandasari Hidayat,Kepulauan Riau
7560a9ab,Murti Palastri,Dramatherapist,PT Rajata Tbk,Lampung
7d47e52e,"Kezia Sihotang, M.Ak","Nurse, children's",CV Agustina,Sulawesi Utara
943a51fa,"Titin Habibi, S.Sos",Osteopath,Perum Saptono Mandala,Kepulauan Bangka Belitung
72326017,Aisyah Hutagalung,"Journalist, newspaper",UD Wibowo Jailani,Kalimantan Timur
b2ff8c6c,Jatmiko Napitupulu,"Civil engineer, consulting",UD Nasyiah Anggriawan (Persero) Tbk,Sulawesi Selatan
1e966ea0,Prayitna Yuliarti,Office manager,PT Saptono Kuswandari (Persero) Tbk,DKI Jakarta
23a39959,Kadir Hariyah,Midwife,CV Anggriawan Padmasari (Persero) Tbk,Sulawesi Utara
5f594dd2,Luwar Yulianti,Arts administrator,PT Rahayu,Sumatera Barat
cc038c23,Umar Situmorang,"Therapist, sports",PD Wastuti (Persero) Tbk,DI Yogyakarta
0dbf0a29,"R. Ida Anggriawan, S.I.Kom",Sales executive,PD Permata Farida,Lampung
9e7450f5,Hilda Siregar,Magazine features editor,CV Simbolon,Banten
94ac708b,Jarwa Pratama,Legal executive,PT Hasanah,Jawa Timur
cfba6046,Kartika Hariyah,Pharmacologist,UD Gunawan,Sumatera Utara
dd1257a8,Dinda Siregar,"Biochemist, clinical",UD Melani Najmudin (Persero) Tbk,Sulawesi Utara
066ba003,Harimurti Puspita,Financial risk analyst,UD Hutasoit (Persero) Tbk,Lampung
9ffe277a,Dimaz Pradipta,Automotive engineer,PT Mardhiyah (Persero) Tbk,Papua Barat
088f147a,Vera Budiman,"Accountant, chartered public finance",Perum Usada Siregar,Sulawesi Tengah
5197384c,Cut Hamima Maulana,Illustrator,UD Simanjuntak,Banten
7ac6f2b9,Lalita Nuraini,Midwife,PT Saptono Tbk,Kepulauan Bangka Belitung
f6a6420e,"Kambali Zulaika, S.Ked",Investment analyst,PD Wasita Sihotang (Persero) Tbk,Kepulauan Bangka Belitung
4a832298,Cinta Mustofa,Occupational psychologist,CV Agustina Purwanti,Jawa Timur
e0a346c6,drg. Pangeran Permata,Podiatrist,Perum Samosir Nasyidah,Sulawesi Barat
37b33d52,Hj. Dewi Natsir,English as a foreign language teacher,Perum Sitompul Tbk,Sumatera Utara
ca82b91a,"Drs. Irsad Sitompul, S.Gz","Therapist, speech and language",Perum Nurdiyanti Hutagalung,Maluku Utara
4516682f,Wulan Tarihoran,"Research officer, political party",UD Gunarto Tbk,Kalimantan Selatan
0af5ca86,Ulva Saefullah,Social researcher,PT Andriani Hutasoit,Maluku Utara
4d4d07b0,Raihan Sihombing,"Designer, ceramics/pottery",Perum Oktaviani Wijayanti,Jawa Tengah
38511829,"H. Wahyu Wijayanti, M.Farm","Engineer, mining",Perum Wahyudin,Sulawesi Selatan
c7c6ec49,Hamima Dabukke,Armed forces training and education officer,PD Maheswara (Persero) Tbk,Aceh
a57594cb,Maria Lazuardi,Tax inspector,CV Prasetyo Saputra Tbk,Sulawesi Selatan
7630492c,"T. Danu Haryanti, M.TI.","Surveyor, quantity",PD Wijaya Mangunsong Tbk,Kalimantan Timur
3e63b5dc,Harsaya Pradipta,Exercise physiologist,PT Laksita Marbun,Kalimantan Tengah
3e7313ca,Kala Saragih,Fast food restaurant manager,CV Yolanda,Sumatera Utara
2157aa41,Tgk. Bakijan Dabukke,"Producer, radio",Perum Tarihoran Tbk,Sumatera Selatan
2a254e8a,"drg. Praba Kurniawan, S.Farm",Telecommunications researcher,PT Wahyudin Manullang,Banten
b48c1e44,Sutan Rudi Winarno,Newspaper journalist,Perum Simbolon,Aceh
0825a8df,Kamal Prasetya,"Designer, multimedia",CV Simanjuntak (Persero) Tbk,Gorontalo
9f0b233b,"Kusuma Nainggolan, S.E.I",Counsellor,Perum Palastri (Persero) Tbk,Kepulauan Riau
c13c92ef,Puti Dian Andriani,Dancer,UD Lailasari Tbk,Aceh
8d3d4b0f,Cut Ajeng Suryono,Architectural technologist,PD Yulianti,Kepulauan Bangka Belitung
7304f516,Jaeman Agustina,Careers information officer,PT Usamah Uyainah,Aceh
2758eea0,Gamblang Nuraini,Contracting civil engineer,PT Pradipta (Persero) Tbk,Jawa Barat
8b42ebfc,R. Hamzah Mulyani,Health physicist,PD Napitupulu,Papua Barat
6775afa0,Ganjaran Wahyudin,Theatre director,UD Tampubolon Kusumo Tbk,Jawa Barat
5c4e08a3,Kamaria Pudjiastuti,Therapeutic radiographer,PD Irawan Farida Tbk,Kalimantan Tengah
1c640f90,Shania Prastuti,Legal executive,UD Utama Tbk,Sulawesi Barat
8ac42860,"Puti Cindy Rajasa, S.Sos",Firefighter,PD Dongoran (Persero) Tbk,Sulawesi Barat
cd9ef643,"dr. Ade Oktaviani, S.I.Kom",Wellsite geologist,PT Sihotang (Persero) Tbk,Nusa Tenggara Barat
3243a3cc,Puti Ciaobella Siregar,"Designer, industrial/product",Perum Tampubolon Mandasari,Sulawesi Tenggara
0e4eda56,Najam Salahudin,"Psychologist, counselling",PD Anggriawan Rahmawati,Jawa Tengah
3178c4db,"Unjani Marbun, S.Pt",Heritage manager,CV Handayani,Sulawesi Selatan
59dceb73,Harsanto Fujiati,Drilling engineer,PD Hassanah Tbk,Sumatera Utara
38315e1e,Cut Lidya Farida,"Engineer, control and instrumentation",Perum Iswahyudi,DI Yogyakarta
b21a32d1,Rachel Rajata,Emergency planning/management officer,PT Dongoran (Persero) Tbk,Aceh
c3136043,"Drs. Virman Suryono, S.Pd",Geoscientist,PT Anggriawan,Jawa Barat
a86655da,Jayadi Pratama,Materials engineer,UD Wulandari,Jawa Tengah
3eb8e34f,"Tgk. Diana Sitorus, S.Farm",Arts administrator,Perum Lailasari,Sumatera Utara
659fd445,Heru Iswahyudi,"Surveyor, building control",CV Melani Prastuti,Sumatera Selatan
afbe96bf,Bagas Hidayat,Trade union research officer,UD Pranowo Halimah Tbk,Sulawesi Selatan
2a6b2fa9,Ir. Cakrabuana Prabowo,Plant breeder/geneticist,UD Uyainah (Persero) Tbk,Jambi
14cbd422,Gilda Najmudin,Health and safety adviser,UD Aryani,Papua
5fecdbcb,Ani Dongoran,"Journalist, magazine",PD Budiyanto Tamba,Nusa Tenggara Barat
55dbe938,Ophelia Wijayanti,"Administrator, charities/voluntary organisations",PD Palastri Sihombing,Sulawesi Tenggara
3d428eea,Hj. Jessica Pradana,"Engineer, site",Perum Pradana Padmasari (Persero) Tbk,Sulawesi Utara
0b3d3275,Kani Ramadan,Magazine journalist,Perum Hartati,Maluku Utara
b1a7fb3c,Ir. Puti Marpaung,Musician,PT Mayasari,Sulawesi Utara
6b40070c,Ade Latupono,Barrister,CV Prasetya Setiawan (Persero) Tbk,Sumatera Utara
b80f8628,Dr. Kezia Lazuardi,Building control surveyor,PT Kusmawati Tbk,Maluku
9fbf0252,Ulya Wahyudin,Town planner,Perum Oktaviani (Persero) Tbk,Sumatera Selatan
3e503d64,Kawaya Winarsih,Legal secretary,CV Wibowo Tbk,Kalimantan Utara
47481a7c,Estiawan Zulkarnain,Geophysicist/field seismologist,CV Nababan Tbk,Sulawesi Selatan
b9603062,R.A. Aisyah Kurniawan,"Scientist, forensic",PD Mangunsong Mangunsong,Riau
7b0d231b,Raden Rajasa,Furniture conservator/restorer,CV Situmorang Tbk,Kalimantan Barat
cdc12c2d,"Respati Pradipta, M.Pd",Engineering geologist,PD Wahyuni Nuraini,Kepulauan Riau
919bc046,Martani Hidayanto,Health and safety inspector,UD Pradana Namaga,Bengkulu
3e71ca6a,Galih Nurdiyanti,Publishing rights manager,PT Dongoran Riyanti,Kalimantan Timur
4252a342,dr. Pia Habibi,"Solicitor, Scotland",PT Setiawan Tbk,Jawa Timur
d98e3853,"Yani Mustofa, M.TI.",Media buyer,PT Simbolon Siregar Tbk,Jawa Timur
e9ff1ca9,"Hj. Padmi Ramadan, S.E.",Press photographer,UD Kusumo Maryati (Persero) Tbk,Kalimantan Utara
75170c7d,Kartika Wasita,Phytotherapist,CV Astuti,Kepulauan Riau
30c24339,Kamila Haryanto,Personnel officer,CV Putra Tbk,Nusa Tenggara Barat
7ee4020c,"Tgk. Wulan Aryani, S.Kom",Secretary/administrator,PD Palastri Prayoga,Kalimantan Utara
86330f98,"Zelda Uyainah, S.Sos",Radiation protection practitioner,PD Suryono,Banten
8d3cb300,Reza Maulana,Chief Technology Officer,UD Halimah Damanik,Sulawesi Tenggara
fa316637,Gamani Sudiati,Warden/ranger,Perum Firmansyah Suryatmi Tbk,Jawa Barat
22ce04e6,Zalindra Nugroho,Production engineer,UD Purnawati Mulyani,Sumatera Utara
b930984c,Gatot Pradana,Consulting civil engineer,PD Siregar Tamba,Kalimantan Utara
a8cdf1e2,Joko Nasyidah,Drilling engineer,PT Farida Manullang,Kepulauan Bangka Belitung
963f585a,R. Cagak Farida,Podiatrist,PD Hardiansyah (Persero) Tbk,Aceh
59d7bfb1,Dimas Halimah,Public relations account executive,PD Habibi,Jawa Barat
bd768f2f,"Gilda Kurniawan, S.T.",Early years teacher,CV Hutasoit Firgantoro (Persero) Tbk,Lampung
7f00ff86,"Ilsa Sinaga, S.E.",Market researcher,PD Manullang,Sumatera Barat
2ac98138,Mulya Hardiansyah,Network engineer,UD Permadi (Persero) Tbk,Sumatera Selatan
28de744f,Genta Jailani,Media buyer,PD Nugroho (Persero) Tbk,Kalimantan Utara
e4da71f4,Belinda Utami,"Designer, graphic",PD Thamrin (Persero) Tbk,Jawa Barat
6e2f7ffa,"Dr. Bagus Firgantoro, S.Farm","Production assistant, television",Perum Halimah Sirait,Jawa Timur
b77b93ba,Vega Maryadi,Corporate investment banker,PT Uwais,Sumatera Selatan
073dc278,"Rahmi Sirait, M.Farm","Surveyor, land/geomatics",PD Rahmawati Yuniar,Jawa Tengah
3871eea9,Titi Hidayanto,Town planner,CV Purnawati Tbk,Kepulauan Riau
3a2f56e7,Budi Riyanti,Legal executive,Perum Suryono,Bali
07a9ba42,Ina Widodo,Copy,PD Simanjuntak Palastri (Persero) Tbk,Kepulauan Bangka Belitung
2d85641d,Bambang Manullang,Risk manager,PD Mansur Hutagalung,Kalimantan Barat
0987dae9,"Mulya Nugroho, S.Pd","Designer, jewellery",Perum Wasita,Kepulauan Riau
9dc7e32b,"Tgk. Rachel Pudjiastuti, S.Kom",Associate Professor,CV Hutapea Tbk,Maluku
de683800,Citra Sitompul,Equality and diversity officer,Perum Mandala,Kalimantan Tengah
2e0d4549,Rahman Prasasta,Learning mentor,UD Gunawan,Gorontalo
b00328ba,Juli Nasyidah,Network engineer,PT Mahendra Melani Tbk,Banten
7fa0156f,Irma Hartati,Physiotherapist,Perum Siregar,Sulawesi Selatan
4460f6c7,Anita Manullang,Ambulance person,UD Puspita Sudiati,Papua Barat
dacf1a9b,Tgk. Latika Mustofa,Press sub,CV Wibisono,Kalimantan Barat
973d3d1e,"Tasdik Zulkarnain, M.M.",Adult nurse,CV Pranowo Anggriawan,Riau
f1cd66c9,Umar Hutasoit,Product designer,PD Tarihoran Nababan (Persero) Tbk,Kalimantan Timur
7353973d,"Rachel Yulianti, S.E.",Licensed conveyancer,PT Astuti Tbk,Banten
54937eb2,Pia Setiawan,Electronics engineer,PD Latupono Siregar,Sulawesi Barat
46a03132,Vega Prabowo,Dietitian,UD Kuswandari Tbk,Maluku
cbb5119f,Raisa Winarno,Geophysicist/field seismologist,CV Permadi Dabukke Tbk,Sumatera Selatan
8305d7a6,Ghani Irawan,Town planner,CV Putra Maheswara,Jawa Tengah
9b3e68eb,Sutan Lasmono Mandasari,"Engineer, chemical",PD Hidayat,Maluku
f17953dc,Intan Zulkarnain,"Therapist, speech and language",UD Gunarto,Nusa Tenggara Barat
96bf682d,Ghaliyati Thamrin,Barrister's clerk,Perum Saptono,DKI Jakarta
5702804b,Dr. Rahmi Sitompul,"Production assistant, television",Perum Mayasari,Kepulauan Riau
fda537a4,R. Ratih Wastuti,Dancer,Perum Yuliarti (Persero) Tbk,Sulawesi Barat
33f95ec1,"dr. Pranata Wulandari, S.T.","Engineer, materials",UD Permadi Tbk,Jawa Barat
8bbf6e4f,drg. Respati Narpati,Chief Executive Officer,Perum Megantara,Jawa Tengah
73818f1a,"Drs. Mursita Mulyani, S.Sos",Television floor manager,CV Mayasari Uwais (Persero) Tbk,Banten
1a447eb8,Malika Purnawati,Cartographer,PD Hidayanto Yuliarti Tbk,Sulawesi Selatan
a2a60243,Ghaliyati Agustina,Heritage manager,UD Nainggolan,Banten
3342dc60,"drg. Tantri Kuswandari, S.E.I",Editorial assistant,PT Sitorus Salahudin,Sumatera Utara
0e1a10fa,Ajiman Haryanto,Video editor,PT Yolanda (Persero) Tbk,Jambi
3b8e76e9,"R. Ellis Rahmawati, M.Ak","Civil engineer, contracting",CV Sihotang Mangunsong (Persero) Tbk,DI Yogyakarta
b476c893,Ika Sitorus,Heritage manager,PT Nasyidah Tbk,Jawa Timur
805265f8,Oni Budiyanto,Product designer,Perum Maulana (Persero) Tbk,Jawa Timur
5c28cfd5,Raden Hutapea,Warehouse manager,Perum Gunarto Tbk,Nusa Tenggara Timur
a0795937,Intan Tarihoran,Multimedia specialist,UD Pangestu,Nusa Tenggara Barat
6282c16c,Rina Pratiwi,Teaching laboratory technician,UD Wibowo,Jawa Timur
962171bc,Patricia Purnawati,"Administrator, charities/voluntary organisations",CV Permata Tbk,Kalimantan Utara
0ce85b91,Alika Wahyuni,Industrial/product designer,CV Hassanah,Sulawesi Tenggara
928f4b3d,Lurhur Sitompul,Product/process development scientist,UD Prasetyo Nasyiah,Kalimantan Tengah
fb937570,Dr. Daruna Halim,Sub,PT Setiawan,Lampung
ad978f5b,Carub Oktaviani,"Surveyor, building",Perum Nugroho Marbun,Lampung
a07d7bfd,Ibrahim Yuniar,Chiropractor,CV Andriani Tbk,Sumatera Utara
24e82165,Dr. Jessica Laksita,"Therapist, art",Perum Haryanti Marpaung (Persero) Tbk,Gorontalo
30f17f67,Hilda Tampubolon,"Psychologist, sport and exercise",CV Wibowo Rahimah,Kalimantan Timur
112548ab,"Emin Simbolon, S.IP","Psychologist, occupational",UD Pratama (Persero) Tbk,Bali
0a33b713,Cut Amelia Suartini,Charity officer,UD Saputra,Sulawesi Tengah
fbc8e630,"Tina Budiman, S.H.","Teacher, early years/pre",PT Sudiati Tbk,Nusa Tenggara Barat
51e3b419,"dr. Lembah Wahyudin, M.Pd","Engineer, mining",UD Kuswoyo Halimah,Kalimantan Tengah
30237fcf,Hana Hidayat,Transport planner,UD Hasanah,Sumatera Utara
44b4b56f,Ratna Halimah,Public relations officer,UD Permadi Tbk,Sumatera Barat
973d522c,Dr. Gasti Astuti,TEFL teacher,Perum Hakim Suartini,Kalimantan Timur
9b135143,"drg. Teddy Nurdiyanti, S.E.I",Public house manager,PD Budiyanto Mahendra Tbk,Jawa Barat
6bc7bf91,"Margana Prasetya, M.Ak",Oceanographer,Perum Hutasoit,Aceh
28e135c8,Harimurti Mulyani,"Research officer, trade union",Perum Haryanto Wulandari Tbk,DI Yogyakarta
f562bd95,Dr. Jamalia Mahendra,"Engineer, agricultural",PD Mustofa,Sumatera Selatan
25f2302f,Dt. Karma Maryadi,Advice worker,CV Mulyani,Bengkulu
0c0d177a,"Eva Mahendra, S.IP","Presenter, broadcasting",PD Agustina Pangestu,Maluku
383f7e8f,"Eli Marbun, S.Gz",Intelligence analyst,PD Sitorus Tbk,Sulawesi Tengah
a0ceadb0,Mustofa Sitompul,Water quality scientist,CV Hutagalung,Sulawesi Barat
cf41a1bb,Suci Widodo,Neurosurgeon,PT Saptono Tbk,Sulawesi Tenggara
d75770b6,"dr. Salwa Nugroho, M.Farm",Theme park manager,PD Habibi Wulandari,Sulawesi Barat
0c1a9175,Prayogo Situmorang,"Psychologist, clinical",PD Saputra Suryono,Sumatera Selatan
458461c9,Lukita Najmudin,Metallurgist,Perum Santoso,Kepulauan Riau
9a376fe1,Zamira Napitupulu,"Geologist, wellsite",PT Iswahyudi,Sulawesi Barat
9a1531a4,"Taufan Hidayanto, S.I.Kom",Copy,PT Prabowo Uyainah (Persero) Tbk,Aceh
fd01442f,Cecep Saputra,Scientific laboratory technician,PD Nasyiah,Kalimantan Tengah
46a90777,Salsabila Gunarto,Educational psychologist,Perum Nainggolan Tbk,Kalimantan Tengah
24423898,"Ihsan Sihombing, S.Kom",Purchasing manager,PD Maryati,Sulawesi Tenggara
a8c2f3d5,Lukman Megantara,Market researcher,UD Latupono Dongoran,Bengkulu
49f39b9d,"KH. Irfan Haryanti, M.Ak",Phytotherapist,PD Wijayanti,Maluku Utara
bb6eb766,Umay Agustina,Social worker,Perum Prastuti (Persero) Tbk,Kalimantan Utara
88b8784b,"Harsana Suryono, S.IP",Petroleum engineer,Perum Mahendra Yolanda,Sulawesi Utara
294a21fa,Nova Halim,Biomedical engineer,Perum Habibi,Bengkulu
c37e43ba,"Sutan Asirwada Prayoga, S.Pt",Community development worker,PD Waluyo,Sulawesi Selatan
278e2007,Prakosa Kusmawati,Recycling officer,PD Permadi Simbolon,Sumatera Utara
0766efe8,Umi Pratama,"Development worker, international aid",CV Usamah Tbk,Kalimantan Selatan
18fb0627,Drs. Ilyas Zulaika,Curator,CV Winarsih Widiastuti Tbk,Jawa Barat
8c08e1e9,Putri Sinaga,Public house manager,PD Widodo Budiyanto (Persero) Tbk,Nusa Tenggara Timur
973f2bb1,T. Cahyono Mahendra,Occupational psychologist,PT Simanjuntak Yolanda,Nusa Tenggara Barat
955df281,Anita Sihombing,Jewellery designer,PD Pradana Tbk,Papua Barat
ee59e8a0,Imam Sinaga,International aid/development worker,Perum Anggriawan Damanik,Kalimantan Tengah
2682dc2b,Wani Maryadi,"Education officer, environmental",UD Hariyah Nasyidah (Persero) Tbk,Aceh
826c9170,Sutan Ganda Nuraini,Illustrator,PD Situmorang Tbk,Sulawesi Utara
e2223b6c,"Ulya Saputra, S.T.",Applications developer,PD Budiyanto Wibisono (Persero) Tbk,Kalimantan Utara
f8c215b0,Ratna Safitri,"Pharmacist, hospital",PD Hidayanto Saefullah (Persero) Tbk,Kalimantan Timur
e782d33e,Nasim Halimah,Physiological scientist,CV Zulkarnain,Banten
b18662fb,"Hasta Ramadan, S.E.I","Investment banker, corporate",Perum Iswahyudi Haryanto,Kalimantan Selatan
c0719a8e,"Zulfa Lazuardi, S.Farm","Research officer, political party",UD Purnawati Anggriawan,DKI Jakarta
de598b80,Prayitna Prasasta,Film/video editor,Perum Wijaya Januar,Maluku Utara
f44ce827,Adikara Wibowo,"Scientist, research (maths)",CV Kurniawan,Kalimantan Barat
b073ec9d,Salimah Widodo,Advertising account planner,PT Mandasari Susanti,Sulawesi Barat
5e1e0688,"dr. Nurul Ardianto, S.IP","Engineer, electrical",Perum Yulianti Tbk,Sulawesi Barat
879cb8cf,Karja Wijaya,"Radiographer, diagnostic",PT Marpaung (Persero) Tbk,Sumatera Barat
10fd935b,Zizi Puspasari,"Programme researcher, broadcasting/film/video",CV Dongoran,Maluku
acf779b2,Labuh Rajasa,Music therapist,UD Nasyiah Pudjiastuti,Nusa Tenggara Barat
2fd68ee8,Cut Karen Budiyanto,Solicitor,PT Jailani,Sumatera Selatan
c493e081,"Oliva Simanjuntak, S.Pd",Heritage manager,CV Simanjuntak Melani Tbk,Banten
230f421d,Faizah Hakim,"Radiographer, therapeutic",PT Handayani Padmasari (Persero) Tbk,Kepulauan Riau
2ec08a6f,"Upik Lailasari, S.Kom","Engineer, energy",CV Rajata Maulana,Kepulauan Bangka Belitung
5b760fb7,Eva Melani,Public house manager,PD Mardhiyah Wastuti (Persero) Tbk,DKI Jakarta
4aba7c4b,"Wahyu Pudjiastuti, S.Gz",Food technologist,PT Uyainah Hartati,Nusa Tenggara Timur
33170552,"R.A. Amalia Sihombing, S.Psi",Science writer,CV Thamrin (Persero) Tbk,Jawa Barat
50f8e4f4,Maman Nugroho,Fine artist,PT Yulianti Suartini Tbk,Bali
9acc38a3,"Rina Nababan, S.IP",Retail buyer,PT Hidayat,Sulawesi Tengah
403bd506,"Bella Utama, M.Farm",Research scientist (physical sciences),PD Mulyani Susanti Tbk,Nusa Tenggara Timur
2d84be04,Ajeng Nuraini,Fitness centre manager,UD Sudiati Megantara (Persero) Tbk,Kalimantan Selatan
7f164872,Belinda Sinaga,Museum/gallery exhibitions officer,PD Sirait Sihombing,Jawa Tengah
491bc293,Vivi Maryadi,"Engineer, control and instrumentation",PT Maryati,Lampung
6783146d,Violet Narpati,International aid/development worker,CV Anggraini (Persero) Tbk,Riau
bc6f848f,"Tgk. Icha Maheswara, S.E.",Electrical engineer,UD Tarihoran Waskita,Sulawesi Barat
a05d3928,Parman Hidayat,Network engineer,CV Wastuti Damanik (Persero) Tbk,Nusa Tenggara Barat
3e24b71d,Vera Prabowo,Manufacturing engineer,Perum Siregar Yuniar,Jambi
7f059e86,Sutan Cakrajiya Permadi,"Designer, jewellery",UD Sitompul,Aceh
817294ff,"Paramita Mardhiyah, M.Pd","Scientist, forensic",UD Irawan,Gorontalo
bd26b9c5,Dr. Bakijan Prasetya,"Psychotherapist, dance movement",UD Laksita Setiawan Tbk,Kalimantan Selatan
74c718d1,Cut Vicky Hutagalung,"Programmer, systems",PD Laksita Pradipta,Kalimantan Barat
a47832bd,Gatra Widodo,Insurance underwriter,Perum Sirait Zulaika,Kalimantan Barat
bb74544d,Vanya Tampubolon,Consulting civil engineer,PD Pratama (Persero) Tbk,Sulawesi Tenggara
68debf5f,Jindra Haryanti,Passenger transport manager,CV Sihotang Tbk,Sulawesi Selatan
45bff5fb,Wulan Nashiruddin,"Editor, film/video",PD Oktaviani (Persero) Tbk,Kalimantan Utara
3e42fc12,Talia Jailani,"Accountant, chartered management",UD Sitorus Tbk,Kalimantan Tengah
a4132702,"Tgk. Cici Winarno, M.M.","Engineer, drilling",Perum Habibi Tbk,Papua Barat
5049377d,Hj. Zelaya Haryanti,Risk manager,PD Nasyiah,Kalimantan Tengah
350c0a54,dr. Farhunnisa Lailasari,Diagnostic radiographer,PT Handayani,Papua Barat
dbf3ba25,"Hj. Septi Rajasa, S.Pt",Commissioning editor,Perum Melani,Jambi
8b1cfdf2,Malika Safitri,Chiropractor,PT Siregar Yulianti,Bali
abec93f6,"Gaiman Melani, M.TI.","Accountant, chartered certified",CV Mansur,Kalimantan Selatan
aaf2716d,Puti Pudjiastuti,Hydrogeologist,UD Setiawan Wahyudin,Nusa Tenggara Timur
24e31d2c,Garda Megantara,Town planner,PD Riyanti,Kalimantan Barat
f40ae26a,Nova Yulianti,Medical secretary,Perum Pradipta Saptono (Persero) Tbk,DI Yogyakarta
c3749db3,Dr. Slamet Susanti,Civil Service fast streamer,PT Hartati,DI Yogyakarta
9b3534d3,Ayu Hidayat,Health physicist,PT Lestari Tbk,Jawa Barat
d016db40,Upik Nashiruddin,Insurance underwriter,PD Puspasari (Persero) Tbk,Kalimantan Selatan
0f29debc,drg. Dalima Sihombing,"Surveyor, rural practice",UD Maulana Tbk,Aceh
165d95e6,Kamila Tarihoran,Artist,PD Kusmawati Prayoga,Maluku
02fcc19f,Prabowo Astuti,Broadcast engineer,PT Dabukke Tbk,Sumatera Barat
74723656,"Nyoman Andriani, S.Sos",Product designer,CV Anggraini Tbk,Kalimantan Tengah
9fdaf36f,Zelaya Purwanti,Visual merchandiser,Perum Simbolon Puspasari,Riau
40d3d596,"Upik Sitorus, S.Psi",Chartered public finance accountant,PT Sihombing,Kalimantan Barat
1676fa36,"Puti Hafshah Wacana, S.Kom",Data scientist,PD Hartati Utama,Sulawesi Tengah
5a0ce219,"Puti Elvina Maryadi, S.H.","Nurse, learning disability",UD Permata,Sulawesi Selatan
076f4338,"Vivi Budiman, S.Pt",Event organiser,CV Namaga Megantara,Papua Barat
7b71004c,Tomi Zulkarnain,Press photographer,PT Prasasta Tbk,Jawa Barat
55537fbc,Hamzah Mangunsong,Personal assistant,PD Purwanti,Sulawesi Tengah
0e8e46c8,Samiah Usamah,"Surveyor, planning and development",PT Wibisono (Persero) Tbk,Sulawesi Tengah
c97e2c83,Kamaria Gunawan,Hydrologist,Perum Suwarno,Jawa Tengah
772c5e81,Gina Wulandari,Armed forces training and education officer,Perum Prasetyo,Sulawesi Barat
75a3bf37,Siska Salahudin,Counsellor,Perum Fujiati,DI Yogyakarta
1aeba506,Hasta Pratiwi,Warden/ranger,UD Situmorang,Kalimantan Selatan
a12ee1a8,Warsa Adriansyah,Hotel manager,CV Siregar,Banten
75fd9ff9,Darman Waluyo,"Exhibitions officer, museum/gallery",PT Kurniawan,Bengkulu
63cfe89c,"Wira Wibowo, S.Pd",Structural engineer,UD Sihombing Nugroho (Persero) Tbk,Jawa Timur
042bb2e0,Wirda Mandala,"Surveyor, building control",PD Wibowo,Sulawesi Barat
f1dc6807,Ratna Simbolon,Radio producer,CV Maheswara,DI Yogyakarta
ab4390c7,Ir. Radit Sitompul,Contractor,PD Dabukke Saputra Tbk,DI Yogyakarta
8bd6f4c5,Nilam Salahudin,Landscape architect,PT Napitupulu,Kepulauan Bangka Belitung
17903c90,Mitra Dabukke,Volunteer coordinator,UD Suartini Tbk,Sulawesi Tengah
7890af0c,"Cut Hana Ramadan, M.Kom.",Medical technical officer,Perum Pratama Novitasari,Nusa Tenggara Barat
24976620,Rina Utami,"Designer, fashion/clothing",PT Oktaviani Widiastuti,Riau
c49f27e8,"Harjaya Pertiwi, M.Ak",Hydrogeologist,CV Puspita Firmansyah (Persero) Tbk,Nusa Tenggara Barat
048a6239,Mahmud Kurniawan,Press photographer,CV Nashiruddin,Sumatera Utara
ca68643a,"KH. Emin Pertiwi, S.E.I",Software engineer,Perum Maheswara Tbk,Banten
49b7480e,Ridwan Saptono,Dietitian,PT Waluyo Maulana,Kepulauan Riau
394bbf84,Rafi Gunawan,"Designer, interior/spatial",CV Aryani Haryanti Tbk,Bali
49dba302,"Balapati Wahyuni, M.Ak",Ambulance person,Perum Nurdiyanti Sinaga,Riau
1f10336f,Maya Susanti,Prison officer,PD Anggriawan Susanti (Persero) Tbk,Jawa Timur
804af619,Zizi Purwanti,Veterinary surgeon,PD Pratiwi Purnawati Tbk,Jawa Barat
8b528929,"Tgk. Icha Megantara, S.Farm","Research officer, political party",PD Hidayanto Tbk,Maluku Utara
f94d9d0f,Ellis Agustina,Contracting civil engineer,PT Hakim Marbun,Kalimantan Timur
1c2c9eb1,Viktor Wasita,Web designer,CV Prastuti,Maluku
774d9a9d,"Ir. Hendri Narpati, S.Ked",Radiation protection practitioner,CV Prabowo,Nusa Tenggara Barat
3d4098a9,Irfan Hutasoit,"Journalist, magazine",Perum Maheswara Palastri Tbk,Banten
829ca02c,Siska Riyanti,"Radiographer, diagnostic",CV Purwanti Purnawati (Persero) Tbk,Kalimantan Tengah
ebae9513,Kasiyah Jailani,Purchasing manager,Perum Iswahyudi,Sulawesi Tengah
5b244a31,Farhunnisa Winarsih,"Journalist, broadcasting",CV Sitorus Siregar (Persero) Tbk,Papua Barat
7d73418c,Jaeman Zulaika,Colour technologist,UD Utama,Kepulauan Riau
905fc584,Tgk. Hafshah Nashiruddin,"Surveyor, building",PT Pertiwi,Jawa Timur
b687c88b,"drg. Mala Megantara, S.Sos","Librarian, public",CV Sihombing Lailasari (Persero) Tbk,Jambi
8edf2715,"Tgk. Asirwada Lazuardi, M.Farm",Secretary/administrator,PT Permata,Sumatera Selatan
447c28d3,Raden Usada,Patent attorney,Perum Prakasa Latupono,Nusa Tenggara Barat
cb493cb6,Kasim Aryani,Phytotherapist,UD Haryanti,Jawa Barat
591101b9,Dian Nashiruddin,Financial adviser,PD Hasanah Nashiruddin,Sulawesi Tengah
582b3825,Tgk. Kadir Pranowo,Telecommunications researcher,CV Ramadan,Banten
11998e15,Kasiyah Tarihoran,Prison officer,Perum Napitupulu Yuliarti,Bengkulu
7a06570e,Jumari Suartini,Clinical embryologist,UD Ardianto,Papua
68065615,dr. Elisa Prasetyo,Museum education officer,PT Puspita,Kalimantan Barat
3ce7accd,Nabila Mardhiyah,Fish farm manager,PD Kusumo Yulianti,Riau
ce067bc4,Emong Kuswoyo,"Engineer, electronics",PD Uyainah Tbk,Gorontalo
7a5e4b82,Hasim Winarno,Call centre manager,Perum Pangestu Tbk,Kalimantan Tengah
e0fe60a8,Cinta Tarihoran,"Loss adjuster, chartered",PD Irawan Saefullah (Persero) Tbk,Bengkulu
ed6eaf58,Karna Budiyanto,Mechanical engineer,PD Hasanah Uyainah,Sulawesi Utara
59e2ac6e,"Ir. Eli Hutapea, M.Farm",Cytogeneticist,UD Uyainah (Persero) Tbk,Kalimantan Tengah
72f90d87,Salsabila Salahudin,Barista,PT Prabowo,Sumatera Utara
a59707ba,Vivi Handayani,Museum/gallery conservator,PT Thamrin Wahyudin,Nusa Tenggara Timur
18a55168,"Karta Safitri, S.E.",Chief of Staff,CV Suryono,Kalimantan Selatan
74ca5cca,Ridwan Pangestu,Ship broker,Perum Hassanah Tbk,Kalimantan Selatan
f3383288,Citra Pudjiastuti,"Administrator, arts",PT Sudiati Marpaung Tbk,Kalimantan Timur
b16cdab1,Prabawa Wasita,"Teacher, early years/pre",PD Simbolon (Persero) Tbk,Kalimantan Timur
32134dcd,Rika Yuliarti,"Administrator, arts",CV Hasanah Riyanti Tbk,Sulawesi Tengah
bdccd8b8,Mutia Handayani,Proofreader,PT Prastuti Halim (Persero) Tbk,Sumatera Barat
2f84e8cf,Cut Ifa Budiyanto,"Embryologist, clinical",Perum Sirait Permata Tbk,Sulawesi Utara
c54f40ea,Cornelia Pradipta,Transport planner,CV Mulyani Tbk,Sulawesi Utara
fcc90fca,Kani Nuraini,"Development worker, international aid",CV Kurniawan,Sumatera Selatan
73abcc9a,Asmadi Prabowo,Archivist,UD Nuraini Tbk,Aceh
e31c50c6,"dr. Ina Uwais, S.Pd","Teacher, English as a foreign language",PT Puspita,Papua
585300ca,Marsito Pradipta,Further education lecturer,Perum Halim,Lampung
5544bade,"Ir. Aris Maulana, S.T.",Teaching laboratory technician,UD Megantara Permadi Tbk,Bengkulu
cbf85b89,Hj. Vivi Rahimah,Insurance risk surveyor,CV Wijaya Suwarno,Kalimantan Selatan
d1105c90,Sutan Nasim Prakasa,"Nurse, mental health",PT Hidayat Simbolon,Jawa Timur
c812b437,Sakura Lailasari,Occupational therapist,CV Yuniar Siregar Tbk,Lampung
8d6d3fe9,Yono Tarihoran,"Accountant, chartered public finance",PD Puspasari Dongoran,Jawa Timur
558dad1a,Kuncara Firmansyah,Catering manager,Perum Oktaviani Pudjiastuti Tbk,Maluku Utara
804e9a98,"H. Marsudi Suryono, M.Pd","Nurse, adult",UD Pudjiastuti Halimah,Bali
0ded9467,Dr. Bakda Nainggolan,"Administrator, Civil Service",Perum Prastuti Wastuti,Sulawesi Utara
b8227c93,"Diana Megantara, S.H.",Garment/textile technologist,CV Simanjuntak Suryatmi Tbk,Kalimantan Timur
88ba369b,Digdaya Pertiwi,Operations geologist,UD Wahyuni Putra,Sumatera Barat
0a965b5f,Endra Mustofa,Exercise physiologist,PT Dabukke,Gorontalo
b3075eeb,"Tgk. Gaiman Pangestu, M.TI.","Teacher, special educational needs",PD Melani Waluyo,Kalimantan Timur
73d6aa48,Oni Mangunsong,"Psychologist, sport and exercise",Perum Novitasari Hutasoit,Kepulauan Riau
2ca798a5,Ratna Wijayanti,Emergency planning/management officer,CV Wibisono Hidayat (Persero) Tbk,Jambi
a70099c1,Nasrullah Safitri,Physiological scientist,CV Napitupulu Tbk,Sulawesi Barat
e0c8900e,"R. Vivi Ramadan, S.T.",TEFL teacher,Perum Hasanah,Kalimantan Barat
8ec45500,Ina Saptono,"Programme researcher, broadcasting/film/video",PT Wahyuni Tampubolon,Jawa Timur
0abe8df8,R.A. Patricia Laksita,"Accountant, chartered public finance",Perum Maryadi Padmasari,Nusa Tenggara Barat
9fd2eb81,Mila Nuraini,Trade mark attorney,CV Kusmawati,Sumatera Utara
6a1b02d6,Cut Julia Wijayanti,Production manager,PD Wahyuni (Persero) Tbk,Sumatera Selatan
4e7e03ec,Darimin Namaga,Applications developer,UD Iswahyudi,Jawa Timur
cf3573bf,Bagas Riyanti,"Psychologist, educational",UD Halim,Sulawesi Tengah
d9acc6d7,Wardaya Hutagalung,Paramedic,UD Laksita,Sumatera Selatan
589fd623,"Lala Pratiwi, S.T.","Loss adjuster, chartered",Perum Pangestu,DKI Jakarta
c8ee30af,"Janet Laksmiwati, S.E.",Further education lecturer,CV Laksita,Kalimantan Barat
b44c048c,"Drs. Muni Purwanti, S.Gz","Engineer, manufacturing",UD Saefullah,Kepulauan Riau
7a829c06,Latika Natsir,Broadcast engineer,Perum Prasasta (Persero) Tbk,Kalimantan Selatan
d93df09f,Devi Wahyuni,Lawyer,PT Prastuti Tbk,Riau
fc6649d8,Darmanto Kuswandari,Social worker,Perum Nababan,DI Yogyakarta
4d72e9e9,Prayoga Situmorang,Housing manager/officer,CV Nuraini Hartati,Bali
19292f1e,Yunita Saptono,Higher education careers adviser,PD Siregar (Persero) Tbk,Kalimantan Timur
219dc8d9,Bakti Pradipta,Insurance risk surveyor,PD Pudjiastuti (Persero) Tbk,Kalimantan Barat
118be27b,"Tasdik Januar, M.TI.","Optician, dispensing",PT Setiawan Tbk,Kalimantan Selatan
c533d454,Iriana Mulyani,Ambulance person,Perum Anggraini Simbolon (Persero) Tbk,Bengkulu
9f9ecf9c,drg. Daniswara Mardhiyah,Environmental consultant,CV Maryati Suwarno Tbk,Sumatera Selatan
e4bb6518,Widya Mandala,"Chemist, analytical",CV Rahmawati Dongoran Tbk,Kalimantan Utara
7dab8194,Teddy Waskita,English as a foreign language teacher,PT Hassanah Tbk,Kalimantan Timur
201e450d,Wage Wasita,Chief Financial Officer,PD Rajata Wastuti (Persero) Tbk,Nusa Tenggara Timur
c4962b0c,"Amelia Januar, S.Sos",Human resources officer,UD Mardhiyah Fujiati (Persero) Tbk,Papua Barat
dbd39276,R.M. Gaiman Sinaga,"Surveyor, minerals",PD Kusumo,Jawa Barat
f9033d3f,Tari Halim,Quantity surveyor,UD Kusumo,Bali
d223bc67,drg. Jindra Ardianto,"Engineer, petroleum",PT Rahayu Safitri,Papua Barat
9cca0319,"Puti Bella Saragih, S.Sos",Transport planner,PT Andriani Laksmiwati,Papua
280ce1e7,Hilda Mayasari,Manufacturing engineer,CV Saputra Tbk,DKI Jakarta
2a3b5c61,Ir. Ellis Suwarno,"Producer, radio",Perum Rajasa Sihombing Tbk,Kalimantan Utara
e69981dc,Halima Sudiati,Fine artist,PT Rahayu,Kalimantan Utara
1df47453,"Violet Januar, S.IP",Music therapist,PD Wibisono,Jawa Barat
9e6e51a8,dr. Faizah Palastri,Sports therapist,PD Hakim Zulkarnain,Maluku Utara
a2d6bf07,Yono Napitupulu,Environmental consultant,PD Namaga Saptono,Lampung
7fe4649f,Prayoga Ardianto,Hospital pharmacist,Perum Handayani Waluyo,Sumatera Utara
19e86e55,Paris Winarsih,Sports therapist,PD Kurniawan (Persero) Tbk,Banten
3f411db8,Hamima Nuraini,Secondary school teacher,PD Nababan (Persero) Tbk,Banten
a55a3e67,Nalar Hardiansyah,"Scientist, forensic",Perum Mayasari,Jambi
9ef6939a,Rina Wahyuni,Outdoor activities/education manager,PT Sirait,Papua Barat
21e27647,Calista Widodo,Energy manager,PD Budiman,Aceh
365f2d8f,R.A. Ifa Hardiansyah,Scientific laboratory technician,CV Hardiansyah Usamah (Persero) Tbk,Kepulauan Bangka Belitung
7fe7709c,Emin Mardhiyah,Risk analyst,UD Natsir,Banten
07eb6fac,Pangestu Pranowo,"Nurse, adult",Perum Permadi Sudiati,Maluku Utara
ed67a086,Ami Thamrin,Training and development officer,CV Ramadan Rajata,Sumatera Barat
ef74121e,Lembah Astuti,Curator,UD Habibi (Persero) Tbk,Jambi
9237a179,Dr. Kajen Gunawan,Cabin crew,CV Narpati Manullang Tbk,Maluku
069d3301,Cemeti Hidayat,Veterinary surgeon,PD Andriani,Sumatera Selatan
7bdd9232,"drg. Teddy Ardianto, S.Pd","Engineer, structural",UD Yuniar Tbk,Banten
4e105133,Olivia Prastuti,Economist,UD Salahudin,Kalimantan Utara
f1ebfb08,"Anita Natsir, S.E.I","Engineer, control and instrumentation",UD Tamba Mayasari Tbk,Maluku
8aa1f6cf,Margana Nuraini,Environmental manager,PT Puspita Nuraini,Jawa Timur
6674e70c,"Ir. Virman Purwanti, M.Kom.","Geneticist, molecular",CV Padmasari Kusmawati,Kepulauan Riau
2b4802f1,Cakrajiya Prastuti,Air broker,Perum Safitri (Persero) Tbk,DKI Jakarta
4c473bf5,Violet Najmudin,"Designer, industrial/product",Perum Widiastuti Nashiruddin (Persero) Tbk,Riau
1591e2d5,Jamal Manullang,English as a foreign language teacher,Perum Firgantoro,Sumatera Barat
d914ead0,Bahuwarna Halim,Human resources officer,CV Pertiwi (Persero) Tbk,Sumatera Barat
aefd68a7,Ir. Eka Astuti,"Engineer, chemical",UD Winarno Purnawati,Jawa Tengah
07e6e2a9,Danang Mandala,Midwife,PD Najmudin Prabowo,Bengkulu
72d81d8f,Asirwada Susanti,English as a second language teacher,Perum Halim,Kepulauan Bangka Belitung
1a243c50,Viktor Mangunsong,Adult nurse,Perum Hastuti Habibi (Persero) Tbk,Sumatera Barat
910731da,Wawan Pudjiastuti,Sports development officer,CV Anggraini Tbk,Papua Barat
989b2f58,dr. Farhunnisa Prakasa,Web designer,PD Rajasa Rahimah (Persero) Tbk,Gorontalo
34b7ac3b,"Queen Novitasari, S.Psi",Marketing executive,Perum Hakim Haryanti,Sumatera Utara
ca1d299b,Ozy Usada,Mining engineer,PD Susanti Tbk,Riau
287faba9,Cemani Suryono,Broadcast journalist,CV Sihombing,Nusa Tenggara Timur
3edd5f48,Harto Prasetyo,Petroleum engineer,UD Hasanah Wijayanti Tbk,Sulawesi Barat
79bbe50a,Jaeman Rahmawati,Mining engineer,UD Gunawan,Kalimantan Selatan
dbf0dae9,"R. Ophelia Wasita, M.TI.",Animal nutritionist,CV Mustofa Tbk,Papua
47b84ccb,Tgk. Lili Damanik,Surgeon,Perum Laksita,Nusa Tenggara Timur
232fe13c,Tgk. Hadi Susanti,Charity fundraiser,PT Napitupulu Budiman,Jawa Barat
408fce5e,Panji Suartini,Financial controller,UD Widodo (Persero) Tbk,Maluku
b5f909c4,Hari Ramadan,Air cabin crew,PD Adriansyah,Kepulauan Riau
79f093e8,Ajeng Laksmiwati,"Scientist, forensic",Perum Pranowo (Persero) Tbk,Jawa Tengah
59f56707,Karimah Mansur,Radiation protection practitioner,UD Haryanto,Kepulauan Riau
cf6e2f22,"Rahmi Novitasari, S.Ked","Loss adjuster, chartered",CV Setiawan,Sulawesi Tenggara
51aeeee3,Kezia Gunawan,Government social research officer,UD Yuliarti Anggriawan (Persero) Tbk,Banten
a46c039c,Umaya Budiman,Tree surgeon,UD Wibowo Rahayu,Sulawesi Utara
a185d26b,Nyana Marbun,Health and safety adviser,Perum Lazuardi Wulandari,Bengkulu
cc4ff8c2,Jarwa Saptono,Marketing executive,CV Pudjiastuti Tbk,Sulawesi Tengah
506cc818,Gilang Melani,Banker,PD Sihombing,Sulawesi Utara
362f48c9,Dian Utama,Structural engineer,CV Megantara,Gorontalo
c802e731,"Amelia Aryani, S.E.","Editor, magazine features",Perum Hastuti Tbk,Kalimantan Selatan
fa3912a5,"Dr. Maida Samosir, S.Farm",Telecommunications researcher,PD Hastuti,Sulawesi Barat
01915df2,Cut Padmi Kuswoyo,Lobbyist,PT Andriani Fujiati (Persero) Tbk,Sulawesi Barat
69275b00,"Paiman Saptono, M.Ak",Volunteer coordinator,CV Pradana Rahmawati,Kalimantan Timur
4c494110,Lala Firgantoro,Film/video editor,PD Yulianti,Sulawesi Selatan
f330ee52,Hasna Permadi,Plant breeder/geneticist,Perum Maulana Waluyo Tbk,Kepulauan Bangka Belitung
5216902e,Nova Yuniar,Commercial/residential surveyor,CV Nuraini Sitorus,Bali
01f12744,Karen Suartini,Hydrographic surveyor,CV Safitri Kusumo (Persero) Tbk,Banten
e0338f94,Puti Yessi Napitupulu,"Geologist, wellsite",UD Nurdiyanti,Kalimantan Tengah
01289797,Unjani Adriansyah,Emergency planning/management officer,PD Sudiati Nugroho,Sumatera Utara
d4dc3642,Olga Mustofa,"Designer, interior/spatial",PT Rajata Pranowo Tbk,Sumatera Barat
3fe75126,"Ir. Samiah Andriani, S.Gz",Statistician,UD Mulyani,Sulawesi Tenggara
5390e4ef,"Teguh Agustina, S.Farm",Art gallery manager,PT Sihombing Permadi,Nusa Tenggara Timur
8785fef7,"dr. Pardi Uwais, S.H.",Forest/woodland manager,Perum Sitorus Tbk,Gorontalo
51292875,Perkasa Pratiwi,Sales executive,Perum Handayani (Persero) Tbk,Kalimantan Timur
8e674ef8,Rafid Utami,Charity officer,PT Palastri,Maluku
85b93b01,Bakti Hutapea,Health and safety inspector,UD Narpati,DKI Jakarta
4580cae8,Genta Firmansyah,Insurance account manager,UD Adriansyah Tbk,Kalimantan Tengah
d9a38a85,"Widya Ramadan, M.Kom.","Nurse, mental health",Perum Yolanda Tamba,Jawa Barat
c64d349c,T. Malik Zulaika,"Engineer, civil (consulting)",PD Waluyo,Kalimantan Timur
4516dbec,Chelsea Irawan,"Engineer, energy",Perum Mardhiyah,Aceh
6687ffd4,"Dt. Purwanto Megantara, S.IP",Mudlogger,PD Padmasari Tbk,Maluku
d10842bb,"Dr. Jayeng Wulandari, S.Pd","Surveyor, land/geomatics",CV Pertiwi,Jawa Barat
0750741a,Luwes Hassanah,"Surveyor, rural practice",PD Purnawati (Persero) Tbk,DKI Jakarta
10801099,"Drs. Yunita Nashiruddin, S.T.","Editor, magazine features",PD Purnawati (Persero) Tbk,Lampung
09cb58a6,Victoria Nainggolan,Graphic designer,Perum Damanik Hidayanto Tbk,Maluku
f1c3c357,"Drs. Yoga Widiastuti, M.M.",Geophysicist/field seismologist,PD Prayoga Ardianto Tbk,Jawa Barat
ecdc2275,"Anita Susanti, S.Farm",Printmaker,Perum Prasasta Purnawati (Persero) Tbk,Papua
26c0ecba,Viman Usada,Event organiser,PD Irawan Uyainah Tbk,Aceh
48e1716a,"Wulan Wulandari, S.H.","Education officer, community",PT Latupono,Maluku
2d16cc7a,Baktiadi Sitorus,Toxicologist,CV Nababan Putra,Sulawesi Utara
182b5d21,Dalima Suryatmi,Company secretary,Perum Sitompul,Jawa Timur
97ddb7f4,Gasti Safitri,Acupuncturist,UD Safitri Ramadan,Sulawesi Selatan
e1731b6e,Darmaji Simbolon,Dancer,PT Nurdiyanti Maryati Tbk,Bali
e3e3ade1,"Cahyo Lazuardi, M.M.",Patent attorney,CV Yolanda Uwais (Persero) Tbk,DI Yogyakarta
8872f1fb,Sutan Rama Wibisono,International aid/development worker,PD Saputra,Jawa Barat
9aae5f3e,dr. Pandu Nainggolan,Glass blower/designer,PT Saputra,Kalimantan Timur
4fae8006,Nyoman Maheswara,Advice worker,PT Pradipta,Kepulauan Bangka Belitung
becc88c5,"drg. Nalar Narpati, S.Pt",Chiropodist,Perum Astuti Halim,Jawa Barat
7e65c27e,Tgk. Endra Hartati,Quality manager,PT Susanti (Persero) Tbk,Sumatera Utara
e8102a07,Makuta Puspita,Communications engineer,PT Pudjiastuti Siregar,Bali
607be23a,Hani Prabowo,"Surveyor, mining",UD Susanti Widodo (Persero) Tbk,Papua Barat
68c77740,Dariati Hidayanto,"Producer, radio",CV Dongoran,Jawa Barat
1e8ce7c4,"Yuliana Yuliarti, S.I.Kom",Academic librarian,UD Mahendra Uyainah (Persero) Tbk,Kalimantan Timur
2c2d5664,Warta Pradipta,Astronomer,PT Permadi Hastuti,Banten
3f53645f,"drg. Laras Nasyidah, M.Farm",Petroleum engineer,PD Haryanti Samosir (Persero) Tbk,Nusa Tenggara Timur
63e5335b,Kalim Wastuti,Tax inspector,PD Prayoga Dabukke,Jawa Tengah
325d8254,"Winda Utama, M.Farm",Clothing/textile technologist,PD Simbolon Waskita Tbk,Jawa Barat
4aefa596,"Cut Paramita Mustofa, S.Pd",Charity fundraiser,Perum Dongoran Tbk,Lampung
0efd2e6e,"Drs. Melinda Waskita, S.H.","Surveyor, commercial/residential",UD Setiawan Tbk,Jawa Timur
50b577eb,Ivan Sitompul,Building services engineer,CV Nurdiyanti Thamrin,Sulawesi Tenggara
125dda13,"Vera Farida, M.M.",Media planner,PT Melani,Jawa Tengah
545b7127,Icha Thamrin,Medical sales representative,Perum Mulyani Kuswoyo,Sulawesi Tenggara
fd0efe5f,"Tari Pratiwi, S.E.",IT trainer,UD Dongoran Tbk,Sumatera Utara
f1304b49,drg. Sari Suartini,Photographer,Perum Tarihoran,Kepulauan Bangka Belitung
38b6a306,"R.A. Sadina Suwarno, M.TI.",Facilities manager,PT Utama Nasyiah,Papua
1eebfa89,Dr. Ilyas Anggriawan,"Surveyor, commercial/residential",CV Wibowo Mardhiyah,Bengkulu
e6729339,"drg. Ami Ardianto, M.Ak",Orthoptist,PD Zulaika,DKI Jakarta
4c22d4e9,"Hj. Laras Permata, S.Gz",Chartered public finance accountant,UD Maheswara Prayoga Tbk,Kepulauan Riau
10872c30,Calista Manullang,Associate Professor,CV Yolanda Firmansyah Tbk,Nusa Tenggara Barat
fe7ac0ab,Siska Hartati,Social researcher,PD Maryati (Persero) Tbk,Sumatera Utara
1ae50292,"Cut Victoria Aryani, M.M.",Local government officer,CV Anggriawan Pradana (Persero) Tbk,Papua
d7ae2294,Yoga Ramadan,Paramedic,PT Hassanah Hassanah Tbk,Sulawesi Tengah
eeeed55f,H. Cagak Situmorang,Illustrator,Perum Maryadi,Sumatera Selatan
759e1a2e,"Radika Siregar, M.Farm",Actuary,CV Saptono Purwanti (Persero) Tbk,Kalimantan Utara
d371b4cf,Cawuk Rahmawati,Police officer,PT Lazuardi Wasita,Maluku Utara
95b4bc9b,Dr. Dacin Padmasari,Personal assistant,CV Natsir Novitasari Tbk,Kalimantan Selatan
bd01f586,"Ir. Arsipatra Permadi, S.Kom",Gaffer,CV Wastuti Wijaya (Persero) Tbk,Kalimantan Selatan
9fdc1f91,Tasnim Dabukke,"Chemist, analytical",PD Prabowo Tbk,Sulawesi Tenggara
6fab1a63,Laras Siregar,"Doctor, hospital",UD Padmasari,Jawa Barat
67420e82,Kasusra Marpaung,Higher education careers adviser,Perum Marpaung Mayasari,Kepulauan Riau
719e9956,drg. Saiful Habibi,Applications developer,PT Kuswandari Mulyani Tbk,Riau
68132921,Vero Hidayat,Broadcast presenter,PD Prayoga Firmansyah,Jambi
47d45244,Maman Budiman,Music therapist,PD Permadi,Papua
89b0177a,"drg. Gabriella Novitasari, S.Pt",Patent examiner,PT Puspita Uyainah,Jambi
8c8b7f91,Sabri Nainggolan,Communications engineer,UD Prabowo (Persero) Tbk,Papua
2da34513,Anita Wahyuni,Government social research officer,CV Januar Saptono (Persero) Tbk,Kalimantan Selatan
ee7e331a,Rahmi Hakim,Passenger transport manager,CV Winarsih Agustina (Persero) Tbk,Kepulauan Riau
a5d8a347,Jasmani Widiastuti,Multimedia programmer,UD Anggriawan Nurdiyanti (Persero) Tbk,Jambi
e89091a0,Oman Santoso,Social worker,CV Zulaika,DI Yogyakarta
d8678c3c,Tgk. Gantar Maulana,Corporate investment banker,PT Wibowo (Persero) Tbk,Sulawesi Tengah
7a818f21,Rahmi Yolanda,Civil Service fast streamer,CV Wijaya Hidayanto (Persero) Tbk,Nusa Tenggara Timur
c9b88029,Dr. Dasa Wahyudin,"Nurse, adult",PT Widiastuti (Persero) Tbk,Kalimantan Utara
cf5f2834,R. Abyasa Damanik,"Editor, commissioning",CV Widiastuti Nababan (Persero) Tbk,Sulawesi Utara
3e04dccc,Puti Utami,Photographer,PT Pangestu Saputra,Gorontalo
394fdf20,Nabila Farida,Commissioning editor,PT Wulandari,DI Yogyakarta
e409f749,dr. Ulya Pratama,Energy engineer,Perum Lailasari Latupono Tbk,Kepulauan Bangka Belitung
e61b96eb,"Yuliana Sihotang, S.E.I","Engineer, petroleum",PT Novitasari Laksita,Banten
1ec0068c,Tgk. Zamira Wijayanti,Politician's assistant,Perum Sirait Tamba (Persero) Tbk,Banten
c68a76e2,H. Cemani Agustina,Electrical engineer,UD Wijaya,Sulawesi Barat
0f752cd1,Belinda Maryadi,Community pharmacist,Perum Hariyah Uyainah Tbk,Kepulauan Riau
db26763d,"Daryani Zulaika, S.Pt",Museum/gallery conservator,PT Astuti Mandasari (Persero) Tbk,Papua
5068244b,"Farhunnisa Najmudin, S.Psi",Industrial/product designer,UD Mustofa Gunarto,Kepulauan Riau
339b18d3,Dt. Wahyu Prastuti,"Research officer, trade union",CV Mulyani,DI Yogyakarta
f01efc51,Darman Padmasari,Purchasing manager,Perum Santoso Mandala,Kalimantan Tengah
80831fe1,"Dr. Salimah Waskita, M.M.","Teacher, secondary school",PD Zulaika (Persero) Tbk,Jawa Tengah
5fefabe1,Dr. Uli Hassanah,Building control surveyor,PT Utami,Gorontalo
1b8e69be,"Dr. Surya Ramadan, S.Kom",Cytogeneticist,PD Halim Tbk,Gorontalo
7e9109d7,Najib Sihombing,Science writer,PT Maulana,Sulawesi Tenggara
34e3ebb3,R.A. Farah Wasita,"Engineer, biomedical",Perum Wibowo Tbk,Jawa Barat
7fe24948,Anastasia Kusumo,"Lighting technician, broadcasting/film/video",PD Sihombing Tbk,Lampung
d8a87507,Azalea Agustina,IT technical support officer,PD Utami Riyanti (Persero) Tbk,Sumatera Barat
a4f0b06e,Jamil Simanjuntak,Commissioning editor,CV Winarsih Uwais Tbk,Jawa Barat
0fa43f41,Septi Gunawan,Systems developer,UD Nasyidah Pranowo,Sulawesi Selatan
b5ff5301,Dian Prakasa,Community pharmacist,Perum Simanjuntak Mahendra (Persero) Tbk,Kalimantan Barat
d00e3cab,Jaswadi Sihotang,Local government officer,PT Maheswara,Kalimantan Tengah
383dc9b7,Pardi Farida,Haematologist,PD Habibi Situmorang,Sumatera Selatan
04600231,Titi Maryadi,Pharmacologist,Perum Rajasa,Jawa Tengah
e7171306,Tedi Simbolon,"Presenter, broadcasting",UD Suartini,Maluku
96d35bf6,Ir. Pia Haryanto,Adult nurse,PT Hassanah,Jawa Tengah
ade007b4,Cawisadi Sirait,Applications developer,UD Nugroho Tbk,Maluku
eb1ebf04,Natalia Wahyudin,"Conservation officer, nature",PT Prabowo,Sulawesi Tengah
f6c323d7,Gasti Januar,Systems developer,Perum Namaga Prakasa,DKI Jakarta
5e34cfb9,Rusman Suryatmi,Brewing technologist,CV Sinaga Maryati Tbk,Maluku
397b718a,Gabriella Siregar,"Programmer, applications",Perum Nainggolan Puspita,Sumatera Barat
f1b0e8b5,Puti Ami Budiyanto,"Conservation officer, historic buildings",PT Wastuti,Riau
ecbf63bf,"H. Rendy Hastuti, S.I.Kom",Financial adviser,PD Marpaung Kurniawan (Persero) Tbk,Sulawesi Utara
401a33bc,Ratna Hutapea,Industrial buyer,UD Mangunsong,Sumatera Barat
5e694c63,Bella Samosir,Geophysical data processor,PD Novitasari,Sulawesi Selatan
96a7792c,dr. Alika Wastuti,Soil scientist,PD Haryanti Mansur,Gorontalo
51631aa0,"Ihsan Firmansyah, M.M.",Airline pilot,Perum Nashiruddin Kusumo Tbk,Jawa Timur
e5f143d6,Laras Mayasari,"Surveyor, commercial/residential",UD Lestari Pratama,Kalimantan Barat
e34f6c87,Nasab Puspasari,Community arts worker,CV Habibi Prabowo,Jambi
c6e9d8b5,Cut Winda Suryatmi,Musician,Perum Uwais Setiawan,Jawa Barat
66933de0,"Azalea Nuraini, S.H.",Fish farm manager,Perum Rahmawati Tbk,Kepulauan Bangka Belitung
cfd98a5d,"Tgk. Intan Nasyidah, S.Psi",Transport planner,CV Yulianti Pradipta Tbk,DI Yogyakarta
6b84aff4,Sabrina Prasasta,"Engineer, manufacturing",UD Zulaika (Persero) Tbk,Sumatera Selatan
4e393ca3,Gabriella Sihombing,"Runner, broadcasting/film/video",CV Yuliarti Tbk,Jawa Timur
59683ce6,Halima Saputra,Sales promotion account executive,UD Hartati Sihombing,Kepulauan Bangka Belitung
57eaa0d0,"Kania Kuswandari, S.I.Kom",Licensed conveyancer,PD Winarsih Maulana,Sumatera Utara
d16b9a06,Balijan Nashiruddin,Diplomatic Services operational officer,PT Hutapea Waluyo (Persero) Tbk,Gorontalo
eb77fa60,"Warta Jailani, S.Pt",Air cabin crew,Perum Zulkarnain Pangestu Tbk,Jawa Tengah
686819cf,"H. Cecep Mahendra, S.Kom",Electronics engineer,PD Tampubolon,Papua
2266eb15,"Puti Puji Waluyo, S.E.",Colour technologist,CV Najmudin,Kalimantan Tengah
fc62b28e,"Prayoga Mulyani, M.Kom.",Careers adviser,Perum Prabowo (Persero) Tbk,Kalimantan Selatan
a85373e3,Kania Siregar,Government social research officer,PT Wijaya Rajasa (Persero) Tbk,Sumatera Utara
286781ec,Ayu Winarno,"Engineer, land",CV Prasasta Halim,Sumatera Barat
66ae1871,Dt. Budi Putra,Computer games developer,PD Nainggolan,Jambi
d77e1f2e,"Raisa Widodo, S.Gz","Designer, television/film set",Perum Oktaviani Puspasari Tbk,Sulawesi Tengah
337011f9,Tiara Prasetya,Tree surgeon,PD Pradipta,Sumatera Barat
feb4f587,Gada Pratama,Early years teacher,PD Anggriawan,Lampung
97e297a8,Eva Manullang,Financial adviser,CV Wastuti Tbk,Sulawesi Tenggara
a2e3b69c,"Tgk. Yessi Puspita, S.Kom",Wellsite geologist,CV Safitri Suryatmi Tbk,Jawa Barat
4a09570c,Dalima Nurdiyanti,"Engineer, control and instrumentation",UD Tamba Putra,Sulawesi Barat
827c5866,Cecep Kusumo,Industrial/product designer,UD Fujiati Melani Tbk,Maluku Utara
8a999bb1,"Putu Hutasoit, S.E.","Investment banker, operational",PD Saefullah Puspasari (Persero) Tbk,Jambi
03415ac4,"Ade Suwarno, S.I.Kom","Journalist, newspaper",UD Nugroho Tbk,Papua
507f25de,Dalima Widodo,Museum/gallery curator,PD Lazuardi,Kalimantan Utara
1ddebc16,Ganda Sudiati,Regulatory affairs officer,CV Kuswandari Sitompul Tbk,Sulawesi Utara
98110724,dr. Bagas Lailasari,Management consultant,CV Lailasari,Kalimantan Barat
30dab70b,Ayu Aryani,"Horticulturist, amenity",PD Marbun,Maluku
d29c6802,"drg. Michelle Gunarto, M.TI.",Geophysicist/field seismologist,PD Wibisono Tbk,Gorontalo
b4d9773d,Jamal Uyainah,Travel agency manager,PD Mustofa,Sulawesi Tenggara
4d05afed,Devi Nuraini,"Psychologist, educational",CV Dabukke Tbk,Sulawesi Barat
f8d2472e,Cakrawala Purwanti,"Geneticist, molecular",UD Nainggolan Prasetyo Tbk,Nusa Tenggara Barat
6441cfe6,Caraka Januar,"Psychologist, counselling",UD Lestari,Sulawesi Selatan
3924dde2,Ghaliyati Widodo,Clinical biochemist,UD Prabowo Tbk,Kepulauan Riau
16a0e7a7,"Harjasa Ramadan, M.Farm",Chief Financial Officer,PD Farida Prasasta,Kalimantan Selatan
698ed54d,"R.M. Emil Irawan, S.H.",Geochemist,CV Fujiati,Gorontalo
1537554b,T. Caket Sihombing,Theatre manager,PT Napitupulu Pratama Tbk,Banten
76032acf,Tania Purnawati,Public librarian,PT Jailani Mahendra Tbk,Nusa Tenggara Barat
17059b5d,Lasmono Prasetya,Warden/ranger,CV Maheswara Tbk,Papua Barat
a61b7673,Harja Habibi,Tourism officer,PD Nashiruddin (Persero) Tbk,Nusa Tenggara Barat
1e6933ad,KH. Surya Megantara,"Conservator, furniture",PD Kurniawan Rahimah Tbk,Riau
8bd86ed9,drg. Hasta Saputra,"Sound technician, broadcasting/film/video",PT Uyainah Aryani,Sumatera Utara
459addad,Jefri Firmansyah,"Designer, industrial/product",Perum Maheswara Winarno,Jambi
5a72c3af,Cut Kiandra Sudiati,Jewellery designer,PT Marbun (Persero) Tbk,Sulawesi Utara
8010cead,Drs. Damu Natsir,Orthoptist,CV Wulandari,Sulawesi Selatan
650a9ca9,Mursinin Riyanti,"Nurse, adult",Perum Susanti Sihombing (Persero) Tbk,Bali
e1597b67,"Pandu Waskita, S.E.",Airline pilot,PT Adriansyah Kusmawati (Persero) Tbk,Kalimantan Timur
186a7f5b,Viman Mahendra,Records manager,UD Sudiati,Kalimantan Barat
c6ee99d9,Cindy Najmudin,Colour technologist,CV Manullang Firmansyah (Persero) Tbk,Gorontalo
ebbfecd2,Wahyu Hidayat,"Optician, dispensing",Perum Fujiati,DI Yogyakarta
d4887169,"Ir. Siti Halim, M.TI.",Occupational psychologist,CV Kuswoyo Thamrin,Jambi
80657c0b,"Baktianto Ramadan, S.I.Kom","Scientist, audiological",UD Mulyani Thamrin (Persero) Tbk,Jawa Barat
7bc92d38,Tania Mandasari,Higher education careers adviser,PT Budiyanto Wibisono,Banten
daf196b9,dr. Ajiono Mandasari,Dealer,PD Wahyuni Wacana,Sulawesi Tenggara
becbe07d,Jelita Fujiati,Politician's assistant,CV Safitri Adriansyah,Jawa Barat
068a6939,"drg. Rosman Prastuti, S.Pt",Press photographer,PT Kusmawati Winarsih,Bengkulu
bc422ad5,Kuncara Nurdiyanti,Media buyer,Perum Waluyo,Jawa Timur
44799f2c,Tgk. Satya Iswahyudi,Lobbyist,PD Marbun Nababan,Lampung
484ea179,Cakrajiya Sitompul,Stage manager,PT Damanik (Persero) Tbk,Papua
dd029fc4,Raden Suartini,Sales promotion account executive,UD Sinaga Salahudin (Persero) Tbk,Jawa Tengah
698fe871,Taufik Andriani,Solicitor,PD Napitupulu,Nusa Tenggara Barat
a24d968f,Tgk. Lala Sitompul,Environmental education officer,PD Mustofa Sitorus,Bali
4d2f2cec,"Unggul Kusmawati, S.E.","Surveyor, hydrographic",CV Situmorang,Kalimantan Tengah
1bf98248,"R.A. Amalia Nababan, S.E.I","Lecturer, further education",CV Laksita Nasyidah (Persero) Tbk,Sulawesi Barat
ace7f0f8,"Dr. Rahmi Gunarto, S.Farm","Engineer, structural",Perum Mangunsong,Kalimantan Selatan
e7dcaa95,Yunita Pertiwi,Plant breeder/geneticist,Perum Prayoga Putra Tbk,DI Yogyakarta
bb1c3472,"Kenes Pratama, M.Pd",Make,PD Situmorang (Persero) Tbk,Jawa Barat
eaedb4b2,Citra Natsir,"Production assistant, television",CV Damanik,Maluku
2b667423,Ghaliyati Saptono,Chief Marketing Officer,PT Waskita Maheswara,Sumatera Barat
db28a3ba,T. Makuta Mahendra,Public librarian,PT Wastuti Nainggolan (Persero) Tbk,Lampung
91fd6999,Sutan Kurnia Sudiati,Toxicologist,Perum Yolanda Tbk,Jambi
863420bf,Saadat Widiastuti,"Teacher, music",Perum Ramadan (Persero) Tbk,Maluku Utara
6c9ecf47,"R. Cagak Lestari, S.Sos",Pharmacologist,Perum Saragih (Persero) Tbk,Bali
4634c88b,Tgk. Olivia Widiastuti,Homeopath,UD Sinaga Sihombing Tbk,Sulawesi Tengah
ae99fc10,Drs. Winda Rahimah,English as a foreign language teacher,Perum Purnawati,Sumatera Selatan
97da89a0,Lintang Saragih,Paediatric nurse,Perum Sitompul Nasyidah,Nusa Tenggara Timur
26f205d5,Bakti Farida,Armed forces logistics/support/administrative officer,PD Nainggolan Kuswandari,Sulawesi Barat
99aff4ae,Cinthia Usada,Operational researcher,PD Wahyudin Uyainah,Kalimantan Selatan
eff3808e,"Himawan Nuraini, S.Pd",Television camera operator,CV Mandasari (Persero) Tbk,Jawa Timur
751e7a87,Zelaya Nasyiah,Hospital doctor,CV Anggriawan,Kepulauan Riau
b40375a3,Bahuwarna Dongoran,"Surveyor, planning and development",UD Wahyudin Suryatmi Tbk,Sumatera Selatan
71f30056,Mustika Sirait,Insurance broker,Perum Zulaika Irawan (Persero) Tbk,Maluku Utara
80392b41,Gina Winarsih,International aid/development worker,PT Damanik Usada,Lampung
b44e8761,Zelaya Hassanah,Prison officer,UD Jailani Habibi,Jambi
41a28485,Latika Habibi,Television camera operator,PT Rahmawati,Sulawesi Barat
643973e3,"Balijan Napitupulu, S.Pt",Advertising account executive,UD Kusumo Wahyudin,Sulawesi Selatan
3c87e115,dr. Janet Narpati,Field trials officer,Perum Wahyuni Winarno Tbk,Nusa Tenggara Barat
e8eae3bd,Puti Sihombing,Commercial art gallery manager,UD Rahimah Tbk,Sulawesi Tengah
0aa009cd,Kamidin Kuswandari,Facilities manager,CV Saefullah Tarihoran (Persero) Tbk,Kalimantan Tengah
9aede27b,"Yosef Permadi, M.Farm",Theatre stage manager,UD Siregar Wulandari Tbk,Jawa Tengah
72a35704,Hani Widiastuti,"Accountant, chartered public finance",CV Budiyanto Tbk,Kalimantan Barat
9ad333fe,"Ir. Faizah Gunawan, M.TI.",Dancer,Perum Setiawan,Bengkulu
68561967,Mumpuni Manullang,Tour manager,PD Uwais (Persero) Tbk,Sumatera Selatan
b95ba8a3,Tasnim Maryadi,Public librarian,PD Laksmiwati,Lampung
75d923d8,Ir. Sadina Waskita,"Engineer, mining",PT Maheswara Hastuti Tbk,Sulawesi Tenggara
2cf1d609,Ellis Rahimah,"Conservator, furniture",CV Handayani,Jawa Barat
2c1e33f3,Tirtayasa Megantara,Production engineer,CV Damanik Suartini (Persero) Tbk,Nusa Tenggara Barat
a9b2ba55,Safina Purwanti,Radio producer,PD Hassanah,Papua Barat
5f12700c,Jail Sudiati,Trade union research officer,PT Novitasari Palastri,Kalimantan Utara
484a3d26,Karen Mandasari,"Development worker, community",UD Utama,Kalimantan Timur
7c979011,Daruna Permata,IT trainer,PT Hutagalung (Persero) Tbk,Sulawesi Tenggara
e698a383,"Dr. Rahmi Utami, M.Kom.","Psychologist, educational",CV Puspasari Damanik,Kalimantan Utara
69ce0609,"R.M. Asmadi Anggraini, S.T.","Therapist, art",PD Tampubolon Samosir,Bali
e5f9c236,Cici Saragih,Barista,CV Maulana,Papua Barat
9ff7b127,Atma Nugroho,Prison officer,PD Sihombing,Nusa Tenggara Barat
93466fe6,Jarwa Nuraini,Multimedia programmer,Perum Pudjiastuti (Persero) Tbk,Sulawesi Tenggara
291be57c,"Mitra Andriani, M.Ak","Scientist, biomedical",PT Maryati Firgantoro,Nusa Tenggara Timur
f4f759a3,Kayun Usada,"Engineer, production",PT Prasetya,Kalimantan Utara
b7b0bba8,drg. Hasta Prasasta,Further education lecturer,PT Saputra,Banten
137ac1f8,Balijan Prastuti,"Engineer, building services",CV Rahayu,Sumatera Barat
15665617,Ika Gunarto,Recycling officer,Perum Nasyiah Kusumo Tbk,Kalimantan Tengah
45ee7a50,Cengkal Agustina,Nutritional therapist,PD Mandala (Persero) Tbk,Papua Barat
28f57967,Hendra Kusumo,Freight forwarder,CV Hastuti Tbk,Gorontalo
335c3f57,"Karman Usamah, M.Ak","Designer, blown glass/stained glass",PT Hutagalung,Kalimantan Timur
66d2c783,"Tgk. Nasab Haryanti, M.Farm",Civil Service fast streamer,PD Nasyidah Uwais (Persero) Tbk,Jambi
0a5ae9ce,Jatmiko Simanjuntak,"Designer, industrial/product",PD Anggraini Aryani Tbk,Kalimantan Barat
cbf38213,"Lili Nasyidah, M.Ak",Multimedia programmer,PD Yolanda,Jambi
0ca221f1,Patricia Mayasari,Operational researcher,UD Lazuardi (Persero) Tbk,Papua Barat
f6af02f5,Simon Uwais,"Psychologist, occupational",PT Sirait,Nusa Tenggara Timur
c01bfab8,"Anita Anggraini, S.E.",Cytogeneticist,PT Handayani (Persero) Tbk,Sulawesi Barat
fda5a6ec,Vanesa Suartini,Fashion designer,CV Damanik,Sulawesi Tengah
ba5a2fd5,Rizki Pertiwi,Building services engineer,PD Melani,Jawa Tengah
da04dbfb,"dr. Uli Salahudin, S.Gz","Physicist, medical",Perum Maheswara Sudiati,Jawa Barat
da9f8fd6,Rahmat Nasyiah,Professor Emeritus,UD Saptono (Persero) Tbk,Papua Barat
74a7e63f,"R.A. Nurul Kusumo, S.E.I",Operations geologist,Perum Zulaika Maheswara,Lampung
4a8a6522,drg. Eli Sinaga,"Radiographer, therapeutic",PD Mangunsong Tbk,Kepulauan Bangka Belitung
821d0515,"Nilam Tamba, S.Psi","Surveyor, insurance",PD Salahudin Mulyani Tbk,Nusa Tenggara Timur
cf6f9efc,Yosef Sudiati,"Secretary, company",PT Permata (Persero) Tbk,Maluku Utara
688b3f83,Tgk. Banawi Uwais,Magazine features editor,UD Saefullah Tbk,Jawa Barat
89c789df,Dagel Habibi,"Embryologist, clinical",PT Budiyanto Simanjuntak,Sulawesi Selatan
0f61328a,Vera Suwarno,Telecommunications researcher,PD Wijayanti,Sulawesi Utara
be732eb8,"Prabawa Situmorang, M.M.",Speech and language therapist,Perum Habibi Kuswandari (Persero) Tbk,Sumatera Barat
96c3bf12,Anita Rajasa,Landscape architect,CV Nainggolan Tbk,Kalimantan Selatan
627206bd,Hj. Rina Jailani,Tourist information centre manager,Perum Usada Pudjiastuti Tbk,Kalimantan Barat
8306f30b,"Latika Sitorus, S.IP",Barrister,UD Nurdiyanti,Jawa Timur
ae382220,"Hj. Lalita Sitorus, S.Gz","Surveyor, rural practice",PT Nurdiyanti Rahayu,Lampung
2fdb992e,"T. Kasiran Manullang, S.Pt",Quarry manager,PT Hutapea Latupono,Bali
42fa2097,Prima Nashiruddin,Sales promotion account executive,Perum Tampubolon Mulyani Tbk,Lampung
2bffb7f8,Adika Usamah,Bonds trader,PD Pratiwi Tbk,Sulawesi Tengah
1e123148,"Calista Siregar, M.TI.",Field seismologist,PD Anggriawan Latupono,Jambi
705ef996,Amelia Zulkarnain,"Lighting technician, broadcasting/film/video",CV Maryati Hakim Tbk,Jawa Timur
52736b1b,"Asmadi Saragih, S.Sos",Child psychotherapist,CV Astuti (Persero) Tbk,Kalimantan Timur
25dfc256,Gabriella Maryati,Corporate treasurer,PT Setiawan Tbk,Jawa Barat
c251ad67,Gandi Kusmawati,Location manager,Perum Siregar Maryati,Kalimantan Utara
cc954107,Vino Tarihoran,"Production assistant, television",PT Fujiati,Sumatera Barat
bcef2d0e,Rizki Utama,Commercial/residential surveyor,CV Putra (Persero) Tbk,Kalimantan Selatan
d97df59f,H. Kamal Palastri,Hydrologist,CV Wulandari,Sumatera Utara
5c12016a,Salimah Gunarto,Structural engineer,Perum Marpaung Irawan,Jawa Timur
c6f876ee,Lidya Hasanah,Geophysical data processor,CV Prasetya (Persero) Tbk,Jawa Tengah
c1dfb4b8,Harjasa Marpaung,Podiatrist,CV Oktaviani (Persero) Tbk,DI Yogyakarta
32198342,Ira Mustofa,Make,PT Dongoran (Persero) Tbk,Gorontalo
2c81d5a3,"Wirda Pangestu, M.Farm","Psychologist, prison and probation services",PT Lailasari (Persero) Tbk,Nusa Tenggara Timur
a8e1ffa1,Cut Usyi Setiawan,Web designer,CV Thamrin,Lampung
4a3ff79b,"Yance Namaga, M.Farm",Catering manager,PT Tamba Purnawati,Maluku
cffb931a,"Tari Setiawan, S.Farm",Quality manager,Perum Laksmiwati,Kalimantan Barat
c2b53a33,Muhammad Mulyani,"Exhibitions officer, museum/gallery",UD Saputra Tbk,Sulawesi Barat
c0c91bc4,Jamalia Firmansyah,Chief Strategy Officer,Perum Dabukke Purnawati,Gorontalo
f39b7040,dr. Luwes Thamrin,"Psychotherapist, child",UD Prasetya Tbk,Kalimantan Tengah
d942ded6,Raina Nurdiyanti,Accounting technician,PT Dabukke Namaga Tbk,Banten
eda80476,Pia Waskita,"Surveyor, insurance",UD Wijayanti,Kalimantan Tengah
afc71072,Zelda Suartini,Radio producer,CV Irawan (Persero) Tbk,Sulawesi Tenggara
fe905963,Drs. Yuni Widiastuti,Petroleum engineer,CV Prayoga Uyainah (Persero) Tbk,Banten
a2b87626,Hairyanto Oktaviani,Jewellery designer,PD Prasetyo Sinaga,Banten
bf108413,Elon Permata,Scientific laboratory technician,Perum Mustofa,Sulawesi Selatan
4182e241,Azalea Wibowo,Technical author,PT Tamba (Persero) Tbk,Jawa Timur
c01c6d95,Patricia Firgantoro,English as a foreign language teacher,Perum Suryono Mandasari Tbk,Papua
ad0a1bc3,drg. Baktianto Wijayanti,Energy manager,PD Usamah Winarno Tbk,Bengkulu
559b7fae,Wage Usamah,Sports administrator,PD Hartati Tbk,Sumatera Barat
6dfeee4c,Pia Mulyani,Logistics and distribution manager,Perum Purnawati,Bengkulu
d68bdef1,Tirta Hutasoit,Photographer,Perum Kusumo (Persero) Tbk,Sumatera Selatan
303b63f5,Intan Oktaviani,Health physicist,Perum Hartati Suwarno,Sumatera Utara
64883656,Suci Sihombing,Operational investment banker,Perum Hutapea Tbk,Aceh
934d2b9b,Cut Tania Farida,"Designer, furniture",Perum Saragih (Persero) Tbk,Kepulauan Riau
eeb9a90d,Puti Vanesa Prasetya,Barrister's clerk,CV Prasetya Permadi,Nusa Tenggara Barat
31232e4f,R. Yance Mayasari,"Runner, broadcasting/film/video",UD Prasasta,Banten
38e84f0d,"Saiful Puspasari, M.TI.",Office manager,Perum Hastuti (Persero) Tbk,Sulawesi Tengah
7b6fd35e,"Sutan Irfan Riyanti, S.E.I",Marine scientist,PT Hidayat Kurniawan Tbk,Jawa Timur
f95ade95,Drs. Eka Nasyiah,Ship broker,PT Suwarno Tbk,Jambi
8dfe3483,"Ulya Kusumo, M.TI.","Designer, furniture",CV Hartati Suryatmi Tbk,Gorontalo
4af314e5,Ir. Ani Dabukke,Special educational needs teacher,PT Haryanti Januar,Gorontalo
066653f5,Caraka Saputra,Higher education lecturer,UD Wijayanti Tbk,Papua Barat
7e753b61,"R. Eluh Prasetya, M.TI.",Actuary,PT Winarsih Nababan (Persero) Tbk,DI Yogyakarta
a0f42831,Prayoga Narpati,"Designer, blown glass/stained glass",PD Anggriawan Ramadan,Nusa Tenggara Barat
7fe0cd02,Dr. Vicky Firgantoro,Chartered loss adjuster,Perum Sihombing,Nusa Tenggara Timur
9a631535,R.M. Ghani Pangestu,Pharmacologist,UD Wibowo Maryati,DI Yogyakarta
d77bc7c5,Zahra Iswahyudi,Sales executive,Perum Laksmiwati,Sumatera Selatan
262dd1ff,Mahdi Wijaya,"Teacher, primary school",Perum Pranowo (Persero) Tbk,Lampung
9a42a7a8,Melinda Wijaya,Tax adviser,CV Kuswoyo (Persero) Tbk,Riau
6f5bc198,"R. Sari Prasetyo, S.H.",Clinical molecular geneticist,CV Zulkarnain Tbk,Maluku
dd9bb4f0,"R. Yuliana Wibowo, S.Gz",Garment/textile technologist,PT Padmasari Padmasari,Sulawesi Barat
ba6518be,Ratna Wibisono,Chief Strategy Officer,Perum Jailani,Aceh
6457fe9d,"Galur Susanti, S.Pd",Web designer,UD Astuti Purnawati,Kalimantan Selatan
3c5a1354,Faizah Narpati,Claims inspector/assessor,PD Jailani (Persero) Tbk,Sulawesi Selatan
f053fee4,Diah Yolanda,"Secretary, company",Perum Wijaya Tbk,Papua
0993258f,Humaira Novitasari,Insurance claims handler,CV Waluyo,Bengkulu
a4e2d359,"Jagaraga Rajata, M.M.","Engineer, drilling",PD Yolanda Tbk,Kepulauan Riau
1eff0cf0,Sari Mardhiyah,"Accountant, chartered certified",PD Mardhiyah Dongoran (Persero) Tbk,Sulawesi Tengah
51f867ef,Endah Sitompul,Drilling engineer,UD Mandala,Bali
4d477b19,Aswani Suryono,Hydrogeologist,UD Prastuti,Gorontalo
52d0e844,Luwar Prasetya,Television production assistant,UD Pratama,Kalimantan Tengah
bccbc1f9,"Dt. Maryanto Pratiwi, S.Psi",Newspaper journalist,CV Winarno Gunawan,Bengkulu
c6730bc8,"Slamet Sirait, S.Kom",Physiological scientist,Perum Najmudin (Persero) Tbk,Kepulauan Riau
a9927cad,Ciaobella Rahayu,"Psychologist, forensic",PT Tamba,Sumatera Selatan
93e8ac0f,Kamaria Iswahyudi,Airline pilot,UD Uwais,Banten
65cc1510,Hj. Ika Nainggolan,"Administrator, Civil Service",PD Handayani Tbk,Maluku
147bad89,Ida Kuswoyo,Physiotherapist,UD Usamah Tbk,Jawa Tengah
794e7b73,Ifa Sihombing,Stage manager,PD Yuniar,Sulawesi Selatan
ebacb0ee,Harjasa Prasetyo,"Engineer, energy",Perum Nugroho,Riau
cea16f72,"Puti Hesti Salahudin, S.Ked",Outdoor activities/education manager,Perum Pratama Tbk,Jawa Timur
f6599a3c,"Salimah Winarsih, S.Ked",Estate agent,UD Hartati Prasetyo (Persero) Tbk,Aceh
99d8b50f,Padma Iswahyudi,Financial adviser,CV Aryani Tbk,Sulawesi Tengah
3c03f237,"Drs. Respati Oktaviani, S.Sos",Health promotion specialist,UD Wastuti,Kalimantan Utara
d535ebe1,Ir. Rika Suryatmi,Customer service manager,CV Nasyidah Nashiruddin Tbk,Sulawesi Tenggara
27535ebe,"Zizi Pratama, M.TI.",Writer,PT Nababan Tbk,Gorontalo
cadd414f,Juli Setiawan,Mental health nurse,PD Ramadan Kusmawati,Jawa Tengah
9b759e42,"Ir. Prasetyo Siregar, M.Kom.",Systems analyst,PD Sitompul,Maluku
68a6c8f2,Hj. Lidya Kuswoyo,Operational investment banker,UD Andriani (Persero) Tbk,Bali
92534c6d,Ghaliyati Yulianti,Midwife,UD Melani Fujiati,Sulawesi Utara
d9f81f3c,Ajiono Waskita,Arboriculturist,Perum Pratiwi,Kepulauan Riau
7fe080e5,Jessica Habibi,English as a foreign language teacher,CV Prastuti Widiastuti,Sulawesi Selatan
310b8b1c,Sakura Habibi,Environmental manager,PD Kurniawan Lailasari (Persero) Tbk,Kepulauan Bangka Belitung
ae4c7f15,dr. Among Adriansyah,"Nurse, adult",UD Firmansyah (Persero) Tbk,Sulawesi Tengah
0d9c110b,"R.A. Queen Firmansyah, S.E.",Production manager,CV Natsir Mahendra Tbk,Lampung
27ea45c1,Dina Oktaviani,Chiropodist,UD Pangestu Widiastuti (Persero) Tbk,Banten
9936e071,Kadir Saragih,Video editor,CV Rahimah Melani (Persero) Tbk,Kalimantan Tengah
dff7f2f7,"Maimunah Astuti, S.I.Kom",Futures trader,UD Firgantoro Wasita,Kalimantan Barat
bfaab838,Aurora Prasetya,Surgeon,UD Prasetya Dongoran Tbk,Sulawesi Tengah
d387cfa8,R. Zulfa Padmasari,Metallurgist,Perum Nababan Winarno (Persero) Tbk,Jawa Tengah
ed325ef1,"Amelia Dongoran, S.E.I",Speech and language therapist,Perum Aryani Marpaung (Persero) Tbk,Kalimantan Barat
298c47f9,Farhunnisa Puspita,Restaurant manager,UD Gunarto (Persero) Tbk,Nusa Tenggara Barat
e4ab0ff1,Teddy Hassanah,Counsellor,PT Simanjuntak Tbk,Sulawesi Barat
97633acd,Nabila Ramadan,Mental health nurse,Perum Ardianto (Persero) Tbk,Sulawesi Tengah
c07c912c,Endah Padmasari,"Accountant, chartered public finance",PD Damanik,DKI Jakarta
356dc7a0,"Bakti Pratiwi, S.Pd",Chief Financial Officer,Perum Nurdiyanti Tbk,Bali
e7c1cdbd,Wardi Wijayanti,Optometrist,PD Ardianto,Jambi
e6f0a8e5,R. Lukman Maryati,Further education lecturer,CV Padmasari Tbk,Sulawesi Selatan
a6640e92,Putri Permata,"Psychologist, sport and exercise",CV Marbun Novitasari (Persero) Tbk,Gorontalo
e0632eab,Rina Ardianto,Adult guidance worker,PD Megantara Tbk,Nusa Tenggara Timur
9254a41f,Empluk Nasyiah,Immunologist,PT Budiman Tbk,Sulawesi Selatan
f8ef60e0,Dr. Mustofa Hardiansyah,"Research officer, political party",Perum Utama,Papua
7851778b,Fathonah Anggraini,"Designer, industrial/product",UD Rahayu Tbk,Nusa Tenggara Barat
4765327d,"Wirda Suwarno, M.Kom.",Air broker,PT Melani Thamrin,Nusa Tenggara Timur
55bd4c04,Tantri Iswahyudi,Patent examiner,CV Narpati Wacana,Riau
410e3546,R.M. Harjaya Zulkarnain,Soil scientist,PD Latupono Novitasari (Persero) Tbk,Jawa Barat
22f77f07,"Yessi Zulaika, M.Ak",Insurance underwriter,PD Tampubolon Marpaung,Kalimantan Selatan
6846dc86,Prayitna Uwais,Human resources officer,PT Maheswara Tbk,Jawa Tengah
959de295,Rama Habibi,Pensions consultant,PD Usada (Persero) Tbk,DKI Jakarta
09683e61,KH. Harimurti Susanti,Lobbyist,CV Prastuti Tbk,Banten
d46fea88,Kayla Astuti,Public relations officer,UD Winarno Setiawan Tbk,Aceh
aaddc431,"H. Karman Nababan, S.IP","Programmer, multimedia",PT Tampubolon Tbk,Papua
9cf90f4b,"Nilam Hasanah, S.IP",Estate manager/land agent,PD Prayoga Sihotang,Sulawesi Tengah
fe8f1962,Ir. Rina Waskita,Actuary,Perum Novitasari Narpati Tbk,Sulawesi Utara
82d65cac,"Hari Mangunsong, S.Pt",Broadcast presenter,Perum Manullang,Sulawesi Tengah
d9289a00,Ulya Andriani,Trade mark attorney,PD Puspasari,Kalimantan Utara
13fc75ec,Tgk. Farah Kusumo,Best boy,PT Nasyiah Yuliarti Tbk,Jambi
600590b6,Uchita Farida,Chartered accountant,PD Zulaika Sirait Tbk,Maluku Utara
4d96af78,Endah Situmorang,Insurance risk surveyor,CV Padmasari,Bali
0af4ffc3,"Drs. Luhung Pangestu, S.Pd",Operational investment banker,Perum Irawan Gunawan,Banten
521367ab,Mustofa Suartini,Photographer,UD Situmorang Pangestu,Papua
374d6cf5,Qori Lailasari,Production engineer,Perum Pudjiastuti,Jawa Tengah
67e6c937,Lanjar Budiman,Community pharmacist,Perum Andriani (Persero) Tbk,Kepulauan Riau
c12923d6,Lutfan Yolanda,Merchant navy officer,PD Waskita (Persero) Tbk,Riau
bf8c7972,Ilsa Mahendra,Probation officer,CV Mardhiyah Tbk,Sumatera Selatan
89c2c95c,"drg. Ayu Latupono, M.TI.",Office manager,Perum Kusumo Siregar (Persero) Tbk,Sumatera Barat
d07470bb,Bagus Yuliarti,Rural practice surveyor,CV Permadi Purnawati,Sulawesi Tenggara
aed6324b,Rachel Budiman,Travel agency manager,PT Laksita Wastuti Tbk,Papua
00092d5d,"Dr. Bakiman Lazuardi, S.IP",Occupational therapist,Perum Oktaviani,Riau
42c9b616,Aswani Manullang,International aid/development worker,CV Dongoran,Sulawesi Tengah
70bef0c2,Kani Mardhiyah,Field seismologist,PT Hartati Gunarto Tbk,Sulawesi Utara
9fc767e8,"Dewi Napitupulu, M.Farm","Geologist, wellsite",PD Saputra Winarsih Tbk,DI Yogyakarta
ce5db2ff,Dartono Nasyiah,"Engineer, electrical",PD Dongoran Saputra (Persero) Tbk,Maluku
cb644cbf,"Tgk. Aurora Rajata, S.I.Kom",Purchasing manager,UD Halimah Tbk,Papua
d58feae0,"Ilsa Rahimah, M.M.",Cytogeneticist,PT Mayasari Tbk,Sumatera Utara
7d8000da,Uchita Handayani,Licensed conveyancer,CV Budiyanto Zulaika,DKI Jakarta
26ad21e1,Ir. Dinda Yuliarti,"Solicitor, Scotland",Perum Putra Tbk,Jawa Barat
56b79918,Ulva Damanik,Chief Executive Officer,CV Nababan Manullang,Sulawesi Tenggara
cafda2da,Eka Mayasari,Animal technologist,CV Nainggolan Wijaya,Sumatera Selatan
c881f0a0,"Catur Hutagalung, S.Farm",Oncologist,PT Winarsih Tbk,Sulawesi Utara
cfe4532d,"R.A. Devi Sihombing, M.TI.","Psychologist, educational",Perum Pangestu Wijayanti,Sumatera Barat
e643da32,Yunita Sihombing,Housing manager/officer,UD Suartini Hutagalung (Persero) Tbk,Lampung
436741fb,Uda Fujiati,"Designer, multimedia",CV Nurdiyanti Susanti (Persero) Tbk,DKI Jakarta
88657a86,drg. Latika Sirait,"Psychologist, forensic",Perum Puspita Gunawan Tbk,Sumatera Selatan
fd33b160,"Nadia Mangunsong, S.Gz",Hydrogeologist,PD Mandasari,Banten
5cae83c7,Jefri Kusumo,Midwife,PD Fujiati Habibi,Kalimantan Selatan
bb19ae63,Mulyono Prabowo,Diplomatic Services operational officer,Perum Lazuardi Tbk,Riau
c2b5f627,Ir. Kajen Narpati,Ergonomist,UD Marpaung Saragih,Papua
0119e893,drg. Caket Mangunsong,Systems developer,CV Yolanda Nasyiah (Persero) Tbk,Sumatera Utara
faeec7b6,"Cinthia Nuraini, M.Ak",Information systems manager,PT Maryati (Persero) Tbk,Kalimantan Barat
987d9e25,Edi Pradana,Curator,Perum Hutagalung (Persero) Tbk,Sumatera Utara
01cab37d,Mahdi Agustina,"Teacher, music",Perum Hastuti,Kalimantan Selatan
cda1ece2,Galak Samosir,Charity fundraiser,Perum Namaga,Jambi
54b82071,Oni Aryani,"Scientist, product/process development",PT Thamrin Hariyah,Kalimantan Barat
6e7d2a3e,Drs. Fitriani Astuti,Town planner,PT Permata Purnawati Tbk,Sulawesi Selatan
1f6686e4,"Drs. Upik Sihombing, S.Pt",Radio producer,CV Setiawan,Kalimantan Barat
c3b1b77e,"Puti Mandasari, S.IP",Claims inspector/assessor,Perum Sihombing,Riau
8544bb53,R. Ira Mulyani,Clinical psychologist,UD Samosir,Sulawesi Tenggara
ac937001,Jessica Widiastuti,Medical laboratory scientific officer,CV Wibowo Fujiati Tbk,Kepulauan Riau
cf695a10,Laras Mahendra,Television production assistant,Perum Mandasari Hakim,Nusa Tenggara Barat
182c99d0,"Nadine Anggriawan, M.TI.","Engineer, drilling",Perum Kusumo Wijayanti Tbk,Sulawesi Tenggara
58e9374a,Ratna Gunarto,"Runner, broadcasting/film/video",Perum Rajasa (Persero) Tbk,Aceh
ecac3fc9,"Kairav Maulana, M.M.",Office manager,PT Suryono Tbk,Bali
10b7693e,Hafshah Yuliarti,Magazine features editor,UD Manullang (Persero) Tbk,Papua Barat
c376ee58,Prima Gunawan,Leisure centre manager,UD Mansur,Sulawesi Barat
1ac2f87a,"Asirwada Suryatmi, S.Kom",Chartered public finance accountant,PD Sinaga,Kalimantan Tengah
d17b889a,Viman Agustina,Advertising account executive,PD Marbun,Sulawesi Tengah
04b011b7,Baktianto Hariyah,Insurance risk surveyor,Perum Habibi Tbk,Nusa Tenggara Barat
916c81b4,Shania Wacana,Civil Service fast streamer,PT Farida,Sumatera Utara
3ff57c95,"Dr. Queen Purwanti, S.I.Kom",Phytotherapist,Perum Hariyah Tbk,Sumatera Barat
ae7ba647,Kamidin Pratiwi,"Surveyor, land/geomatics",PT Nugroho,Bali
ad6d3fc4,"Ir. Prayitna Pratiwi, M.Farm",Press photographer,PD Maheswara,Sulawesi Selatan
1c3dc480,Anastasia Utama,"Teacher, adult education",UD Kuswoyo Wulandari Tbk,Lampung
5531a381,Sarah Sinaga,Museum education officer,CV Utama Wasita (Persero) Tbk,Bengkulu
134ecb54,Luluh Usamah,Graphic designer,PD Hastuti Situmorang Tbk,Nusa Tenggara Timur
0d3a0a07,Ir. Siska Pangestu,Magazine journalist,UD Gunarto (Persero) Tbk,Papua Barat
826b81fa,Darmana Ardianto,Product manager,PT Sinaga Tbk,Nusa Tenggara Timur
7a950de7,Carla Pratiwi,Interior and spatial designer,PT Wijaya,Nusa Tenggara Barat
3de91776,Yessi Haryanto,Mudlogger,PD Wijayanti Hastuti (Persero) Tbk,Sumatera Utara
33a04849,Safina Hassanah,Hydrogeologist,PT Gunawan Tbk,Maluku
6ba67f15,Panji Oktaviani,Set designer,Perum Wulandari Tbk,Papua
456f5a23,Cahyo Napitupulu,Clothing/textile technologist,PD Mandasari,Jawa Timur
5cb5ccfd,Zalindra Simanjuntak,Higher education lecturer,CV Hutagalung Tbk,Bali
04c55f25,"Tgk. Elon Mayasari, S.E.",Optometrist,Perum Nuraini Siregar,Kalimantan Selatan
85db965e,Puti Olivia Haryanti,Technical brewer,CV Prabowo,Sumatera Selatan
aa9955f1,Mahmud Permata,Teaching laboratory technician,UD Thamrin Jailani Tbk,Sulawesi Utara
311d081d,Hj. Genta Winarsih,Tourism officer,UD Prasetyo Pratama,Maluku
cb7b56bd,"Belinda Rahimah, S.Psi","Scientist, research (life sciences)",PD Simbolon,Jawa Timur
f0db032e,R.A. Bella Tampubolon,"Production assistant, radio",PT Mardhiyah Pradipta (Persero) Tbk,Maluku
3436d95f,Lasmanto Hardiansyah,Print production planner,CV Sihombing (Persero) Tbk,Jawa Tengah
70c1057c,Janet Narpati,Chief Operating Officer,UD Wacana Tbk,Maluku
6cfc0145,Ajiman Pratiwi,Research scientist (physical sciences),UD Hidayat Usamah (Persero) Tbk,Sumatera Barat
747e8513,Najwa Pratiwi,"Scientist, research (physical sciences)",CV Puspasari Laksmiwati,Kepulauan Riau
98623ec8,"Kenzie Wacana, S.E.I",IT sales professional,Perum Megantara Sitorus,Sulawesi Barat
2a7f253f,Gada Hastuti,Historic buildings inspector/conservation officer,PT Hasanah Waluyo,Aceh
5f774891,"Gangsa Nuraini, S.Farm","Pilot, airline",CV Puspasari Mansur Tbk,Banten
c5b75267,Balapati Yuliarti,Teaching laboratory technician,Perum Simbolon,Sulawesi Selatan
99ecf04c,"Wulan Hassanah, S.I.Kom",Psychotherapist,UD Widiastuti,Sumatera Utara
81a10597,H. Taswir Agustina,Rural practice surveyor,PD Mangunsong Lazuardi (Persero) Tbk,Sumatera Selatan
bd9ba0c5,"Limar Novitasari, S.IP","Designer, graphic",UD Simbolon Pradipta,Papua Barat
2335c9d6,"Harsana Melani, S.Kom",Commercial/residential surveyor,PD Mayasari Megantara,Kalimantan Tengah
a2daff43,"Drs. Harjaya Saragih, M.Pd",Animal nutritionist,UD Kurniawan,Kalimantan Utara
0c284d8d,"Halima Hariyah, S.Gz",Chiropractor,Perum Maryadi,Bali
28625e1e,R.A. Raina Wijaya,"Administrator, local government",Perum Utama Tampubolon (Persero) Tbk,Sulawesi Tengah
aa50a782,Hilda Kuswandari,Chartered certified accountant,CV Jailani Novitasari,Papua Barat
60e36099,Tgk. Galih Agustina,Acupuncturist,PD Habibi (Persero) Tbk,Sumatera Selatan
b893ca61,Adinata Hutapea,"Programmer, applications",PD Novitasari Tbk,Jawa Timur
4c16a612,dr. Kamaria Nuraini,"Psychologist, counselling",UD Wibowo,Sulawesi Selatan
816839e0,Eli Suryatmi,"Production assistant, radio",PT Puspasari Usamah,Nusa Tenggara Barat
eb5f71f1,R. Dewi Puspasari,IT technical support officer,UD Maheswara (Persero) Tbk,Papua
26eb854c,Lala Laksmiwati,"Engineer, land",UD Januar Tbk,Bengkulu
3685d1e5,Dr. Dina Fujiati,Quarry manager,PD Prasasta Usada Tbk,Banten
1e72b4bf,"Lanang Nuraini, S.Kom",Leisure centre manager,CV Nasyidah Winarsih (Persero) Tbk,Jawa Barat
9a69c93d,"H. Nalar Marbun, S.IP",Fisheries officer,Perum Uwais Mustofa (Persero) Tbk,DKI Jakarta
8f136173,Jati Hakim,Midwife,UD Marbun Tbk,Kepulauan Riau
90b66272,"Ophelia Kuswoyo, S.I.Kom",TEFL teacher,CV Nashiruddin (Persero) Tbk,Maluku Utara
da6e4666,Mahfud Pertiwi,"Journalist, newspaper",Perum Susanti,Sumatera Utara
00b69ad4,Uli Hastuti,Medical sales representative,PT Firmansyah (Persero) Tbk,Bali
7aeff757,Ihsan Haryanto,Health and safety inspector,PD Pudjiastuti Tbk,Sulawesi Tengah
c2860250,"Tgk. Lalita Firmansyah, M.Kom.","Psychologist, forensic",CV Rajata Firgantoro,Jawa Timur
e2281b2f,Rahmi Mangunsong,Automotive engineer,UD Nugroho Anggriawan Tbk,Banten
74769d85,Saadat Marpaung,Lawyer,Perum Mansur,Sulawesi Utara
2f293ef2,Edi Mangunsong,"Nurse, learning disability",UD Iswahyudi Nurdiyanti (Persero) Tbk,Bali
169e0dda,Malik Kusmawati,Administrator,PD Winarno Manullang,Kepulauan Bangka Belitung
a60ba3ee,KH. Candra Januar,Petroleum engineer,Perum Maryati (Persero) Tbk,Aceh
c1210083,Cayadi Hariyah,"Psychologist, forensic",CV Mangunsong Lazuardi Tbk,Maluku
10ead790,Maria Rajasa,Intelligence analyst,UD Santoso Palastri Tbk,Kepulauan Bangka Belitung
ed41e634,"Zaenab Dabukke, M.Pd",Printmaker,CV Suartini Suryatmi Tbk,Kalimantan Selatan
2a0cc93d,Eluh Nainggolan,"Editor, magazine features",UD Setiawan,Sumatera Selatan
b64ff536,"Dr. Dalima Nugroho, S.I.Kom",Police officer,UD Winarno Waluyo,DKI Jakarta
484cbbd8,Drs. Winda Yolanda,Claims inspector/assessor,Perum Saputra,Bengkulu
afcf3d28,Febi Habibi,Chartered certified accountant,Perum Januar,Kalimantan Tengah
543c2528,Raditya Firgantoro,Quantity surveyor,UD Fujiati Pradana,Kepulauan Riau
8e961fee,Tgk. Raisa Uwais,Trade union research officer,CV Suryatmi (Persero) Tbk,Lampung
e04b2f2c,"Daliman Samosir, S.H.",Mental health nurse,UD Hakim,Kepulauan Bangka Belitung
c5e36b48,"Ika Zulkarnain, S.T.","Pilot, airline",Perum Latupono Budiman Tbk,Sumatera Barat
2b904e2e,Ulva Suryono,"Scientist, research (physical sciences)",PT Halimah,Riau
90d1b6a5,Sari Nurdiyanti,International aid/development worker,CV Wahyuni Rajata Tbk,Kalimantan Utara
c0428654,Clara Maulana,Commercial horticulturist,UD Hakim Namaga,Sulawesi Tenggara
2824eab7,dr. Yani Hasanah,Logistics and distribution manager,UD Hariyah Gunawan (Persero) Tbk,Jawa Tengah
51221248,Tri Purwanti,Consulting civil engineer,Perum Santoso Anggriawan (Persero) Tbk,Jambi
cf06926e,Cindy Purnawati,Art therapist,PD Ramadan Hidayat,Riau
a32c7fbb,Bella Mahendra,Artist,PT Budiyanto,Maluku Utara
11c050cb,Mulya Salahudin,Newspaper journalist,PD Pratiwi Tbk,Sulawesi Tengah
26bdcf8b,Eli Hariyah,Energy manager,CV Adriansyah Tbk,Papua
92980913,Puti Mila Widiastuti,Veterinary surgeon,PT Habibi Tbk,Sulawesi Tengah
259a16df,Rosman Puspita,"Engineer, energy",PT Siregar Lailasari,Sulawesi Tengah
30cd71ef,Gabriella Haryanti,Clinical psychologist,UD Usada Permata,Aceh
11ddca35,R.M. Tedi Wahyudin,Arts development officer,PD Firgantoro Rahayu,Jambi
a717e7ef,Labuh Budiman,Risk manager,CV Permata Utami,Maluku Utara
4de85e72,Sutan Dariati Irawan,Bonds trader,CV Prakasa Narpati,DKI Jakarta
638ba830,"Iriana Farida, M.M.",Biomedical engineer,Perum Halim Ardianto Tbk,Sulawesi Utara
1f40d7b1,"Rahayu Uyainah, S.Gz",Barista,Perum Pertiwi,Riau
38a155b4,"Indah Prabowo, S.Pt",Health physicist,PT Yuniar,Kalimantan Barat
bc45aa79,Gawati Situmorang,Leisure centre manager,Perum Mardhiyah (Persero) Tbk,Papua
d4888949,Prasetyo Santoso,Technical brewer,CV Marbun Habibi (Persero) Tbk,Riau
6d84bc78,Ellis Yuliarti,"Therapist, music",Perum Hutapea Wulandari Tbk,Kalimantan Timur
54856098,Jais Astuti,"Doctor, general practice",Perum Mandasari Tbk,Kalimantan Barat
a5f2a7de,Tgk. Anom Permadi,"Investment banker, corporate",PD Wulandari Budiyanto (Persero) Tbk,Jawa Barat
350a5e08,"H. Prabu Situmorang, M.Farm",Mechanical engineer,PD Rahmawati Tamba (Persero) Tbk,DI Yogyakarta
4e2f2613,R. Kartika Prabowo,Video editor,PD Simanjuntak Marbun Tbk,Kalimantan Utara
63905764,Emin Maryati,Clinical psychologist,PT Palastri Situmorang (Persero) Tbk,Jawa Timur
33f4d4a5,Maman Andriani,Records manager,Perum Hasanah Maulana,Banten
233b53d5,Cindy Rajasa,"Engineer, materials",PT Nainggolan Tbk,Kepulauan Bangka Belitung
d74a056f,Dasa Wahyuni,Personnel officer,CV Siregar,Kalimantan Barat
fd3e0533,Ir. Ayu Wahyuni,Broadcast engineer,Perum Kurniawan Susanti,Maluku Utara
fee4dd7d,"R.A. Faizah Hidayat, S.Ked",Games developer,UD Budiyanto Wibisono Tbk,Sulawesi Utara
8595f195,"dr. Ade Uyainah, S.Pd",Art therapist,PD Mardhiyah Widodo Tbk,Sulawesi Utara
d2697715,Jamil Pertiwi,Orthoptist,Perum Permata Putra (Persero) Tbk,Nusa Tenggara Barat
497e51a5,"dr. Dimaz Pratiwi, S.T.","Teacher, early years/pre",PD Uwais Tbk,Sulawesi Barat
153299d5,"Ir. Ina Hasanah, S.E.",Air cabin crew,PD Tamba,Bali
db4cf75e,Edi Winarsih,"Teacher, music",UD Wulandari Haryanti,Jawa Tengah
c5d55047,"Calista Prasasta, S.IP",Soil scientist,PD Pradipta Nainggolan (Persero) Tbk,Papua Barat
ced1a157,Bambang Wahyuni,Administrator,CV Simanjuntak Maulana (Persero) Tbk,Gorontalo
ebf7a800,"Ir. Nadine Latupono, S.I.Kom","Horticulturist, commercial",PD Tarihoran Hutapea Tbk,Aceh
85d33fe4,"Latif Utama, S.Gz",Accommodation manager,PD Astuti Hastuti (Persero) Tbk,Jawa Barat
4fa169f8,"Cut Olivia Tampubolon, S.Pd",Barrister,Perum Fujiati Tbk,Bali
d4dda402,Cawuk Nuraini,Curator,UD Wacana,Banten
2f3d7214,Yessi Wahyudin,Retail manager,CV Wacana Hidayat,Sulawesi Selatan
febb9529,Kenzie Fujiati,"Surveyor, rural practice",PT Saragih (Persero) Tbk,Sulawesi Tengah
ec1ac9fc,Jarwa Uwais,Landscape architect,Perum Hutagalung (Persero) Tbk,Riau
f952632c,Empluk Tarihoran,Site engineer,Perum Sitompul (Persero) Tbk,Nusa Tenggara Barat
023a83dd,"Cut Ida Saputra, S.Pd",Television floor manager,Perum Hidayat Tbk,Jambi
87c42be7,Wani Purnawati,Insurance risk surveyor,CV Haryanti,Nusa Tenggara Barat
181e3aa9,Galiono Yulianti,"Designer, interior/spatial",CV Gunawan,Maluku Utara
c01bb33a,"R.A. Malika Andriani, M.Ak",Patent attorney,CV Kuswoyo Kusumo Tbk,Bengkulu
b6f75171,Kezia Marpaung,Politician's assistant,PD Rajasa Suryono Tbk,Jawa Timur
17a6b6dc,"Gatot Prastuti, M.Ak",Market researcher,PD Hidayanto Prasetyo,Banten
8b11594a,Darimin Firmansyah,Financial trader,PT Purwanti,Gorontalo
f224ee32,"R.M. Kariman Latupono, S.H.",Environmental education officer,PD Mulyani,Lampung
7b693577,"drg. Raisa Wulandari, M.TI.",Public librarian,UD Nashiruddin Maryati,DKI Jakarta
aa9bf108,"Mursita Widodo, M.Pd",Catering manager,PD Puspasari (Persero) Tbk,Bali
7e1e99f8,"drg. Rahman Adriansyah, S.Sos","Therapist, music",PT Natsir (Persero) Tbk,DI Yogyakarta
c0678244,Vicky Handayani,Learning mentor,UD Pudjiastuti (Persero) Tbk,Jawa Timur
0f5e56f3,R.M. Elvin Kurniawan,Chief Strategy Officer,Perum Rajasa,Kalimantan Barat
4eaf6c9e,Dr. Paramita Kuswoyo,Press sub,PT Gunarto Situmorang (Persero) Tbk,Aceh
77220edb,"Cut Laila Permata, S.Sos",Agricultural engineer,PT Utama Uwais Tbk,Papua
24f51487,"Diana Saragih, S.Kom","Engineer, structural",CV Tampubolon Tbk,Riau
1f6b3ff9,R.M. Bagya Mansur,Database administrator,PT Ramadan,Bali
89907c0c,Purwa Handayani,IT trainer,PT Melani,Kepulauan Bangka Belitung
d3a146bc,Virman Purnawati,Legal secretary,PD Sihombing Wibisono Tbk,Sulawesi Tenggara
fbd19b3c,"Purwanto Namaga, S.Psi","Therapist, nutritional",CV Hidayat (Persero) Tbk,Jawa Tengah
01a327c3,"R. Putri Laksmiwati, S.Kom","Physicist, medical",PT Waluyo Tbk,Jawa Tengah
aef6979f,Mustika Nainggolan,Geophysical data processor,Perum Mansur Suryono (Persero) Tbk,DKI Jakarta
73fc4729,KH. Chandra Permata,Medical physicist,Perum Hakim Anggriawan Tbk,Bali
249beac8,R. Padma Budiyanto,Higher education lecturer,Perum Natsir Tbk,Kalimantan Utara
3c8c0618,KH. Asirwada Waluyo,Geoscientist,PD Sirait (Persero) Tbk,Kalimantan Barat
ab548ffe,Tgk. Farah Pertiwi,Tax inspector,UD Samosir Tbk,Sulawesi Barat
eae32a1e,Purwanto Melani,Stage manager,PT Marpaung Tbk,Aceh
a29413a9,"Darman Kuswoyo, S.IP",Television floor manager,Perum Simbolon Wibowo Tbk,Kalimantan Tengah
8d7ffb42,"R.M. Mahesa Jailani, S.Pd",Therapeutic radiographer,Perum Santoso Anggriawan Tbk,Kepulauan Riau
55d689f9,Azalea Tamba,Television camera operator,PD Mandala,Kalimantan Selatan
6c35a2ee,Padmi Hutasoit,Health service manager,PD Anggraini,Riau
94e33680,Galar Usamah,Human resources officer,UD Usada Tbk,Sulawesi Tengah
ca6b75ca,R. Darmanto Widodo,Recruitment consultant,UD Lailasari Lestari,Papua Barat
1a740dab,"R. Reza Pertiwi, M.TI.",Furniture conservator/restorer,UD Suwarno (Persero) Tbk,Maluku
4d7a7be8,"Tgk. Makuta Jailani, S.E.I",Music therapist,UD Hutasoit Tbk,Kalimantan Tengah
8ae2160c,Drs. Vanya Suwarno,Teaching laboratory technician,Perum Prayoga (Persero) Tbk,Kalimantan Utara
13b3a57c,Titin Pratiwi,Office manager,UD Sirait Pradana Tbk,Jawa Tengah
c11589f0,Oskar Pradana,Museum/gallery curator,PT Safitri,DI Yogyakarta
d4b686e7,Gilda Laksita,"Sales professional, IT",PT Tarihoran,Papua
dc9533d4,"Hartaka Maulana, S.Sos",Multimedia programmer,CV Iswahyudi,Lampung
ebf177c6,Alika Suryono,Hydrologist,PD Narpati,Sulawesi Utara
7072a5f3,Opan Wibowo,Prison officer,PT Samosir Jailani,Kepulauan Bangka Belitung
e6ee2097,Aisyah Prakasa,"Engineer, water",UD Kuswoyo,Kalimantan Selatan
e62f013d,Eka Handayani,Civil Service administrator,PD Wastuti (Persero) Tbk,Nusa Tenggara Timur
fb31ba88,"drg. Waluyo Siregar, S.E.I",Public house manager,CV Pudjiastuti Kurniawan,Sumatera Selatan
d1540b6a,Dt. Margana Dongoran,Water quality scientist,Perum Melani Kuswoyo,Bengkulu
722597a1,Silvia Puspita,Broadcast engineer,Perum Jailani Siregar Tbk,Maluku Utara
f094ea2e,"Tira Nasyidah, S.I.Kom",Recruitment consultant,CV Rahimah Wahyudin (Persero) Tbk,Sumatera Utara
fcbc3218,Tugiman Pradana,Fitness centre manager,PD Kuswandari,Lampung
eeadcfc7,Dadi Budiman,"Teacher, English as a foreign language",PT Prayoga Halim (Persero) Tbk,Papua
4f0450c7,"Paiman Yuniar, S.E.",Secretary/administrator,UD Napitupulu Saptono Tbk,Sumatera Barat
85de8b60,dr. Indah Uyainah,Training and development officer,UD Sitorus Laksmiwati Tbk,Aceh
5cca8102,"Tgk. Farah Sinaga, S.Sos","Biochemist, clinical",CV Habibi Salahudin Tbk,Sumatera Selatan
e804adad,Patricia Budiman,"Surveyor, building",PT Nuraini,Nusa Tenggara Timur
0e5dc373,"H. Malik Usamah, S.Ked","Teacher, early years/pre",PD Nuraini Tbk,Bengkulu
84428b08,Drs. Zahra Anggriawan,"Nurse, children's",PT Padmasari (Persero) Tbk,Aceh
b0f9cc41,"dr. Salimah Mustofa, M.Ak",Banker,Perum Prakasa Tbk,Nusa Tenggara Barat
52cde25e,Yessi Zulaika,Water engineer,CV Adriansyah Tbk,Nusa Tenggara Barat
238a27d3,Winda Tarihoran,Phytotherapist,PD Hidayanto Suartini Tbk,Lampung
29f2a3b0,Kasusra Saragih,Illustrator,UD Pradipta Firmansyah,Sulawesi Utara
d1815f3d,Puti Ana Yuliarti,Farm manager,PD Najmudin,Bengkulu
8d36a367,"Ilyas Gunawan, S.E.I",Industrial buyer,UD Saragih (Persero) Tbk,Jawa Timur
c7984750,Luwar Saefullah,Museum/gallery exhibitions officer,PT Hutapea Saefullah Tbk,Bali
a9d8e9d7,Drajat Nugroho,"Sound technician, broadcasting/film/video",Perum Widiastuti Setiawan (Persero) Tbk,Nusa Tenggara Barat
9f892abf,Winda Mangunsong,"Geneticist, molecular",PT Zulaika,Kalimantan Timur
547edbf6,Vega Manullang,"Engineer, manufacturing",UD Pradipta,Jambi
62e5028a,Dr. Belinda Wulandari,Medical illustrator,PT Padmasari Mulyani,DKI Jakarta
908ef4e1,Ghani Novitasari,Community education officer,PD Dongoran,Kalimantan Timur
b191aabb,Amalia Prastuti,"Psychologist, prison and probation services",CV Wahyuni,Riau
0d7dd040,Unjani Budiyanto,"Engineer, energy",Perum Haryanti (Persero) Tbk,Kepulauan Bangka Belitung
758fc064,"Maria Wastuti, S.E.","Engineer, electronics",PT Prayoga Siregar,Sulawesi Tenggara
cdd1cab2,"Asmadi Fujiati, S.IP",Newspaper journalist,PT Firgantoro Prasetya Tbk,Sumatera Utara
2d5cfc88,"Nilam Nashiruddin, S.T.",Tourist information centre manager,UD Kurniawan (Persero) Tbk,Sulawesi Utara
4bd0cab9,Wage Halim,Clinical embryologist,UD Wibowo Tbk,Jawa Tengah
506a73ec,"Mahmud Rajata, M.M.",Equities trader,PT Siregar Hutagalung Tbk,Sulawesi Selatan
2927a6f8,Wardi Nashiruddin,Print production planner,PD Nashiruddin,Bali
1eb6feca,Ajimat Sinaga,"Therapist, speech and language",UD Jailani,Papua Barat
671faae8,"Nabila Lazuardi, M.Pd",Government social research officer,CV Nainggolan,Sumatera Utara
446c15da,Nyoman Ardianto,"Conservator, museum/gallery",PT Hakim Nurdiyanti,Sulawesi Barat
5730d77d,Juli Permadi,"Buyer, industrial",UD Prakasa Usada (Persero) Tbk,Gorontalo
1fea3082,"Jessica Yuniar, S.Pd",Volunteer coordinator,PD Usamah Uyainah,Kalimantan Utara
b9b7dfb1,R. Endra Pertiwi,Insurance broker,Perum Wulandari Tbk,Aceh
db45b651,Ir. Vanesa Laksmiwati,IT trainer,Perum Usada Suryono Tbk,Kepulauan Riau
17e4127d,Ophelia Rajata,Neurosurgeon,Perum Novitasari Lazuardi Tbk,Bali
1a2cb9fb,"R.A. Zelaya Narpati, M.M.",Chief Operating Officer,PT Firgantoro Permadi (Persero) Tbk,Aceh
ce2df3eb,Hilda Marpaung,"Psychologist, clinical",Perum Habibi (Persero) Tbk,DKI Jakarta
d146affa,Rahmi Rajasa,Economist,Perum Pradana Haryanto,Aceh
104a5e28,"Ganjaran Mandasari, S.Kom",Arboriculturist,PT Fujiati Tbk,Bali
19e09510,R. Gada Sihotang,Data scientist,PT Nugroho,Sulawesi Selatan
10fb9a9d,"Drs. Gambira Yolanda, S.E.I",Insurance risk surveyor,PT Simbolon Kusumo,Sulawesi Tenggara
eb545676,Luthfi Hariyah,"Engineer, drilling",PD Sudiati,Sulawesi Tenggara
fd4e0451,Yessi Kusumo,Airline pilot,PD Tampubolon Saputra,Sulawesi Utara
d5afeb96,Ir. Putu Zulaika,Newspaper journalist,UD Prayoga Riyanti (Persero) Tbk,Kalimantan Timur
eee6bb4a,Restu Sihombing,Energy manager,CV Sihombing,Banten
b883245e,Drs. Intan Mandala,Chief Technology Officer,CV Samosir Permata Tbk,Banten
17940108,Amelia Adriansyah,Estate agent,PD Rahayu Santoso,Gorontalo
7b2bf90e,Ajiono Laksmiwati,Regulatory affairs officer,CV Suartini Tbk,Jawa Tengah
a4c08fa3,Karsa Andriani,"Psychologist, forensic",Perum Pangestu Tampubolon,Sulawesi Tenggara
b0e85df8,Nadine Simbolon,Air broker,UD Novitasari Hardiansyah,Nusa Tenggara Timur
70358302,"Dt. Labuh Wastuti, M.Pd",Trade union research officer,PT Haryanto,Maluku
2f378ac4,Tirtayasa Tamba,Retail banker,PD Widodo Habibi Tbk,Jawa Tengah
53a50e4d,Rahayu Mulyani,Engineering geologist,UD Prasetyo,Sulawesi Tenggara
6afde335,Gamanto Winarsih,"Teacher, music",PD Kusmawati Permadi Tbk,Jawa Timur
53cf9974,dr. Farah Nurdiyanti,"Therapist, art",UD Sihombing,Kalimantan Barat
ce1b46e1,Gabriella Widodo,Sports therapist,PT Zulaika Mandala Tbk,Kepulauan Riau
1a4f169d,Dt. Raden Pangestu,Risk analyst,CV Lailasari Narpati,Sulawesi Tengah
5ab444bd,"R. Setya Simanjuntak, S.Pt",Set designer,Perum Padmasari Tbk,Sumatera Selatan
2df7e1dc,Dirja Santoso,Clinical embryologist,Perum Anggriawan Sirait,Kalimantan Tengah
047e14be,Emong Laksmiwati,"Engineer, chemical",UD Susanti Mustofa,Sumatera Utara
a517714c,Tgk. Mahesa Mustofa,Personnel officer,Perum Nugroho,Sumatera Selatan
721e1f02,Wardaya Widiastuti,Senior tax professional/tax inspector,PT Maulana Putra (Persero) Tbk,Riau
0a6ea39c,"Bakidin Nashiruddin, S.Gz",Research scientist (physical sciences),Perum Halimah Tbk,Gorontalo
7ebbe782,Rahmi Januar,Horticultural consultant,PD Putra Puspita (Persero) Tbk,Sulawesi Utara
b3f84021,Fitriani Permadi,Amenity horticulturist,UD Lazuardi Tbk,Bengkulu
3cfd2405,Dr. Clara Habibi,Retail buyer,UD Siregar Mangunsong (Persero) Tbk,Sulawesi Barat
fd8d3b47,Juli Utama,Chartered accountant,Perum Riyanti,Papua
cd2b8e28,Novi Permata,"Engineer, biomedical",PD Hutasoit Namaga Tbk,DKI Jakarta
b6c7c395,Janet Nainggolan,Cabin crew,PD Iswahyudi Palastri,Sumatera Utara
444f7c2a,"Eka Kurniawan, S.Ked",Early years teacher,UD Pertiwi Situmorang,Jambi
c0764706,Gatra Permadi,Make,PT Wibisono (Persero) Tbk,Sumatera Barat
7d2aeea3,Cornelia Natsir,Network engineer,UD Natsir Tbk,Kalimantan Barat
c3edc789,Dasa Rahayu,Insurance risk surveyor,UD Widiastuti (Persero) Tbk,Sumatera Utara
849cdb40,Raina Prasetya,Tour manager,PD Budiman,Sulawesi Barat
75cb8151,Vanesa Latupono,Soil scientist,UD Pangestu Budiman (Persero) Tbk,Lampung
5fdadb22,Nurul Hasanah,Estate manager/land agent,CV Gunarto Suryatmi,Kalimantan Timur
a54bf10c,"H. Jaka Handayani, M.Pd",Politician's assistant,PT Wijayanti Kuswoyo Tbk,Lampung
29298b02,Lembah Maryadi,Dancer,CV Halim Habibi,Kalimantan Tengah
a1ff5181,Shania Oktaviani,Call centre manager,Perum Wacana,Jawa Barat
019ee30c,"Hartana Wibowo, M.Farm",Legal secretary,PT Kurniawan Pradana Tbk,Kalimantan Selatan
05791c80,Nova Yuniar,Clothing/textile technologist,PD Hassanah Puspita,Sumatera Utara
96fc9919,Saka Nuraini,"Engineer, materials",UD Damanik,Kalimantan Barat
0b8fb09b,Sutan Taufik Hutasoit,Retail merchandiser,PT Nashiruddin Nasyiah Tbk,Banten
cd416267,"Halim Sihombing, M.Farm",Glass blower/designer,PD Kurniawan Wahyudin (Persero) Tbk,Jawa Timur
a183849b,drg. Alika Waluyo,Catering manager,CV Januar Palastri (Persero) Tbk,Banten
3b7d4f54,Maida Usamah,Proofreader,UD Natsir Wibowo,Sulawesi Tengah
9ae0d835,Mustofa Utama,Occupational psychologist,PT Purnawati (Persero) Tbk,Bengkulu
fda88cc2,Dinda Prakasa,Community education officer,PT Adriansyah Gunawan,Sulawesi Tengah
3f5dbcab,"Nurul Laksmiwati, S.Psi","Engineer, civil (contracting)",PD Hariyah Tbk,Nusa Tenggara Timur
bbd9c113,"Wirda Tamba, M.Kom.","Geologist, wellsite",CV Habibi Sihombing Tbk,Jawa Timur
86d1d090,Kezia Hidayat,Training and development officer,Perum Wahyuni Tbk,Sulawesi Tenggara
c4568395,Dr. Humaira Fujiati,Psychotherapist,Perum Kusmawati,Lampung
41313b7d,Dt. Jail Wacana,Insurance broker,PT Santoso Tbk,Kalimantan Barat
5b2988e3,T. Jail Prastuti,Music tutor,PT Saputra Tbk,Maluku Utara
0209480f,"Ina Handayani, S.Psi",Clothing/textile technologist,PD Saefullah Usada,Kalimantan Barat
6851dbcc,"Laksana Irawan, S.Farm",Associate Professor,Perum Rajasa,Maluku
bf6496e7,R.M. Darsirah Widodo,IT trainer,UD Wibisono Hastuti,Kepulauan Bangka Belitung
ca7363f2,Yulia Hidayanto,Health and safety adviser,PT Wasita (Persero) Tbk,Papua Barat
2b1db5b6,Keisha Saputra,Medical technical officer,PD Kuswoyo,Sulawesi Tenggara
fdce6f3b,Dinda Saptono,"Buyer, retail",PD Zulkarnain Tbk,Kalimantan Barat
c37192d9,Harjaya Widiastuti,"Surveyor, building",Perum Mandasari Purnawati,Kalimantan Barat
bca7ff33,Alika Simanjuntak,Multimedia programmer,PT Pangestu,Sulawesi Tengah
897ea1aa,Waluyo Mangunsong,Information systems manager,Perum Palastri Sirait (Persero) Tbk,Aceh
25b4a3cd,Jumadi Suryono,"Teacher, music",UD Handayani Hassanah,DKI Jakarta
160361e2,Kasiran Sinaga,Oncologist,Perum Oktaviani Budiyanto (Persero) Tbk,Nusa Tenggara Barat
fd2b2d83,Putri Halim,"Engineer, mining",PT Sitorus Uyainah Tbk,Kalimantan Tengah
161d7df7,Yunita Halimah,"Teacher, secondary school",PD Setiawan Tbk,Jawa Tengah
71cddc46,"Sutan Asirwanda Wibisono, S.Kom","Surveyor, planning and development",CV Pudjiastuti Utami,Bali
e637bbf7,Embuh Manullang,Learning disability nurse,CV Jailani Narpati,Nusa Tenggara Timur
fa5f57df,"Ade Tarihoran, S.I.Kom",Operations geologist,PT Puspasari,Sumatera Selatan
05150841,Dt. Martani Anggraini,Environmental consultant,Perum Usada Hutasoit,Kalimantan Selatan
7663e6c4,"Drs. Elma Anggraini, M.Farm",Learning mentor,CV Santoso,Kepulauan Riau
90dac8cc,"dr. Elma Halim, S.Ked","Designer, ceramics/pottery",PT Dongoran Tbk,Jambi
34d0ae98,dr. Nilam Wijayanti,Water quality scientist,PD Natsir,DKI Jakarta
296ae095,Shania Palastri,Architectural technologist,PT Sitorus Mahendra,Jambi
fc655531,"Tantri Januar, S.Sos","Research officer, political party",CV Prasetya Lestari Tbk,DKI Jakarta
82049a83,T. Prasetya Santoso,Advertising account executive,UD Widodo Tbk,Kalimantan Selatan
a03d982d,Maya Yuliarti,"Clinical scientist, histocompatibility and immunogenetics",CV Pudjiastuti Maheswara (Persero) Tbk,Sulawesi Barat
7de482c5,Laras Usada,Clinical cytogeneticist,Perum Hutasoit,Kalimantan Barat
de32f927,Makara Mardhiyah,Hydrogeologist,Perum Prasetyo (Persero) Tbk,Aceh
31f85095,"Kairav Nugroho, S.E.","Programmer, applications",PT Mulyani Wibowo Tbk,Jawa Barat
d8994788,Usyi Saptono,"Scientist, biomedical",UD Nurdiyanti Lazuardi,Kepulauan Bangka Belitung
a20deac7,Cahya Pratama,Air broker,PD Anggriawan Pranowo (Persero) Tbk,Lampung
39fd0546,"Asirwanda Lailasari, S.E.","Administrator, sports",CV Wijaya (Persero) Tbk,Kalimantan Tengah
630d76fb,"R.M. Prabowo Pudjiastuti, S.Farm",Graphic designer,Perum Kusumo Wulandari Tbk,DKI Jakarta
2ec728fc,Kani Anggriawan,Homeopath,PT Sirait Rahimah Tbk,Bengkulu
0cd45563,"Karja Nurdiyanti, S.Sos",Exercise physiologist,CV Natsir (Persero) Tbk,Kalimantan Selatan
89ef14c6,"Tgk. Cager Putra, S.E.","Restaurant manager, fast food",Perum Usamah,Nusa Tenggara Timur
101e60b8,"Nrima Hidayat, S.I.Kom",Mechanical engineer,PT Thamrin,Kalimantan Timur
e0b07b86,Kenzie Damanik,Building control surveyor,Perum Pratiwi,Kalimantan Utara
1f930e43,"Drs. Galuh Nainggolan, M.TI.","Scientist, biomedical",Perum Suartini,Maluku Utara
c8934254,Putri Fujiati,Stage manager,UD Jailani,Riau
9d9db00d,Among Haryanto,Contractor,CV Rajasa,Sulawesi Barat
d79ec452,Betania Hutagalung,Hydrographic surveyor,CV Pradana Latupono,Kalimantan Tengah
b246ea4c,Lidya Fujiati,Corporate investment banker,PT Mangunsong Maryadi (Persero) Tbk,Sulawesi Tengah
a70dd497,"Dt. Ridwan Hutasoit, S.Sos",Public relations account executive,PD Mulyani Wahyuni,Bali
4c87b7fb,"Yani Wibisono, M.Pd",Television floor manager,PT Halimah (Persero) Tbk,Banten
d0617716,Najwa Samosir,Lexicographer,PD Januar Pratama (Persero) Tbk,Nusa Tenggara Timur
b0e3d992,R. Jamalia Agustina,Metallurgist,PD Setiawan Jailani Tbk,Nusa Tenggara Barat
c874a1ff,Hana Suryatmi,Careers adviser,CV Firmansyah Tbk,Jawa Tengah
2eba9f84,"Tgk. Sabrina Putra, M.Kom.",Primary school teacher,PD Prastuti,Jawa Tengah
bb94cfdf,Anita Usada,Brewing technologist,PD Firgantoro Fujiati,Kepulauan Bangka Belitung
d70a6e03,Reksa Halim,Chief Marketing Officer,PD Purnawati Tampubolon,Aceh
9219c0cc,R. Sabrina Namaga,Broadcast engineer,PD Hardiansyah Hakim Tbk,DKI Jakarta
ccbf1fe8,Ifa Hutasoit,Geophysical data processor,PD Pratiwi Samosir,Gorontalo
5ac247e7,Bancar Mansur,Regulatory affairs officer,CV Ramadan Tbk,Kepulauan Riau
dbbf71a1,Hj. Unjani Mulyani,Sports therapist,PD Hakim Dongoran,Kalimantan Utara
5514d3f3,"drg. Winda Wahyuni, M.Kom.","Engineer, water",Perum Megantara (Persero) Tbk,Kalimantan Utara
fd98f64b,"Kamaria Firgantoro, S.T.",Software engineer,PT Kuswandari (Persero) Tbk,Papua Barat
b9e72589,"Hj. Ratih Permata, S.Psi",Patent attorney,PT Kurniawan Suwarno (Persero) Tbk,Jawa Barat
66c85ade,Tasdik Mandala,Paediatric nurse,PT Hakim Pratiwi,Kalimantan Barat
a7700d3f,Nurul Suryatmi,Hydrologist,UD Pudjiastuti Tbk,Sulawesi Tengah
11168f0d,Dariati Hidayanto,Building surveyor,PT Mardhiyah,Sulawesi Tengah
c925316e,Puji Riyanti,Database administrator,CV Anggriawan Mardhiyah Tbk,Sulawesi Selatan
fe921997,Raden Yuliarti,Contracting civil engineer,PT Nuraini Mustofa Tbk,Sumatera Utara
1f4ab14f,Anggabaya Saptono,"Surveyor, quantity",Perum Hidayat Hardiansyah (Persero) Tbk,Banten
fbd79d25,Elisa Pranowo,Writer,PD Adriansyah Firgantoro,Kalimantan Selatan
4b7962bd,"Tgk. Lili Mulyani, S.T.",Manufacturing systems engineer,Perum Prasasta (Persero) Tbk,DKI Jakarta
1d754d55,Jasmin Mangunsong,Furniture designer,UD Winarsih Purwanti,Jawa Barat
ee4665fd,"Rahmat Sirait, S.Ked",Transport planner,PT Nasyiah Wulandari,DKI Jakarta
76de7c88,Jati Palastri,Sports coach,PD Marbun (Persero) Tbk,Sulawesi Utara
edccd1b6,Kambali Najmudin,"Scientist, product/process development",UD Sihombing Mansur,Sulawesi Selatan
c264eb83,Fathonah Anggriawan,"Teacher, primary school",UD Mustofa (Persero) Tbk,Sumatera Selatan
e49d1195,Yessi Hutapea,"Lecturer, further education",UD Prasetya Nurdiyanti,Aceh
9096f3f7,R. Yunita Astuti,Sports development officer,UD Nurdiyanti,Sulawesi Barat
5f2ec9ae,"Prasetyo Maryadi, S.Psi","Clinical scientist, histocompatibility and immunogenetics",PT Waskita Widodo Tbk,Kalimantan Timur
c82bacad,Tgk. Melinda Nasyiah,"Administrator, local government",CV Lestari Mardhiyah,Sulawesi Tenggara
8a442534,Luis Wulandari,Graphic designer,PD Santoso,DKI Jakarta
55e43b1a,Yani Budiyanto,TEFL teacher,CV Hutagalung,Nusa Tenggara Barat
8dd11f71,"Dinda Mulyani, S.Pd","Solicitor, Scotland",PT Putra Tbk,Kalimantan Selatan
533a0373,Bagya Yuliarti,Accommodation manager,CV Saefullah Marbun Tbk,Sulawesi Selatan
9e693128,Tgk. Anita Usamah,Sales promotion account executive,CV Thamrin Prakasa Tbk,Lampung
5afd0f02,"Ir. Harjo Nugroho, S.T.","Research officer, government",UD Prabowo Setiawan Tbk,DKI Jakarta
246edcc4,"KH. Paiman Widiastuti, S.Farm",Biomedical engineer,UD Prayoga Habibi,Kepulauan Bangka Belitung
afb55c0e,Dr. Yono Hasanah,Film/video editor,Perum Utama Kusmawati (Persero) Tbk,Sulawesi Selatan
18b0f46d,Teguh Suartini,"Geneticist, molecular",Perum Hardiansyah (Persero) Tbk,Sulawesi Tenggara
f50c1de8,Empluk Pratama,Medical sales representative,UD Hidayat Siregar (Persero) Tbk,Jawa Tengah
78c1f001,Caket Permata,Further education lecturer,UD Waskita Tbk,Nusa Tenggara Timur
dd4ac2d0,"Ir. Endra Rahmawati, S.E.",Occupational therapist,CV Nasyidah (Persero) Tbk,Jawa Tengah
0c371269,Hasta Uwais,IT sales professional,PT Winarno,Riau
aefb9866,Amalia Sihombing,Banker,PT Gunawan Tbk,Papua
e2e0da4d,"H. Jinawi Kusmawati, S.E.","Scientist, marine",UD Pradipta Tbk,Sulawesi Tengah
8a6c23d7,Vicky Puspita,Commissioning editor,UD Hastuti (Persero) Tbk,Jawa Timur
4919d529,Oskar Laksmiwati,"Engineer, civil (contracting)",UD Nasyidah Pradipta Tbk,Maluku Utara
8c01ed2a,"T. Argono Ramadan, M.M.",IT sales professional,PD Dongoran (Persero) Tbk,Nusa Tenggara Timur
aee2f47e,Candrakanta Salahudin,Exercise physiologist,Perum Rajasa,Bengkulu
60a5a908,Sutan Luis Wibisono,Lexicographer,Perum Marpaung Budiman,Papua
3d077e04,"Tgk. Drajat Kuswandari, S.Pd",Health physicist,UD Samosir Tbk,Bengkulu
f3432049,Cut Eli Suryatmi,"Geologist, engineering",Perum Salahudin Halimah (Persero) Tbk,DKI Jakarta
b9310b4f,Wirda Handayani,Health visitor,Perum Usamah Tbk,Bali
62f89ffa,Raditya Budiman,"Designer, textile",UD Zulaika Hakim,Gorontalo
f94c0bc9,Michelle Pudjiastuti,Sports coach,CV Maheswara Usada,Sulawesi Tengah
2a130fe6,Talia Habibi,"Producer, television/film/video",CV Hutapea Tbk,Jawa Timur
30842217,"dr. Mala Kusmawati, S.Pd",Electronics engineer,PT Budiyanto,Jawa Barat
800336e2,"R. Erik Anggraini, S.Ked","Librarian, academic",CV Susanti Jailani Tbk,Kalimantan Utara
747c6508,Paiman Hariyah,"Librarian, public",UD Kuswoyo Latupono,Sumatera Selatan
62815df3,Olivia Prabowo,Communications engineer,Perum Sitorus Novitasari (Persero) Tbk,Gorontalo
f93cfa01,Septi Lazuardi,"Editor, commissioning",Perum Pradipta,Sulawesi Barat
4413ac07,Fitria Situmorang,Legal executive,CV Sihombing,Lampung
b1cc1138,H. Lurhur Hutapea,"Conservator, museum/gallery",PD Nasyiah Simbolon Tbk,DI Yogyakarta
43361eba,Tomi Kuswandari,Diagnostic radiographer,PD Setiawan Haryanti,Kepulauan Riau
4629fec1,"Novi Hardiansyah, M.Farm","Programmer, multimedia",CV Uyainah,Bengkulu
340c84a5,Bakiono Wahyuni,Chartered management accountant,UD Mandasari (Persero) Tbk,Sulawesi Selatan
a4cc7c1d,R.M. Galiono Situmorang,Broadcast journalist,UD Rajasa Maulana,Nusa Tenggara Timur
bd9f4c58,"Gandi Aryani, S.IP","Engineer, mining",PT Tamba Handayani (Persero) Tbk,Banten
ed66dab2,Fathonah Prabowo,Air broker,Perum Lailasari,Sulawesi Utara
51b3429d,Ira Zulkarnain,Furniture conservator/restorer,PD Laksita Riyanti,Gorontalo
123fe0fd,Yunita Wijayanti,Veterinary surgeon,PT Waskita (Persero) Tbk,Kalimantan Utara
0416ffd0,Kamaria Dabukke,"Development worker, community",UD Salahudin Mayasari (Persero) Tbk,Sumatera Barat
d72a7b2e,R. Harjasa Rahayu,Armed forces logistics/support/administrative officer,Perum Saragih,Sumatera Selatan
33aa2c74,"Dr. Jindra Hutagalung, M.M.","Designer, furniture",UD Marpaung Maryadi,Sumatera Selatan
626cc154,Zelda Sihombing,Financial controller,PD Wibowo,Banten
b074624c,Radika Mandala,Associate Professor,UD Jailani (Persero) Tbk,Gorontalo
08975418,"Ilsa Fujiati, S.Kom",Marine scientist,PT Santoso Mulyani (Persero) Tbk,Kalimantan Barat
2e48101c,"Pranata Uwais, S.Farm","Scientist, water quality",UD Mustofa Fujiati,Nusa Tenggara Timur
5a35778c,drg. Jamil Gunawan,Air cabin crew,Perum Kuswoyo (Persero) Tbk,Kalimantan Barat
6294a446,R. Omar Hidayat,Forensic scientist,PD Laksita Tbk,Sulawesi Tenggara
86a1ddf3,Candra Megantara,Land,PT Puspita Namaga,Sulawesi Tengah
7b4b3413,Kambali Winarsih,"Research officer, political party",PT Laksita Uyainah,Bengkulu
ad618bd1,Kani Usada,Ambulance person,PD Halimah Padmasari,Sulawesi Utara
d53b4888,Marwata Maulana,Production engineer,CV Lazuardi (Persero) Tbk,Jawa Barat
16ae5c86,Drs. Ibrani Hassanah,Insurance broker,UD Saptono Maryati Tbk,Kalimantan Utara
e1d191c3,Sutan Pangeran Widodo,Fitness centre manager,CV Halimah Nugroho (Persero) Tbk,Sulawesi Utara
b33593bb,"Drs. Jamalia Gunawan, M.M.",Biomedical engineer,UD Safitri Tbk,Bali
644b6676,"Ajeng Maheswara, M.M.",Commercial/residential surveyor,PT Widodo (Persero) Tbk,Riau
b777cd12,"Faizah Adriansyah, M.Farm",Furniture conservator/restorer,Perum Marbun Tbk,Kalimantan Timur
885c4f40,Martana Utami,Clinical biochemist,PD Puspita Usamah,Kalimantan Selatan
c88b8922,Titin Suryatmi,Public relations officer,CV Saefullah Maheswara (Persero) Tbk,Sulawesi Utara
1679d918,Rika Siregar,Dietitian,PT Novitasari,Jawa Timur
894737cb,"Farhunnisa Kurniawan, S.Sos","Administrator, charities/voluntary organisations",Perum Januar Tbk,Kalimantan Timur
d8b22efc,dr. Rini Kuswandari,Petroleum engineer,Perum Siregar Mustofa (Persero) Tbk,Bengkulu
bcb4ee73,"Sutan Aditya Halimah, M.Farm","Surveyor, mining",PT Rahmawati,Kalimantan Tengah
08443495,"Hj. Yessi Ardianto, S.Farm",Civil Service fast streamer,Perum Maryadi Anggriawan Tbk,Nusa Tenggara Timur
b9d2930e,"dr. Maida Latupono, S.Pd","Psychologist, sport and exercise",PD Pangestu (Persero) Tbk,Bali
6913e671,Gaman Maryati,Broadcast engineer,UD Purwanti Tbk,Jawa Tengah
5cee3433,"Ir. Dono Yuliarti, S.IP",Chief Operating Officer,PT Prastuti Tbk,Sulawesi Tenggara
c7a500ae,"Sutan Kasim Setiawan, S.I.Kom",Medical illustrator,CV Wibowo Tbk,Sumatera Barat
bf8a7705,Hartaka Nasyiah,Learning mentor,CV Dongoran,Sulawesi Tengah
122ce734,Oman Anggraini,Recruitment consultant,PD Wacana Kusmawati (Persero) Tbk,Bengkulu
f570865e,"R. Bala Wasita, S.IP",Information officer,UD Sitorus Dongoran Tbk,Sulawesi Tenggara
dab7efe6,Titin Sirait,"Chemist, analytical",UD Pratiwi Riyanti,Maluku Utara
e1f4a158,Puti Fathonah Wahyuni,Graphic designer,PD Sihombing Kusumo,Jambi
65b0787b,Amelia Prastuti,"Civil engineer, contracting",PT Wibowo Tbk,Jawa Tengah
1e609164,Jamalia Yuniar,Mining engineer,CV Laksmiwati Maulana,Kepulauan Bangka Belitung
e8757d81,dr. Caturangga Pangestu,"Engineer, electrical",UD Rajata Tbk,Sulawesi Tengah
8e08a383,Dr. Kania Irawan,"Psychologist, sport and exercise",PD Hutapea Pudjiastuti,Sulawesi Tenggara
f07ce03b,Jono Latupono,"Engineer, structural",UD Latupono,Lampung
6693efb8,"Sutan Harsanto Suwarno, S.I.Kom",Web designer,CV Novitasari (Persero) Tbk,Sulawesi Tengah
3f614da1,Anita Mandala,Theatre stage manager,PT Lazuardi Melani (Persero) Tbk,Jawa Timur
ed8bf542,Kemba Maryadi,"Psychologist, clinical",PT Widiastuti Astuti,Sulawesi Selatan
d87d29c7,"Hj. Cornelia Saefullah, S.Farm","Designer, blown glass/stained glass",UD Wibowo Simbolon,Sulawesi Selatan
aacea35c,Sutan Galiono Januar,"Programmer, applications",PD Kurniawan,Jawa Tengah
30d4b15f,Danuja Zulaika,Ranger/warden,PD Saefullah Nuraini (Persero) Tbk,Sulawesi Tengah
7a1f593c,Rizki Purnawati,Publishing rights manager,PD Habibi Simbolon Tbk,Sumatera Selatan
aa8556ef,"Zulaikha Puspita, S.IP",Accounting technician,PD Nasyidah Sihombing,Maluku
1e5542e9,"Puspa Nainggolan, M.Pd",Charity officer,Perum Mansur Dabukke,DKI Jakarta
1cd16015,"Eja Suryatmi, M.Kom.",Clothing/textile technologist,PD Laksita,Lampung
5f7241af,Ulva Hutagalung,Banker,Perum Sihombing Hutasoit,Bali
2918dc22,Ulya Lazuardi,Housing manager/officer,UD Zulaika Tbk,Gorontalo
3da0bc5b,Emin Januar,"Pilot, airline",UD Najmudin Tbk,Nusa Tenggara Timur
960e45d5,Najib Pranowo,"Scientist, research (medical)",PT Anggriawan,Aceh
6ff70c7b,Sutan Bakianto Lestari,Product designer,CV Utami,Kepulauan Riau
6391443a,Drs. Putri Astuti,"Civil engineer, contracting",Perum Pradana Tbk,Sulawesi Tengah
5b05e14d,"Jaeman Hidayanto, S.T.","Journalist, broadcasting",CV Lestari Halimah Tbk,Bengkulu
b6a6aa30,"R. Ratna Mustofa, S.Ked",Chartered certified accountant,UD Manullang Saputra (Persero) Tbk,Kalimantan Tengah
95d2d8aa,"dr. Nugraha Rajasa, S.I.Kom","Teacher, primary school",Perum Marbun (Persero) Tbk,Kalimantan Barat
a191e831,Karen Firmansyah,Conference centre manager,PT Hutapea Pudjiastuti,Maluku Utara
8e7f018f,Cengkir Mulyani,Higher education careers adviser,UD Pradipta,Aceh
5323bcb7,"KH. Najam Nashiruddin, M.Ak",Fast food restaurant manager,Perum Rahmawati (Persero) Tbk,Jawa Tengah
28e54adc,R. Nyoman Situmorang,Professor Emeritus,PD Puspita Tbk,Papua Barat
a3c9a68f,Fitria Purnawati,Information officer,PD Kuswandari Widodo,Bali
bfbe7081,Cakrabirawa Simbolon,Site engineer,CV Lestari Anggriawan,Nusa Tenggara Timur
70806d0e,"Nurul Najmudin, S.E.","Programmer, systems",Perum Winarno Firgantoro (Persero) Tbk,Jambi
2d4d6892,Clara Wibisono,Site engineer,Perum Safitri Oktaviani (Persero) Tbk,DI Yogyakarta
1016e9ec,Ellis Rahayu,Editorial assistant,PT Napitupulu Iswahyudi,Bengkulu
f8d57270,Digdaya Lazuardi,Heritage manager,Perum Maulana Megantara,Sumatera Selatan
f25ffdfc,"Najwa Hariyah, S.T.",Musician,Perum Firmansyah Winarsih,Kalimantan Timur
45005ef1,Rina Ramadan,Chief Technology Officer,PT Hariyah Gunarto (Persero) Tbk,Papua Barat
8fc849a1,Opan Kusumo,"Geologist, engineering",PD Sitorus Mandasari,Bengkulu
2b3071cd,"Raina Wijayanti, S.Pd","Radiographer, therapeutic",UD Nasyiah Tbk,Sumatera Selatan
74147256,"Rini Nasyidah, M.Ak",Manufacturing systems engineer,PD Firgantoro Wasita Tbk,Sulawesi Barat
19edd678,Humaira Hidayat,"Journalist, newspaper",CV Pradipta Uwais,Nusa Tenggara Barat
7af3a9cb,"Mulya Pranowo, M.Pd",Operations geologist,PD Purwanti Kuswoyo,Gorontalo
5eb0abe3,Mila Wibisono,Food technologist,Perum Situmorang,Papua
9a447fae,Harto Nainggolan,Pension scheme manager,PT Anggraini Iswahyudi,Sulawesi Barat
2917bc00,T. Alambana Nababan,Health physicist,Perum Firgantoro Tbk,Sulawesi Selatan
fe876aae,Farhunnisa Sitorus,Podiatrist,UD Palastri Budiman Tbk,Jawa Timur
718f6f42,Ir. Karja Haryanti,Midwife,PT Suartini,Kepulauan Riau
bdd622d9,"Dt. Marwata Wahyuni, S.IP",Outdoor activities/education manager,CV Wacana (Persero) Tbk,Sulawesi Tengah
f1d539d3,drg. Winda Haryanti,Chartered loss adjuster,PT Usada (Persero) Tbk,Kalimantan Selatan
49ee795c,Bahuraksa Yuniar,Scientific laboratory technician,PT Yolanda,Jawa Tengah
fbb3d9b0,"drg. Uli Narpati, S.H.","Psychologist, counselling",Perum Ramadan Aryani,Sulawesi Utara
6b635076,"T. Bakti Maheswara, S.IP","Accountant, chartered management",UD Zulkarnain Hariyah Tbk,Jawa Tengah
c8548040,Tira Rajata,Lawyer,CV Salahudin (Persero) Tbk,Gorontalo
7241dbfc,"Ir. Jamal Usada, S.Kom",Management consultant,PD Rajasa Jailani (Persero) Tbk,Sumatera Selatan
833194b4,"Hasim Padmasari, M.TI.",Jewellery designer,CV Pangestu Tbk,Aceh
1076b1f1,Sidiq Kusumo,"Geneticist, molecular",PT Hidayanto Tbk,Maluku Utara
3e1176b5,Asman Suryono,Database administrator,Perum Rajata Tbk,Kalimantan Selatan
660eb5ee,Restu Wahyudin,Lobbyist,PT Anggriawan Mangunsong,Jawa Barat
28b31333,"Sutan Garan Hariyah, M.TI.",Firefighter,UD Pratiwi Najmudin (Persero) Tbk,Jawa Barat
982c1658,Oskar Nurdiyanti,Banker,PD Pratiwi Simanjuntak (Persero) Tbk,Kalimantan Tengah
8e1ae675,Icha Megantara,Intelligence analyst,PT Suryono Hariyah,Jambi
fe274a6d,Legawa Nasyidah,IT trainer,UD Zulkarnain Laksmiwati Tbk,Nusa Tenggara Barat
13153bed,"drg. Septi Damanik, S.Pt","Radiographer, therapeutic",PT Anggriawan Winarno Tbk,Kalimantan Barat
d5fd1cae,Lintang Farida,Futures trader,UD Kurniawan Wulandari,DKI Jakarta
6f539945,"Dasa Adriansyah, M.Pd",Armed forces operational officer,UD Haryanto,Bali
81a275fb,Asmianto Suartini,"Journalist, magazine",PT Uyainah,Sulawesi Barat
34750e87,Paramita Natsir,Air cabin crew,PT Uwais Sudiati (Persero) Tbk,DKI Jakarta
0efcc2a8,Ir. Hardi Hasanah,"Sales professional, IT",Perum Simanjuntak Tbk,Jambi
894e39d6,R.A. Hafshah Uwais,Jewellery designer,PT Tamba Wijaya (Persero) Tbk,Banten
c38c25bd,Devi Hariyah,"Engineer, drilling",PD Hasanah (Persero) Tbk,Aceh
9444d8ad,"Vanesa Utama, S.I.Kom",Research scientist (physical sciences),Perum Hardiansyah Marbun,Banten
3dd2d9e5,Hafshah Agustina,Chartered legal executive (England and Wales),PT Hutagalung Jailani (Persero) Tbk,DKI Jakarta
54f5e692,"Natalia Nababan, S.IP",Gaffer,CV Nababan (Persero) Tbk,Bengkulu
cf67f460,"Drs. Oni Hastuti, S.IP",Economist,Perum Maulana,Banten
bf1a3582,Karma Usada,Industrial/product designer,PD Rahimah Sitorus,Jambi
59f6cbcc,Mumpuni Megantara,Landscape architect,CV Mardhiyah Natsir Tbk,Gorontalo
0b2fcb57,Maimunah Yulianti,"Editor, magazine features",PD Yolanda (Persero) Tbk,Bengkulu
30bea7e4,R.M. Pardi Pradana,Health physicist,CV Mangunsong,DI Yogyakarta
66ef95bf,"Maimunah Puspasari, M.Farm",Civil Service administrator,PT Hasanah Nugroho,Lampung
0ba6ac91,"H. Hardi Tamba, M.Ak",Systems developer,PT Handayani Pradipta,Bengkulu
d34634a2,Ir. Wardi Hutapea,"Engineer, broadcasting (operations)",Perum Hidayanto Puspasari,Papua Barat
b6e4eb22,Ilyas Wijaya,Energy manager,PD Dongoran,Bali
5afd1ed1,Aisyah Laksita,Hydrogeologist,CV Simbolon Suryatmi (Persero) Tbk,Jambi
f11466f0,"Tgk. Ilsa Samosir, M.M.",Amenity horticulturist,PD Melani (Persero) Tbk,Papua
9f7e97df,Muni Hariyah,Town planner,PT Winarsih,Kalimantan Tengah
0f8b8fbc,Chelsea Safitri,Claims inspector/assessor,PT Sinaga Prabowo,Lampung
6ea77f57,"Elma Halim, M.M.",Chartered accountant,PT Kuswoyo Wulandari,Jawa Timur
172f4807,Lukita Pranowo,Film/video editor,PT Mansur,Nusa Tenggara Barat
7ee01426,Ir. Ida Firmansyah,Learning mentor,CV Mandasari (Persero) Tbk,Papua Barat
77122c3f,Amelia Tarihoran,"Editor, film/video",PD Mahendra (Persero) Tbk,Gorontalo
9beaf871,Embuh Dongoran,Marine scientist,Perum Puspita,Kalimantan Utara
2b0351e3,Drs. Anom Marbun,Education administrator,Perum Adriansyah Utama (Persero) Tbk,Sulawesi Tenggara
6034810a,Tgk. Lukita Zulkarnain,Sales executive,PD Tampubolon Waluyo,Sumatera Utara
2e993e29,Ami Suryatmi,Set designer,UD Usada Purnawati,DKI Jakarta
f2eb0410,"Emil Nuraini, S.E.",Gaffer,UD Marpaung Situmorang,Sumatera Selatan
c651916d,Jabal Nasyiah,Best boy,Perum Rahayu,Kalimantan Barat
60bd81d3,dr. Uchita Hakim,Social researcher,PT Thamrin (Persero) Tbk,Kalimantan Barat
ac747435,Yani Waluyo,"Copywriter, advertising",PT Nainggolan (Persero) Tbk,Kepulauan Bangka Belitung
04f0e486,"Puti Rahayu Mardhiyah, M.M.",Tour manager,CV Permadi Uwais Tbk,Jawa Barat
9b043c16,"Bakiono Hidayat, S.Sos",Interpreter,Perum Samosir (Persero) Tbk,Jawa Timur
dc7741d4,KH. Asirwada Prastuti,Restaurant manager,CV Hasanah,DI Yogyakarta
73545ec9,Faizah Permadi,Public relations account executive,UD Hassanah Novitasari,Jawa Tengah
a0f8c2a9,Maman Usada,"Research officer, political party",Perum Mandasari Marbun,Maluku Utara
a7b1eb31,"Rahmi Kusumo, M.Pd","Engineer, drilling",CV Saefullah Wibowo,Jawa Barat
d1c346c7,"Febi Napitupulu, S.Farm","Engineer, building services",Perum Pratiwi Wijayanti (Persero) Tbk,Bengkulu
53b44af1,"Sakura Habibi, S.Farm",Pensions consultant,CV Sitompul Suartini (Persero) Tbk,DI Yogyakarta
545d2f26,"Dt. Kayun Hutagalung, S.Pd",Musician,PD Maryati (Persero) Tbk,Kalimantan Barat
0697d08c,Prasetyo Suryono,Warehouse manager,Perum Latupono,Papua
e1b2821f,Maryadi Samosir,Learning disability nurse,UD Nurdiyanti Damanik,Kepulauan Bangka Belitung
a757c078,Banara Iswahyudi,Legal executive,Perum Purwanti Hariyah Tbk,Jawa Barat
ecc40a12,Cagak Hastuti,IT sales professional,Perum Saefullah Wibowo,Sulawesi Tengah
9afac106,"Tgk. Paramita Saptono, S.T.",Camera operator,PT Wahyudin Nashiruddin Tbk,Sulawesi Tenggara
d2a76bee,Ir. Anggabaya Hariyah,Applications developer,PT Maryati Saputra Tbk,Jambi
22910217,"Dariati Hakim, M.TI.","Loss adjuster, chartered",Perum Rajasa,Sulawesi Barat
f40352b9,drg. Siti Budiman,"Administrator, charities/voluntary organisations",PT Nurdiyanti Tbk,Jawa Timur
a28b541f,"Tgk. Hasim Dabukke, S.Ked",Arboriculturist,PT Putra Tbk,Maluku Utara
9e79eeb7,Cahya Narpati,"Conservator, furniture",PD Hartati,Lampung
14263814,Aslijan Zulkarnain,"Restaurant manager, fast food",PD Firmansyah Tbk,Kalimantan Timur
51261cda,Maria Habibi,Retail banker,PD Pertiwi Prasetyo,Sumatera Selatan
448329db,"Amalia Waluyo, S.Sos",Telecommunications researcher,Perum Riyanti Pratiwi (Persero) Tbk,Kalimantan Barat
e2b67a6d,Nadine Haryanti,Secondary school teacher,UD Hariyah,Sumatera Utara
1374c215,Kani Haryanto,"Scientist, water quality",PT Sirait Hutagalung Tbk,Maluku Utara
3fca54fd,Jaiman Sihotang,Technical author,PD Haryanto Tbk,Sulawesi Selatan
e03d4f56,"Sari Permadi, S.Sos",Community education officer,CV Habibi Tbk,Kalimantan Utara
0b611594,Dr. Eka Prastuti,Chartered public finance accountant,PD Maheswara Situmorang Tbk,Gorontalo
55ed9b5f,"dr. Agnes Pangestu, S.Gz","Research officer, government",PT Permata Pratama,Jambi
a20f3598,Maimunah Prabowo,Advertising art director,PT Saefullah Situmorang (Persero) Tbk,Aceh
949e9e4c,R.A. Dian Santoso,Transport planner,PT Rajata (Persero) Tbk,Banten
d0d77a10,Wardaya Hutapea,Secretary/administrator,UD Kusmawati Santoso,Papua Barat
fe9f90ba,"Lalita Zulaika, S.E.","Engineer, petroleum",UD Hakim,Sulawesi Barat
dc82787e,Ina Hakim,Careers adviser,UD Kuswoyo Tarihoran Tbk,Kalimantan Tengah
8236911d,Harimurti Simbolon,Landscape architect,PD Dongoran,Kalimantan Utara
155c9aa7,Argono Napitupulu,Equities trader,PD Ardianto Tbk,Jawa Timur
e42ca953,Maida Melani,Cytogeneticist,Perum Simanjuntak (Persero) Tbk,Riau
7c86312b,Vivi Prabowo,Tour manager,PD Usada Fujiati (Persero) Tbk,Jambi
7506d211,Karna Wahyudin,Quality manager,UD Suryono Sudiati,Papua Barat
1a49d42d,"Ratna Purnawati, S.Farm","Engineer, communications",UD Siregar Irawan Tbk,Kepulauan Bangka Belitung
1a1fb4ad,Ade Hastuti,Insurance account manager,CV Pertiwi Yulianti (Persero) Tbk,Bali
bf974c62,Sutan Samsul Tampubolon,"Horticulturist, commercial",CV Hakim Pradana (Persero) Tbk,Sumatera Barat
b0bbf746,Ira Budiman,Public relations officer,PT Lazuardi,Jawa Timur
bd6fc370,Hj. Siska Usada,Horticultural consultant,UD Hakim Tbk,Kalimantan Tengah
5dd22502,"Endra Wibowo, S.IP",Immigration officer,CV Pratiwi,Jawa Tengah
2d41edb0,"H. Daniswara Rajata, M.Pd",Applications developer,PT Pangestu Melani,Nusa Tenggara Barat
62ca2918,Hamima Kurniawan,Occupational hygienist,PT Budiman Rahimah,Sumatera Utara
06b2e2f3,"drg. Gabriella Hariyah, S.Farm",Site engineer,PD Anggriawan,Kalimantan Tengah
9912e6c7,Aditya Wasita,"Editor, film/video",UD Yuniar Oktaviani Tbk,Sulawesi Utara
b7d88ce8,"drg. Rini Sinaga, S.E.I","Education officer, museum",UD Thamrin (Persero) Tbk,Kalimantan Selatan
f069713f,Unggul Ramadan,Landscape architect,UD Andriani (Persero) Tbk,Nusa Tenggara Timur
57b3c28c,Sutan Omar Kusumo,Education administrator,CV Winarno Pudjiastuti Tbk,Jawa Tengah
f3735d09,Septi Zulkarnain,Marketing executive,UD Halimah Prasasta,Maluku
115090cd,Rangga Oktaviani,Magazine journalist,PD Maheswara Tbk,Kepulauan Riau
10307a76,Aisyah Wulandari,Chartered legal executive (England and Wales),PD Prastuti Nababan,Jawa Barat
8f20befe,Hj. Icha Firgantoro,Ophthalmologist,UD Sitorus Sirait,Nusa Tenggara Timur
78fb6934,Oskar Saptono,"Exhibitions officer, museum/gallery",Perum Wulandari Tbk,Kepulauan Riau
bfb318a3,Kamila Hakim,"Designer, ceramics/pottery",CV Hutasoit,DKI Jakarta
3d817ae0,Garang Prayoga,Human resources officer,Perum Irawan Suryatmi (Persero) Tbk,Kalimantan Barat
a1b6f6dd,Emong Kurniawan,"Programmer, systems",Perum Rajasa Tarihoran,Bengkulu
20ed114d,Hamzah Uyainah,"Librarian, public",PT Setiawan Hidayanto (Persero) Tbk,Jawa Tengah
894be2b2,Vanya Hutagalung,Health physicist,UD Purnawati,Riau
00dd44b3,"R.A. Febi Irawan, S.Ked",Land/geomatics surveyor,CV Melani Utami,Kalimantan Selatan
a5af8c77,"Bambang Hariyah, M.Kom.","Physicist, medical",CV Novitasari Kusumo Tbk,Papua Barat
3646d1be,Gasti Hardiansyah,"Designer, television/film set",PT Kuswandari Tamba,Nusa Tenggara Barat
7f6208fe,"Sutan Galang Hartati, M.Farm",Public relations account executive,PT Budiyanto,Kalimantan Timur
49c1e545,"R. Oskar Yuniar, S.Gz",Customer service manager,Perum Budiman Hutapea Tbk,Kalimantan Selatan
631bdbf7,Vinsen Hassanah,Television/film/video producer,Perum Pratama (Persero) Tbk,Gorontalo
756e4601,Sutan Radit Manullang,Television floor manager,Perum Wibowo Tbk,DI Yogyakarta
72c89ad1,"Victoria Kuswoyo, S.H.","Engineer, production",CV Permata Tamba,Sumatera Barat
e1071655,Qori Pratiwi,Retail merchandiser,PD Prakasa (Persero) Tbk,Kalimantan Timur
cb80026d,"Maryadi Simanjuntak, S.Gz",Product/process development scientist,CV Nababan Handayani Tbk,Aceh
58b10fb7,"Gamani Haryanti, S.IP",Private music teacher,UD Sinaga,DKI Jakarta
4089f6a7,Dacin Tarihoran,Armed forces logistics/support/administrative officer,Perum Nugroho,Kepulauan Riau
613571f6,R. Kayla Purnawati,Prison officer,Perum Suwarno Pradana Tbk,Sulawesi Tengah
7a8cb95b,"Gandi Laksmiwati, S.Ked",Building services engineer,Perum Pradana,Sulawesi Selatan
06435d41,"Calista Suryatmi, S.E.","Horticulturist, commercial",PD Melani Mansur,Riau
b0ca22ce,Hani Agustina,Best boy,Perum Hutagalung Jailani Tbk,Kalimantan Tengah
885e430a,"Cinthia Hutagalung, M.TI.",Print production planner,CV Utami Mulyani,Papua Barat
2bb11672,Darmaji Budiman,Charity fundraiser,Perum Prabowo Palastri,Riau
8a1a2260,Endah Namaga,Personal assistant,Perum Hidayat,Sumatera Barat
b5c236c7,"Dr. Nova Farida, S.H.",Clothing/textile technologist,CV Lailasari Tbk,Kalimantan Timur
18578ab6,R. Caket Andriani,"Surveyor, rural practice",PD Mansur Novitasari,Jawa Barat
a206b28d,Timbul Yuliarti,Careers information officer,PD Andriani Tbk,Kalimantan Barat
a888ca0b,"Ilsa Andriani, S.I.Kom",Architectural technologist,PD Nababan Lazuardi,Jawa Timur
06cca54f,Fitria Laksita,Dancer,Perum Agustina Tbk,DI Yogyakarta
4971ad8a,Dalima Kuswoyo,"Investment banker, corporate",PT Wahyudin Mulyani Tbk,Kalimantan Tengah
1c480819,Tgk. Hartaka Lestari,Animal nutritionist,Perum Mulyani Tbk,Jawa Tengah
9d9dcfe8,R. Jelita Sudiati,Theme park manager,CV Rahimah,Kalimantan Barat
2db0f0ed,Cici Prasasta,"Production assistant, radio",CV Permadi,Maluku
6502f4c3,"Wakiman Riyanti, M.Pd",Geochemist,CV Kuswoyo Kusmawati,Bali
5ebf2fd1,"Luhung Wacana, S.T.","Teacher, early years/pre",PT Wahyudin Tbk,Bengkulu
662bc857,"Ami Usada, S.Gz",Research scientist (physical sciences),Perum Adriansyah (Persero) Tbk,Jambi
9deb79fc,Raisa Narpati,Theatre manager,Perum Simanjuntak Waskita Tbk,Maluku
60ae1d8a,Drs. Wira Susanti,"Surveyor, insurance",PD Purwanti Permata Tbk,Sumatera Selatan
4c394bbf,Violet Sinaga,Futures trader,CV Wastuti Prakasa (Persero) Tbk,Papua Barat
8bf897c6,Lili Hasanah,Agricultural engineer,CV Simanjuntak,Sumatera Selatan
18bdd95c,Wulan Wacana,Sports administrator,Perum Melani Rajasa,Nusa Tenggara Timur
ac276058,"Puti Nilam Iswahyudi, S.Pt",Retail manager,CV Haryanto,Sulawesi Barat
d19d1cae,Lega Hakim,Publishing rights manager,Perum Haryanto Tbk,Banten
dab5f277,Jaka Anggriawan,Insurance account manager,PT Prasetyo,Lampung
c779a732,Tgk. Kuncara Andriani,Travel agency manager,PD Mayasari Sihombing,Jambi
6dbd248c,Puti Zelda Latupono,Fitness centre manager,CV Sirait Saragih (Persero) Tbk,Kalimantan Utara
878546c3,Kasim Kusmawati,Armed forces training and education officer,PD Rahimah Waluyo Tbk,Sumatera Utara
e26c11f8,"Ir. Prayogo Sitompul, S.Ked","Teacher, primary school",Perum Siregar (Persero) Tbk,DI Yogyakarta
af5b6ae9,"dr. Eli Setiawan, S.Gz",Bonds trader,CV Mahendra Nugroho (Persero) Tbk,Nusa Tenggara Timur
723f5769,Tgk. Zizi Prasasta,Speech and language therapist,PD Hakim,Kalimantan Tengah
17aa9430,Artanto Yulianti,"Administrator, education",Perum Budiman Purnawati (Persero) Tbk,Sumatera Barat
4569bc70,"Farah Maheswara, S.Pt",Ophthalmologist,UD Utama Lailasari (Persero) Tbk,DI Yogyakarta
9a4214af,Kawaya Uyainah,"Therapist, nutritional",UD Natsir Gunarto,Gorontalo
93a1d7ac,Karsana Nainggolan,Retail buyer,CV Dongoran Kusmawati Tbk,DKI Jakarta
187d27e9,"Gangsa Jailani, S.Gz",Counsellor,UD Andriani (Persero) Tbk,Kalimantan Timur
6ece2307,Indra Gunarto,Chartered loss adjuster,PT Setiawan Pradana Tbk,Sulawesi Tengah
75675e5d,Jamal Kuswandari,Petroleum engineer,CV Lailasari Kurniawan,Kalimantan Utara
fef9a2e6,Ilsa Uwais,"Sound technician, broadcasting/film/video",CV Prasetya Tbk,Kalimantan Timur
abbb23d6,Ifa Ardianto,Clinical molecular geneticist,PD Winarno Hutasoit Tbk,Banten
072569e7,Arta Adriansyah,Health visitor,Perum Thamrin Irawan,Sulawesi Selatan
852df414,"Irnanto Pratiwi, S.IP",Records manager,UD Tampubolon Tbk,Sulawesi Selatan
a65051ef,Surya Anggraini,Chief of Staff,PT Habibi,Papua Barat
73e2f3c1,"Balidin Dabukke, S.Pt",Building surveyor,Perum Lailasari Nababan,Sulawesi Tenggara
6bae60c3,KH. Dwi Haryanto,Teaching laboratory technician,CV Kurniawan,Sulawesi Utara
0cb180ff,Aurora Pradipta,"Research officer, trade union",PT Sitompul Widodo (Persero) Tbk,Sumatera Selatan
b54b5a28,dr. Hari Prastuti,Adult guidance worker,UD Januar Wibisono,Maluku Utara
a2ef7e2f,Eli Irawan,"Engineer, civil (consulting)",UD Thamrin,Papua Barat
1a3032e0,"dr. Raisa Pradipta, S.E.I","Social research officer, government",UD Rahimah Namaga (Persero) Tbk,Maluku Utara
70409754,"Paulin Handayani, M.Farm",Special effects artist,PD Suryono Firmansyah,Sulawesi Selatan
93c12974,Kasiyah Yolanda,Armed forces logistics/support/administrative officer,Perum Fujiati (Persero) Tbk,Nusa Tenggara Timur
8ea24e7d,Kamal Halim,"Psychologist, clinical",UD Hardiansyah Tbk,Kepulauan Riau
5c6793b3,Shania Hutasoit,Operations geologist,PD Saptono Suryono,Sulawesi Utara
2afd85da,Agus Adriansyah,Data processing manager,PT Kusumo Laksmiwati (Persero) Tbk,Kalimantan Barat
84b25be0,Rahmi Lailasari,Statistician,PT Suryono Rahmawati Tbk,Lampung
375e0db6,R.M. Maryadi Pradana,Operational researcher,PT Prastuti Tbk,Maluku
5340fdd5,Hilda Nasyiah,"Psychologist, occupational",PT Nainggolan Marbun,Sumatera Utara
19351e7b,"dr. Kiandra Maheswara, M.Ak",Marketing executive,PT Prayoga Wibisono,Maluku Utara
0b279cb3,"Malik Usada, S.E.I",Professor Emeritus,PT Tarihoran Tbk,Riau
ebba1007,Gangsar Budiman,Television/film/video producer,UD Irawan,Bali
bedee380,"dr. Karimah Hastuti, S.Ked",Horticultural consultant,UD Namaga Budiyanto,Papua
1bee6326,"dr. Cawisadi Tampubolon, S.T.",Lobbyist,CV Zulkarnain Hasanah,Papua
5ae0f87a,Pia Hastuti,Immunologist,PT Tampubolon Tbk,Jawa Tengah
de89458b,Sadina Halim,Radio broadcast assistant,Perum Kusmawati,DI Yogyakarta
65013efe,Bella Usada,Control and instrumentation engineer,PT Purwanti,Papua
9cc7f116,Ismail Suartini,"Conservator, museum/gallery",UD Saputra Hardiansyah,Kalimantan Tengah
b16b88dd,Elvin Rajasa,"Conservator, furniture",PT Sudiati Hutapea (Persero) Tbk,Sumatera Utara
aa35a7c2,Usyi Pangestu,Air cabin crew,PT Sihombing Agustina,Banten
c60dcc7c,"Dr. Fathonah Kuswoyo, S.H.",Automotive engineer,Perum Prasasta Halimah (Persero) Tbk,Sulawesi Utara
3691daab,Hamima Pudjiastuti,Media buyer,Perum Hassanah Najmudin Tbk,Sulawesi Selatan
c4f8650a,"Lalita Hardiansyah, S.E.I","Scientist, research (physical sciences)",UD Wijayanti Halim,Sumatera Utara
8f2fb4a3,Agnes Riyanti,Amenity horticulturist,PD Laksmiwati Wastuti Tbk,Lampung
5402add3,Galar Waskita,Publishing copy,PT Nuraini Tbk,Kalimantan Timur
b49aa046,Wakiman Jailani,Careers adviser,PT Hakim,Kepulauan Bangka Belitung
65fed799,Yono Yuliarti,"Surveyor, building",UD Permadi,Sumatera Utara
0e0d5e31,"Victoria Maryati, M.Ak",Architect,Perum Maulana,Gorontalo
84e2f0db,Umi Hakim,"Biochemist, clinical",PD Rajata,Kepulauan Riau
7da016c0,Drs. Keisha Natsir,"Psychologist, sport and exercise",CV Suartini Putra,Jawa Tengah
45db0257,Rangga Mahendra,"Engineer, civil (consulting)",PT Wulandari Usada Tbk,Bali
e3aedcbd,Panji Sitompul,IT sales professional,CV Mangunsong (Persero) Tbk,Sumatera Selatan
0dff1450,"Hesti Laksmiwati, S.I.Kom",Trade mark attorney,CV Siregar,Sulawesi Tengah
f53962ad,"Amelia Widodo, S.E.",Civil Service fast streamer,CV Nababan,Gorontalo
8a39d42e,Elisa Uyainah,Media buyer,Perum Permadi,DKI Jakarta
d9c11070,Restu Maulana,Community education officer,PD Pratama Purnawati (Persero) Tbk,Banten
de0b2b30,Nova Kuswandari,Actuary,PT Zulaika (Persero) Tbk,Papua
513cc9a9,Asman Nasyidah,"Designer, blown glass/stained glass",UD Widodo Prabowo,Nusa Tenggara Timur
6c92048b,Jarwi Hariyah,Chartered public finance accountant,PT Namaga (Persero) Tbk,Kepulauan Riau
f4cf2312,Fathonah Susanti,"Optician, dispensing",UD Dabukke,Kalimantan Timur
2cf2ebc1,Ciaobella Nashiruddin,"Exhibitions officer, museum/gallery",CV Andriani Santoso (Persero) Tbk,Jawa Tengah
a69d8842,"Mala Lestari, S.Psi",Purchasing manager,Perum Fujiati (Persero) Tbk,Riau
f7e41776,Irma Sitorus,"Journalist, broadcasting",PD Iswahyudi Lazuardi Tbk,Jawa Tengah
91a99dd4,Drs. Suci Lailasari,Special educational needs teacher,PT Yuniar Tamba Tbk,Maluku
d65b9961,Fathonah Kusumo,Pharmacologist,Perum Saragih Usada (Persero) Tbk,Kalimantan Utara
f97824ca,Wakiman Lazuardi,"Scientist, water quality",CV Kusumo Halimah,Sulawesi Selatan
011fd1a3,"Ir. Jail Puspasari, S.IP",Statistician,Perum Namaga Halimah Tbk,Sulawesi Tengah
1e7d92b5,Reza Mustofa,Chartered certified accountant,Perum Maheswara Hutagalung Tbk,Sulawesi Barat
bf4cf3ed,Dr. Rachel Januar,Barrister's clerk,Perum Gunawan Firmansyah,Riau
37f33d82,Julia Widodo,Associate Professor,Perum Nasyidah,Jawa Tengah
b90716bf,Bakiman Saputra,Geophysical data processor,PD Usada,Kalimantan Selatan
b661e5b4,Wakiman Waskita,Copy,UD Widodo (Persero) Tbk,Sulawesi Selatan
39b44604,"dr. Winda Mansur, M.Kom.",Broadcast engineer,Perum Kuswoyo,Jawa Tengah
8d9b6eca,"Tirtayasa Sinaga, M.Kom.",Animal nutritionist,Perum Santoso Megantara (Persero) Tbk,Kalimantan Selatan
64b8a694,"Drs. Jais Budiman, M.Ak",Broadcast engineer,PT Napitupulu (Persero) Tbk,Riau
e6108153,Belinda Permata,Hydrographic surveyor,UD Sihombing Widiastuti,Sulawesi Selatan
93dadd7c,Kalim Maulana,Outdoor activities/education manager,UD Haryanto Mandala (Persero) Tbk,Sulawesi Utara
5c6d6eed,Puti Nurul Mardhiyah,"Surveyor, minerals",CV Pratama,Lampung
7833564c,"Marwata Lestari, S.Pt",Field seismologist,Perum Novitasari (Persero) Tbk,Kalimantan Tengah
d70163c1,"Tina Ardianto, S.Sos","Pilot, airline",PD Handayani Tbk,Sumatera Utara
846de5a8,Dr. Jaeman Firmansyah,Metallurgist,PD Ramadan Tbk,Kalimantan Tengah
f40d22f3,"R. Balamantri Mandala, S.Gz",Child psychotherapist,CV Suartini,Bali
8e697119,"Mala Waluyo, S.E.",Market researcher,CV Nugroho,DI Yogyakarta
e8b80fc4,Ir. Betania Pertiwi,Forensic scientist,UD Mahendra Aryani (Persero) Tbk,Bali
7fb71e8a,Dadap Ramadan,Youth worker,UD Thamrin Mansur,Kalimantan Timur
c1767d6f,Setya Riyanti,"Engineer, building services",CV Sihotang Situmorang,Sumatera Utara
cc96a65c,"Rahman Hassanah, S.Gz",Community arts worker,PD Marbun (Persero) Tbk,Jambi
88443381,Darijan Puspita,Intelligence analyst,PT Permadi Wahyudin,Kalimantan Timur
429c8e48,"Tina Prasetyo, S.E.",Theme park manager,Perum Lailasari Budiyanto,Jambi
9e8d6d72,Uli Hakim,Teaching laboratory technician,UD Kusumo,Maluku
e1bbf18a,Cawisadi Simbolon,Environmental manager,Perum Sihotang Sirait,Sumatera Barat
d4783280,Lidya Permadi,Arts development officer,PT Farida,DI Yogyakarta
3c66ec02,Siti Pranowo,Visual merchandiser,Perum Rahimah,Sulawesi Barat
b3adff43,Balangga Yuliarti,"Engineer, materials",PT Usamah,Sulawesi Utara
c9d363bf,R. Galang Fujiati,"Scientist, marine",PT Hariyah (Persero) Tbk,Gorontalo
de3d1c3c,Cahyadi Rajasa,Chartered public finance accountant,Perum Suryono (Persero) Tbk,Jawa Tengah
ee6ddccf,dr. Alambana Padmasari,Quantity surveyor,PD Hardiansyah (Persero) Tbk,Sumatera Selatan
1b9b79ad,Tiara Permadi,Dietitian,Perum Uwais (Persero) Tbk,Kalimantan Timur
7c49c263,H. Caket Prabowo,Chiropractor,Perum Hassanah (Persero) Tbk,Nusa Tenggara Timur
bb55c6e4,"Ir. Ayu Nashiruddin, M.Pd",Naval architect,PD Saptono Sihombing (Persero) Tbk,DI Yogyakarta
7bf22aae,"Gaman Dongoran, M.Ak",Jewellery designer,PD Winarno (Persero) Tbk,Sulawesi Selatan
6d0a24c3,Hamima Prastuti,Music therapist,PD Ramadan Prakasa Tbk,Bali
6913adc1,"Aurora Permadi, S.H.",Contractor,UD Wacana Saragih,Kalimantan Timur
ba35bc44,drg. Septi Wijaya,"Editor, magazine features",Perum Budiyanto Siregar,Kalimantan Selatan
426814b2,Titi Tamba,Diplomatic Services operational officer,CV Sirait Wasita,Nusa Tenggara Barat
66086762,"dr. Lurhur Sihombing, S.Kom",Chiropractor,UD Pradipta Utami,Sumatera Barat
7e3d38a0,Kanda Widiastuti,Midwife,UD Dabukke,Kalimantan Utara
bd0d926d,Iriana Rajasa,Estate manager/land agent,UD Puspasari Januar,Gorontalo
3ae1e7b0,Putri Marpaung,Commercial horticulturist,PT Wijaya Hardiansyah Tbk,Maluku
2878324b,Victoria Sitorus,Pathologist,UD Haryanto,Sumatera Selatan
3032cc4f,Gandewa Budiman,Charity officer,PD Mangunsong,Bali
24b94d1c,"Ina Agustina, S.Farm",Video editor,PT Pudjiastuti Zulkarnain (Persero) Tbk,Bengkulu
944a7d1c,Fitria Hidayanto,Dancer,PT Tampubolon Tbk,Sumatera Utara
3332f845,"Widya Pradipta, S.Gz",Rural practice surveyor,PT Sihombing,Gorontalo
91eede28,Mala Haryanto,"Psychologist, prison and probation services",CV Ramadan (Persero) Tbk,Sulawesi Tenggara
17889b80,Farhunnisa Sirait,Leisure centre manager,UD Iswahyudi Hutapea,Sulawesi Selatan
84801475,"Daru Widiastuti, S.Gz","Surveyor, quantity",Perum Andriani Nasyidah (Persero) Tbk,Nusa Tenggara Barat
5e88dce5,"Dt. Cengkir Lailasari, S.E.",Government social research officer,PT Sinaga Wasita Tbk,DKI Jakarta
df3c32cd,"Hasna Rajata, S.E.I","Programmer, multimedia",UD Rahimah Nasyidah (Persero) Tbk,Sumatera Barat
2e349dcb,Dr. Jane Megantara,Paediatric nurse,UD Wastuti Puspasari Tbk,Kalimantan Utara
148e4c96,R.A. Ade Hasanah,Chiropractor,UD Hidayanto (Persero) Tbk,Papua
3b0f7fa3,"Jabal Farida, S.Psi",Environmental manager,Perum Setiawan Sihotang Tbk,Sumatera Utara
356dc90f,Ira Nuraini,Financial risk analyst,UD Budiman Riyanti Tbk,Bengkulu
a8a41f20,Raisa Mangunsong,Clinical research associate,UD Hardiansyah,Sumatera Barat
795c4f50,"Zalindra Hakim, M.Ak",Exhibition designer,PD Winarno Susanti,Gorontalo
0a3a33ce,dr. Karja Rajata,Hotel manager,Perum Lestari Winarno,Nusa Tenggara Barat
64a8a0f4,KH. Emas Putra,"Investment banker, operational",PD Dongoran Tbk,Sulawesi Barat
f8de4f9c,R.A. Keisha Anggraini,Clinical cytogeneticist,CV Utama Hariyah Tbk,Jawa Timur
1e81a57f,Marsito Hutapea,"Scientist, clinical (histocompatibility and immunogenetics)",CV Purnawati (Persero) Tbk,Sulawesi Utara
302f25ef,Shania Purwanti,"Administrator, education",PD Setiawan Tbk,Sumatera Selatan
a5d4395c,Widya Kuswoyo,Herpetologist,PD Winarsih Suartini,Kalimantan Tengah
96bb1bb9,"Hj. Alika Rajasa, M.TI.","Education officer, community",UD Hidayat Kurniawan,Kalimantan Timur
2735aeaa,Eka Situmorang,Race relations officer,UD Hastuti Rahayu,Kalimantan Utara
a79f9c18,"Dt. Lurhur Aryani, S.Kom",Planning and development surveyor,CV Prastuti Tbk,Kepulauan Riau
0236c52a,Fitriani Pradana,"Engineer, aeronautical",CV Hartati Gunawan,Sulawesi Utara
992f5bcd,"Puspa Maryati, S.T.",Travel agency manager,PT Thamrin (Persero) Tbk,Nusa Tenggara Barat
f39ef3d4,Gaduh Pratama,Television camera operator,Perum Lazuardi Pradipta,Gorontalo
260142a8,"Siti Wahyudin, S.Psi",Volunteer coordinator,Perum Mardhiyah,Sulawesi Tenggara
2df85d37,"drg. Fitria Rahmawati, S.E.I",Diagnostic radiographer,PD Uwais,Sumatera Selatan
5198b914,Usyi Firgantoro,"Therapist, speech and language",PT Widodo (Persero) Tbk,Sulawesi Selatan
9f394f65,Bambang Rajasa,Garment/textile technologist,CV Ardianto,Nusa Tenggara Timur
32fbd419,"Qori Rahimah, S.IP",Multimedia programmer,UD Sihotang Prasasta (Persero) Tbk,Bali
82d4c96d,"Safina Lailasari, M.M.",Geochemist,PD Marbun Gunarto (Persero) Tbk,Nusa Tenggara Timur
87924770,"Umi Sihotang, M.Kom.",Equality and diversity officer,Perum Agustina,Banten
49887deb,Cornelia Sihombing,Optometrist,Perum Laksmiwati,Kalimantan Barat
e0fbaae9,Humaira Pangestu,"Producer, radio",PT Saragih Oktaviani,Sulawesi Tengah
6fc12f96,Ade Safitri,Ship broker,CV Rahimah Nasyidah (Persero) Tbk,Sulawesi Barat
7aa0dde7,Bakda Budiman,Museum/gallery conservator,UD Mandala (Persero) Tbk,Riau
0e246aab,Hasna Mahendra,"Development worker, international aid",PT Januar,Kalimantan Timur
d5c33264,"Dt. Harjaya Tamba, S.Psi",Multimedia specialist,PD Napitupulu,Jawa Barat
b1072194,dr. Cinthia Pudjiastuti,Administrator,UD Najmudin Padmasari (Persero) Tbk,Sumatera Barat
a66d4e3a,Ella Yuniar,Call centre manager,PT Winarno Yolanda (Persero) Tbk,Sulawesi Barat
93e0e9ff,Mursita Pradipta,Charity officer,PD Prakasa Tbk,DI Yogyakarta
bc75d0f8,"Taufik Hutagalung, M.Pd",Armed forces logistics/support/administrative officer,PD Laksita (Persero) Tbk,Maluku Utara
41c5627c,Paiman Mustofa,"Education officer, community",UD Padmasari Astuti (Persero) Tbk,DKI Jakarta
b795abcd,Daniswara Siregar,Biomedical scientist,Perum Purnawati Mulyani,Sumatera Barat
988be6ae,"R.M. Pranawa Tamba, S.Pd",Insurance underwriter,PD Gunawan Wahyudin,Riau
4d8b31e3,"dr. Prasetyo Wijayanti, S.Psi",Education administrator,UD Simanjuntak Sudiati,Kalimantan Timur
64a4f789,R.A. Novi Wastuti,Ship broker,UD Firgantoro,Kalimantan Selatan
ad3dc82a,"Diah Pudjiastuti, S.I.Kom",Risk manager,PD Halim (Persero) Tbk,Kalimantan Selatan
a69d3787,Ratna Wasita,Sales executive,UD Permata Wibowo (Persero) Tbk,Sulawesi Tenggara
18f75774,Tania Mustofa,Research scientist (medical),Perum Hutagalung,Kalimantan Selatan
de861e6b,Gatot Kusumo,Public relations account executive,UD Tamba Tbk,Kepulauan Bangka Belitung
288a8909,"Puti Qori Farida, S.Ked","Designer, furniture",CV Prakasa Yolanda,Papua Barat
f569d7af,Lili Prasasta,Community arts worker,Perum Kuswandari Uyainah,Kalimantan Barat
820bf98a,"R. Prasetyo Santoso, M.Ak",Surgeon,Perum Anggriawan Nashiruddin Tbk,Sulawesi Utara
09315ae0,Baktianto Handayani,"Administrator, charities/voluntary organisations",PT Andriani Tbk,Kalimantan Selatan
260251c9,Ozy Nurdiyanti,Fish farm manager,PD Rajata (Persero) Tbk,Sumatera Utara
833b9c11,Sidiq Prasetya,Conference centre manager,PT Suartini Winarno,Sulawesi Barat
142cd182,Dono Tarihoran,"Scientist, biomedical",Perum Wahyudin (Persero) Tbk,Sulawesi Tengah
1a8af1ab,H. Adiarja Hutasoit,Research scientist (life sciences),Perum Maulana (Persero) Tbk,Maluku
49da70dd,"Bagus Hardiansyah, M.TI.",Armed forces logistics/support/administrative officer,CV Prasetyo Tbk,Jawa Tengah
0d527bc9,"Ibrani Rahmawati, S.E.I",Music therapist,PT Puspita Situmorang,Kepulauan Bangka Belitung
acf96784,Tasdik Winarno,Facilities manager,Perum Irawan Lestari (Persero) Tbk,Kalimantan Utara
4e6e7cc1,Lasmono Mandala,"Scientist, research (life sciences)",UD Pratama Tbk,DI Yogyakarta
074c80e4,Ami Palastri,Data scientist,UD Andriani Pradana,Sumatera Barat
ca7d540f,Cinta Tarihoran,Surgeon,Perum Damanik (Persero) Tbk,Bengkulu
d4030daa,"Nadine Habibi, M.M.",Dealer,PD Napitupulu (Persero) Tbk,Aceh
68aec168,Asirwanda Situmorang,"Scientist, research (life sciences)",UD Nugroho Wahyudin,Aceh
b35d247f,"Kani Astuti, M.Pd",Minerals surveyor,UD Hardiansyah,Jawa Barat
6d168ece,Gandi Wijayanti,"Education officer, museum",PT Wasita Agustina,Sulawesi Tengah
5fe54b19,Marsudi Kuswandari,"Psychologist, clinical",UD Lestari,Sulawesi Selatan
0de875a6,"Drs. Heru Sihombing, S.H.","Engineer, mining",UD Hariyah Yuniar (Persero) Tbk,Lampung
7b442451,Devi Maryadi,"Engineer, manufacturing",PD Riyanti Susanti,DI Yogyakarta
851781e1,"drg. Embuh Haryanti, S.E.","Surveyor, building",PD Gunawan Andriani (Persero) Tbk,Sulawesi Tengah
5b7b32f9,Gabriella Pratiwi,Pathologist,PT Tampubolon Wahyudin,Jambi
25b029f1,"R.A. Vivi Samosir, S.IP","Loss adjuster, chartered",Perum Sihombing,Sulawesi Selatan
6c2d9291,"Eman Andriani, S.Pd",Field trials officer,PT Suryono Tbk,Riau
0e208b52,Kasusra Mustofa,Herpetologist,Perum Manullang Irawan (Persero) Tbk,Kepulauan Bangka Belitung
f8c71380,"Novi Waluyo, S.IP",Food technologist,Perum Namaga Tbk,Kalimantan Tengah
f1f30899,Kamila Simbolon,Industrial/product designer,UD Mardhiyah Gunawan (Persero) Tbk,Sumatera Barat
a2072585,"Yani Permata, S.H.",Museum/gallery conservator,UD Anggriawan,Kalimantan Barat
18b0aaa4,Cemplunk Prasetya,Commercial/residential surveyor,Perum Prabowo Wasita,Kalimantan Tengah
dc337a90,Vivi Rahmawati,Press sub,PD Tarihoran (Persero) Tbk,Bengkulu
8fe665c1,Jessica Novitasari,Food technologist,Perum Novitasari,Sulawesi Tenggara
d4db9bd2,Maimunah Maryati,Academic librarian,CV Padmasari Rajasa,DKI Jakarta
7832e33b,Caturangga Wahyudin,Editorial assistant,PT Suryatmi Halimah,Kepulauan Riau
b91a054a,Rahmi Pranowo,Learning disability nurse,PD Yuliarti Sihotang,Kalimantan Selatan
3dc4733f,Aditya Suartini,Public relations account executive,PT Hartati Sihombing Tbk,Lampung
00c6e152,Drs. Kiandra Dabukke,Special educational needs teacher,CV Hartati,Aceh
c7a820d6,Hilda Yolanda,Passenger transport manager,UD Usada Suwarno (Persero) Tbk,Nusa Tenggara Barat
2e3f3ca6,Talia Rahayu,Retail buyer,PD Maheswara,Sulawesi Barat
b072ba4a,Cawisono Melani,Astronomer,UD Kuswoyo Habibi (Persero) Tbk,Nusa Tenggara Barat
7ebdb862,"Drs. Janet Pradana, S.Kom",Best boy,CV Hassanah Habibi,Kalimantan Barat
aad22c5c,"T. Hairyanto Prakasa, M.Kom.",Arboriculturist,UD Astuti Hidayat,Jambi
e0d66438,Sarah Riyanti,Fitness centre manager,CV Purnawati,Kalimantan Utara
601b9ae2,Arta Salahudin,"Editor, commissioning",Perum Sitompul Mangunsong,Sulawesi Barat
19f5f6f5,Farah Budiyanto,Occupational hygienist,Perum Simbolon Mansur (Persero) Tbk,Bengkulu
bad3b0ae,Dt. Banara Adriansyah,"Teacher, adult education",PT Anggriawan Tbk,Bali
afa02d9e,Unggul Mulyani,Press sub,Perum Hartati Astuti (Persero) Tbk,Papua Barat
0dd5ff42,R. Rini Siregar,"Administrator, education",PT Astuti Tbk,Sumatera Selatan
32212eac,Ulya Simbolon,"Psychologist, prison and probation services",PT Saefullah Sitorus (Persero) Tbk,Riau
088f8f2b,Tgk. Wasis Hartati,"Teacher, English as a foreign language",PT Wijayanti,Maluku Utara
c59b5344,Atmaja Simbolon,Special effects artist,Perum Waluyo Suryono,Nusa Tenggara Timur
cbbcaed2,Drs. Bakijan Hidayanto,Software engineer,Perum Kuswandari Mustofa (Persero) Tbk,Gorontalo
1adcdc0a,Liman Putra,"Engineer, civil (consulting)",PT Pratiwi,Maluku Utara
9759d8f3,"Hasna Kurniawan, S.T.",Local government officer,PD Mulyani Hardiansyah,Kalimantan Timur
24ec186b,Gilda Sirait,Exercise physiologist,PT Suryono Prasetya (Persero) Tbk,Kalimantan Utara
2cc656b7,"Drs. Maria Safitri, S.Ked",Photographer,Perum Sihombing,Sulawesi Barat
53a85467,Cut Humaira Prakasa,Health service manager,PT Yuliarti Siregar (Persero) Tbk,Kalimantan Utara
9bce84d7,Padmi Saefullah,Early years teacher,CV Mayasari,Jawa Barat
b949c06f,"T. Raharja Maheswara, S.Psi",Special effects artist,Perum Narpati (Persero) Tbk,Bali
af76756a,Umaya Widodo,Research scientist (maths),CV Firmansyah,Aceh
193029d0,Paramita Usamah,"Nurse, adult",UD Wacana (Persero) Tbk,Bali
cd145d00,"Kayla Narpati, M.TI.","Engineer, energy",PD Budiyanto Sihombing Tbk,Bengkulu
4c74fa05,Rina Haryanti,"Teacher, adult education",PT Tarihoran,Kalimantan Barat
17af1aab,"Tgk. Waluyo Hutagalung, M.TI.",Planning and development surveyor,PT Pradana (Persero) Tbk,DKI Jakarta
dd3ea30d,Rini Saefullah,Television floor manager,CV Ramadan Tbk,Kepulauan Bangka Belitung
8649d0f6,Salsabila Prasasta,Chartered certified accountant,PD Narpati Handayani,Kalimantan Timur
79e494a0,Warji Prayoga,Microbiologist,UD Gunarto Tbk,Riau
1cba7937,Kani Halimah,Adult guidance worker,Perum Pangestu,Sulawesi Barat
437168e9,"Bakti Rajata, S.Psi",Pension scheme manager,Perum Kuswoyo (Persero) Tbk,Nusa Tenggara Timur
5ac5ba4d,dr. Galur Suwarno,"Scientist, research (medical)",UD Mandasari,Papua Barat
b83d1d1f,"R.A. Ira Hasanah, S.I.Kom","Scientist, research (maths)",PT Situmorang,Sumatera Selatan
e0f53a57,"Anita Anggraini, S.IP",Dancer,PD Mulyani,Papua Barat
f98b6baa,Vega Adriansyah,Video editor,PT Rahimah,Kalimantan Tengah
d7e69488,Sarah Tamba,Gaffer,CV Firmansyah Tbk,Sulawesi Utara
