ID_Karyawan,Nama_Lengkap,Profesi,Perusahaan,Provinsi
9c2429aa,dr. Xanana Suwarno,Occupational hygienist,PT Riyanti (Persero) Tbk,Nusa Tenggara Barat
cbb872b2,"Gaiman Rahmawati, S.Ked",Further education lecturer,UD Thamrin Hidayanto,DKI Jakarta
694dd1ff,Bala Latupono,Brewing technologist,PD Salahudin Sitompul Tbk,Kalimantan Selatan
5ad87d65,Lanang Tarihoran,Control and instrumentation engineer,PT Hassanah Kuswandari,Riau
6d1ce1da,Ophelia Hasanah,Call centre manager,PD Hidayat Mulyani (Persero) Tbk,Bengkulu
adbf53b1,Caraka Permadi,Network engineer,CV Sihombing Waskita Tbk,Kepulauan Riau
83750884,"Yance Zulkarnain, S.Gz",Bonds trader,Perum Hutagalung Lazuardi (Persero) Tbk,Jawa Timur
703c9824,Ir. Kawaya Lailasari,Best boy,PD Mansur Suryatmi,Kalimantan Utara
9089d557,Dalimin Siregar,Chief of Staff,CV Setiawan,Maluku Utara
b5c0a0a2,Intan Hasanah,International aid/development worker,PT Kuswoyo (Persero) Tbk,Riau
528d3e45,Ade Saragih,Records manager,UD Widodo Habibi Tbk,Sumatera Utara
f8864a92,Rachel Nasyiah,"Administrator, local government",Perum Budiyanto Rahimah (Persero) Tbk,Bali
e19e6298,Dodo Pratiwi,Ergonomist,PD Halim,DKI Jakarta
722506a1,Maimunah Rahmawati,Film/video editor,UD Agustina Yulianti (Persero) Tbk,Kepulauan Riau
0846a6e6,"Wakiman Melani, M.Farm",Musician,PT Pradipta Hardiansyah,Papua Barat
d265933f,Kani Kuswandari,Commercial/residential surveyor,PT Lailasari,Nusa Tenggara Timur
7e3194a5,KH. Atma Nasyiah,"Engineer, mining",UD Sihombing Samosir (Persero) Tbk,Sulawesi Utara
bd817114,"drg. Michelle Maulana, S.Sos",Video editor,Perum Wibowo Andriani,Sulawesi Selatan
dc61e523,Kenzie Dongoran,"Engineer, technical sales",PT Oktaviani (Persero) Tbk,Kalimantan Selatan
fbd1cf29,Talia Prakasa,Research scientist (physical sciences),UD Jailani,Sulawesi Tengah
b9725e21,Jessica Permata,Oceanographer,PD Rajasa,DI Yogyakarta
07c652ba,Limar Mahendra,Industrial/product designer,PT Prakasa Narpati (Persero) Tbk,Kalimantan Selatan
8f71cb85,"Dt. Cawisono Kuswoyo, S.I.Kom",Toxicologist,UD Padmasari,Sumatera Utara
a6ad3414,"Mumpuni Fujiati, M.Kom.",Insurance claims handler,CV Maheswara Puspita,Lampung
da8e56ad,Dwi Megantara,Ship broker,PD Permata Habibi (Persero) Tbk,Jambi
145d210a,"Puti Indah Manullang, M.M.","Geologist, engineering",CV Kusumo Tbk,Papua
0fd4ffcd,H. Satya Melani,"Scientist, research (medical)",PT Dabukke Maryati Tbk,Nusa Tenggara Timur
7bf39231,Faizah Nababan,Chemical engineer,PT Lailasari,Sulawesi Barat
13d7dc2a,"Ir. Puput Hastuti, S.Psi","Psychologist, educational",UD Sinaga Anggriawan Tbk,Kalimantan Utara
4a3704db,Vanesa Sitompul,"Therapist, horticultural",Perum Usamah Tbk,Jawa Tengah
14dff899,Amelia Gunawan,"Social research officer, government",UD Rajasa,Kalimantan Timur
ef95c25d,Utama Permadi,"Surveyor, commercial/residential",PD Mangunsong Tbk,Kalimantan Utara
ac8e99b1,Wardi Aryani,Television floor manager,CV Nugroho,Jawa Tengah
9183bf1f,Hj. Rahmi Napitupulu,Sub,PD Mahendra,Nusa Tenggara Timur
247c8277,Danang Wulandari,Pensions consultant,CV Narpati,Sumatera Utara
9c50a026,Ikhsan Usada,Purchasing manager,PD Hidayat,Kepulauan Riau
3c80bf95,Darmanto Pranowo,Facilities manager,PD Samosir,Jawa Timur
52d8242e,Tiara Maryadi,Associate Professor,PD Nugroho Tbk,Kepulauan Riau
a7754d9c,Icha Rahmawati,Television/film/video producer,PT Rahmawati Rajasa Tbk,DI Yogyakarta
2e654794,"Tgk. Rachel Farida, M.Farm",Dancer,UD Salahudin Marpaung Tbk,Jawa Barat
2208db70,Adinata Zulkarnain,Regulatory affairs officer,PT Hidayanto Tbk,Sulawesi Tenggara
c85bd7e4,Tantri Sihotang,Interpreter,PT Waskita,Lampung
f494c4e1,Putu Situmorang,Sports coach,PT Maheswara,Nusa Tenggara Timur
b2604ebb,Olivia Lestari,"Surveyor, planning and development",PD Wacana Tbk,Kalimantan Timur
ab250ec1,"R. Zulaikha Nurdiyanti, M.Kom.",Fashion designer,PT Sihombing (Persero) Tbk,Kalimantan Barat
2dab13bd,"R. Najwa Pranowo, S.Kom",Police officer,CV Megantara Hidayanto,Kalimantan Selatan
98ade206,Dr. Qori Hidayat,"Programmer, applications",PT Nurdiyanti,DKI Jakarta
fb5f028c,Azalea Pertiwi,"Physicist, medical",Perum Sihombing Tbk,Gorontalo
14136ddb,Yoga Putra,Government social research officer,PT Pangestu Novitasari,Kalimantan Utara
da855ee4,Sutan Jail Saefullah,Purchasing manager,Perum Hidayat Susanti Tbk,Sulawesi Selatan
c123df11,"Ir. Fitria Yulianti, S.H.",Glass blower/designer,Perum Yulianti,Kalimantan Barat
2579a272,Balidin Zulkarnain,Chief of Staff,UD Sihotang Prasetya,Nusa Tenggara Timur
2491100c,"Yulia Latupono, M.Kom.",Broadcast engineer,CV Kusmawati Megantara,Jambi
ff57e7b1,Among Pertiwi,Database administrator,UD Suwarno (Persero) Tbk,Kalimantan Barat
78cc8eda,Tgk. Luluh Hardiansyah,"Research officer, political party",UD Hutapea,Sulawesi Selatan
8485ed8b,Drs. Shakila Yulianti,Environmental education officer,UD Maheswara Wahyudin Tbk,Banten
dc557227,Paris Rahayu,"Engineer, civil (contracting)",PD Lazuardi Halimah Tbk,Sulawesi Utara
c6816f04,Ina Permata,"Designer, interior/spatial",CV Ardianto,Kepulauan Riau
adc07ef0,Tgk. Lurhur Rahmawati,Tourist information centre manager,PT Simbolon Saefullah (Persero) Tbk,Kalimantan Tengah
b5e3bc58,Cawuk Situmorang,Neurosurgeon,PT Nababan Tbk,Kalimantan Timur
ace9652b,Ir. Jabal Rahmawati,Secondary school teacher,CV Saefullah Santoso,Banten
1e0971de,Indah Mandasari,Farm manager,PT Sudiati Kusumo,Kalimantan Utara
a8698af9,"Dr. Estiono Maulana, S.E.","Accountant, chartered public finance",PD Adriansyah Wastuti Tbk,Gorontalo
3489c772,Oni Handayani,Housing manager/officer,PT Ardianto Putra Tbk,DI Yogyakarta
cab083b9,"Kani Kuswandari, S.Gz","Producer, radio",PT Kurniawan (Persero) Tbk,DI Yogyakarta
4ee28bcc,Prasetyo Rahmawati,Homeopath,PD Yuliarti (Persero) Tbk,Gorontalo
195e5fde,Ani Prayoga,Statistician,PD Mansur Kusumo,Kepulauan Riau
cb76b200,"R. Jaka Pertiwi, S.E.I",Television production assistant,PT Utami Thamrin,Kalimantan Barat
f3cbebfd,Cinthia Mustofa,"Surveyor, planning and development",UD Pangestu (Persero) Tbk,Sulawesi Tenggara
c76df74b,Yance Hastuti,"Engineer, building services",PT Novitasari (Persero) Tbk,Kalimantan Selatan
a946198a,Ulva Marpaung,Barrister's clerk,Perum Ardianto Wulandari,Kalimantan Timur
6377b731,Gatot Sinaga,Town planner,CV Widiastuti (Persero) Tbk,Papua
9746fffe,"Ir. Yuliana Laksita, M.Farm",Geophysicist/field seismologist,CV Prasasta (Persero) Tbk,Maluku Utara
679a2525,Balangga Simanjuntak,Professor Emeritus,UD Agustina Tbk,Kalimantan Selatan
ba16bca3,Limar Hakim,Engineering geologist,Perum Suryono,Sulawesi Utara
6f4c464b,"Karna Oktaviani, S.IP",English as a foreign language teacher,CV Adriansyah,Jawa Timur
2c13f09b,Ratih Prayoga,"Geologist, engineering",Perum Manullang Rahmawati Tbk,Jawa Barat
eb750860,Asmianto Sitorus,Licensed conveyancer,UD Kusumo Aryani,Papua Barat
b029ab7b,Emong Damanik,"Designer, interior/spatial",Perum Farida Pradana,Maluku Utara
8c039620,Jono Saptono,Production manager,PT Jailani Tbk,Papua
a2ae80e0,Elisa Napitupulu,"Designer, industrial/product",CV Samosir (Persero) Tbk,Bengkulu
b2ec7c88,Wani Mahendra,"Nurse, adult",Perum Gunawan,Maluku Utara
d6756f16,"dr. Olivia Hartati, S.Gz",Consulting civil engineer,Perum Hartati Kusmawati,Bengkulu
7ceda267,Ika Maryadi,"Psychologist, counselling",CV Pangestu Irawan Tbk,Jawa Barat
75a5c663,Paulin Widodo,"Surveyor, mining",CV Kusmawati Januar Tbk,Jawa Timur
68aae156,Victoria Prabowo,"Editor, magazine features",UD Utama Najmudin Tbk,Sulawesi Utara
ab1282d8,"Lala Nurdiyanti, M.Farm",Chief Marketing Officer,Perum Prabowo Sirait,Jawa Barat
765df995,Paiman Laksita,Music tutor,Perum Napitupulu,Sumatera Utara
7f121d62,Ghaliyati Prastuti,Animal technologist,Perum Iswahyudi,Sulawesi Selatan
657ba46f,drg. Prayogo Kuswandari,Politician's assistant,UD Prabowo Tampubolon Tbk,Nusa Tenggara Timur
52f6ca43,Vero Hutasoit,Clothing/textile technologist,UD Saefullah Prasetyo Tbk,Sulawesi Barat
51fbb763,Maimunah Sudiati,"Designer, interior/spatial",UD Oktaviani,Sulawesi Tengah
d38b51a7,Tgk. Hendri Prakasa,Secondary school teacher,PD Usamah,Kalimantan Utara
bad804f2,Hj. Endah Mahendra,Research scientist (physical sciences),CV Iswahyudi Safitri Tbk,Kepulauan Riau
5e4554a6,Aslijan Simanjuntak,Product/process development scientist,UD Pangestu Tbk,Bali
5db3cb06,Makara Wahyuni,"Surveyor, hydrographic",Perum Rahimah Jailani (Persero) Tbk,Jawa Timur
82c6c997,"Martaka Wijaya, S.IP",Primary school teacher,PT Tampubolon Manullang,Jambi
2d49825d,Cemani Budiyanto,"Designer, blown glass/stained glass",UD Napitupulu (Persero) Tbk,Jambi
9310975f,"Yahya Pradana, S.Psi",Medical secretary,Perum Wastuti,Papua Barat
3e6f7aaf,"Ir. Emil Samosir, S.Farm",Town planner,UD Widiastuti Suwarno,Kalimantan Barat
95b82c56,Carub Situmorang,Chartered certified accountant,Perum Situmorang Maulana Tbk,Nusa Tenggara Timur
d2a964ee,"Adinata Mardhiyah, S.Pd",Operational investment banker,UD Rajata Latupono,Jawa Tengah
32dcf27f,Pangeran Kuswandari,Communications engineer,PT Widiastuti,Nusa Tenggara Timur
e2d2ebd7,Liman Zulkarnain,Health promotion specialist,UD Dongoran,Jawa Barat
b37693f1,Soleh Sudiati,Fish farm manager,CV Novitasari Prabowo,Sulawesi Barat
713e09c8,"Novi Zulkarnain, S.Pt",Chief Financial Officer,PD Budiman Jailani,Maluku
c7762af4,"Ir. Nadine Mahendra, S.Ked",Make,CV Latupono,Sumatera Barat
4d943333,Pangestu Purnawati,Optometrist,Perum Sitorus (Persero) Tbk,Maluku Utara
90a5f5a7,Zulfa Mayasari,Youth worker,CV Pudjiastuti Hastuti (Persero) Tbk,Kalimantan Tengah
5da04693,Nasim Usamah,Financial adviser,UD Nuraini,Jawa Tengah
e9571796,"Mulyanto Laksita, S.IP","Scientist, forensic",CV Permata Tbk,Papua Barat
70d92d7c,Irma Suryono,Exercise physiologist,CV Wacana Natsir Tbk,Sulawesi Tenggara
e4d28524,Hj. Kartika Rajata,Commissioning editor,UD Jailani Laksmiwati (Persero) Tbk,Kalimantan Utara
c64607e2,Liman Zulaika,Broadcast journalist,PD Latupono Sitorus (Persero) Tbk,Lampung
20cda2fd,Dr. Galur Laksmiwati,"Surveyor, planning and development",Perum Dabukke (Persero) Tbk,Sulawesi Barat
7d69fbda,Jail Zulkarnain,Catering manager,PT Damanik Tbk,Jambi
5242075a,"Nyoman Prastuti, S.Ked","Sound technician, broadcasting/film/video",Perum Budiyanto Permata,Kalimantan Timur
a47c7d14,Fathonah Pratama,"Research officer, political party",CV Prabowo Irawan,Aceh
d4ccf2df,Lalita Hardiansyah,Warehouse manager,Perum Siregar,Nusa Tenggara Timur
30d342c0,Among Lailasari,Immunologist,CV Maryadi,Jawa Tengah
e00050c6,drg. Galuh Suartini,Media buyer,PT Sinaga Tbk,Lampung
d8d9ad7b,Dt. Lembah Halimah,Barista,Perum Prasasta (Persero) Tbk,Aceh
4030d05e,Dt. Gading Kusumo,Early years teacher,CV Kurniawan Tbk,Papua Barat
0d357d1f,T. Rafid Tampubolon,Financial trader,CV Mangunsong Wahyuni Tbk,Jawa Timur
acaa9e3d,dr. Jais Pangestu,Sports coach,PD Uwais Tbk,Nusa Tenggara Timur
ab124d28,"Ikhsan Maryati, M.Kom.",Osteopath,PT Nasyidah Pratiwi,Riau
b903753d,"Damu Sihombing, S.Psi","Education officer, community",Perum Nababan Tbk,Sulawesi Utara
a0d9110e,"Vera Maulana, S.Sos",Barrister,PT Kuswoyo Tbk,Kalimantan Barat
4c80bc1d,Dalima Saputra,Hospital pharmacist,CV Wibisono Maryati,Riau
d4d62120,"R.A. Gilda Narpati, S.H.",Child psychotherapist,CV Puspasari (Persero) Tbk,Aceh
201f8a49,Marsito Sitompul,Geoscientist,PT Setiawan Wijaya Tbk,Aceh
2e9d32f2,Jindra Sinaga,Nutritional therapist,Perum Nasyiah,Kalimantan Timur
5969116c,"Cut Ellis Anggraini, S.E.",Quality manager,Perum Hartati Hariyah Tbk,Kepulauan Bangka Belitung
2d39c132,"Ratih Sihombing, M.TI.",Metallurgist,UD Haryanti Tbk,Kalimantan Tengah
b187ef15,Umay Putra,Hospital doctor,PD Safitri Tbk,Jambi
ea5cf4a6,Vera Gunawan,"Doctor, general practice",PT Fujiati Hardiansyah,Sulawesi Tengah
8726c72f,Kawaca Lailasari,Retail buyer,Perum Safitri Ardianto (Persero) Tbk,Jambi
85b7d247,Margana Pertiwi,"Engineer, broadcasting (operations)",PT Wibowo Tbk,Jambi
a53e24ee,"KH. Johan Prayoga, S.Pd",Regulatory affairs officer,CV Purnawati,Kalimantan Barat
cb8af95b,Latika Prastuti,Bonds trader,PD Pradana,Nusa Tenggara Barat
56250d27,"Siska Wijayanti, S.T.",Solicitor,UD Sitorus Dongoran Tbk,Aceh
8e028c3c,"R. Makuta Handayani, S.H.","Engineer, technical sales",PT Purnawati Purwanti Tbk,Kalimantan Tengah
91a01e75,Hasna Hariyah,Social worker,PD Lazuardi Sihombing,Jawa Timur
6b2dead6,Jatmiko Prayoga,Police officer,Perum Prasetya,Kepulauan Bangka Belitung
cf2c4e43,"Tiara Rahimah, S.Psi",Phytotherapist,CV Samosir,Jawa Timur
6edd2be6,"Mahfud Winarsih, S.I.Kom",Cytogeneticist,PD Prasasta Winarno (Persero) Tbk,Sumatera Utara
ccf5fd7d,Paulin Hardiansyah,"Psychotherapist, dance movement",Perum Prasasta Haryanti,Sulawesi Barat
56fb62de,Siti Purwanti,Land,PD Melani Natsir,Jawa Tengah
12ee7fe4,Hasna Wulandari,Television/film/video producer,CV Maulana,Kalimantan Tengah
1c99fc92,Lili Handayani,Pathologist,UD Uwais Budiyanto,Nusa Tenggara Timur
b823a2bf,Ir. Kenari Narpati,"Engineer, aeronautical",PT Maheswara,Jawa Tengah
9bca1f98,Garang Mansur,Electrical engineer,CV Mandasari,Gorontalo
3f5290e8,dr. Dewi Budiyanto,Location manager,UD Putra Pudjiastuti (Persero) Tbk,Maluku Utara
a4a1b03e,Indah Kusmawati,Community arts worker,Perum Astuti Tbk,Sumatera Utara
7708a87a,Vanesa Ardianto,"Engineer, communications",PD Prastuti (Persero) Tbk,Jawa Timur
c8f41b34,Bahuwirya Wibowo,Stage manager,PD Hariyah Tbk,Nusa Tenggara Barat
6ad7c633,Galih Wulandari,Physiotherapist,UD Utami Zulaika (Persero) Tbk,Sulawesi Selatan
1f349503,Paramita Saragih,Analytical chemist,PT Najmudin Waluyo (Persero) Tbk,Aceh
d4141bc8,Fitria Kusumo,Chief of Staff,CV Nababan Napitupulu,Sumatera Selatan
1b2f228a,dr. Dinda Simbolon,Politician's assistant,UD Utama,Aceh
f5a19add,Estiono Susanti,"Surveyor, commercial/residential",CV Damanik Sihombing Tbk,Sumatera Selatan
3400c024,Nilam Uyainah,"Pilot, airline",CV Riyanti Agustina (Persero) Tbk,Sulawesi Barat
75ef95ac,"KH. Kenzie Saputra, S.Sos","Surveyor, building control",Perum Prakasa Mulyani Tbk,Jawa Timur
e999106a,Sutan Rizki Tamba,"Scientist, forensic",Perum Simbolon Rahmawati (Persero) Tbk,DKI Jakarta
42349b94,"Banara Andriani, S.IP",Naval architect,UD Habibi Tbk,Papua
c5b1151c,"Irma Siregar, M.Ak","Engineer, maintenance (IT)",Perum Siregar Iswahyudi (Persero) Tbk,Papua Barat
9ec44606,Jais Astuti,"Designer, graphic",PT Zulkarnain Setiawan (Persero) Tbk,Maluku
c5026589,Tgk. Intan Anggraini,Call centre manager,CV Sihotang Gunarto (Persero) Tbk,Banten
57b0588e,Aswani Nashiruddin,Press photographer,Perum Halim Tbk,Lampung
55602dbe,Suci Halim,Production manager,PD Pratama Novitasari,Kalimantan Utara
0a8eedd2,"Drs. Yani Simanjuntak, M.Ak","Solicitor, Scotland",Perum Firmansyah (Persero) Tbk,Kalimantan Tengah
292751ae,Anita Prabowo,Health and safety inspector,PD Hidayat (Persero) Tbk,Aceh
ac03f2d2,Tari Megantara,Physiological scientist,CV Natsir Tbk,Sulawesi Utara
a4b27c1c,Dimas Andriani,Financial controller,CV Iswahyudi Nugroho,Bali
ec49baef,Bancar Mansur,Horticultural therapist,Perum Oktaviani (Persero) Tbk,Kalimantan Utara
d61e736d,"Hafshah Saputra, S.Pt",Set designer,PT Zulaika Megantara (Persero) Tbk,Sumatera Utara
619deda2,"R. Nabila Nashiruddin, S.T.","Designer, blown glass/stained glass",PT Pertiwi,Sulawesi Utara
74f3ba75,Hamzah Firmansyah,"Geneticist, molecular",CV Setiawan Suartini Tbk,Bengkulu
478ebd96,Kayla Maulana,"Psychologist, educational",PT Mangunsong Hassanah (Persero) Tbk,Sumatera Barat
7fbffe0d,"Ciaobella Padmasari, M.Kom.",Bonds trader,CV Wibowo,Maluku Utara
abe588f5,Gandi Habibi,Mechanical engineer,PT Suryatmi Pratiwi,Maluku
dd6c4fc3,Artanto Jailani,"Research officer, trade union",UD Astuti Tbk,Lampung
399be268,"Dt. Vinsen Tarihoran, M.M.",Chartered management accountant,UD Andriani Iswahyudi,Aceh
15686f15,Alika Gunarto,"Surveyor, rural practice",Perum Sudiati Aryani (Persero) Tbk,Sumatera Selatan
cc77c6f2,R. Zamira Sitorus,Research scientist (medical),PD Mustofa Rajata,Aceh
2eb3095e,Shakila Saptono,"Administrator, education",UD Winarsih Tbk,Gorontalo
98e14f6d,Hamima Maryadi,"Education officer, museum",Perum Iswahyudi Tbk,Sulawesi Tenggara
106f6d20,Elvin Pradipta,Merchant navy officer,Perum Winarno,Sumatera Selatan
cabde39a,Nadia Prasasta,Special educational needs teacher,CV Salahudin Tbk,Kalimantan Tengah
8defad2f,Baktiono Halim,"Therapist, art",CV Gunarto Tbk,Jambi
b14ad6e8,"R. Prasetyo Wahyuni, S.H.",Retail banker,PD Safitri Winarsih,Sulawesi Tenggara
c85707ec,Padmi Prabowo,"Accountant, chartered management",CV Pradipta Nasyidah Tbk,Sulawesi Tenggara
ff254cae,Pranawa Gunarto,Multimedia programmer,Perum Wahyudin Latupono Tbk,Papua Barat
5415ae20,"Rama Prasetya, M.Ak",Commercial art gallery manager,Perum Mardhiyah Andriani (Persero) Tbk,Sumatera Selatan
babc9a95,"Lulut Maryati, S.H.",Land/geomatics surveyor,CV Narpati Utama,Sulawesi Tenggara
f759da32,Raden Tamba,"Lecturer, further education",PD Mardhiyah Tbk,Nusa Tenggara Timur
4366f58f,"drg. Fitriani Maheswara, S.Psi","Nurse, learning disability",UD Nurdiyanti Mandasari,Bali
f97136e8,Kamidin Wibowo,Nature conservation officer,PD Siregar Suartini,Lampung
9dfd9beb,R.A. Maida Maulana,"Designer, ceramics/pottery",PT Puspasari Tbk,Sulawesi Tenggara
bea4933f,Faizah Pudjiastuti,Pharmacologist,UD Haryanto,Sumatera Utara
1cfac6c9,"Maya Budiyanto, M.M.",Research scientist (physical sciences),PD Puspasari,Jawa Barat
d5a3c80e,Diana Salahudin,Solicitor,Perum Ramadan Tbk,Sulawesi Barat
120d34f0,Kasiran Narpati,Publishing copy,PT Pradipta Tbk,Kalimantan Tengah
5c54a277,Asmuni Utami,"Nurse, learning disability",CV Dongoran Tbk,Kalimantan Utara
147387d6,Betania Winarno,Mudlogger,PT Marpaung Mahendra,Maluku
a270aa50,"drg. Farhunnisa Uyainah, S.IP",Solicitor,CV Firmansyah Saptono (Persero) Tbk,Nusa Tenggara Timur
bad42de9,"Dr. Diah Saputra, S.Pd",Television/film/video producer,Perum Safitri (Persero) Tbk,Papua
5621a753,Karsa Handayani,Chiropractor,Perum Latupono Sihombing,Sulawesi Tenggara
81a4f48a,Jessica Astuti,Magazine features editor,PD Haryanti Farida,Sulawesi Barat
8ab0a26c,"Mala Mansur, S.I.Kom","Doctor, hospital",PD Kusumo Padmasari,Kepulauan Bangka Belitung
f8561489,"Icha Zulaika, S.Gz",Marketing executive,Perum Natsir Rahayu,Banten
2eae2ee0,Latika Mangunsong,Broadcast journalist,Perum Najmudin Adriansyah (Persero) Tbk,Papua
571d434e,Syahrini Nasyidah,Publishing rights manager,Perum Marbun,Nusa Tenggara Timur
8e283884,Iriana Laksita,Contracting civil engineer,Perum Aryani (Persero) Tbk,Jawa Timur
f3958033,Safina Hardiansyah,Forest/woodland manager,Perum Puspasari Siregar (Persero) Tbk,Bengkulu
e2f0b2f3,Lasmono Wahyudin,Make,PT Saputra Rahimah,Kalimantan Barat
bd5a561e,"Puti Tira Damanik, S.E.I",Corporate treasurer,UD Januar (Persero) Tbk,Bengkulu
a4cca55b,Lili Thamrin,Immigration officer,CV Utami,Kepulauan Riau
cb287e19,Bagas Irawan,Transport planner,PT Adriansyah Pradana (Persero) Tbk,Kalimantan Utara
a9d2a8eb,Ika Sihombing,"Doctor, hospital",UD Firmansyah Sirait (Persero) Tbk,Sumatera Barat
746a1d2c,Laksana Hutagalung,Financial controller,PD Laksmiwati,Kalimantan Timur
026b596d,Arsipatra Iswahyudi,Community development worker,PT Mustofa Maryati Tbk,Kalimantan Utara
acac7b5c,"Puti Puti Napitupulu, S.T.",Scientific laboratory technician,CV Winarsih Mardhiyah Tbk,Jawa Tengah
cd195f95,Ajeng Oktaviani,Radiation protection practitioner,PT Nugroho Nababan (Persero) Tbk,Sumatera Utara
32468612,"Tgk. Talia Oktaviani, S.H.",Educational psychologist,PT Pertiwi,Maluku
d4f2041e,Tgk. Maria Hassanah,"Therapist, horticultural",PD Lazuardi Irawan Tbk,Sulawesi Utara
a87fe424,R. Warta Purwanti,Building surveyor,Perum Rahmawati Sitompul,Kalimantan Tengah
2f9b2f78,Garang Tarihoran,"Development worker, international aid",PD Kurniawan Januar (Persero) Tbk,Lampung
9c90ea25,Ayu Budiyanto,Occupational therapist,PD Kuswandari,Kalimantan Tengah
fc0c5fde,"Wawan Utama, S.Pd","Loss adjuster, chartered",PD Wahyuni Tbk,Sumatera Selatan
e9e61309,Garda Lazuardi,"Lighting technician, broadcasting/film/video",PD Sitorus Tbk,Bengkulu
6b3cd541,"Drs. Syahrini Melani, S.Gz","Therapist, horticultural",PT Nuraini Hassanah Tbk,Jawa Timur
701cecd5,Laila Wijaya,"Teacher, adult education",UD Hartati,Kalimantan Timur
e844e449,"Maimunah Halim, S.Ked",Clinical psychologist,PT Hastuti Jailani,Papua
36405fa7,Ulva Zulkarnain,"Teacher, adult education",PD Maryati Nasyidah,Gorontalo
6b19816e,Cakrawala Andriani,Mudlogger,Perum Riyanti,Aceh
1c906b1e,Restu Hartati,"Therapist, sports",UD Mustofa Widiastuti,Jawa Timur
83eea138,Kasiyah Puspasari,Volunteer coordinator,PT Zulkarnain Iswahyudi,Papua
95c06383,Bahuwarna Melani,Futures trader,UD Megantara,Kalimantan Timur
9230edc0,Rini Wibisono,Medical sales representative,Perum Jailani Nababan,Bengkulu
bded2ec5,Heryanto Rajata,Quantity surveyor,PT Rajata Tbk,Papua Barat
f14d08de,Bahuwarna Wijayanti,Archaeologist,Perum Pradana Anggraini,Bali
13767d41,"Hani Januar, S.Psi",Mudlogger,PT Usamah Simbolon (Persero) Tbk,Kalimantan Tengah
23ca788c,Gading Mardhiyah,Maintenance engineer,PT Anggriawan Hartati,Nusa Tenggara Barat
35d042ba,Enteng Mardhiyah,Architectural technologist,UD Pangestu,Kepulauan Riau
7c4aebb6,Mutia Putra,Armed forces technical officer,Perum Sitorus Hariyah,Papua Barat
82da5eb8,Zulaikha Wastuti,Theatre director,Perum Lestari (Persero) Tbk,Kalimantan Selatan
756e903e,Jessica Purnawati,Medical secretary,PD Wasita Wulandari,Papua Barat
88731a63,Dasa Kusumo,Sports development officer,Perum Rajasa (Persero) Tbk,Sulawesi Utara
475ad74c,Paiman Maulana,Occupational therapist,PT Hasanah (Persero) Tbk,Nusa Tenggara Timur
79fa29c9,R.M. Tomi Hariyah,Land,PT Prabowo (Persero) Tbk,Kalimantan Timur
8b023723,Drs. Jais Anggraini,English as a second language teacher,PT Rajasa Hutasoit,Kalimantan Utara
bd0cce21,"dr. Asmuni Sitompul, S.E.I",Financial risk analyst,Perum Sinaga,Kalimantan Tengah
df6c96e1,Najwa Kuswandari,Further education lecturer,PT Prasasta Hardiansyah,Kalimantan Selatan
5ee8051b,Luhung Palastri,"Chemist, analytical",PD Usada Yuliarti,DKI Jakarta
f10fa770,"T. Rama Wacana, M.Pd",Youth worker,PD Hasanah Tbk,Sumatera Barat
5a1589ca,"Puti Gabriella Budiyanto, S.E.","Surveyor, commercial/residential",PT Natsir (Persero) Tbk,Kalimantan Utara
68b0ca6e,Salsabila Najmudin,Building surveyor,CV Pradana Yulianti Tbk,Papua Barat
79388713,Devi Dabukke,Dancer,Perum Safitri,Sulawesi Tengah
66161803,"Tgk. Okta Hartati, S.E.I","Engineer, communications",Perum Najmudin Tbk,Maluku Utara
967d4ce3,Puti Pratiwi,"Accountant, chartered public finance",UD Lestari,Maluku
c78dddd9,Prakosa Ramadan,Trade union research officer,PT Hassanah,Maluku
e10d2006,"R.M. Indra Puspasari, S.H.",Dispensing optician,UD Namaga (Persero) Tbk,DKI Jakarta
5d6afb93,"Kasusra Aryani, S.Ked",Herbalist,Perum Wijaya Tbk,Maluku
934296b2,Gaiman Sitompul,Printmaker,CV Haryanti,Jawa Tengah
1c7c9309,Baktiadi Jailani,Medical technical officer,PD Suryono,Sumatera Utara
03ee8b12,Lurhur Samosir,Sports administrator,UD Sihombing Suwarno,Gorontalo
69ea56e1,Ian Gunawan,"Scientist, research (maths)",Perum Mandasari Tbk,Jawa Barat
03da9cae,"drg. Daruna Waskita, S.E.I",Health promotion specialist,PT Pratiwi (Persero) Tbk,Jawa Barat
99a3cdbf,Eman Hassanah,Commercial/residential surveyor,PD Haryanti Hakim (Persero) Tbk,Kalimantan Selatan
3b2f9cf6,"Tgk. Cager Riyanti, S.Pd",Building control surveyor,UD Widodo Uwais Tbk,Kalimantan Selatan
0f8109ed,Banara Susanti,"Therapist, drama",UD Wibowo (Persero) Tbk,Sumatera Barat
3ccfdd81,"Diana Sihombing, S.Ked",Photographer,PD Haryanti Prasetyo,Aceh
4c391fdb,Warsa Zulaika,Dance movement psychotherapist,PD Hariyah Wijaya,Papua
6911ab24,"Elvina Pradipta, M.M.","Editor, commissioning",CV Yuliarti Andriani (Persero) Tbk,Gorontalo
d08d7456,Kenzie Permata,Arts administrator,UD Puspita Pratama,Aceh
e0dbf95f,"Dina Prasetyo, S.Kom",Accounting technician,CV Mahendra Prastuti Tbk,Papua Barat
e215607b,Timbul Prastuti,Forensic psychologist,CV Puspasari,Kepulauan Riau
fa2980a3,Yani Puspasari,Chiropractor,CV Sihombing,Sulawesi Selatan
a19868b7,"Dt. Ibrahim Melani, M.Farm","Horticulturist, commercial",UD Wijayanti Januar,Kalimantan Barat
09ab7467,Dr. Shania Wijaya,Community development worker,CV Suryono (Persero) Tbk,Nusa Tenggara Timur
03530527,Puti Hafshah Purwanti,Forensic psychologist,Perum Mulyani,Sulawesi Barat
ea73a4d8,Shania Latupono,"Surveyor, building control",Perum Zulkarnain Farida (Persero) Tbk,Maluku Utara
4de2beb1,Kadir Prasasta,Education administrator,PD Utami Suartini Tbk,Lampung
d86ae246,Gamani Oktaviani,Agricultural engineer,Perum Mangunsong Yulianti,Lampung
94e29f2a,Irfan Lailasari,Neurosurgeon,CV Susanti Tbk,Aceh
35716764,Kuncara Najmudin,Automotive engineer,PT Hakim,Kalimantan Timur
34bafd1b,Cinta Sudiati,Occupational hygienist,Perum Hutasoit,Banten
e5a47e52,"Bella Aryani, S.E.I","Designer, jewellery",UD Budiman,Sumatera Barat
f9fe792a,Pranawa Nashiruddin,Lobbyist,PT Laksita,Sulawesi Tengah
a4ab92cf,Emin Suwarno,Quality manager,UD Wahyudin Pratiwi,Kalimantan Utara
0b041619,Sabrina Simbolon,Newspaper journalist,CV Nasyidah Hutagalung Tbk,Papua Barat
e285b1c2,"Puti Umi Purnawati, S.Pt",Commissioning editor,Perum Putra Halimah (Persero) Tbk,Jawa Barat
11fa84ab,"R.M. Pranata Irawan, S.Pd",Dramatherapist,CV Hartati Tbk,Jambi
eea294df,Mumpuni Nainggolan,"Nurse, children's",Perum Suryatmi (Persero) Tbk,Sulawesi Tenggara
0e209cdb,Vicky Maryadi,Medical technical officer,PD Fujiati Tbk,Banten
11899c10,Tari Marbun,"Psychotherapist, dance movement",UD Iswahyudi Tbk,Sumatera Utara
d2fa99ab,Yance Waskita,"Surveyor, building",CV Hariyah Agustina,Papua Barat
ba6e2714,Elma Agustina,"Therapist, sports",UD Budiman Wasita Tbk,Sulawesi Tenggara
3150058e,"Adiarja Pertiwi, S.T.",Health and safety inspector,Perum Fujiati,Lampung
a5cbe223,Gandi Uwais,Clothing/textile technologist,CV Budiman Tbk,Papua
40c80463,"Tgk. Niyaga Marpaung, S.Ked",Research scientist (medical),CV Hassanah Prasetya (Persero) Tbk,Maluku Utara
e84195ee,Adhiarja Kusumo,IT sales professional,PD Sitompul Hutapea Tbk,Bengkulu
15fe8f2b,Lanang Andriani,"Engineer, structural",PD Waluyo,Nusa Tenggara Timur
80360839,R.A. Clara Kuswoyo,"Physicist, medical",PD Megantara Fujiati (Persero) Tbk,Kepulauan Riau
81d30379,Mutia Tamba,"Lighting technician, broadcasting/film/video",UD Simbolon Susanti,Papua Barat
2a78910d,Jono Winarno,Stage manager,PD Safitri,Papua Barat
96df9036,"dr. Cahyo Situmorang, M.Pd",Materials engineer,PT Rajasa Nuraini (Persero) Tbk,Sulawesi Tenggara
c6a3cdff,Gasti Saptono,"Nurse, learning disability",PD Najmudin Nasyiah Tbk,Kepulauan Bangka Belitung
a0df2619,Putu Suryatmi,Clothing/textile technologist,CV Farida (Persero) Tbk,Sumatera Barat
7a2fba2d,KH. Carub Nasyiah,Theme park manager,Perum Prayoga Uyainah (Persero) Tbk,Papua Barat
2480d924,"Tgk. Wisnu Usamah, S.H.",Public librarian,PD Suryono Suryatmi Tbk,Bali
bf73a547,Salsabila Latupono,Oncologist,UD Situmorang Farida,Nusa Tenggara Barat
03bfc82b,"Puti Elma Widodo, S.Ked","Surveyor, quantity",UD Wahyuni Anggraini (Persero) Tbk,Maluku Utara
210c10e7,Drs. Balijan Waskita,Personal assistant,UD Nababan Tbk,Sumatera Barat
e48ded22,Devi Hakim,Chartered loss adjuster,UD Ramadan Mardhiyah,Jawa Tengah
1b624410,R. Genta Andriani,"Civil engineer, consulting",Perum Natsir Tbk,Sulawesi Utara
d81b5baa,Mursinin Gunarto,Market researcher,PT Mandasari Jailani,Sumatera Barat
c5442799,Radika Suartini,IT sales professional,Perum Wijayanti Pranowo,Kepulauan Bangka Belitung
3f12e5a4,"dr. Gading Sinaga, S.I.Kom","Sales professional, IT",CV Nuraini,Jawa Tengah
a0976811,Ir. Queen Padmasari,Educational psychologist,PD Saragih (Persero) Tbk,Jawa Timur
aa051609,Prasetya Hutasoit,Arts development officer,Perum Nurdiyanti Firmansyah,Kalimantan Barat
6bfba781,"Rini Firgantoro, S.Pd",Trade union research officer,PD Lailasari,Papua Barat
91d69c91,Michelle Budiyanto,Ship broker,Perum Wibisono Saptono,Kalimantan Timur
3c69213c,Nadia Haryanto,Personal assistant,UD Suwarno Pangestu Tbk,Bali
7c310fcd,"Warji Zulkarnain, S.E.I",Charity officer,CV Hariyah Prakasa Tbk,Kalimantan Selatan
b9376f6a,Gilda Sitompul,Dealer,CV Nainggolan (Persero) Tbk,Aceh
e272f942,Dr. Anita Natsir,"Surveyor, rural practice",Perum Tamba Yuliarti,Sumatera Utara
2fbb07c6,"Yono Saputra, M.Pd",Health and safety adviser,Perum Lailasari Tbk,Kepulauan Riau
232f6e24,Wulan Lestari,Medical physicist,Perum Samosir (Persero) Tbk,Sulawesi Tengah
6928d4af,"Jatmiko Haryanti, M.M.",Event organiser,UD Yuliarti Prakasa Tbk,Lampung
c5a3e01e,Dr. Waluyo Agustina,"Scientist, physiological",Perum Saragih Wijayanti,Kalimantan Tengah
5ec62d6a,"T. Prayitna Usada, S.Sos",Administrator,PT Prasasta Wijayanti,Sulawesi Barat
615c336b,Darsirah Gunarto,Trade union research officer,Perum Simanjuntak,Kepulauan Bangka Belitung
9467a01b,H. Ganep Marpaung,"Psychotherapist, dance movement",PT Natsir Purwanti,Bengkulu
0122440d,Drs. Sari Andriani,"Psychologist, prison and probation services",Perum Kusumo,Kalimantan Barat
2b3c531e,drg. Wirda Gunarto,Dispensing optician,PT Aryani,Jawa Tengah
525b8f6b,"Ir. Tiara Mandala, M.TI.",Travel agency manager,CV Hakim,Sulawesi Tengah
69ebfcf9,Nadine Handayani,Sales promotion account executive,Perum Kuswoyo Winarsih,Nusa Tenggara Timur
21c63a19,Mustofa Thamrin,"Geologist, wellsite",PT Wulandari Siregar Tbk,Sumatera Barat
42c07953,"Ir. Ella Nababan, S.I.Kom",Glass blower/designer,PT Tarihoran,Jawa Tengah
ba2af0de,"Drs. Ina Marbun, S.Farm","Production designer, theatre/television/film",UD Susanti (Persero) Tbk,Kalimantan Selatan
eb861241,Tania Andriani,Dramatherapist,PD Saputra Tbk,Kepulauan Bangka Belitung
dc776d82,Lidya Nuraini,Lawyer,Perum Astuti (Persero) Tbk,Sumatera Barat
8a3e26ff,"R.A. Wulan Pratama, S.Sos",Armed forces training and education officer,UD Puspita Usamah,Banten
3a92108a,Kemal Saputra,Air cabin crew,CV Yolanda Mulyani Tbk,Bengkulu
696981f9,Amelia Nasyidah,"Administrator, education",CV Kusmawati (Persero) Tbk,Nusa Tenggara Timur
81f6849e,Restu Pudjiastuti,Production engineer,Perum Oktaviani,Sumatera Barat
d718337d,"Tgk. Liman Jailani, S.H.",Control and instrumentation engineer,UD Saptono,Banten
6ab9e446,Naradi Padmasari,Homeopath,PT Simanjuntak Tbk,Sulawesi Tenggara
bcdd839c,"Ella Lazuardi, S.E.",Newspaper journalist,CV Prasetyo,Gorontalo
ab238d63,Hari Winarsih,Animal nutritionist,UD Hutapea Lestari,Papua Barat
094bd151,Maria Lailasari,"Accountant, chartered certified",CV Winarno Megantara,Gorontalo
98df9646,"drg. Gilang Najmudin, S.E.",Visual merchandiser,CV Pradipta,Sumatera Utara
4435be71,"Kania Putra, S.Gz","Therapist, sports",CV Hutapea Pranowo,Kalimantan Tengah
021bb36b,Margana Padmasari,Operations geologist,CV Irawan Halim Tbk,Lampung
01435a30,"Drs. Hana Usamah, S.Ked",Manufacturing engineer,PD Wacana Tbk,Aceh
d1d8847f,"KH. Hendra Suwarno, M.M.","Research officer, government",CV Damanik Mahendra Tbk,Sumatera Selatan
cd871a0c,"Dt. Umar Tampubolon, S.Pd",Sales promotion account executive,PD Wibisono,Jambi
2c48c10f,"Empluk Puspasari, S.Pd",Sales executive,CV Rajata Tbk,Jambi
6222f60b,Cinta Hidayanto,"Surveyor, planning and development",CV Sudiati Anggriawan Tbk,Jawa Tengah
005b3bb6,Tira Nasyidah,Banker,CV Widodo,Kalimantan Tengah
b2100674,Gawati Saefullah,Occupational psychologist,PD Puspita Latupono (Persero) Tbk,Kalimantan Barat
51e1b7cc,"Lembah Handayani, S.Pd",Historic buildings inspector/conservation officer,PT Pangestu,Sumatera Selatan
bf86cc38,"Uda Farida, S.E.I",Quarry manager,UD Haryanti Tbk,DKI Jakarta
48effa5b,"Puti Zelda Wacana, M.Pd","Education officer, community",PT Situmorang (Persero) Tbk,Papua Barat
11553f01,Saadat Pradipta,"Solicitor, Scotland",Perum Nashiruddin Kusmawati (Persero) Tbk,Kalimantan Utara
912dea32,Paris Prasetyo,Actuary,Perum Hariyah Puspita (Persero) Tbk,DKI Jakarta
a3dfd64b,Prima Farida,Insurance risk surveyor,UD Hutagalung Prasetya (Persero) Tbk,Sumatera Utara
1062d74c,"Syahrini Wastuti, S.Pd",Psychiatric nurse,PT Nainggolan Prasasta,Kalimantan Timur
ab2d9db8,drg. Farah Permata,"Engineer, civil (contracting)",Perum Sirait Tbk,Gorontalo
999d24a1,"H. Bakiman Fujiati, S.Kom","Buyer, industrial",CV Fujiati,Kalimantan Barat
ef5806f4,Tina Tamba,Web designer,UD Rahayu Najmudin (Persero) Tbk,Jawa Timur
5343eed4,Kardi Laksmiwati,"Buyer, retail",UD Mulyani Tbk,Gorontalo
3cd4e67f,Olivia Natsir,Restaurant manager,CV Agustina Halimah,Kepulauan Bangka Belitung
21d08ec8,"KH. Mahmud Nasyidah, M.Pd",General practice doctor,CV Nugroho Thamrin Tbk,Kepulauan Riau
e77e8e8d,Safina Maryati,Microbiologist,PD Sihotang Maulana Tbk,Banten
19c4681c,"Dt. Hairyanto Usada, M.TI.",Sub,Perum Wijaya Hutagalung (Persero) Tbk,DKI Jakarta
6515f7b8,Ir. Dalima Pranowo,Copy,Perum Wasita Gunarto (Persero) Tbk,Sumatera Utara
ab2170f6,"Tgk. Sabrina Sihombing, M.Ak",Financial controller,UD Mandala,Jambi
ae07acc5,Dr. Nasab Sitorus,Psychiatrist,Perum Ardianto Tbk,Aceh
6b54405f,Julia Nurdiyanti,"Pharmacist, community",Perum Safitri Mansur,Maluku Utara
ad96ee50,"dr. Kalim Firmansyah, S.Pt","Doctor, hospital",UD Padmasari Mandala (Persero) Tbk,Sumatera Selatan
d70d977d,dr. Gasti Puspita,Accounting technician,Perum Handayani Wacana Tbk,Maluku
539955c3,"Prayogo Lestari, M.TI.",Magazine journalist,PD Januar (Persero) Tbk,Sulawesi Utara
e9b8599d,Tania Hutagalung,"Editor, magazine features",PD Andriani Hassanah,Bali
511d3af1,Vera Salahudin,Print production planner,UD Sinaga Yuniar,Jambi
be6c230a,Gasti Nugroho,Ophthalmologist,PT Firmansyah Tbk,DKI Jakarta
8a3ea677,Kania Yuniar,Animal technologist,PD Pradipta,Nusa Tenggara Timur
09d7279f,Hj. Yunita Nurdiyanti,Materials engineer,PT Narpati Prakasa (Persero) Tbk,Kalimantan Utara
5bf92ec5,"KH. Radika Samosir, S.Pt","Engineer, maintenance",UD Simbolon Tbk,Nusa Tenggara Barat
729e4bd3,R. Lili Budiyanto,"Surveyor, rural practice",UD Hartati,Bengkulu
7d1b3291,Rina Wibowo,Applications developer,PT Suartini,Bali
a02c5188,Rina Pradipta,Insurance underwriter,UD Suryono Riyanti,Kalimantan Utara
7e44a400,"Dt. Bakidin Pradana, S.Gz",Environmental consultant,CV Suwarno Waluyo (Persero) Tbk,Papua
a5cc5436,"Jamil Utama, S.E.I","Surveyor, hydrographic",UD Wijayanti Prabowo Tbk,Papua Barat
e2239266,Siti Irawan,Forest/woodland manager,Perum Prastuti Riyanti,Jawa Barat
3d2369c0,"Dr. Julia Marpaung, S.Gz",Operational investment banker,PD Farida,Nusa Tenggara Timur
a2eeb3e6,"Kadir Nuraini, M.Kom.",Special educational needs teacher,PT Yuniar,DI Yogyakarta
5a32cd00,Okta Maulana,Travel agency manager,PT Nugroho,Kalimantan Utara
9ee8c056,"R.A. Widya Sihotang, M.Ak",Agricultural consultant,PD Fujiati,Jambi
67f31d88,Bakiman Namaga,"Designer, interior/spatial",PT Farida Anggriawan,Bengkulu
af3e0162,"Kacung Santoso, S.E.I",Museum/gallery curator,PD Padmasari Wahyudin Tbk,DKI Jakarta
a2d6dbae,Kemal Purwanti,"Sales professional, IT",Perum Sitorus (Persero) Tbk,Sumatera Utara
8e964ff1,Drs. Dimas Situmorang,Technical author,Perum Usamah Tbk,Aceh
8c196345,Gawati Narpati,Occupational therapist,Perum Pangestu Tbk,Aceh
99c4f3da,Diana Pudjiastuti,"Research officer, trade union",CV Narpati Sitompul Tbk,Bengkulu
ac81fa15,Daliono Zulkarnain,Television floor manager,CV Puspasari Mansur Tbk,Kepulauan Riau
55edc883,Farah Gunarto,Graphic designer,Perum Waskita,Kepulauan Riau
a359816f,"R.M. Jasmani Permadi, M.Ak","Surveyor, building",PT Salahudin Riyanti (Persero) Tbk,Jambi
a7a3e9ff,Sutan Ganda Laksmiwati,Farm manager,PT Maryadi Pertiwi Tbk,Gorontalo
64337add,Julia Handayani,Chief Technology Officer,UD Prasasta,Maluku Utara
844cf8f0,Tgk. Cemplunk Hasanah,Personnel officer,UD Prabowo,Kepulauan Riau
ced0f189,Agus Tarihoran,"Teacher, primary school",UD Gunawan Nashiruddin (Persero) Tbk,Kalimantan Selatan
8bd14288,"Drs. Balangga Melani, S.Ked",Theatre director,Perum Fujiati Maryadi,Banten
3e2b9a05,"Puti Ciaobella Wahyudin, M.M.","Engineer, automotive",UD Megantara,Jambi
c8710ba7,Baktianto Widodo,Glass blower/designer,PD Nurdiyanti Suryatmi Tbk,Papua Barat
cfe78887,"Yessi Tampubolon, M.Farm",Community education officer,Perum Rahimah Hidayanto,Maluku
017734bf,Putri Napitupulu,Ranger/warden,CV Hastuti,Maluku
c1433631,Wage Yuliarti,Dentist,Perum Wibowo Tbk,Jambi
720da311,"Nabila Tamba, S.Psi","Psychologist, clinical",UD Handayani Puspasari,Aceh
6d14092b,"Nova Prasetya, S.Farm",Physiotherapist,PT Dabukke Dabukke (Persero) Tbk,Maluku
5ed37333,"Novi Prastuti, M.Ak",Health promotion specialist,UD Wijayanti,Gorontalo
3c51b71e,"Laksana Yuliarti, S.Pt",Intelligence analyst,PD Saefullah (Persero) Tbk,Sumatera Utara
95b3b279,"Margana Wibowo, M.Pd","Surveyor, building control",CV Jailani Firgantoro,Kalimantan Timur
cbcccd04,"dr. Dina Nasyidah, S.Psi","Engineer, manufacturing",PD Palastri Anggraini,Jawa Tengah
1c753751,"Genta Nashiruddin, S.E.",Multimedia specialist,Perum Sihombing Tbk,Sulawesi Selatan
525d9ebd,Sakura Situmorang,Airline pilot,CV Novitasari Nababan (Persero) Tbk,Bengkulu
7aa5d89d,Dt. Hasta Hidayat,"Psychologist, occupational",UD Siregar Wibowo,Sulawesi Tengah
285674ea,"Daryani Adriansyah, M.Farm",Forensic scientist,CV Hutagalung Susanti (Persero) Tbk,Kalimantan Barat
197f5757,Yoga Nasyidah,Hospital pharmacist,UD Wahyuni Mardhiyah Tbk,Nusa Tenggara Barat
866057cb,Ami Mansur,Special effects artist,Perum Novitasari,Kalimantan Tengah
8949a8e6,"KH. Wadi Rajasa, S.Pd",Bonds trader,CV Rahimah Adriansyah,Kalimantan Tengah
4dff3264,Yani Tampubolon,Energy engineer,CV Oktaviani,Maluku
57bf9339,Yunita Anggriawan,"Designer, exhibition/display",PT Suryono (Persero) Tbk,Riau
71b62d96,H. Damu Anggriawan,Air broker,CV Sinaga,DI Yogyakarta
8ba8de16,"Fitriani Tamba, M.Kom.",Industrial buyer,CV Pertiwi Maryadi Tbk,Sumatera Barat
72cb089f,Eka Megantara,"Librarian, academic",Perum Nugroho,Sumatera Selatan
defcca35,Zulfa Adriansyah,Retail buyer,Perum Aryani Napitupulu (Persero) Tbk,Sulawesi Selatan
1b8b0036,Drs. Ellis Maheswara,Museum/gallery conservator,CV Purnawati,Kalimantan Barat
c57cb851,"Yance Aryani, M.TI.",Hotel manager,CV Mangunsong (Persero) Tbk,Gorontalo
29823225,Wage Firmansyah,Volunteer coordinator,PT Novitasari Hutasoit (Persero) Tbk,Kalimantan Tengah
7d53fb75,Tgk. Utama Budiman,Speech and language therapist,PD Sihombing Damanik Tbk,Sumatera Utara
1950d49e,Dt. Harto Firmansyah,"Geneticist, molecular",Perum Habibi,Kalimantan Timur
853414ab,Fitriani Uwais,Neurosurgeon,UD Halim Hutagalung,Jawa Tengah
e76a48c9,"Ir. Irma Wibisono, S.Ked",Arts administrator,PT Widiastuti Natsir,Bali
6fef692f,R.M. Vino Usada,Quantity surveyor,PD Halim,Nusa Tenggara Timur
f360794a,"Irfan Farida, M.Farm",Ambulance person,UD Utama Purwanti Tbk,Lampung
0a5fb962,"drg. Marwata Adriansyah, S.Pt","Designer, blown glass/stained glass",UD Firmansyah Tbk,Banten
fa744932,"Titin Thamrin, M.TI.",Advice worker,PT Kusmawati Rajasa Tbk,Kalimantan Tengah
8138bc87,Satya Sitompul,Paramedic,PD Uwais,Sumatera Barat
bcd92291,"drg. Wira Maheswara, M.Pd",Magazine features editor,UD Prabowo Sitorus,Maluku
8704f83c,Nalar Widodo,Automotive engineer,CV Firmansyah (Persero) Tbk,Kalimantan Utara
6c5e9686,Adika Nababan,"Administrator, Civil Service",PD Suwarno (Persero) Tbk,Sumatera Selatan
a7326175,Sutan Dartono Purnawati,"Engineer, mining",PT Suartini Tbk,Kepulauan Bangka Belitung
5a11ee48,Talia Latupono,"Geologist, wellsite",PD Nuraini Dabukke (Persero) Tbk,Nusa Tenggara Barat
5beb3f64,Zaenab Dabukke,"Embryologist, clinical",Perum Lazuardi Habibi,Papua Barat
fb463b67,Dono Mayasari,Chief Operating Officer,Perum Uwais Permadi,Jawa Timur
f2bf7466,Drs. Omar Prasetyo,Lexicographer,PT Susanti,Papua
94a42bc2,"Cut Elma Narpati, M.Farm",Diplomatic Services operational officer,Perum Purnawati,Kepulauan Riau
98ab2425,"R. Sari Suwarno, S.Farm","Doctor, hospital",PT Situmorang Tbk,Maluku Utara
a8dd6a99,Ina Waskita,Mining engineer,CV Budiman Yuliarti Tbk,Kalimantan Tengah
7eedec1b,Diah Rahimah,Broadcast engineer,PT Sitorus,Sumatera Utara
5dd99cf2,"R.M. Okta Gunawan, M.Ak",Analytical chemist,PT Maryadi Prasasta,Jawa Tengah
bb1c1811,H. Atma Mahendra,"Scientist, research (medical)",PT Winarsih Hutagalung,Riau
43f42ca5,Indah Maulana,"Therapist, art",UD Dabukke Tbk,Kalimantan Utara
9107a38e,"T. Respati Novitasari, S.T.",Community pharmacist,PT Usamah Ramadan,Jambi
546a7e7d,Warta Hariyah,Haematologist,Perum Hardiansyah,Sulawesi Tengah
8c9dea58,"dr. Anastasia Hutagalung, S.Ked",Environmental manager,PD Waskita Tbk,Jawa Timur
684f7671,Jatmiko Mansur,Animal nutritionist,PT Saputra (Persero) Tbk,Riau
ca608145,"Lanjar Budiyanto, S.I.Kom",Museum/gallery exhibitions officer,PD Wulandari,Gorontalo
81b612e6,"Artanto Pudjiastuti, S.Pt",Press photographer,PD Wibisono Maheswara,Sulawesi Selatan
60b7ab99,Febi Hasanah,Press sub,PT Pradana,Jawa Barat
0ee24308,"Bella Ramadan, S.E.I",Training and development officer,CV Andriani Tbk,Sumatera Selatan
e7105c92,Rachel Nasyidah,Hospital pharmacist,PD Damanik,Sulawesi Selatan
cde2f1d7,Puti Winarsih,Public affairs consultant,PT Simbolon Permadi Tbk,Sulawesi Tengah
e1a177f1,Rafid Pertiwi,Interpreter,PT Palastri,Nusa Tenggara Timur
c2ff3d61,Prakosa Sudiati,"Producer, television/film/video",CV Saragih Puspasari Tbk,Lampung
a1cabad6,Oliva Permata,Product/process development scientist,PD Waskita,Lampung
5e0f35e3,Waluyo Usamah,"Education officer, environmental",CV Utama Purwanti (Persero) Tbk,Jawa Barat
c9274f32,"Reza Maulana, S.IP",Police officer,UD Nashiruddin Tbk,Kalimantan Tengah
42826ae5,"Tedi Mandasari, S.H.",Event organiser,Perum Pratama Narpati Tbk,Lampung
71594657,Dalimin Utama,Pharmacologist,Perum Sinaga Natsir,Sulawesi Tengah
9087423d,Gangsa Sitompul,Visual merchandiser,CV Wibisono Kusumo Tbk,Maluku Utara
4dfdcb60,"drg. Endra Suryono, S.Kom",Homeopath,PT Saefullah,Kalimantan Barat
111c677d,Wadi Utama,"Therapist, drama",CV Thamrin Prasasta,Riau
97b83ac2,Drs. Emil Prastuti,Armed forces technical officer,CV Rajasa (Persero) Tbk,Kalimantan Barat
614196a6,Ir. Diana Rahayu,Police officer,UD Siregar Utami,Kalimantan Barat
5ae9aaf1,T. Jamil Pertiwi,"Engineer, electrical",UD Hutasoit Prastuti,Maluku
45309eba,"Puti Sadina Adriansyah, S.T.","Production designer, theatre/television/film",PD Yuniar Simbolon Tbk,DKI Jakarta
6951b29a,H. Balangga Kuswandari,Audiological scientist,PD Hasanah Mulyani,Kalimantan Barat
d033af9a,dr. Siti Mansur,"Engineer, automotive",PD Kuswoyo Halimah,Sumatera Utara
424c7abd,Melinda Rahayu,"Engineer, biomedical",UD Melani (Persero) Tbk,Bali
d92486d8,"Mitra Utama, S.Sos",Optometrist,PD Damanik Safitri Tbk,Sumatera Selatan
4f05c275,Drs. Yulia Januar,"Conservation officer, nature",PD Zulkarnain Pradana,Kalimantan Selatan
4e2c58e3,Betania Tarihoran,Secondary school teacher,CV Prabowo Manullang,Jawa Tengah
5fd14057,Tasdik Anggraini,Colour technologist,Perum Nuraini Tamba Tbk,Bali
6c1be03f,"drg. Ulya Nashiruddin, S.Sos",Patent attorney,Perum Napitupulu,Nusa Tenggara Timur
fec09206,Jasmin Nugroho,Building surveyor,CV Astuti Tbk,Riau
092f31b6,Zelaya Nasyiah,Stage manager,PT Hutapea,Sulawesi Tengah
965de398,"Tgk. Zulaikha Hassanah, S.H.","Designer, ceramics/pottery",CV Wibisono Tbk,Riau
a4272ba2,"Siska Yulianti, S.Pd",Social researcher,PD Nuraini,Sulawesi Utara
494d3132,Lamar Sihotang,"Programme researcher, broadcasting/film/video",PT Rajasa Marpaung,Sulawesi Barat
117a997b,Lalita Dongoran,Newspaper journalist,Perum Wastuti,Maluku Utara
9c7754b6,Putri Kurniawan,Arts development officer,UD Hakim Laksmiwati,Gorontalo
a28ec67a,Rizki Sihotang,Petroleum engineer,PT Haryanti (Persero) Tbk,Papua
a1537601,Kasiyah Halimah,Camera operator,PT Utama (Persero) Tbk,Sumatera Utara
58c51361,Enteng Namaga,"Programmer, multimedia",PD Fujiati Prakasa,Maluku Utara
3563280e,Dr. Lega Wijayanti,"Engineer, building services",UD Tamba Rajata (Persero) Tbk,Kalimantan Timur
2a2acc2c,Satya Rajasa,Charity officer,PD Rahimah Sihombing,Sulawesi Tengah
680d3e11,"Zamira Waluyo, M.TI.",Sport and exercise psychologist,CV Kuswandari Pratiwi,Gorontalo
d1d30362,"Ulva Riyanti, S.E.I",Conference centre manager,CV Hasanah Puspasari,Kalimantan Barat
52f5af34,dr. Hana Sirait,Theatre manager,Perum Lailasari Saefullah,Jawa Barat
3cce90ff,Cakrawala Simbolon,Occupational hygienist,UD Purnawati Tbk,Jawa Tengah
ecf8aa4b,R. Usyi Nurdiyanti,"Designer, interior/spatial",PD Wibowo (Persero) Tbk,Sulawesi Selatan
e47783c8,"Dr. Raharja Januar, S.E.",Advertising art director,PT Pratiwi,Sulawesi Tengah
ca454acf,"Dt. Cawisono Yolanda, S.Pd","Surveyor, building",PT Yulianti Salahudin (Persero) Tbk,Jawa Barat
7b93a54e,Endah Wahyudin,"Conservator, furniture",UD Mansur Pratiwi,DI Yogyakarta
bc23ed77,"Ibrani Prakasa, S.Farm",Chemical engineer,CV Dabukke Tbk,Jawa Barat
d400a40a,"Cakrawala Pratiwi, S.IP",Ambulance person,PT Kusumo,Maluku Utara
c428f660,Cager Saptono,Counsellor,CV Riyanti Novitasari,Sumatera Selatan
b4307139,Elisa Habibi,"Surveyor, quantity",UD Saputra,Banten
71e4283f,Ir. Kalim Jailani,"Programme researcher, broadcasting/film/video",UD Pratama Hastuti,DKI Jakarta
158f6132,Almira Megantara,"Therapist, music",PD Suartini Tbk,Kepulauan Bangka Belitung
b7d88d42,Iriana Hakim,Operations geologist,CV Dongoran Lazuardi,Kalimantan Timur
07a736b5,Prasetyo Prasetya,English as a second language teacher,PD Hutapea,Sulawesi Selatan
973c15be,"Tgk. Edi Narpati, S.E.I",Translator,UD Yuliarti (Persero) Tbk,Sumatera Barat
dd20e103,Hesti Hutasoit,Investment analyst,PD Prasasta Uwais,Maluku
6fb41880,Radit Hutagalung,Homeopath,CV Kuswoyo,Maluku
83de4584,"Dewi Nurdiyanti, S.E.I",Environmental education officer,CV Winarno Tbk,DKI Jakarta
1a5312ad,Sari Marbun,Optometrist,CV Sinaga Kusmawati Tbk,Kalimantan Utara
03c7e838,Queen Usamah,Armed forces training and education officer,CV Farida,Nusa Tenggara Timur
b8ffdec7,drg. Icha Hariyah,Astronomer,PT Nasyiah Wijaya (Persero) Tbk,Kalimantan Tengah
5457962b,"Sakura Putra, S.I.Kom",Materials engineer,PD Hutapea Wastuti (Persero) Tbk,Jambi
c5eca3b4,"Janet Gunawan, M.Kom.",Banker,PT Maheswara Salahudin (Persero) Tbk,Papua Barat
a203eabc,Tgk. Kasiyah Andriani,Insurance claims handler,PD Palastri Tbk,Sulawesi Tengah
07242728,Kayla Salahudin,Publishing rights manager,CV Astuti Maheswara (Persero) Tbk,Sulawesi Barat
6fd02923,"Ulya Prasetyo, M.Farm","Administrator, education",CV Tampubolon Hariyah (Persero) Tbk,Kalimantan Tengah
d629d470,Jumari Palastri,Information systems manager,Perum Yolanda Astuti,Nusa Tenggara Timur
7a6c8b55,Sakti Mansur,Ceramics designer,PD Hastuti Tbk,Sumatera Utara
3e3eb150,"Oliva Handayani, M.TI.",Tax adviser,PT Puspasari,DKI Jakarta
8bbe4adc,"Kuncara Sitompul, M.M.","Geologist, engineering",PD Siregar Tbk,Sumatera Utara
adff531d,Dt. Darimin Halim,Advertising art director,PT Yulianti Hutapea,Kalimantan Selatan
331f23eb,Darman Pratiwi,Chief Marketing Officer,UD Waluyo (Persero) Tbk,Sulawesi Selatan
9ff0ef1a,Maman Laksita,Publishing rights manager,CV Pradipta Pranowo,DI Yogyakarta
7c665143,Ganda Handayani,"Merchandiser, retail",Perum Aryani,Sumatera Utara
0375fd37,Puti Mala Melani,Public affairs consultant,PD Permadi,Gorontalo
d434924a,Drs. Zamira Gunarto,Applications developer,CV Tamba,Bali
387291e8,Diah Zulaika,"Engineer, maintenance (IT)",UD Prabowo,Bali
ddfc90b4,Mitra Nababan,"Geologist, engineering",Perum Anggriawan Mustofa,Sulawesi Selatan
5ba97c11,Maryanto Widiastuti,"Editor, film/video",UD Mandasari Utama (Persero) Tbk,Jambi
bf82a10b,Qori Nababan,"Lecturer, higher education",PT Mayasari,Kalimantan Timur
89090324,"Zelda Wahyudin, M.Farm",Acupuncturist,UD Firgantoro Melani Tbk,Kepulauan Riau
9bc49435,Limar Rahayu,Stage manager,Perum Salahudin Kusumo (Persero) Tbk,Sumatera Utara
fe9b569a,drg. Putri Halim,Investment analyst,CV Nuraini Wasita,Maluku
a401c7dd,Eko Wijaya,Clinical molecular geneticist,PD Utama,Aceh
5cd7f456,"dr. Vino Yuliarti, S.Farm",Photographer,UD Tampubolon Puspita (Persero) Tbk,DKI Jakarta
223a8d28,Cut Rini Pranowo,Actuary,PD Januar,Gorontalo
138c7159,Ir. Ira Nuraini,Orthoptist,Perum Nashiruddin Ardianto Tbk,Nusa Tenggara Barat
10be2e4e,Cut Farhunnisa Haryanto,"Therapist, nutritional",PD Rahayu,Gorontalo
409b8742,Simon Nugroho,Water quality scientist,PT Wahyuni Utami Tbk,Jawa Tengah
fc2b0b2e,Jarwadi Marpaung,Therapeutic radiographer,CV Prastuti Zulaika,Sulawesi Tenggara
0a4808c2,Nabila Hariyah,"Surveyor, land/geomatics",CV Uyainah Mahendra Tbk,Jambi
cc2ef53c,Hardana Budiman,Investment analyst,PT Adriansyah Latupono,Jawa Tengah
3d76c971,"Darman Setiawan, S.Pd",Technical brewer,CV Wibisono Hidayat (Persero) Tbk,Maluku Utara
db71ef4d,Dr. Zelda Usada,Data scientist,PD Kusumo Tbk,Lampung
3fd116d3,Taufik Latupono,"Engineer, materials",PT Hastuti,Sulawesi Tengah
d10138b7,"Kasusra Riyanti, S.Sos",Land,PD Yolanda Tbk,Jambi
ddae91df,"Ibun Mayasari, S.H.","Engineer, building services",CV Damanik Pratama (Persero) Tbk,Sumatera Barat
91edbf1c,Amelia Tarihoran,Television production assistant,UD Hutapea Tbk,Kepulauan Bangka Belitung
716fb048,"Dt. Umay Iswahyudi, M.TI.",Contractor,CV Simanjuntak Tbk,Sumatera Utara
3f647df7,Jono Kurniawan,Microbiologist,Perum Sitompul Handayani Tbk,Jambi
73795efd,Kartika Prabowo,"Education officer, environmental",PT Puspita,Jambi
db4be70a,Tgk. Rahmi Anggriawan,Financial planner,Perum Maryati Wijaya Tbk,DI Yogyakarta
8ba04b6e,Banawi Nashiruddin,Plant breeder/geneticist,CV Maryati Winarno (Persero) Tbk,Jawa Timur
b8e408ca,Asman Puspasari,Race relations officer,CV Hardiansyah (Persero) Tbk,Nusa Tenggara Timur
bf1cef8a,"Drs. Oliva Mangunsong, S.Farm",Midwife,CV Sudiati Uwais (Persero) Tbk,Sumatera Barat
eeb866d5,Sari Nainggolan,Chief Strategy Officer,PD Dabukke Putra (Persero) Tbk,Gorontalo
6b38ef63,"Drs. Yuliana Latupono, S.H.",Licensed conveyancer,PT Purnawati Prasasta,Maluku
33590aae,"Uli Pradana, S.I.Kom","Librarian, academic",PD Siregar Prabowo,DKI Jakarta
bcf44f94,"Muni Uyainah, M.M.","Lecturer, higher education",PT Farida Rajata (Persero) Tbk,Sulawesi Tenggara
f901165e,Ami Saputra,Local government officer,Perum Sihotang Hartati,Sulawesi Tenggara
eaf3aa86,Luwar Susanti,"Engineer, agricultural",Perum Laksita,DI Yogyakarta
1f6bf365,R.A. Kamaria Hutasoit,Information systems manager,PD Hutasoit (Persero) Tbk,Jawa Tengah
157a0117,Sutan Latif Suryono,"Psychologist, occupational",Perum Permadi (Persero) Tbk,Bali
02010dcf,"H. Galur Palastri, M.Farm",Archaeologist,UD Puspita Pranowo Tbk,Gorontalo
ed5ad939,Lintang Winarsih,Restaurant manager,UD Susanti Anggraini Tbk,Sulawesi Tenggara
a8404c39,Paris Puspasari,"Editor, film/video",PT Hardiansyah Wulandari (Persero) Tbk,Banten
29c0bda3,Aris Anggriawan,Hospital doctor,PD Prasasta (Persero) Tbk,Nusa Tenggara Barat
999308ad,Tari Jailani,Communications engineer,PD Maryadi Purnawati (Persero) Tbk,Banten
b06327af,Mala Permata,Arts development officer,UD Setiawan Rahayu (Persero) Tbk,Nusa Tenggara Barat
bccb9766,"Bagas Thamrin, S.E.",Dramatherapist,UD Marpaung Najmudin,Maluku Utara
2f5df231,Vivi Yuliarti,"Surveyor, rural practice",CV Nashiruddin Susanti,Kalimantan Barat
175be42a,Daniswara Dongoran,Jewellery designer,PT Saptono Hidayat,Kalimantan Timur
4dde0bdf,Cahya Megantara,"Surveyor, building",CV Najmudin Wijaya,Kalimantan Utara
d0322d56,Prabawa Melani,Microbiologist,CV Anggriawan Situmorang,Jawa Barat
2ac286a8,Jabal Waskita,Network engineer,UD Pratiwi Purwanti,Kalimantan Tengah
af7e166b,Pardi Kuswoyo,Control and instrumentation engineer,PD Ramadan Tbk,Jawa Barat
6eb02bff,Cecep Kusmawati,Training and development officer,Perum Padmasari,Jawa Tengah
9301c3af,Dian Anggraini,Medical secretary,Perum Samosir,Kepulauan Bangka Belitung
db18fd48,"R.M. Caraka Kuswoyo, S.H.",Trade union research officer,CV Maryati,Kalimantan Tengah
e4fd4a12,Zelda Sihombing,"Runner, broadcasting/film/video",PT Permadi,Kepulauan Bangka Belitung
a428f686,R. Narji Prasetyo,Neurosurgeon,UD Suryono Saefullah,Sumatera Barat
82c82493,Gandewa Dongoran,Editorial assistant,PD Sitorus,Bengkulu
5d5b1542,Drs. Halim Saputra,Aid worker,PT Pradipta,Jambi
0bd33523,Paramita Pertiwi,Museum education officer,UD Damanik Dongoran,Sumatera Utara
ae1ae05f,"Rafi Nababan, S.E.",Radio broadcast assistant,UD Widodo Tamba (Persero) Tbk,DI Yogyakarta
c420a32f,"Rina Irawan, S.H.","Education officer, community",Perum Budiyanto (Persero) Tbk,DKI Jakarta
5ab0c500,Belinda Haryanto,"Therapist, nutritional",UD Hariyah Nashiruddin Tbk,Sulawesi Selatan
567382ce,"Labuh Haryanti, S.I.Kom",Set designer,UD Usamah Puspasari Tbk,Papua Barat
fdab2b42,Indah Laksmiwati,"Scientist, audiological",Perum Safitri Pradana,Kalimantan Utara
6a139b85,Gaiman Widiastuti,"Development worker, international aid",PT Farida Usada (Persero) Tbk,Sulawesi Barat
78301770,Ayu Sinaga,Freight forwarder,PD Saragih Tbk,Sulawesi Selatan
9f5eb1cb,Usman Nasyiah,"Engineer, mining",Perum Sihombing (Persero) Tbk,Papua
9bd216a4,Eli Pranowo,"Scientist, water quality",PD Jailani Tbk,Bengkulu
04701732,Prabu Putra,Land/geomatics surveyor,Perum Gunawan Nashiruddin,Maluku Utara
56a12451,"Aisyah Budiman, M.Ak",Chief Strategy Officer,Perum Maheswara Sitompul (Persero) Tbk,Gorontalo
18edaed6,Cahyadi Hidayat,Industrial/product designer,UD Gunarto Riyanti,Gorontalo
337b9385,Nabila Prasasta,Optometrist,PD Hakim,Kalimantan Tengah
59cd9cf2,Ida Prabowo,Passenger transport manager,UD Siregar Wacana (Persero) Tbk,Bengkulu
a200d1a8,Lasmono Lestari,"Engineer, manufacturing systems",PT Manullang,Kepulauan Bangka Belitung
58d4d849,"R.A. Hafshah Siregar, S.Pt",Broadcast journalist,Perum Utami Permata,Kepulauan Bangka Belitung
3fbf3fbd,Lala Hidayanto,Environmental education officer,PD Irawan Nasyiah Tbk,Kalimantan Timur
8409cfed,Ir. Elvin Rahimah,Drilling engineer,PT Sirait Yolanda Tbk,Jambi
34248e6c,Drs. Nurul Latupono,Aeronautical engineer,PD Hutagalung Waskita Tbk,Gorontalo
06ba9dbb,Oman Firgantoro,"Horticulturist, commercial",PD Hutasoit,DI Yogyakarta
eee0d8ed,Bagiya Prasetya,Stage manager,Perum Wibisono,DKI Jakarta
78b616f6,R.A. Dian Zulkarnain,Air traffic controller,PT Suryono,Bengkulu
456f9a1e,"Dr. Devi Najmudin, M.Kom.",Animal nutritionist,UD Megantara Sudiati (Persero) Tbk,Sumatera Utara
2da54a75,"Bakianto Nuraini, S.Pt",Press photographer,PT Situmorang (Persero) Tbk,Kalimantan Tengah
5a0677b7,Viktor Kuswandari,Museum/gallery conservator,PD Aryani,Aceh
7663819b,Eko Lestari,Hydrographic surveyor,PT Permadi Tbk,Kalimantan Tengah
8cadeee9,Humaira Najmudin,Surgeon,PD Zulaika,Nusa Tenggara Barat
84a86ffa,Jabal Salahudin,"Teacher, music",PD Handayani Kusumo,Sulawesi Tengah
b9518cf7,"Ir. Gasti Wasita, S.Sos",General practice doctor,Perum Widodo Hidayanto,Riau
f7a5a73f,Dt. Opung Nababan,"Surveyor, mining",CV Purwanti Namaga,Jambi
ed886491,"R.M. Daru Wastuti, S.Pt",Control and instrumentation engineer,UD Utama Prabowo,Sulawesi Barat
fb687438,Hasna Handayani,Printmaker,PT Suryono Riyanti (Persero) Tbk,Bali
9f939bba,Eka Hartati,Equality and diversity officer,PD Sitompul (Persero) Tbk,Nusa Tenggara Barat
a82e7899,Endah Simbolon,Chartered loss adjuster,PT Kusumo,Riau
ace7de45,Genta Yuliarti,Financial planner,UD Rajata Waluyo,Gorontalo
992d3402,"drg. Jail Sudiati, M.Pd",Charity officer,UD Nashiruddin Mandasari,Maluku
c04aa53e,Melinda Nasyidah,"Research officer, political party",PT Prastuti Wacana Tbk,Sulawesi Tenggara
4fcd27c3,Puti Wahyuni,Private music teacher,PT Halim (Persero) Tbk,Sumatera Selatan
81a5895a,"Ir. Adikara Dabukke, S.Farm",Translator,Perum Maulana Pratiwi Tbk,Jawa Tengah
cdefc918,Drs. Maria Suwarno,Educational psychologist,Perum Permata Hutagalung,Bengkulu
9482345f,Drs. Oliva Nasyidah,Geographical information systems officer,PD Lazuardi,Papua Barat
32157724,"Novi Uyainah, S.Kom","Producer, radio",CV Nababan Yuniar Tbk,Maluku Utara
fde29999,"H. Kenzie Agustina, M.M.",Senior tax professional/tax inspector,PT Natsir (Persero) Tbk,Bali
b3deca20,Malik Permata,"Psychologist, sport and exercise",PD Saptono Tbk,Kalimantan Timur
2076baa8,Hamima Manullang,Archaeologist,PD Tamba Firmansyah Tbk,Sumatera Utara
77c99e72,"H. Artawan Novitasari, S.IP",Careers information officer,UD Megantara,Jambi
b3a2d124,"Dt. Eja Kurniawan, S.H.",Chartered public finance accountant,UD Utama Nasyiah,Maluku
c478eef5,Tgk. Silvia Marbun,Scientific laboratory technician,UD Prasetya Tbk,Banten
4f09a4c7,"R.A. Kiandra Saragih, S.H.",Financial trader,CV Wibisono Agustina Tbk,Kalimantan Timur
7eb4d449,Olga Uwais,Petroleum engineer,PT Prastuti Lazuardi,Sulawesi Barat
4173bd4d,"Hesti Mangunsong, S.H.",Financial adviser,PD Irawan,Sulawesi Selatan
919b664a,"R.A. Putri Hardiansyah, M.Pd",Volunteer coordinator,Perum Firmansyah Namaga Tbk,Sulawesi Tengah
32da7af0,Sutan Dipa Natsir,Environmental consultant,CV Januar Prabowo (Persero) Tbk,Sumatera Barat
eefbd236,Agus Budiman,Paramedic,Perum Mardhiyah Padmasari (Persero) Tbk,Sumatera Utara
c8180089,Karman Irawan,"Psychologist, forensic",UD Salahudin (Persero) Tbk,Maluku
c055b52d,"R. Cinta Najmudin, S.Ked","Engineer, materials",PT Sirait Uyainah Tbk,Kepulauan Riau
e80ed001,Johan Purnawati,Civil Service fast streamer,CV Fujiati Tbk,Sumatera Utara
059042fe,Banawi Firmansyah,"Scientist, research (physical sciences)",PT Suartini Utami Tbk,Kalimantan Barat
d7728f1d,"R. Gara Simanjuntak, S.Farm","Accountant, chartered management",PT Santoso Wahyudin Tbk,DI Yogyakarta
eecd8ab4,Ana Puspasari,Lobbyist,UD Santoso (Persero) Tbk,Bengkulu
c934d915,dr. Sari Yolanda,Ergonomist,PD Narpati Mandala,Kalimantan Barat
529a26c6,Lukman Lestari,Aid worker,PD Nugroho Prasetyo (Persero) Tbk,Kalimantan Timur
3c2dbfea,Ina Astuti,Herbalist,CV Nugroho,Kepulauan Bangka Belitung
1d3cbd95,Karja Sudiati,Health and safety adviser,PD Riyanti Kusmawati,Gorontalo
956c3df7,"Kayla Winarsih, S.Pd",Advertising copywriter,PT Yuliarti Tbk,Nusa Tenggara Barat
5fe8c2e3,"R.M. Vero Irawan, S.T.","Psychologist, counselling",PT Hariyah (Persero) Tbk,Jambi
b4c3c0df,"dr. Safina Nasyidah, S.Ked",Acupuncturist,Perum Adriansyah Tbk,Kalimantan Selatan
b3c4e6d8,Kasiyah Mahendra,Barista,PT Melani Tbk,Gorontalo
3071d49c,Sutan Lukman Astuti,Commercial horticulturist,UD Mansur Natsir Tbk,Kalimantan Timur
5a38dcfa,"Elma Marbun, S.Gz","Teacher, English as a foreign language",PD Maryati,Jawa Barat
a05af1da,"Puspa Hardiansyah, S.E.I","Producer, television/film/video",UD Jailani,Jawa Tengah
e080de19,Lanang Najmudin,Ergonomist,Perum Wahyuni Tbk,Kepulauan Riau
91a214be,Drs. Sadina Damanik,"Biochemist, clinical",PD Prasetya (Persero) Tbk,Jawa Tengah
cfd3ec2d,Sakura Nuraini,Historic buildings inspector/conservation officer,Perum Rajata Usada,Aceh
60b63c7f,Devi Dabukke,Podiatrist,CV Palastri (Persero) Tbk,Gorontalo
da20ec27,"Capa Jailani, S.Pt",Patent examiner,PT Sitompul Tampubolon,Jambi
621e65a1,"Among Pradipta, M.Pd",Civil Service fast streamer,CV Sitompul,Aceh
94ffc548,Hardana Farida,Customer service manager,UD Handayani Nuraini,Nusa Tenggara Barat
4b8e5226,Amelia Novitasari,Camera operator,PD Hartati,Jawa Tengah
54f79a05,Dr. Akarsana Pudjiastuti,Geochemist,Perum Prabowo Sitorus Tbk,Sumatera Barat
963668fe,Tedi Tarihoran,Fast food restaurant manager,UD Wibisono,Maluku
362a9e5f,"Ir. Clara Nugroho, S.IP",Higher education lecturer,PD Padmasari,Maluku
41bd7eec,"Nardi Yolanda, S.Pd",Biomedical scientist,CV Budiyanto,Jambi
fb05664b,Uli Wacana,Television floor manager,CV Hardiansyah (Persero) Tbk,Kalimantan Tengah
96ff752a,"Jayeng Yulianti, S.Ked",Curator,UD Hastuti Usada,Bali
1d14f811,Bagiya Yolanda,Make,PT Halimah Maryadi,Sumatera Barat
950efeb8,Indah Purnawati,Medical secretary,PD Haryanti Laksmiwati (Persero) Tbk,Kalimantan Timur
d116484f,"Eka Ramadan, S.Ked",Advertising art director,CV Oktaviani,Jambi
df5e0503,"Dr. Muni Mahendra, M.M.",Metallurgist,UD Halimah Lestari,Jawa Barat
64c6a89c,Pardi Kusumo,Personnel officer,UD Suartini,Maluku
235430ec,R.A. Sarah Rahimah,"Psychologist, prison and probation services",Perum Palastri Manullang (Persero) Tbk,Kalimantan Barat
17208529,Drs. Rahayu Yuliarti,Estate agent,UD Pertiwi (Persero) Tbk,Sulawesi Tengah
6081ee0d,Labuh Gunarto,Database administrator,PD Andriani Widiastuti,Sulawesi Barat
ee9b3a23,"H. Caraka Permata, M.Pd",Speech and language therapist,Perum Yuliarti Mandasari,Kalimantan Tengah
e490efbc,Kemal Saputra,"Therapist, speech and language",Perum Wibowo Tbk,Kalimantan Tengah
b66d8406,Chandra Zulkarnain,Economist,PT Pangestu Rajata Tbk,Sumatera Selatan
507d587a,Kambali Agustina,Careers adviser,CV Palastri,Sulawesi Tenggara
5676ce9b,Makuta Nababan,"Doctor, hospital",PD Setiawan Lestari Tbk,Nusa Tenggara Timur
1241720d,Salwa Prayoga,Equality and diversity officer,Perum Pradana,Bali
05dd5de3,Utama Megantara,Midwife,CV Zulaika Prakasa (Persero) Tbk,Kalimantan Timur
f56b1af4,Galang Dongoran,Water quality scientist,PT Ramadan Suryono,Kepulauan Riau
0ee47908,Heru Suwarno,"Surveyor, quantity",Perum Santoso,Kalimantan Utara
bdad1ef1,"Puti Lalita Kusmawati, S.Psi","Administrator, local government",CV Novitasari Hardiansyah,Bali
8603f687,Lala Winarno,"Clinical scientist, histocompatibility and immunogenetics",UD Susanti,Kepulauan Bangka Belitung
7dbcd1c9,"Janet Lestari, S.E.I","Engineer, technical sales",Perum Lailasari Wibowo,Nusa Tenggara Barat
c7bd95a5,"Lili Nasyiah, S.Kom",Chiropractor,PT Manullang (Persero) Tbk,Kalimantan Barat
58d2d254,Gandewa Prabowo,"Programmer, multimedia",CV Kusmawati Nasyiah,Kepulauan Bangka Belitung
623b6b1b,Shakila Simanjuntak,Music therapist,UD Sirait Nababan,Kepulauan Riau
9a6f908d,Putri Riyanti,Banker,PT Dongoran Tbk,Bali
fd77985d,Tina Prasetyo,Broadcast journalist,UD Pudjiastuti,Banten
880b8c23,"R.A. Indah Palastri, S.Pd",Aid worker,PT Sudiati (Persero) Tbk,DI Yogyakarta
f0923505,Dr. Tedi Oktaviani,"Secretary, company",Perum Kurniawan Tbk,Kepulauan Riau
75d78756,"T. Garan Marbun, S.Kom",Medical laboratory scientific officer,PD Hartati Kurniawan (Persero) Tbk,Sulawesi Utara
31328f02,Pangeran Yolanda,Sports therapist,Perum Suartini (Persero) Tbk,Nusa Tenggara Barat
e528f8ff,Warta Ardianto,Financial risk analyst,Perum Zulkarnain,Kepulauan Bangka Belitung
f5b534a5,drg. Nasrullah Wulandari,Toxicologist,PT Pratiwi Wulandari (Persero) Tbk,Sulawesi Tenggara
d47ce4b6,Yuni Samosir,Glass blower/designer,PT Hariyah,Papua
2aadeb63,Rahayu Hariyah,"Civil engineer, consulting",PT Kuswandari,Kalimantan Tengah
d457dff8,"Dt. Caturangga Prastuti, M.M.",Geographical information systems officer,PT Hasanah Pudjiastuti,Nusa Tenggara Barat
ed946d60,"Cut Ade Zulaika, S.Ked",Solicitor,CV Maheswara Simanjuntak,Sulawesi Selatan
2922fdd9,"Jessica Pradipta, S.Pt",Medical laboratory scientific officer,Perum Siregar,DI Yogyakarta
fd563a16,"Zulfa Wijaya, S.T.",Air broker,UD Suartini Tbk,Gorontalo
1f8c7d27,Lalita Suartini,Stage manager,PT Wasita,Sumatera Utara
e6261cad,Ibrahim Firgantoro,"Designer, television/film set",UD Purnawati,Riau
d28f60a9,"R.M. Marsudi Wibisono, M.Pd","Geneticist, molecular",Perum Gunarto Tbk,Kalimantan Selatan
81be2e61,Indra Zulaika,Glass blower/designer,PD Astuti Lailasari,Sulawesi Tenggara
015257e1,"Dr. Ganep Suwarno, S.Pd",Merchant navy officer,UD Rahayu (Persero) Tbk,Papua Barat
12e52735,Oliva Wijayanti,"Secretary, company",Perum Aryani,Banten
965f80ff,Cawisadi Mandala,Public house manager,UD Pranowo,Sulawesi Utara
1f9e111f,R. Chelsea Salahudin,Retail manager,PD Rahayu,Sumatera Utara
d8a9c049,"Teguh Sitompul, M.Kom.","Sound technician, broadcasting/film/video",UD Permadi,Kalimantan Tengah
23ad3390,Ir. Nasim Rahayu,Museum/gallery curator,PT Winarsih Prasetya (Persero) Tbk,Jawa Tengah
5642f6da,Bakiadi Simanjuntak,Insurance claims handler,PD Prasasta Tbk,Kepulauan Bangka Belitung
445674ce,Tgk. Elvin Gunarto,Industrial buyer,Perum Laksmiwati Natsir,Jawa Barat
c4d10504,Mulyanto Mulyani,Estate manager/land agent,Perum Suartini Tbk,Banten
ebfd22b1,Uda Hidayat,Hospital doctor,UD Tamba Pratama,Jawa Barat
bed3f904,Zizi Wahyuni,Sub,Perum Hartati Gunarto Tbk,Riau
77cd48a5,Winda Nugroho,Occupational psychologist,UD Widodo Wahyudin (Persero) Tbk,Jawa Timur
3fc6f732,Calista Nababan,Operational investment banker,Perum Widiastuti Tamba,Jambi
6cec235d,Nurul Pradana,"Engineer, manufacturing",PD Winarsih Prasasta (Persero) Tbk,Sulawesi Selatan
f2b485a2,Bagiya Nugroho,Set designer,UD Novitasari,Kalimantan Tengah
9612baae,R.M. Mursita Hariyah,Public relations officer,PT Saefullah Tbk,Sulawesi Tenggara
d04ad492,Opan Rahayu,Nature conservation officer,CV Budiman Yuniar (Persero) Tbk,Nusa Tenggara Barat
19a991f1,"Drs. Mulyanto Permadi, S.IP",Systems developer,PD Kurniawan Halim Tbk,Banten
0f400874,"Gangsar Iswahyudi, M.Ak","Designer, exhibition/display",PD Prabowo Prasetya (Persero) Tbk,Jambi
a7f1f73b,Clara Hariyah,Company secretary,CV Mayasari Narpati,Aceh
e8ada7db,Kasim Marbun,Civil Service fast streamer,Perum Ardianto Safitri,Kepulauan Bangka Belitung
1dbc6a82,"Belinda Pratama, S.Kom",Commercial horticulturist,UD Mustofa (Persero) Tbk,Aceh
7d812181,"dr. Zelaya Wastuti, M.Farm",Forensic psychologist,PD Kuswandari,Kalimantan Timur
3071060e,Maman Suryatmi,"Nurse, adult",Perum Namaga,Jambi
fea2080a,Anastasia Namaga,"Social research officer, government",CV Hutagalung (Persero) Tbk,Maluku
7f0aa399,Artanto Wulandari,Diplomatic Services operational officer,PD Wasita Puspita (Persero) Tbk,Sumatera Barat
b2f71070,"Ir. Lili Purnawati, S.Pt","Engineer, communications",PD Irawan Zulaika,Kalimantan Barat
af89bc2a,Wahyu Safitri,Systems analyst,CV Pratiwi Pradipta Tbk,Kalimantan Selatan
86d9c94e,Umi Narpati,"Exhibitions officer, museum/gallery",CV Nashiruddin Maulana,Sulawesi Utara
4f8ff065,Puji Situmorang,Bonds trader,PT Mansur Prasasta Tbk,Kalimantan Barat
c952d52f,Zelda Samosir,Medical sales representative,PD Kuswandari,Gorontalo
8b39b4d9,dr. Bella Anggriawan,Landscape architect,PT Sitorus Laksmiwati,Riau
232104c9,Melinda Habibi,Copy,PT Siregar (Persero) Tbk,Bali
67401ff0,Dadap Pertiwi,Health promotion specialist,CV Usamah Tbk,Sulawesi Tenggara
accd2f0a,Lintang Saefullah,"Lecturer, further education",Perum Pratama Purwanti (Persero) Tbk,Kepulauan Riau
9fe533c8,Drs. Mulyanto Maheswara,General practice doctor,UD Pradipta Waluyo Tbk,Kalimantan Selatan
0f1d5dd4,Murti Simanjuntak,"Designer, exhibition/display",CV Manullang,Kalimantan Timur
728817e0,"H. Pranata Winarno, M.Farm",Community development worker,CV Wasita (Persero) Tbk,Bali
78ed8e87,Nalar Nainggolan,Hotel manager,PD Lazuardi Nugroho,Aceh
1004ac15,Widya Maheswara,Production manager,UD Adriansyah Suryatmi Tbk,Banten
eba2d373,Gatra Haryanto,Recycling officer,CV Suwarno,Jawa Barat
20c94a5d,Yessi Tamba,"Therapist, nutritional",Perum Usamah Situmorang Tbk,Sulawesi Selatan
f54d3bfe,Oni Nainggolan,Firefighter,PT Aryani Winarno,DI Yogyakarta
d7ba21c8,Laswi Prabowo,Architect,UD Hutapea Mangunsong Tbk,Banten
f2796ecd,Yusuf Budiyanto,Air cabin crew,PD Pranowo (Persero) Tbk,Kalimantan Timur
f4f796ab,Dr. Nova Hidayat,"Surveyor, minerals",PD Dongoran Mayasari,Jawa Barat
dd7a3a40,Hana Oktaviani,Emergency planning/management officer,PD Pratama Mardhiyah,Kalimantan Utara
be849044,"Amelia Firgantoro, S.Psi","Programmer, systems",CV Permadi Lailasari (Persero) Tbk,Sumatera Utara
b177e1bd,"dr. Mahdi Saptono, M.TI.","Engineer, broadcasting (operations)",Perum Usada Marbun,Maluku
73e6721c,Hafshah Pangestu,Health service manager,Perum Hartati,Kalimantan Timur
316503f9,Emil Saefullah,Neurosurgeon,CV Wahyuni,Nusa Tenggara Barat
b6d2c305,Najib Irawan,Best boy,Perum Hastuti Napitupulu,Sumatera Barat
43172022,"Widya Mandala, S.Pd",Information systems manager,PD Nasyiah Prayoga,Bengkulu
fa587880,"Juli Siregar, S.Psi",Media buyer,Perum Adriansyah Safitri,DKI Jakarta
f936db90,"drg. Padmi Nasyiah, S.Pt",Data scientist,PT Padmasari Anggraini,Jawa Timur
919ee961,Halima Mahendra,Location manager,PT Nasyiah (Persero) Tbk,Maluku
6417bccf,Yuni Riyanti,Television/film/video producer,PT Napitupulu Hartati,Kepulauan Riau
6363e397,Dr. Kani Hartati,Exhibition designer,UD Firgantoro Suartini,Sulawesi Tenggara
16e64fa0,Jane Ramadan,Probation officer,UD Pradipta (Persero) Tbk,Sulawesi Utara
115dd074,"Drs. Wage Prakasa, S.Pt",Commissioning editor,PT Wahyuni,Maluku Utara
2daf4a8a,"KH. Nardi Iswahyudi, S.Psi",Public relations account executive,UD Hutapea Tbk,Sumatera Utara
e4462886,Gina Aryani,Aid worker,PT Saragih (Persero) Tbk,Kepulauan Bangka Belitung
5e980533,Daryani Yuliarti,Telecommunications researcher,Perum Mandala (Persero) Tbk,DI Yogyakarta
3bd042ed,Gatra Sinaga,"Geologist, wellsite",CV Prasetyo,Sumatera Barat
651a2497,Yono Purnawati,Child psychotherapist,PT Dabukke,Nusa Tenggara Barat
d0d34d36,"Cut Yani Winarno, S.Kom",Fish farm manager,Perum Prasasta Mandasari Tbk,Gorontalo
acff77b1,Yulia Wahyudin,Air broker,PT Manullang,Papua Barat
2a9608e0,Indah Pradana,Corporate treasurer,PT Puspita (Persero) Tbk,Riau
39db69f0,Bahuraksa Pratiwi,Research scientist (medical),CV Agustina Tbk,Kalimantan Utara
7e1173a6,Bakianto Pangestu,Surgeon,PD Susanti,Kepulauan Bangka Belitung
74e1250a,Cahyono Suartini,Recruitment consultant,PD Pradipta Winarsih (Persero) Tbk,Sulawesi Barat
7bb2b705,Puti Kani Uyainah,"Administrator, arts",Perum Kusmawati Dongoran,Bali
53248daa,Lembah Hidayat,Wellsite geologist,Perum Ardianto,Papua Barat
934109a5,dr. Ophelia Prakasa,Newspaper journalist,UD Nuraini,Bengkulu
4c6586ea,Vera Nasyiah,Social worker,Perum Anggriawan Tbk,Maluku
899fc3ae,drg. Lintang Rajasa,Animal nutritionist,UD Hartati,Sulawesi Selatan
5cd4820f,Karimah Pratiwi,Occupational psychologist,CV Suryono (Persero) Tbk,Sumatera Utara
52e833c7,Nrima Sihombing,Advertising account executive,CV Mansur Farida,Aceh
affbb400,Kemba Firgantoro,Dentist,CV Uyainah Wasita (Persero) Tbk,Sulawesi Utara
d1935b02,Faizah Usada,Furniture conservator/restorer,UD Thamrin (Persero) Tbk,Sumatera Selatan
e2f481d3,Cawuk Natsir,Music therapist,PT Prabowo Prastuti Tbk,Sumatera Barat
07df9c86,Ratna Laksita,Barista,CV Nugroho Lestari Tbk,Sulawesi Tenggara
e91cc2f4,Kambali Ardianto,Chief Technology Officer,CV Winarno,Jawa Barat
fac893b8,Ajimat Suryatmi,Mechanical engineer,Perum Sudiati,Sulawesi Barat
f5a62e18,Paramita Purnawati,Legal executive,Perum Gunawan,Kalimantan Barat
6f3e0bb4,"R.M. Maryanto Wibowo, S.Pd","Journalist, newspaper",PT Sihombing (Persero) Tbk,DKI Jakarta
1a07e3fe,Siti Lazuardi,Banker,PD Pradipta Iswahyudi,Sumatera Selatan
a433101d,"Cinta Mansur, S.IP","Engineer, biomedical",PT Tamba Astuti,Kalimantan Timur
c9098d87,Jaga Halim,Graphic designer,Perum Sinaga (Persero) Tbk,Gorontalo
3bcbe04b,Makara Salahudin,Communications engineer,UD Sinaga Tbk,Kalimantan Timur
efdc5a5e,Drs. Raden Mustofa,Environmental education officer,UD Iswahyudi Waluyo,Jawa Tengah
53887edf,"Puspa Yolanda, S.Pt","Engineer, manufacturing systems",CV Pudjiastuti,DI Yogyakarta
270b937f,"dr. Maras Uwais, S.IP",Aid worker,UD Mangunsong (Persero) Tbk,Maluku
9d385da0,Gabriella Andriani,"Surveyor, rural practice",UD Prakasa Tbk,Sulawesi Tengah
ef7d503b,"Puti Talia Mansur, M.Pd",Careers adviser,UD Uwais,Kepulauan Bangka Belitung
fc8084df,"Drs. Lala Wulandari, S.IP",Outdoor activities/education manager,Perum Firmansyah,Sumatera Utara
e463dae2,"Hj. Oliva Wasita, S.Kom",Higher education careers adviser,CV Kuswoyo Situmorang Tbk,Sulawesi Utara
560a16fc,Jindra Anggraini,Pensions consultant,PD Prayoga Namaga (Persero) Tbk,Jawa Barat
b4d825e1,Yessi Handayani,Call centre manager,PT Padmasari Widiastuti Tbk,Sumatera Selatan
a0e1b3de,Cut Gawati Safitri,"Engineer, structural",CV Hassanah Hidayanto (Persero) Tbk,Sulawesi Tenggara
213bcf69,Lalita Firmansyah,Ranger/warden,PT Sitorus Budiman,Papua
585c6154,Puti Julia Wibisono,"Engineer, aeronautical",UD Susanti Tbk,Sumatera Utara
94fd45f5,Anastasia Puspita,"Presenter, broadcasting",PD Palastri Tbk,DI Yogyakarta
dd64f232,Tugiman Budiyanto,Drilling engineer,PT Uyainah Tbk,Papua Barat
588ddfc7,"dr. Galur Hutasoit, S.Psi",Press photographer,CV Firgantoro,Kepulauan Bangka Belitung
88eea50d,Darman Puspasari,Oncologist,UD Lazuardi Pranowo,Sulawesi Barat
5e07440b,Karen Fujiati,Nutritional therapist,CV Yolanda Tbk,Riau
19372c9f,"Panca Ramadan, M.Farm",Media planner,UD Budiman Mulyani (Persero) Tbk,Jawa Tengah
00bec60f,"Laila Mansur, M.M.",Merchant navy officer,Perum Pratiwi Widodo,Kalimantan Timur
a3067ba7,dr. Muhammad Damanik,Advice worker,UD Prasasta Tbk,Kalimantan Barat
55251430,Jumari Wasita,Amenity horticulturist,Perum Prayoga Tbk,Bengkulu
0f1d1cb3,Yuliana Prasasta,"Editor, magazine features",CV Natsir Prasetyo,Papua Barat
05510a4c,Kasiyah Marpaung,Clinical psychologist,CV Suryono Tbk,Sulawesi Utara
7c2c0852,"R. Humaira Astuti, S.T.",Agricultural engineer,CV Nababan Saputra,Kalimantan Barat
2dcd90a7,Zahra Iswahyudi,Administrator,PT Waluyo Melani Tbk,Maluku
216ae76a,Yulia Maheswara,Geographical information systems officer,Perum Sudiati Manullang,Kalimantan Barat
25cc48c6,Anom Wastuti,"Conservator, furniture",CV Anggraini Tbk,Kalimantan Barat
6a6b9926,Cornelia Wahyuni,Public relations account executive,CV Susanti Hastuti (Persero) Tbk,Maluku
253791ff,Dinda Maulana,Acupuncturist,PD Sihotang Manullang Tbk,Sulawesi Tengah
9ba063af,Opan Nababan,IT technical support officer,CV Prasasta Firgantoro,Kalimantan Utara
2f949bb3,R. Hairyanto Prasetya,Fashion designer,PT Thamrin Uwais (Persero) Tbk,Kalimantan Selatan
79ef05e2,"dr. Ilsa Dongoran, S.E.I",IT sales professional,PT Prasetyo,Kalimantan Selatan
0617dec4,Puti Widya Wulandari,Geographical information systems officer,PT Hastuti,Lampung
c2d519e3,Karen Permadi,Hydrographic surveyor,UD Sitorus Tbk,Aceh
43e8dfbc,Yunita Pradipta,Public house manager,UD Suryatmi Tbk,Kalimantan Tengah
c75c0fbc,Tgk. Mala Handayani,Animal technologist,CV Nasyiah Hutapea,Sulawesi Tenggara
aa89f29c,Dt. Jaka Sirait,Data processing manager,PT Prasasta Wasita,Sumatera Utara
0e1ef488,Rizki Iswahyudi,Film/video editor,Perum Ramadan (Persero) Tbk,Nusa Tenggara Timur
97f403f9,Adiarja Oktaviani,Homeopath,PT Rajasa,Sulawesi Selatan
0a8bcf4d,Pia Rahmawati,Tax adviser,PD Hassanah Tbk,Papua
345abd3a,Jamalia Hutapea,"Therapist, music",Perum Waskita,Kalimantan Timur
795344a4,Cakrabuana Namaga,Operations geologist,PT Andriani Wahyudin,Maluku Utara
e5d48b71,"Ir. Febi Palastri, M.Ak","Engineer, petroleum",PD Pratiwi Nasyiah,Sulawesi Tengah
41cb0468,Jail Lailasari,Freight forwarder,PT Kuswandari Nainggolan Tbk,Sulawesi Tengah
373ce113,drg. Elvina Mangunsong,"Engineer, maintenance",CV Novitasari Rahimah (Persero) Tbk,Maluku
4282d8ac,"Perkasa Rajata, S.Gz",Trade union research officer,CV Sihombing Permadi,Nusa Tenggara Barat
6f0c7b87,Nasab Halim,"Scientist, research (life sciences)",CV Kurniawan Hidayanto (Persero) Tbk,Papua
73517d4c,"T. Lamar Rahmawati, S.Ked",Homeopath,Perum Simanjuntak Siregar,Sulawesi Tenggara
00f4e077,Salsabila Pertiwi,"Administrator, education",Perum Ramadan Kurniawan (Persero) Tbk,Kepulauan Bangka Belitung
deebf615,Wulan Pradipta,Biomedical scientist,UD Damanik Yuniar,Banten
0b9fe3f7,"R. Shakila Halim, S.Pt",Mechanical engineer,PT Dongoran (Persero) Tbk,Maluku
d415f393,Zulaikha Lestari,"Investment banker, operational",PD Marpaung Widiastuti Tbk,Sulawesi Tengah
03734d78,Clara Haryanto,Fashion designer,UD Kuswandari Usada Tbk,Gorontalo
fab0b8bd,"Rika Melani, S.Gz",Health visitor,CV Zulaika,Sulawesi Barat
93f1f048,Tgk. Lala Napitupulu,Tourism officer,PT Pranowo (Persero) Tbk,Sumatera Utara
14b79615,drg. Karimah Najmudin,Environmental manager,PT Wijaya (Persero) Tbk,Papua Barat
75f7fc09,Jefri Narpati,Management consultant,CV Wacana,Aceh
d0eb359d,Tami Budiman,Graphic designer,PT Siregar Tbk,Kepulauan Bangka Belitung
7e0342ef,Farhunnisa Nurdiyanti,Transport planner,Perum Hartati Tbk,Kepulauan Riau
6a62c1c6,Koko Rajata,Industrial buyer,PD Saputra Hassanah (Persero) Tbk,Sulawesi Utara
d9ab22b7,Harto Tampubolon,"Nurse, adult",UD Maheswara Palastri,Bengkulu
363472ec,Cut Ilsa Anggriawan,Herpetologist,CV Permata Nasyiah Tbk,Sulawesi Utara
19e14a81,Adhiarja Sudiati,Amenity horticulturist,Perum Sitorus,Sumatera Utara
db10726b,Maya Puspasari,Educational psychologist,PT Hidayanto,Sulawesi Utara
290d4d75,"Sutan Candra Hariyah, S.Kom","Surveyor, commercial/residential",PD Pratiwi Tbk,Jawa Timur
d8a8fc63,H. Limar Halimah,"Conservation officer, nature",UD Aryani (Persero) Tbk,Lampung
bc7dccda,Puji Kusmawati,Passenger transport manager,Perum Tampubolon,Riau
ca28cd55,Humaira Ardianto,"Journalist, newspaper",UD Yulianti Sirait,Sulawesi Tengah
9a82bd09,Marsudi Gunarto,Theatre director,PD Saragih,Kalimantan Tengah
32cd2fec,Cut Kania Tampubolon,Psychiatrist,Perum Prasetyo Manullang (Persero) Tbk,Sumatera Barat
9f91adf5,Ina Saragih,"Civil engineer, contracting",CV Maryadi,Sumatera Barat
e7a3abdc,R. Digdaya Hariyah,Ship broker,PD Saragih Maryati,Gorontalo
fc9cd989,Dr. Ina Halimah,Local government officer,Perum Pangestu Situmorang (Persero) Tbk,Kalimantan Selatan
44681295,Karna Maryati,Health and safety inspector,Perum Damanik (Persero) Tbk,Bengkulu
e1fe91ed,"Galuh Sitompul, M.Ak",Manufacturing systems engineer,UD Ardianto Saragih (Persero) Tbk,Aceh
ee67994e,Maimunah Riyanti,Herpetologist,PD Maryadi Januar Tbk,Bali
e2c8377d,Kezia Padmasari,Manufacturing systems engineer,UD Agustina Usamah,Sumatera Barat
e332de23,Tami Wijaya,Mental health nurse,CV Hasanah Irawan,Kepulauan Bangka Belitung
214e8964,"Zalindra Siregar, S.Kom",Secondary school teacher,PT Prabowo Tbk,DKI Jakarta
6f59cc7e,Raharja Mayasari,"Optician, dispensing",Perum Suwarno Tbk,Bali
6952840d,Pranawa Mulyani,Medical technical officer,PD Yuliarti Prabowo (Persero) Tbk,Nusa Tenggara Timur
765abace,KH. Parman Gunarto,Translator,PT Sudiati Prasetyo,Sumatera Barat
8cf9d7f1,Radit Suartini,Adult nurse,PT Rahayu Damanik Tbk,Sulawesi Tengah
4ddf7008,Ian Sudiati,Multimedia specialist,PT Palastri (Persero) Tbk,Jambi
a9272a6b,Bahuwarna Halim,Retail merchandiser,CV Purnawati Anggraini (Persero) Tbk,Banten
8a2528ad,R.M. Luwes Oktaviani,Magazine journalist,Perum Wulandari,Sulawesi Tenggara
d0d25039,"Maman Mardhiyah, M.TI.",Chartered loss adjuster,Perum Handayani,Kepulauan Bangka Belitung
de03b94a,Faizah Iswahyudi,Speech and language therapist,Perum Hardiansyah Tbk,Kalimantan Barat
d04ff013,Hesti Putra,"Therapist, nutritional",PT Wibisono,Bali
ebd6d002,"Yulia Maryati, S.Farm",Historic buildings inspector/conservation officer,UD Laksmiwati,Lampung
ed0fb2a9,drg. Okto Iswahyudi,Airline pilot,UD Jailani Hutapea Tbk,Bengkulu
c625f3fb,Kajen Saragih,Recruitment consultant,PT Zulkarnain,Aceh
9e934e0d,"Taufan Hariyah, S.E.","Scientist, research (physical sciences)",UD Permadi Puspita (Persero) Tbk,Kepulauan Bangka Belitung
f91a06fe,"Puti Restu Maheswara, S.IP",Podiatrist,PD Anggraini Pudjiastuti (Persero) Tbk,Nusa Tenggara Timur
9eb17119,Anita Padmasari,"Civil engineer, contracting",UD Tampubolon Tbk,Nusa Tenggara Timur
b075e5a5,Bahuwirya Rahimah,"Librarian, public",CV Prastuti Agustina,DKI Jakarta
c7d92d98,Eka Pudjiastuti,"Civil engineer, consulting",Perum Sihotang Hidayanto,DKI Jakarta
4772726d,Tania Hassanah,Optometrist,PD Hutasoit Tbk,Sumatera Utara
76acd94c,Unggul Agustina,Multimedia specialist,PD Sihotang Permadi,Aceh
efb2fa98,Ivan Hasanah,Health and safety adviser,UD Agustina Tbk,Jawa Timur
0c572b2a,Melinda Rajasa,Recruitment consultant,PT Laksmiwati,Jawa Timur
e6cafd32,Kenes Samosir,Paramedic,UD Lazuardi,Riau
8d39aafb,Ade Adriansyah,"Programmer, applications",PD Permadi Tamba (Persero) Tbk,Sumatera Selatan
b3472ad0,Bakiadi Prastuti,Neurosurgeon,CV Tarihoran Tbk,DI Yogyakarta
3665fb6d,Tira Winarsih,Theatre director,PT Winarno Tbk,Kalimantan Utara
884c19de,H. Bala Marbun,Furniture designer,UD Wulandari Hidayanto,Papua
5af49d15,Drs. Raden Prakasa,"Accountant, chartered certified",UD Hassanah Gunawan,DI Yogyakarta
ecd07a9b,Samiah Haryanti,"Horticulturist, amenity",PD Simanjuntak Prasetyo,Jambi
0d31d394,Endah Rajasa,"Engineer, chemical",PD Usamah Laksmiwati,Sumatera Utara
5ede44cf,"Ir. Langgeng Haryanti, S.Sos","Engineer, maintenance",UD Prayoga Napitupulu Tbk,Nusa Tenggara Barat
521d1705,"Jamalia Prastuti, M.M.",Radio producer,PT Hasanah Mayasari,Sulawesi Tengah
b717b6a6,"Sutan Taswir Hardiansyah, S.Pd",Youth worker,UD Najmudin,DI Yogyakarta
a2d57349,"Keisha Situmorang, S.T.",Risk manager,PT Sudiati (Persero) Tbk,Gorontalo
7796ad06,Kasiyah Tarihoran,Operational investment banker,UD Mansur Gunawan Tbk,DI Yogyakarta
bcb6baa3,Nasab Hassanah,"Conservator, furniture",PT Wahyudin Tbk,Aceh
e838d923,R.A. Gawati Gunawan,"Copywriter, advertising",PT Saputra Suartini,Maluku
8ed109db,Puti Puspita,Advertising copywriter,CV Wibowo Saptono Tbk,Maluku
c68416a0,Cut Cinta Megantara,Research scientist (maths),UD Safitri Tbk,Lampung
24a627fc,drg. Wulan Dongoran,"Engineer, water",PD Widiastuti Wulandari,Kalimantan Utara
e1fd5c16,"H. Anom Mahendra, S.Sos",Equities trader,Perum Lazuardi Zulkarnain,Kalimantan Barat
e7877b54,"dr. Putri Kuswoyo, S.Gz","Designer, textile",CV Santoso,Sulawesi Selatan
292fe707,Damar Kurniawan,Research scientist (life sciences),PD Hartati Tbk,Sumatera Selatan
670bae56,"Cindy Lazuardi, S.I.Kom",Information officer,CV Andriani Firgantoro Tbk,Sumatera Barat
e6d5d597,Ida Hasanah,Dealer,PT Anggraini Hidayat,Sulawesi Selatan
512e004e,Padma Jailani,Operational researcher,Perum Sitompul (Persero) Tbk,Kalimantan Utara
ccfc73fc,Cahyo Maryati,"Production designer, theatre/television/film",PD Pratiwi Prastuti,Jawa Timur
2f9c4115,Cemani Mardhiyah,Forensic scientist,UD Gunawan (Persero) Tbk,Kepulauan Bangka Belitung
58d9f883,"Ellis Pratama, S.I.Kom",Publishing rights manager,UD Wastuti Tbk,Banten
9e80b356,"Nabila Irawan, S.I.Kom",Housing manager/officer,PD Riyanti (Persero) Tbk,Riau
c1cd91de,Keisha Maulana,"Exhibitions officer, museum/gallery",PT Firmansyah Siregar,Kalimantan Selatan
dc45499c,"Gatot Budiyanto, M.M.",Communications engineer,PD Sirait Tbk,Sulawesi Selatan
b917653e,Hamima Kuswandari,IT trainer,CV Halim Dongoran Tbk,Aceh
2aec2350,Radika Mustofa,Podiatrist,UD Mustofa,Bengkulu
12fbceef,Shania Pranowo,Actor,UD Halimah Palastri Tbk,Sulawesi Utara
458a1e91,Luwes Mangunsong,Animal technologist,Perum Manullang Siregar,Sulawesi Tengah
3b766cc4,"Ana Rahayu, S.Farm",Electronics engineer,PT Lazuardi Nugroho Tbk,Banten
2b4d7d5a,R. Warta Nainggolan,Logistics and distribution manager,PD Sihombing Manullang Tbk,DI Yogyakarta
1fe46f2d,Ir. Sabrina Safitri,Learning disability nurse,Perum Prasetyo Tbk,Kalimantan Tengah
bacb597b,"Ami Purnawati, S.H.",Sales executive,Perum Wulandari,Banten
8a19ec61,Laras Suryatmi,Mining engineer,PT Yuniar Kuswoyo Tbk,Kalimantan Selatan
4f5a56e2,Ina Anggriawan,"Psychotherapist, child",UD Mustofa Marbun,DI Yogyakarta
4965c100,"Sutan Hasta Halimah, S.E.",Community development worker,Perum Uyainah Nainggolan Tbk,Kalimantan Utara
80552768,"Puti Almira Budiman, M.M.",Forensic psychologist,PD Winarsih Tbk,Nusa Tenggara Timur
2fdd0633,Hamzah Prayoga,Estate manager/land agent,CV Pranowo,Sulawesi Utara
4118cdbb,Zulaikha Winarno,Cytogeneticist,PT Haryanto Pratama Tbk,Bengkulu
f55fc9ce,"R. Lantar Hidayat, S.Kom","Conservation officer, historic buildings",CV Mustofa Mayasari,Kalimantan Selatan
e1d63b3b,Prabowo Maryati,"Engineer, materials",CV Waluyo Sitorus,DI Yogyakarta
0ec5c51f,Bakti Susanti,Equities trader,Perum Sihotang Hardiansyah Tbk,Kepulauan Riau
dbf154bf,R. Fathonah Gunarto,Diagnostic radiographer,CV Prastuti Tbk,Sulawesi Selatan
444b5cf5,Caket Waluyo,Marketing executive,CV Firmansyah Rahmawati (Persero) Tbk,Riau
2e68416a,Karta Nuraini,Careers information officer,UD Saptono Tbk,Papua Barat
adf60272,Salimah Tampubolon,"Surveyor, hydrographic",CV Adriansyah Irawan Tbk,Nusa Tenggara Timur
ab6abb84,Ani Manullang,Chiropodist,PD Mandala,Riau
8eb0e1e9,Yuni Maryati,"Radiographer, therapeutic",PD Hariyah Utama,Nusa Tenggara Timur
ad848fc3,Himawan Wibowo,"Buyer, industrial",Perum Pradipta Hutasoit (Persero) Tbk,Sulawesi Tengah
960321f4,"Kusuma Prasetyo, M.TI.",Media buyer,PT Situmorang Tbk,Papua Barat
0bb07875,Drs. Wardi Damanik,Higher education careers adviser,PD Nugroho Suwarno,Sulawesi Selatan
5e36e4ab,Hj. Vanya Firgantoro,Television production assistant,PT Rajata Pangestu,Lampung
4506b54d,Putu Mandala,Armed forces technical officer,CV Prastuti,Kepulauan Riau
ac897bc4,Sadina Jailani,Claims inspector/assessor,PD Sihombing,Lampung
175dd57d,Ika Fujiati,Armed forces logistics/support/administrative officer,PD Irawan Yuliarti,Lampung
1a3f2f71,"Tgk. Rosman Widiastuti, M.Farm",Advertising copywriter,PD Oktaviani Tbk,Sumatera Selatan
16b1f0de,Fathonah Suryono,Electrical engineer,UD Wasita,Jawa Timur
f75886bd,H. Darsirah Pratama,Secondary school teacher,PD Haryanto Simanjuntak (Persero) Tbk,Kalimantan Utara
4312c303,Bakianto Siregar,Trade mark attorney,CV Rahmawati,Sumatera Utara
ebdd0403,Nardi Suryatmi,Chief Marketing Officer,PT Oktaviani Irawan,Nusa Tenggara Timur
7934cb89,Nadia Nashiruddin,Multimedia specialist,PD Palastri Kusumo (Persero) Tbk,Jawa Tengah
7fdf45ad,Respati Dabukke,Fashion designer,Perum Gunawan Zulaika (Persero) Tbk,Lampung
5264bef0,"dr. Ian Prayoga, M.Ak","Solicitor, Scotland",PD Kusumo (Persero) Tbk,Jawa Tengah
1442677e,"Balangga Wijayanti, S.Farm",Legal executive,UD Thamrin Tbk,Nusa Tenggara Barat
a1a4fa30,R.A. Ika Damanik,Warehouse manager,Perum Pangestu,DKI Jakarta
0cbca0e2,"Sutan Mumpuni Anggraini, S.Gz","Engineer, mining",PT Prayoga (Persero) Tbk,DKI Jakarta
0b75c537,"Yance Suwarno, S.Sos",Comptroller,CV Wacana,Kalimantan Selatan
f8983fe1,Caket Permata,Analytical chemist,PD Astuti Kusmawati,Papua
9ff3b70f,Latika Yolanda,Volunteer coordinator,Perum Lazuardi Nababan (Persero) Tbk,Sumatera Utara
c1b80df1,Vino Narpati,Adult guidance worker,CV Yuniar Fujiati,Banten
98074d0b,"Icha Sihombing, M.TI.","Psychotherapist, dance movement",PD Kuswoyo,Kepulauan Riau
4d4d0456,"Kenzie Wulandari, S.Ked","Scientist, product/process development",UD Thamrin Zulaika Tbk,Sulawesi Tenggara
ea8a2e26,"Cut Devi Saefullah, M.Ak",Wellsite geologist,UD Suryatmi Hutagalung,Papua Barat
2cf7b1fd,Ani Rajasa,"Production assistant, television",PT Saefullah,Kalimantan Utara
ef841d5a,Adika Kuswoyo,Facilities manager,CV Maryati Pertiwi (Persero) Tbk,Banten
3a4e439a,Kambali Nurdiyanti,Occupational psychologist,CV Permata,DI Yogyakarta
16d08f13,Natalia Nasyidah,Social researcher,PD Wibisono (Persero) Tbk,Kalimantan Selatan
27af03ad,Kenzie Rajasa,Heritage manager,UD Yuliarti,Banten
574c63c0,Ridwan Maulana,Contracting civil engineer,PD Halim Iswahyudi,Sumatera Barat
82af0ab2,Ganda Nashiruddin,Physiological scientist,UD Agustina Tbk,Sulawesi Selatan
4355f9a3,"Jais Hutasoit, S.Ked",Textile designer,PD Sitompul Mardhiyah,Sumatera Selatan
9e14622f,"KH. Cahyadi Zulkarnain, M.TI.","Accountant, chartered public finance",Perum Hutagalung Yuniar,Bali
b06eff6e,Adika Nurdiyanti,Commercial/residential surveyor,Perum Simbolon Lazuardi,Sulawesi Tengah
b374e347,Usman Sihombing,Photographer,UD Sudiati Tbk,Maluku
eda7ca75,Karma Pertiwi,Systems developer,CV Habibi Nasyidah,Maluku
c33ac32b,Puti Lili Maheswara,"Radiographer, diagnostic",Perum Yulianti,Kepulauan Riau
54bed73c,Ajimin Wijaya,Control and instrumentation engineer,UD Putra Mangunsong (Persero) Tbk,Nusa Tenggara Barat
2e6067f2,Kunthara Rahayu,"Psychotherapist, dance movement",PT Nuraini,Kalimantan Timur
33a69116,"Rahmi Habibi, S.Pt",Naval architect,CV Sudiati Maryadi Tbk,Sulawesi Tengah
0863e3fa,"H. Maras Novitasari, M.TI.","Engineer, drilling",PT Pratiwi Tbk,Papua
65a74f0c,Nilam Hasanah,Interior and spatial designer,Perum Nasyiah Rajasa Tbk,Sumatera Selatan
9dc82df7,Prayoga Lailasari,Arboriculturist,UD Hidayanto Mayasari,Kalimantan Tengah
37d077e1,Mila Budiman,"Psychotherapist, dance movement",CV Nasyiah Tbk,Kalimantan Timur
ee5f0f9e,H. Gamanto Mahendra,Museum/gallery exhibitions officer,CV Usada Kurniawan,Kepulauan Bangka Belitung
45a4ffd5,Azalea Maulana,Sports administrator,UD Hardiansyah Sihotang,Jawa Tengah
5df1c071,Ratna Hidayanto,Heritage manager,Perum Habibi Rajata Tbk,Papua Barat
3ea34cd5,"Hendri Wijayanti, S.E.I",Adult nurse,PD Puspasari Tbk,Bengkulu
5b2a705d,"Drs. Alambana Adriansyah, S.Ked","Optician, dispensing",PD Rahayu,Gorontalo
7aea47de,Bakiono Yuliarti,Holiday representative,UD Suryono Marpaung,Jawa Barat
2c426454,R. Jasmin Sihombing,Network engineer,CV Permadi,Jawa Timur
fcd34ae8,"dr. Bella Namaga, S.I.Kom",Fast food restaurant manager,UD Nashiruddin,Maluku Utara
1e7d6fbf,Ophelia Uyainah,Geochemist,PD Gunawan (Persero) Tbk,Jambi
98d1dabf,Ir. Baktiadi Prayoga,Magazine journalist,CV Siregar Marpaung,Sumatera Utara
f7058eaf,"Ir. Dina Sihotang, S.Ked","Social research officer, government",PT Kusumo Nainggolan Tbk,Riau
f7ae7775,Bahuwarna Haryanto,Computer games developer,CV Zulkarnain,Lampung
4c5e1217,"Ina Hidayanto, M.Kom.","Restaurant manager, fast food",Perum Wibowo,Kalimantan Barat
9c9e9128,Puji Suryono,"Engineer, energy",PD Mardhiyah Kusmawati,Sumatera Utara
f9b9fcb3,Edi Kurniawan,Air cabin crew,UD Mulyani Gunawan,Nusa Tenggara Barat
ba2e8292,KH. Dodo Nashiruddin,"Buyer, retail",PT Santoso (Persero) Tbk,Gorontalo
0dc44a03,Widya Nasyidah,Lexicographer,UD Tampubolon Novitasari (Persero) Tbk,Maluku
8dd3fc19,Lantar Usamah,"Exhibitions officer, museum/gallery",PD Yolanda Purwanti,Sumatera Barat
afceb529,"Dr. Ami Tarihoran, S.H.",Environmental consultant,PT Mangunsong Hasanah (Persero) Tbk,Sulawesi Selatan
59616e6f,Sutan Raditya Hutasoit,"Nurse, learning disability",PT Pratiwi Sihotang Tbk,Sumatera Selatan
24d77748,"drg. Devi Rajasa, S.T.",Health physicist,CV Prayoga Hakim (Persero) Tbk,Kepulauan Riau
73bbe8f3,Vega Sitompul,"Teacher, early years/pre",PD Mandasari (Persero) Tbk,DKI Jakarta
ba19d4b5,Ade Oktaviani,Charity officer,PT Sihombing (Persero) Tbk,Maluku
f01dbb89,"R.A. Fitria Mulyani, S.Pt",Actor,CV Yuniar (Persero) Tbk,Sumatera Selatan
f243da9e,Makara Samosir,"Engineer, structural",Perum Lailasari Puspasari (Persero) Tbk,Kepulauan Bangka Belitung
a0f413f3,Raharja Saefullah,Arts administrator,UD Hutagalung Suartini,Sulawesi Tenggara
126bb2e6,Puti Lili Namaga,"Engineer, site",UD Widiastuti,Sulawesi Tengah
0b7213bd,Pia Uyainah,Secretary/administrator,UD Winarsih Nurdiyanti Tbk,Sumatera Barat
9033c705,Tiara Pradipta,Art therapist,CV Situmorang Tbk,DI Yogyakarta
04fdd52d,Ellis Prayoga,Claims inspector/assessor,UD Aryani Mardhiyah (Persero) Tbk,Sulawesi Selatan
27af0d01,Nalar Utama,Wellsite geologist,PD Hartati Permadi,Aceh
1853679b,"R.A. Fitriani Iswahyudi, M.TI.","Production designer, theatre/television/film",CV Sinaga,Sumatera Selatan
ce4e266e,Aisyah Hartati,Physiotherapist,CV Nuraini Mayasari,Kalimantan Timur
2f536b9e,drg. Lala Thamrin,Printmaker,PD Mangunsong,Riau
b2594b15,Jayadi Widiastuti,Financial adviser,PD Suartini Najmudin (Persero) Tbk,Jambi
f83f5a98,Indah Rahimah,"Designer, textile",CV Wijaya Latupono (Persero) Tbk,Maluku Utara
211ace0a,"Paulin Thamrin, M.TI.","Lecturer, further education",UD Napitupulu,Kepulauan Riau
fbf38fd1,Ir. Kamaria Puspasari,Records manager,PT Mansur Suryatmi,DI Yogyakarta
e3526b45,Jail Usamah,Hydrographic surveyor,PD Saputra,Banten
44976627,Ibun Andriani,Community education officer,UD Usamah,Papua
928b227f,"Ir. Harsaya Winarno, S.Pt",Claims inspector/assessor,PT Uyainah,Papua Barat
ceed30bc,Eka Uwais,Actuary,PD Wijaya (Persero) Tbk,DKI Jakarta
50e6a620,Nasab Hassanah,"Designer, graphic",Perum Prasetya (Persero) Tbk,Sulawesi Tenggara
54dfdce8,Sutan Satya Mardhiyah,Corporate treasurer,UD Budiman Uwais,DKI Jakarta
b02d1c43,Kiandra Maheswara,Occupational psychologist,UD Mulyani Tbk,Kalimantan Barat
d8ef0a15,Drs. Rizki Yulianti,"Scientist, forensic",PD Rahimah,Lampung
e233b355,Salman Aryani,Management consultant,UD Salahudin,Bali
36771335,Gangsar Permadi,Production engineer,CV Kusumo (Persero) Tbk,Riau
0b52f937,Dr. Radit Hutagalung,Audiological scientist,PD Maulana Nainggolan,Papua
cfafcacf,Dirja Nababan,"Engineer, automotive",CV Waskita Wastuti,Kalimantan Timur
0399cde4,Parman Saefullah,Cabin crew,PT Riyanti Ardianto Tbk,Sulawesi Tenggara
a8a2e44f,Dr. Gilda Nababan,Chief Executive Officer,CV Winarsih Mulyani,Sulawesi Tenggara
a711f294,Galih Rajasa,Risk manager,UD Hartati Prakasa,Maluku Utara
7225da40,Bancar Oktaviani,Graphic designer,PD Novitasari Tbk,Kepulauan Riau
fb13ebb9,Suci Hakim,"Engineer, communications",PD Yuliarti,Kalimantan Timur
87fa29be,Luis Maulana,"Nurse, children's",PT Kusumo Megantara,Sulawesi Utara
fd1a2b9f,"R.M. Galih Nababan, S.E.I",Insurance broker,PD Wahyudin Tbk,Sumatera Barat
02a60e0c,"Victoria Hastuti, S.E.","Copywriter, advertising",CV Wibisono Wasita (Persero) Tbk,Banten
35b4b7e7,Rina Handayani,"Psychotherapist, child",Perum Prasetyo,Maluku Utara
148e9c9e,"Ciaobella Setiawan, S.Gz",Chief Executive Officer,Perum Pudjiastuti Megantara,Banten
a21e2714,Caket Prabowo,Health promotion specialist,CV Melani Tbk,Kalimantan Timur
2f74bfe7,Salwa Maryati,Chief Technology Officer,UD Mulyani (Persero) Tbk,Sulawesi Barat
36852609,Catur Prakasa,Immunologist,PT Manullang Nashiruddin,DI Yogyakarta
f4065edc,Nadia Hidayanto,Forensic scientist,Perum Tarihoran Marbun Tbk,Maluku Utara
556ceaa8,Hani Laksmiwati,Tourist information centre manager,Perum Tarihoran,Kalimantan Utara
a04d30a8,Drs. Nyoman Putra,Energy engineer,UD Lailasari Maryadi,Aceh
30b1daab,Rahmi Sirait,Set designer,PD Fujiati,Jawa Timur
9e6a7cb0,"drg. Dian Putra, M.Farm",Restaurant manager,Perum Aryani Tbk,Sulawesi Tenggara
c1af003d,Siska Mustofa,Scientific laboratory technician,Perum Mayasari,Sumatera Utara
79a0aa31,Candrakanta Wahyudin,Community pharmacist,PT Winarno,Sulawesi Tenggara
27353045,Latif Kurniawan,"Horticulturist, commercial",Perum Maryadi,Sumatera Barat
293342ab,"Cut Fathonah Prabowo, M.Farm",Aid worker,Perum Kuswandari,Gorontalo
2a2b1eaf,"Anastasia Suartini, S.E.",Hospital pharmacist,PD Maheswara,Nusa Tenggara Barat
aa2fbe9b,Queen Siregar,Radiation protection practitioner,Perum Hardiansyah,Kalimantan Barat
9f1aab87,R.M. Darijan Wibowo,Advertising copywriter,PD Ramadan Yolanda,Riau
164c1fe1,Johan Maryati,"Programmer, applications",PD Hutagalung Mardhiyah (Persero) Tbk,Nusa Tenggara Timur
50f4ea7e,Ida Pradipta,Health promotion specialist,CV Kuswandari Siregar Tbk,Sumatera Utara
1bad7d7c,Samsul Ramadan,"Scientist, product/process development",UD Nasyiah Tbk,Maluku Utara
15ceef46,"Tgk. Ade Ramadan, S.I.Kom",Outdoor activities/education manager,CV Mayasari Saefullah,Jawa Tengah
f50d5386,"T. Gara Sudiati, S.E.I",Further education lecturer,CV Waluyo,Sumatera Selatan
15227a98,Jarwa Wacana,"Engineer, aeronautical",Perum Manullang Budiyanto (Persero) Tbk,Kalimantan Tengah
3227c64b,Hesti Wastuti,"Editor, commissioning",CV Adriansyah,Nusa Tenggara Barat
8c17c62e,"Ir. Padmi Mansur, S.Pt",Sports coach,UD Mahendra Napitupulu,Jawa Barat
b0dd2726,"Zaenab Hakim, S.IP",Health and safety inspector,UD Jailani,Kalimantan Utara
69b64cbf,Mahdi Astuti,Mental health nurse,CV Prasetya,Sulawesi Barat
e7ed5017,"H. Jumari Wastuti, M.Ak",Database administrator,PT Sihombing,Kepulauan Riau
77a567d6,Saiful Utama,"Exhibitions officer, museum/gallery",UD Samosir Tbk,Jawa Barat
90b91827,Bahuwarna Suartini,Financial risk analyst,CV Sitompul Tbk,Maluku Utara
d4235972,Ifa Novitasari,Astronomer,PD Suartini,Maluku Utara
fd8491ce,Muhammad Megantara,Chief Financial Officer,CV Saragih Situmorang,Kalimantan Barat
5721c913,"Zamira Handayani, M.Pd","Librarian, public",Perum Yuniar Widodo,Maluku Utara
64374751,"Tgk. Juli Haryanto, S.IP","Geologist, engineering",PT Mandala,Papua Barat
c6fd557e,"Kasiyah Gunarto, S.Gz",Market researcher,PT Hidayat,Riau
919e6e05,Oskar Hastuti,Newspaper journalist,PD Zulaika Usamah (Persero) Tbk,Maluku
2eb4bad2,"Salimah Pertiwi, M.Pd",Fast food restaurant manager,UD Wahyuni Halim Tbk,Bengkulu
11224e31,Atma Prasetya,Textile designer,Perum Hastuti Mangunsong,Jawa Tengah
c86feff0,Carla Santoso,Amenity horticulturist,PD Uwais,Nusa Tenggara Barat
b5dea566,Damar Fujiati,Careers information officer,Perum Rahmawati Tbk,Sulawesi Barat
c6c864f7,"Kambali Laksita, S.Ked",Civil Service administrator,Perum Safitri,Banten
5c8479d0,Farhunnisa Mahendra,Horticultural consultant,Perum Lailasari Maryadi Tbk,Kepulauan Riau
9ec4b4ae,Ika Prasetyo,Technical brewer,PD Tarihoran Latupono Tbk,Kalimantan Barat
6f2a468b,Kenzie Mahendra,"Nurse, children's",UD Sitorus Mahendra Tbk,Kalimantan Selatan
c045e6e3,Dina Suryono,Rural practice surveyor,UD Usamah (Persero) Tbk,Maluku Utara
1550f3e5,Oni Saefullah,Local government officer,PT Prabowo (Persero) Tbk,Sumatera Utara
d5dc3113,Jelita Anggriawan,Museum/gallery exhibitions officer,CV Rahmawati Lestari Tbk,Maluku
d7780ed2,Cut Nadia Aryani,Computer games developer,Perum Anggriawan Pratama,Jambi
b9ffb185,"Septi Kusumo, M.Kom.",Management consultant,PD Maryadi Samosir (Persero) Tbk,Sumatera Utara
04a9223f,"Sakti Pradana, S.I.Kom",Banker,PT Halimah Santoso Tbk,Lampung
58355322,"Daliono Prayoga, S.Farm","Scientist, water quality",UD Kuswandari,Sulawesi Selatan
66836fc6,Ilsa Samosir,Product designer,UD Budiman,Kepulauan Riau
b7dfb701,Kuncara Ramadan,"Chemist, analytical",PD Pertiwi,Bengkulu
08036aa8,Vera Widiastuti,Broadcast engineer,PD Padmasari Tbk,DKI Jakarta
582eb764,Ir. Adika Hutagalung,Immunologist,PT Nashiruddin Winarno,Jawa Tengah
4bf58793,Yuliana Wasita,Management consultant,PD Pudjiastuti Wasita Tbk,Maluku Utara
febea2cd,Calista Suartini,Lobbyist,Perum Winarno,Banten
d2e96e06,Endah Farida,Osteopath,PD Thamrin (Persero) Tbk,Kalimantan Timur
61ca7152,"Puti Qori Putra, S.T.",Call centre manager,CV Jailani Padmasari,DKI Jakarta
99de2d4b,Malika Saefullah,"Secretary, company",Perum Melani Salahudin (Persero) Tbk,Jawa Tengah
1d2452ef,"Vanya Dabukke, S.I.Kom",Illustrator,PD Siregar,Nusa Tenggara Barat
ae856a77,Nurul Prastuti,"Engineer, electrical",Perum Handayani Putra (Persero) Tbk,Sulawesi Barat
36287fc8,Cengkal Pratiwi,Sales promotion account executive,CV Rahayu Tbk,Gorontalo
e60fa9d4,"Pia Winarsih, S.Pt",Podiatrist,CV Narpati Wibowo,Maluku Utara
cfff79ec,Malika Permadi,Analytical chemist,CV Firgantoro Tbk,Papua
20b3ca40,"Zelaya Zulkarnain, M.Pd",Estate agent,Perum Namaga Ramadan Tbk,Nusa Tenggara Barat
a2522ca0,dr. Gadang Pangestu,"Sales professional, IT",PT Andriani Wasita,Kalimantan Utara
6e103642,Icha Jailani,Restaurant manager,PD Aryani Tbk,Jawa Timur
8cda9ef0,"Raihan Zulaika, S.Psi",Bookseller,PD Marbun Sudiati,Kepulauan Bangka Belitung
be84090b,"Oni Rajata, S.Sos","Engineer, maintenance",PD Laksmiwati Nasyiah,Papua Barat
4ede154b,"Raina Winarsih, S.Psi",Armed forces operational officer,PD Adriansyah Maryadi Tbk,Riau
601fecfa,Ami Hardiansyah,Chief Technology Officer,PT Rajasa (Persero) Tbk,Banten
59a0d688,"Balijan Jailani, S.T.",Call centre manager,Perum Mahendra Putra,Sulawesi Barat
f7961958,Ir. Almira Latupono,"Administrator, sports",PT Suartini Tbk,Bengkulu
ce198fd4,"Dt. Jumadi Putra, S.Kom",Retail manager,UD Yuliarti Tbk,Maluku Utara
267c93ba,Prasetyo Wahyuni,"Programme researcher, broadcasting/film/video",PT Usamah Thamrin,Sumatera Barat
943ee33e,Bakti Usamah,Food technologist,CV Riyanti Setiawan Tbk,Sulawesi Selatan
cb7832f2,"KH. Bahuraksa Najmudin, S.Psi",Immigration officer,PD Lestari Usada Tbk,Lampung
8c73952b,T. Akarsana Nababan,Optometrist,UD Hardiansyah Tbk,Sulawesi Tengah
00cb09de,Samiah Wulandari,Veterinary surgeon,PT Dabukke,Riau
8305519a,"Silvia Marpaung, M.Farm",Bonds trader,CV Saptono Hastuti,Sulawesi Selatan
2b8b590f,"Zulaikha Hakim, M.Ak","Producer, television/film/video",Perum Prasasta,Sulawesi Selatan
8e3f8df6,Tgk. Karman Pangestu,Community pharmacist,CV Hariyah Yolanda,Kalimantan Barat
29098da8,Warji Waluyo,"Production assistant, television",Perum Gunarto (Persero) Tbk,Kalimantan Tengah
7ca327a1,"Bakiman Rahmawati, S.H.",Chiropodist,CV Januar Iswahyudi,Kalimantan Tengah
094c1efa,"R.M. Langgeng Lailasari, M.Farm",Museum/gallery exhibitions officer,UD Wahyudin Prabowo (Persero) Tbk,Sulawesi Tenggara
92c6fcbd,Dr. Pia Nashiruddin,Musician,UD Jailani Hardiansyah Tbk,Jawa Timur
6d22f4b4,Upik Kuswandari,"Lighting technician, broadcasting/film/video",Perum Adriansyah,Sulawesi Tenggara
2ac4b53d,Perkasa Suwarno,Animator,Perum Budiyanto,Sumatera Barat
b5d75edf,Gawati Handayani,"Designer, ceramics/pottery",CV Firmansyah Damanik,Nusa Tenggara Barat
44908683,Harsanto Permata,Site engineer,Perum Wacana Mahendra (Persero) Tbk,DKI Jakarta
9f227e8b,Calista Saptono,"Therapist, horticultural",Perum Waluyo Napitupulu (Persero) Tbk,Aceh
26856e44,Elma Tamba,"Psychologist, clinical",UD Simbolon,Kalimantan Selatan
1fb8ef91,Nasrullah Hassanah,Training and development officer,Perum Hidayat Nuraini (Persero) Tbk,Kepulauan Bangka Belitung
7de34b9c,Nadia Saragih,Social researcher,PD Farida Setiawan,Maluku Utara
22d2bd6f,"Ir. Najib Dabukke, S.I.Kom",Lexicographer,Perum Saefullah Suartini (Persero) Tbk,Nusa Tenggara Timur
b846fe37,"Cemeti Maryati, S.Pd",Accommodation manager,CV Megantara,Sumatera Barat
d8388405,Dian Haryanti,Clinical research associate,PT Sitompul Andriani,Nusa Tenggara Timur
44fab5aa,"Yoga Sitompul, M.Pd",Structural engineer,PT Hastuti Maryadi Tbk,Banten
9b4b1ca8,"Ifa Rajasa, M.Farm",Historic buildings inspector/conservation officer,CV Wahyudin Hutagalung,Jawa Barat
07e1770f,dr. Zamira Siregar,Dispensing optician,PT Dabukke Wulandari Tbk,Aceh
20cda19d,Sadina Handayani,Technical sales engineer,CV Latupono Wahyudin Tbk,Lampung
370307a3,Yahya Laksmiwati,Operational researcher,PD Nugroho (Persero) Tbk,Lampung
1c178315,Michelle Yuliarti,Chief Executive Officer,PD Kurniawan (Persero) Tbk,Aceh
c927d082,"dr. Lidya Rahayu, S.Pd",Barrister's clerk,PT Tampubolon Farida Tbk,Sulawesi Selatan
0e23ad88,Icha Siregar,"Engineer, materials",PD Waluyo (Persero) Tbk,Papua
185222fc,Sutan Mursinin Natsir,Ambulance person,UD Hidayat Wulandari,Bengkulu
